road,id,model_type,name,lat,lon,length,condition,lrp,real_name
N1,1000000,sourcesink,sourcesink 1,23.7060278,90.443333,0.0,A,LRPS,Start of Road  after Jatrabari Flyover infront of filling station.
N1,1000001,link,link 1,23.7029167,90.4504167,814.0,A,LRPSa,Box Culvert
N1,1000002,link,link 2,23.7027778,90.4504722,8.0,A,LRPSb,Intersection with Z1101
N1,1000003,link,link 3,23.7021389,90.4519722,178.0,A,LRP001,Km post missing
N1,1000004,link,link 4,23.6978886,90.4605833,1000.0,A,LRP002,Km post missing
N1,1000005,link,link 5,23.6973608,90.4616667,130.0,A,LRP002a,Box culvert
N1,1000006,link,link 6,23.693833,90.4691382,870.0,A,LRP003,Km post missing
N1,1000007,link,link 7,23.6936108,90.4787771,1000.0,A,LRP004,Km post missing
N1,1000008,link,link 8,23.6938052,90.4805271,175.0,A,LRP004a,Road to Narayanganj(R111)
N1,1000009,link,link 9,23.6947497,90.4884997,825.0,A,LRP005,Km post missing
N1,1000010,link,link 10,23.6959163,90.4981941,1000.0,A,LRP006,Km post missing
N1,1000011,link,link 11,23.697333,90.50775,1000.0,A,LRP007,Km post missing
N1,1000012,link,link 12,23.6979163,90.5092778,181.0,A,LRP007a,"R110,Left to Demra, Right to Narayanganj"
N1,1000013,link,link 13,23.7020556,90.5157222,819.0,A,LRP008,Km post missing
N1,1000014,link,link 14,23.7021111,90.5157778,11.0,A,LRP008a,Kachpur bridge
N1,1000015,bridge,bridge 1,23.7045833,90.5188327,397.0,C,LRP008b,KANCHPUR PC GIRDER BRIDGE
N1,1000016,intersection,intersection 1,23.7050278,90.5193327,74.0,A,LRP009,"Chittagong 251 km,Comilla 84 km"
N1,1000017,intersection,intersection 2,23.7060833,90.5215271,260.0,A,LRP009a,Road to Sylhet (N2)
N1,1000018,link,link 15,23.7025278,90.5273882,740.0,A,LRP010,Km post missing
N1,1000019,bridge,bridge 2,23.7015278,90.5281938,8.0,B,LRP010a,KATCHPUR BOX CULVERT
N1,1000020,bridge,bridge 3,23.6998608,90.5307216,6.3,A,LRP010b,NOYAPARA CULVERT
N1,1000021,bridge,bridge 4,23.6974163,90.5337774,6.3,A,LRP010c,ADUPUR CULVERT
N1,1000022,link,link 16,23.6966386,90.5348052,126.0,A,LRP011,Km post missing
N1,1000023,bridge,bridge 5,23.6943608,90.5376108,8.3,A,LRP011a,NAYABARI KASPUR BOX CULVERT
N1,1000024,link,link 17,23.6922774,90.5410552,428.0,A,LRP011b,Box culvert
N1,1000025,link,link 18,23.6918052,90.5426108,184.0,A,LRP012,"Chittagong 248 km,Comilla 81 km"
N1,1000026,bridge,bridge 6,23.6911108,90.5448886,9.3,A,LRP012a,KHAS PARA BOX CULVERT
N1,1000027,bridge,bridge 7,23.6910552,90.5451386,6.1,A,LRP012b,DAWAN BAG BOX CULVERT
N1,1000028,intersection,intersection 3,23.6904163,90.546583,165.0,A,LRP012c,Right to Syedpur (R113) left to Joydebpur N105)
N1,1000029,intersection,intersection 4,23.6865274,90.5504167,588.0,A,LRP013,"Ctg 247 km,Comilla 80 km"
N1,1000030,bridge,bridge 8,23.6854997,90.5512778,26.3,A,LRP013a,MADANPUR BRIDGE(L)
N1,1000031,link,link 19,23.678166,90.5556111,852.0,A,LRP014,Km post missing
N1,1000032,link,link 20,23.670916,90.5597778,1000.0,A,LRP015,Km post missing
N1,1000033,link,link 21,23.6705827,90.5599722,39.0,A,LRP015a,Box culvert
N1,1000034,link,link 22,23.6628333,90.5641111,961.0,A,LRP016,Km post missing
N1,1000035,bridge,bridge 9,23.6604167,90.5671104,5.55,B,LRP016a,MALIBAG BOX CULVERT
N1,1000036,link,link 23,23.6591111,90.5697216,307.0,A,LRP016b,Langalbandhu bridge
N1,1000037,link,link 24,23.6583056,90.5709993,160.0,A,LRP016c,Bridge end
N1,1000038,link,link 25,23.6575,90.5719716,122.0,A,LRP017,Km post missing
N1,1000039,link,link 26,23.6559722,90.5743327,307.0,A,LRP017a,Bridge start
N1,1000040,bridge,bridge 10,23.6559167,90.5745271,159.52,C,LRP017b,Langalbandh Bridge.
N1,1000041,link,link 27,23.6540556,90.5772771,352.0,A,LRP017c,Bridge start
N1,1000042,link,link 28,23.6539167,90.5774993,30.0,A,LRP017d,Bridge end
N1,1000043,link,link 29,23.6525278,90.5798882,290.0,A,LRP018,Km post missing
N1,1000044,bridge,bridge 11,23.6508889,90.5826382,20.0,B,LRP018a,DARIKANDI BRIDGE (R)
N1,1000045,bridge,bridge 12,23.6506944,90.5829993,20.45,A,LRP018b,Darikandi Bridge (R)
N1,1000046,link,link 30,23.6476108,90.588083,620.0,A,LRP019,Km post missing
N1,1000047,bridge,bridge 13,23.6449441,90.5899163,40.5,C,LRP019a,MOLLIK PARA BRIDGE (R)
N1,1000048,bridge,bridge 14,23.6397497,90.5926941,40.33,B,LRP019b,Mollik para Bridge(R)
N1,1000049,link,link 31,23.6396941,90.5927219,3.0,A,LRP020,Km post missing
N1,1000050,bridge,bridge 15,23.6358608,90.5948052,6.0,A,LRP020a,KRIBORDI BOX CULVERT
N1,1000051,bridge,bridge 16,23.6341108,90.5970274,10.4,B,LRP020b,SHADIPUR BOX CULVERT
N1,1000052,link,link 32,23.6335552,90.5976941,100.0,A,LRP020c,Bridge end
N1,1000053,link,link 33,23.6330549,90.5982774,82.0,A,LRP021,Km post missing
N1,1000054,link,link 34,23.6262771,90.6042222,975.0,A,LRP021a,Box culvert
N1,1000055,link,link 35,23.6252216,90.6049722,130.0,A,LRP022,"Ctg 238 km,Comilla 71 km"
N1,1000056,bridge,bridge 17,23.6242216,90.6055278,5.5,B,LRP022a,SANGAKADI CULVERT
N1,1000057,link,link 36,23.6224993,90.6066944,228.0,A,LRP022b,Bridge end
N1,1000058,link,link 37,23.6204716,90.6079722,259.0,A,LRP022c,Bridge start
N1,1000059,link,link 38,23.6195271,90.6085833,122.0,A,LRP022d,Bridge end
N1,1000060,link,link 39,23.6173604,90.6096944,255.0,A,LRP023,Km post missing
N1,1000061,bridge,bridge 18,23.6095556,90.6121944,213.5,B,LRP023a,ASHIR CHAR ( Left)
N1,1000062,link,link 40,23.609,90.6124722,65.0,A,LRP024,Km post missing
N1,1000063,bridge,bridge 19,23.6018611,90.6159722,900.0,C,LRP024a,MEGHNA BRIDGE
N1,1000064,link,link 41,23.6009444,90.6165556,126.0,A,LRP025,Km post missing
N1,1000065,link,link 42,23.5959997,90.624666,1000.0,A,LRP026,Km post missing
N1,1000066,bridge,bridge 20,23.5959441,90.6246938,5.6,A,LRP026a,TATULTALA CULVERT
N1,1000067,bridge,bridge 21,23.5917497,90.6293327,5.5,A,LRP026b,BAILAKANDI CULVERT
N1,1000068,link,link 43,23.5896108,90.6313882,316.0,A,LRP027,Km post missing
N1,1000069,bridge,bridge 22,23.5837497,90.6369441,5.6,A,LRP027a,MALUAKANDI CULVEDRT
N1,1000070,link,link 44,23.5828327,90.6378886,126.0,A,LRP028,Km post missing
N1,1000071,bridge,bridge 23,23.5825827,90.6381386,163.5,A,LRP028a,BHATIR CHAR BRIDGE
N1,1000072,bridge,bridge 24,23.577916,90.6419719,172.1,A,LRP028b,Bhater char Bridge (L)
N1,1000073,link,link 45,23.5776104,90.6421108,39.0,A,LRP028c,Bridge end
N1,1000074,link,link 46,23.5745271,90.6436941,396.0,A,LRP029,Information missing
N1,1000075,bridge,bridge 25,23.572166,90.6451108,29.0,A,LRP029a,ANAR PURA BRIDGE(L)
N1,1000076,bridge,bridge 26,23.5718327,90.6453052,29.77,A,LRP029b,Anarpara Bridge (R)
N1,1000077,link,link 47,23.5666111,90.6481663,646.0,A,LRP030,Km post missing
N1,1000078,bridge,bridge 27,23.5639167,90.6501944,34.7,A,LRP030a,VITIKANDA - ANAR PUR CULVERT
N1,1000079,link,link 48,23.5636944,90.6504722,38.0,A,LRP030b,Bridge end
N1,1000080,link,link 49,23.5604167,90.6542222,532.0,A,LRP030c,Bridge start
N1,1000081,link,link 50,23.5602222,90.6545,38.0,A,LRP030d,Bridge end
N1,1000082,link,link 51,23.5599722,90.6548056,39.0,A,LRP031,"Ctg 229 km,Comilla 62 km"
N1,1000083,bridge,bridge 28,23.5590278,90.6559444,26.3,B,LRP031a,ALIPURA BRIDGE (LEFT)
N1,1000084,link,link 52,23.5564444,90.6588611,412.0,A,LRP031b,Bridge start
N1,1000085,link,link 53,23.5562222,90.6591389,40.0,A,LRP031c,Bridge end
N1,1000086,link,link 54,23.5538056,90.6619722,395.0,A,LRP032,"Ctg 228 km,Comilla 61 km"
N1,1000087,bridge,bridge 29,23.5523333,90.6636667,29.0,A,LRP032a,VOBAR CHAR BRIDGE(R)
N1,1000088,link,link 55,23.5487497,90.6678327,582.0,A,LRP033,"Ctg 227 km,Comilla 60 km"
N1,1000089,bridge,bridge 30,23.5474163,90.6694438,9.1,A,LRP033a,PURRANBUICHE BOX CULVERT
N1,1000090,bridge,bridge 31,23.5469441,90.6699993,5.2,A,LRP033b,NOYAPARA
N1,1000091,link,link 56,23.5442219,90.6731104,443.0,A,LRP033c,Box culvert
N1,1000092,link,link 57,23.542583,90.6749438,256.0,A,LRP034,Km post missing
N1,1000093,link,link 58,23.5362497,90.681916,1000.0,A,LRP035,Km post missing
N1,1000094,bridge,bridge 32,23.536083,90.6821382,9.5,A,LRP035a,.
N1,1000095,link,link 59,23.5358608,90.6823604,40.0,A,LRP035b,Bridge end
N1,1000096,link,link 60,23.5341386,90.6843052,275.0,A,LRP035c,Box culvert
N1,1000097,link,link 61,23.5301938,90.688833,651.0,A,LRP036,Km post missing
N1,1000098,bridge,bridge 33,23.529916,90.6952219,24.5,B,LRP036a,BORAKANDI BRIDGE(L)
N1,1000099,link,link 62,23.5301382,90.6984997,336.0,A,LRP037,Km post missing
N1,1000100,link,link 63,23.5307493,90.7082778,1000.0,A,LRP038,Km post missing
N1,1000101,link,link 64,23.5307771,90.7090278,78.0,A,LRP038a,Daudkandi bridge
N1,1000102,link,link 65,23.5313882,90.7153611,355.0,A,LRP038b,Start of Comilla road Division / Start of Comilla road Division
N1,1000103,link,link 66,23.5314716,90.7172216,426.0,A,LRP038c,Road to Matlab (Z1062)
N1,1000104,link,link 67,23.5315271,90.7173604,77.0,A,LRP038d,Bridge start
N1,1000105,link,link 68,23.5315827,90.7176104,17.0,A,LRP038e,Bridge end
N1,1000106,link,link 69,23.5317216,90.7180271,47.0,A,LRP039,Km post missing
N1,1000107,link,link 70,23.5322346,90.7226298386,513.0,A,LRP039a,Box culvert
N1,1000108,link,link 71,23.5327216,90.7269993,487.0,A,LRP040,Km post missing
N1,1000109,link,link 72,23.528916,90.7356108,1000.0,A,LRP041,Km post missing
N1,1000110,link,link 73,23.5289993,90.7419441,654.0,A,LRP042,Ctg 214 km
N1,1000111,link,link 74,23.5293882,90.7514167,967.0,A,LRP042a,Bridge start
N1,1000112,link,link 75,23.5293882,90.7515833,17.0,A,LRP042b,Bridge end
N1,1000113,link,link 76,23.529416,90.75175,24.0,A,LRP043,Km post broken
N1,1000114,link,link 77,23.5299993,90.7615,1000.0,A,LRP044,Km post Missing
N1,1000115,link,link 78,23.5304438,90.7713049,1000.0,A,LRP045,Km post Missing
N1,1000116,link,link 79,23.5304993,90.7731104,185.0,A,LRP045a,Box culvert
N1,1000117,link,link 80,23.5308049,90.7811104,815.0,A,LRP046,Km post Missing
N1,1000118,bridge,bridge 34,23.5307493,90.7816104,3.9,C,LRP046a,SARKAR BARI CULVERT
N1,1000119,link,link 81,23.530666,90.7821938,66.0,A,LRP046b,"Z1053, Road to Homna"
N1,1000120,link,link 82,23.5312216,90.7895552,773.0,A,LRP046c,Box culvert
N1,1000121,link,link 83,23.531166,90.7907219,108.0,A,LRP047,Km post Missing
N1,1000122,bridge,bridge 35,23.5306938,90.7924441,6.5,C,LRP047a,AMIRABATH SLAB CULVERT
N1,1000123,link,link 84,23.5308604,90.8002222,45.0,A,LRP048,Km post Missing
N1,1000124,link,link 85,23.5308882,90.8041389,403.0,A,LRP048a,Bridge start
N1,1000125,link,link 86,23.530916,90.8043611,20.0,A,LRP048b,Bridge end
N1,1000126,link,link 87,23.5316382,90.8099167,577.0,A,LRP049,Km post Missing
N1,1000127,link,link 88,23.5332493,90.8194716,1000.0,A,LRP050,Km post Missing
N1,1000128,link,link 89,23.5346663,90.8249716,594.0,A,LRP050a,Bridge start
N1,1000129,link,link 90,23.5347219,90.8251104,16.0,A,LRP050b,Bridge end
N1,1000130,link,link 91,23.5344997,90.8287216,390.0,A,LRP051,Km post Missing
N1,1000131,link,link 92,23.5292216,90.8365274,1000.0,A,LRP052,Km post Missing
N1,1000132,link,link 93,23.5270549,90.8391386,367.0,A,LRP052a,Box culvert
N1,1000133,link,link 94,23.523166,90.8438886,633.0,A,LRP053,Km post Missing
N1,1000134,link,link 95,23.5174993,90.8513889,1000.0,A,LRP054,Km post Missing
N1,1000135,link,link 96,23.5170827,90.8607778,1000.0,A,LRP055,Km post Missing
N1,1000136,link,link 97,23.5135833,90.8697771,1000.0,A,LRP056,Km post Missing
N1,1000137,bridge,bridge 36,23.5133056,90.8703049,28.9,C,LRP056a,Illiot bazar Bridge
N1,1000138,link,link 98,23.5131111,90.8706382,42.0,A,LRP056b,Bridge end
N1,1000139,link,link 99,23.5126667,90.871416,102.0,A,LRP056c,"Z1042, road to Bancharampur"
N1,1000140,link,link 100,23.5088056,90.8778604,792.0,A,LRP057,Km post Missing
N1,1000141,link,link 101,23.506,90.8869163,1000.0,A,LRP058,Km post Missing
N1,1000142,link,link 102,23.5056111,90.8958886,922.0,A,LRP058a,Box culvert
N1,1000143,link,link 103,23.5056389,90.8966108,78.0,A,LRP059,Km post Missing
N1,1000144,link,link 104,23.5062778,90.9063889,1000.0,A,LRP060,Km post Missing
N1,1000145,link,link 105,23.50575,90.91525,911.0,A,LRP060a,Box culvert
N1,1000146,link,link 106,23.5057222,90.9160278,89.0,A,LRP061,Km post Missing
N1,1000147,link,link 107,23.5055278,90.9257216,1000.0,A,LRP062,Km post Missing
N1,1000148,link,link 108,23.5042778,90.9354163,1000.0,A,LRP063,Km post Missing
N1,1000149,link,link 109,23.5043333,90.9354719,9.0,A,LRP063a,"Z1017, Road to Companiganj"
N1,1000150,link,link 110,23.5038611,90.9371386,264.0,A,LRP063b,Box culvert
N1,1000151,link,link 111,23.5028611,90.9412774,352.0,A,LRP063c,Box culvert
N1,1000152,link,link 112,23.5020278,90.9448886,375.0,A,LRP064,Km post Missing
N1,1000153,link,link 113,23.4995274,90.9541667,1000.0,A,LRP065,Km post Missing
N1,1000154,link,link 114,23.4986386,90.9651111,1000.0,A,LRP066,Km post Missing
N1,1000155,link,link 115,23.4980552,90.9660278,274.0,A,LRP066a,Box culvert
N1,1000156,link,link 116,23.4972774,90.9674716,183.0,A,LRP067,Ctg 191 km
N1,1000157,link,link 117,23.4942219,90.9765549,1000.0,A,LRP068,Km post Missing
N1,1000158,bridge,bridge 37,23.4951386,90.9829993,4.5,A,LRP068a,MILL GHAT BOX CULVERT
N1,1000159,link,link 118,23.4942497,90.985833,306.0,A,LRP069,Km post Missing
N1,1000160,link,link 119,23.4911386,90.9950274,1000.0,A,LRP070,Km post Missing
N1,1000161,link,link 120,23.4894441,91.0033056,890.0,A,LRP070a,Road to Debiduar (Z1008)
N1,1000162,link,link 121,23.4893886,91.0034722,22.0,A,LRP070b,Road to Jhalam (Z1022)
N1,1000163,link,link 122,23.4896108,91.0043056,71.0,A,LRP071,Ctg 188 km
N1,1000164,link,link 123,23.4893052,91.0112778,734.0,A,LRP072,"Ctg 188 km,Comilla 20 km"
N1,1000165,bridge,bridge 38,23.4890552,91.0120278,23.1,C,LRP072a,CHANDINA- SHAHA PARA RCC GIDER GRIDGE
N1,1000166,link,link 124,23.4889441,91.01225,30.0,A,LRP072b,Bridge end
N1,1000167,link,link 125,23.488333,91.0140833,198.0,A,LRP073,Ctg 187 km
N1,1000168,link,link 126,23.4846386,91.0229438,1020.0,A,LRP074,Km post missing
N1,1000169,link,link 127,23.4827771,91.0321382,1000.0,A,LRP075,Km post missing
N1,1000170,bridge,bridge 39,23.481166,91.0404441,4.6,B,LRP075a,CORI PAI BOX CULVERT
N1,1000171,link,link 128,23.4814716,91.0419719,141.0,A,LRP076,Ctg 184 km
N1,1000172,bridge,bridge 40,23.4820827,91.0504167,4.6,B,LRP076a,COREPAI BOX CULVERT
N1,1000173,link,link 129,23.4821382,91.0516944,129.0,A,LRP077,Km post missing
N1,1000174,bridge,bridge 41,23.4815271,91.0590278,1.5,A,LRP077a,NIMSHAR SLAB CULVERT
N1,1000175,link,link 130,23.4815549,91.0613611,240.0,A,LRP078,Km post missing
N1,1000176,link,link 131,23.4801104,91.0706382,1000.0,A,LRP079,Km post missing
N1,1000177,bridge,bridge 42,23.4770827,91.0789993,1.0,C,LRP079a,KABILA DUBARCHAR SLAB CULVERT
N1,1000178,link,link 132,23.4770271,91.0794716,56.0,A,LRP080,Km post missing
N1,1000179,link,link 133,23.4781938,91.0889997,1000.0,A,LRP081,Km post missing
N1,1000180,link,link 134,23.4775549,91.0986663,1000.0,A,LRP082,Km post missing
N1,1000181,link,link 135,23.4778604,91.1036111,513.0,A,LRP082a,Box culvert
N1,1000182,link,link 136,23.4779993,91.1055278,487.0,A,LRP083,Km post missing
N1,1000183,bridge,bridge 43,23.4789438,91.1177216,1.4,A,LRP083a,TIPRA BAZAR BOX CULVERT
N1,1000184,intersection,intersection 5,23.4789716,91.1179993,28.0,A,LRP084,Km post missing
N1,1000185,intersection,intersection 6,23.4789716,91.118166,17.0,A,LRP084a,Road to Brahmanbaria(N102)
N1,1000186,intersection,intersection 7,23.4793327,91.1234716,547.0,A,LRP084b,Box culvert
N1,1000187,link,link 137,23.4800827,91.1276382,436.0,A,LRP085,Km post missing
N1,1000188,link,link 138,23.4767216,91.1364441,1000.0,A,LRP086,Km post missing
N1,1000189,link,link 139,23.4682216,91.1394441,1000.0,A,LRP087,Km post missing
N1,1000190,link,link 140,23.4595833,91.1421386,1000.0,A,LRP088,Km post missing
N1,1000191,bridge,bridge 44,23.459,91.142333,22.85,C,LRP088a,Dhanpur Bridge
N1,1000192,link,link 141,23.4513056,91.1460552,932.0,A,LRP089,Km post missing
N1,1000193,link,link 142,23.448833,91.1471386,303.0,A,LRP089a,Bridge start
N1,1000194,link,link 143,23.4486386,91.1472497,24.0,A,LRP089b,Bridge end
N1,1000195,link,link 144,23.4469441,91.1481386,210.0,A,LRP089c,Cross Road with Z1052
N1,1000196,link,link 145,23.4425274,91.1497774,463.0,A,LRP090,Km post missing
N1,1000197,link,link 146,23.4373886,91.1521944,684.0,A,LRP091,Ctg 170 km
N1,1000198,link,link 147,23.4288882,91.1553889,1000.0,A,LRP092,Km post missing
N1,1000199,link,link 148,23.4236938,91.1626944,980.0,A,LRP093,Ctg 168 km
N1,1000200,link,link 149,23.4235827,91.1629722,28.0,A,LRP093a,Bridge start
N1,1000201,link,link 150,23.423416,91.1632778,37.0,A,LRP093b,Bridge end
N1,1000202,link,link 151,23.4213604,91.167666,508.0,A,LRP093c,Rail Road Crossing
N1,1000203,link,link 152,23.4195271,91.171416,427.0,A,LRP094,Km post missing
N1,1000204,bridge,bridge 45,23.4191382,91.1721938,27.35,C,LRP094a,Mostapur Bridge
N1,1000205,link,link 153,23.4149444,91.1801382,538.0,A,LRP095,"Ctg 66 km,Feni 52 km"
N1,1000206,link,link 154,23.4131111,91.1846663,511.0,A,LRP095a,Bridge start
N1,1000207,link,link 155,23.4130556,91.1849163,28.0,A,LRP095b,Bridge end
N1,1000208,link,link 156,23.4125,91.1893886,461.0,A,LRP096,Km post missing
N1,1000209,link,link 157,23.4113056,91.1988886,1008.0,A,LRP097,Ctg 164 km
N1,1000210,link,link 158,23.4100833,91.2087778,1027.0,A,LRP098,Ctg 163 km
N1,1000211,bridge,bridge 46,23.4100278,91.2090833,27.35,C,LRP098a,Matigara Bridge
N1,1000212,link,link 159,23.4048056,91.2165278,980.0,A,LRP099,Ctg 162 km
N1,1000213,link,link 160,23.40375,91.2176382,172.0,A,LRP099a,Bridge start
N1,1000214,link,link 161,23.4035556,91.2178049,29.0,A,LRP099b,Bridge end
N1,1000215,link,link 162,23.398213447804338,91.22288776581436,799.0,A,LRP100,Km post missing
N1,1000216,link,link 163,23.3915274,91.2292493,1000.0,A,LRP101,Km post missing
N1,1000217,bridge,bridge 47,23.3914441,91.2293049,30.4,A,LRP101a,SUAGAZI RCC GIDER BRIDGE
N1,1000218,link,link 164,23.385083,91.2345552,892.0,A,LRP101b,Box culvert
N1,1000219,link,link 165,23.3849719,91.2346108,15.0,A,LRP101c,Box culvert
N1,1000220,link,link 166,23.3843886,91.2351108,83.0,A,LRP102,Km post missing
N1,1000221,link,link 167,23.3779716,91.2403608,898.0,A,LRP102a,Bridge start
N1,1000222,link,link 168,23.3777493,91.2405274,30.0,A,LRP102b,Bridge end
N1,1000223,link,link 169,23.377166,91.2409163,72.0,A,LRP103,Km post missing
N1,1000224,link,link 170,23.3695827,91.2462774,1000.0,A,LRP104,Km post missing
N1,1000225,bridge,bridge 48,23.3683327,91.2471108,22.8,C,LRP104a,LAL BAG RCC GIDER BRIDGE
N1,1000226,link,link 171,23.3615278,91.2515556,904.0,A,LRP105,"Ctg 156 km,Feni 43 km"
N1,1000227,bridge,bridge 49,23.3586389,91.25325,14.3,A,LRP105a,CHANSIRI BOXCUIVERT
N1,1000228,link,link 172,23.3584444,91.2533333,24.0,A,LRP105b,Bridge end
N1,1000229,link,link 173,23.3536944,91.2561389,610.0,A,LRP106,Km post missing
N1,1000230,link,link 174,23.3486386,91.2599444,687.0,A,LRP106a,Box culvert
N1,1000231,link,link 175,23.3463608,91.2616944,313.0,A,LRP107,Km post missing
N1,1000232,link,link 176,23.3390552,91.2672216,1000.0,A,LRP108,Km post missing
N1,1000233,link,link 177,23.3360274,91.2700549,444.0,A,LRP108a,Bridge start
N1,1000234,link,link 178,23.3357219,91.2703049,44.0,A,LRP108b,Bridge end
N1,1000235,link,link 179,23.3347219,91.271166,143.0,A,LRP108c,Road to Harishchar (Z1046)
N1,1000236,link,link 180,23.3321938,91.2734716,369.0,A,LRP109,Km post missing
N1,1000237,link,link 181,23.3246382,91.278666,1000.0,A,LRP110,Km post missing
N1,1000238,bridge,bridge 50,23.324166,91.2791104,19.2,B,LRP110a,DOLL BARI CULVERT
N1,1000239,link,link 182,23.3240827,91.279166,10.0,A,LRP110b,Bridge end
N1,1000240,link,link 183,23.3171382,91.2836941,917.0,A,LRP111,Km post missing
N1,1000241,bridge,bridge 51,23.3149444,91.2844719,3.2,A,LRP111a,LALGORE BEZER CULVERT
N1,1000242,link,link 184,23.31475,91.2845552,19.0,A,LRP111b,Bridge end
N1,1000243,link,link 185,23.3096389,91.2861386,598.0,A,LRP111c,Box culvert
N1,1000244,link,link 186,23.3086944,91.2864163,113.0,A,LRP112,Km post missing
N1,1000245,bridge,bridge 52,23.30425,91.288583,13.4,A,LRP112a,SUPUYA BOX CULVERT
N1,1000246,link,link 187,23.3006111,91.290333,453.0,A,LRP113,Km post missing
N1,1000247,bridge,bridge 53,23.296083,91.2914997,4.6,B,LRP113a,BOWCHI BAZAR CULVERT
N1,1000248,link,link 188,23.2959719,91.2915274,14.0,A,LRP113b,Bridge end
N1,1000249,link,link 189,23.2919163,91.2922219,467.0,A,LRP114,Km post missing
N1,1000250,bridge,bridge 54,23.2876663,91.2936386,6.3,B,LRP114a,AMAN GONG SLAB CULVERT
N1,1000251,link,link 190,23.283583,91.2952219,498.0,A,LRP115,Km post missing
N1,1000252,link,link 191,23.2787216,91.3002778,774.0,A,LRP115a,Box culvert
N1,1000253,link,link 192,23.2768882,91.3011944,226.0,A,LRP116,Km post missing
N1,1000254,link,link 193,23.2686382,91.3049722,1000.0,A,LRP117,Km post missing
N1,1000255,bridge,bridge 55,23.2677493,91.3054722,4.5,B,LRP117a,HARISHARDE CULVERT
N1,1000256,link,link 194,23.2654444,91.3064444,277.0,A,LRP117b,Box culvert
N1,1000257,link,link 195,23.2636667,91.30675,203.0,A,LRP117c,Box culvert
N1,1000258,link,link 196,23.2601111,91.3072778,404.0,A,LRP118,Km post missing
N1,1000259,bridge,bridge 56,23.2587222,91.3074444,2.5,B,LRP118a,SONAGATI BOX CULVERT
N1,1000260,link,link 197,23.2511944,91.3086389,844.0,A,LRP119,Km post missing
N1,1000261,bridge,bridge 57,23.249833,91.3091944,2.5,A,LRP119a,KALIR BAZAR BOX CULVERT
N1,1000262,bridge,bridge 58,23.248333,91.3098056,3.1,B,LRP119b,KALIA BAZER BOC CULVERT
N1,1000263,link,link 198,23.2481663,91.3098889,23.0,A,LRP119c,Bridge end
N1,1000264,link,link 199,23.2452774,91.3110556,347.0,A,LRP119d,Box culvert
N1,1000265,link,link 200,23.243083,91.3119167,270.0,A,LRP120,Km post missing
N1,1000266,bridge,bridge 59,23.2416941,91.3123611,2.6,B,LRP120a,CHAUDDAGARAM BOX CULVERT
N1,1000267,bridge,bridge 60,23.2344997,91.3131667,6.0,A,LRP120b,CHADDAGRAM BAZAR BOX CULVERT
N1,1000268,link,link 201,23.2343052,91.3131667,20.0,A,LRP121,Km post missing
N1,1000269,link,link 202,23.2314993,91.3132222,315.0,A,LRP121a,Box culvert
N1,1000270,bridge,bridge 61,23.2275549,91.3135278,14.3,B,LRP121b,HAYDAR POLE BOX CULVERT
N1,1000271,link,link 203,23.2253882,91.3135833,237.0,A,LRP122,Km post missing
N1,1000272,bridge,bridge 62,23.221416,91.3137222,6.1,A,LRP122a,FALGUNCORA CULVERT
N1,1000273,link,link 204,23.2184993,91.3143889,328.0,A,LRP122b,Box culvert
N1,1000274,link,link 205,23.2165556,91.3149167,222.0,A,LRP123,Km post missing
N1,1000275,bridge,bridge 63,23.2103056,91.3157222,6.1,A,LRP123a,ATTOCK GRAM BOX CULVERT
N1,1000276,link,link 206,23.2078889,91.3159722,282.0,A,LRP124,Km post missing
N1,1000277,bridge,bridge 64,23.201,91.3168049,6.1,C,LRP124a,BOSONTA PUR BOX CULVERT
N1,1000278,link,link 207,23.1990274,91.3170549,229.0,A,LRP125,Km post missing
N1,1000279,bridge,bridge 65,23.1921108,91.3185549,9.5,B,LRP125a,BASHONTA PUR (2)
N1,1000280,link,link 208,23.1909997,91.3192493,135.0,A,LRP126,Km post missing
N1,1000281,bridge,bridge 66,23.1866941,91.3212493,3.1,B,LRP126a,NANKORA BOX CULVERT
N1,1000282,link,link 209,23.1866108,91.3212771,12.0,A,LRP126b,Bridge end
N1,1000283,link,link 210,23.1826382,91.3210827,465.0,A,LRP127,Km post missing
N1,1000284,bridge,bridge 67,23.1773604,91.3198049,9.5,A,LRP127a,ANDAJER BAZER BOX CULVERT
N1,1000285,link,link 211,23.172916,91.3205271,515.0,A,LRP128,Ctg 133 km
N1,1000286,bridge,bridge 68,23.1681382,91.3213604,6.3,B,LRP128a,DIMATOLI (1) BOX CULVERT
N1,1000287,link,link 212,23.1680549,91.3213604,14.0,A,LRP128b,Bridge end
N1,1000288,link,link 213,23.1641389,91.3214993,440.0,A,LRP129,Km post missing
N1,1000289,bridge,bridge 69,23.1571667,91.3224993,3.5,B,LRP129a,DIMATOLY (2) BOX CULVERT
N1,1000290,link,link 214,23.1554167,91.3232771,208.0,A,LRP130,Km post missing
N1,1000291,bridge,bridge 70,23.1496941,91.3254993,6.1,B,LRP130a,JAGARNATHPUR BOX CULVERT
N1,1000292,link,link 215,23.1480274,91.3264993,269.0,A,LRP130b,Box culvert
N1,1000293,link,link 216,23.1471663,91.3266938,99.0,A,LRP131,Km post missing
N1,1000294,bridge,bridge 71,23.1433886,91.326666,3.0,B,LRP131a,JAGOT PUR BOX CULVERT
N1,1000295,link,link 217,23.1382219,91.3263049,579.0,A,LRP132,Km post missing
N1,1000296,bridge,bridge 72,23.1374163,91.3264716,4.5,B,LRP132a,FOKIR BAZAR SLAB CULVERT
N1,1000297,link,link 218,23.1295827,91.3284993,898.0,A,LRP133,Km post missing
N1,1000298,bridge,bridge 73,23.1290827,91.3287216,5.3,B,LRP133a,KAKKARA CULVERT
N1,1000299,link,link 219,23.1234993,91.3311382,675.0,A,LRP133b,Box culvert
N1,1000300,link,link 220,23.1213327,91.3320549,255.0,A,LRP134,Km post missing
N1,1000301,bridge,bridge 74,23.1193049,91.3329993,6.1,A,LRP134a,Chanara Box Culvert
N1,1000302,link,link 221,23.1191382,91.3330827,28.0,A,LRP135,"Ctg 127 km,Feni 16 km"
N1,1000303,link,link 222,23.1113611,91.3378052,1000.0,A,LRP136,Km post missing
N1,1000304,bridge,bridge 75,23.1108056,91.3381386,3.1,A,LRP136a,PODOYA BOX CULVERT
N1,1000305,link,link 223,23.1051111,91.3413608,720.0,A,LRP136b,Box culvert
N1,1000306,link,link 224,23.1035,91.3422497,205.0,A,LRP137,Km post missing
N1,1000307,bridge,bridge 76,23.1005833,91.3437774,3.5,A,LRP137a,UTTOR KAIEATI CULVERT
N1,1000308,bridge,bridge 77,23.0961941,91.3461108,14.2,B,LRP137b,KOKALI BOX CULVERT
N1,1000309,link,link 225,23.095583,91.3464441,82.0,A,LRP138,Km post missing
N1,1000310,bridge,bridge 78,23.0901108,91.3494163,6.1,B,LRP138a,DUTHOSHA BOX CULVERT
N1,1000311,link,link 226,23.0876108,91.3508889,312.0,A,LRP139,Km post missing
N1,1000312,link,link 227,23.0849719,91.3524722,345.0,A,LRP139a,Box culvertt
N1,1000313,link,link 228,23.0808049,91.3548611,527.0,A,LRP139b,Bridge start
N1,1000314,link,link 229,23.0806938,91.3549444,17.0,A,LRP139c,Bridge end
N1,1000315,link,link 230,23.0792493,91.3558333,193.0,A,LRP140,Ctg 122 km
N1,1000316,bridge,bridge 79,23.0732493,91.3594167,4.0,B,LRP140a,MOHAMMAD ALI MAZAR
N1,1000317,link,link 231,23.0712493,91.3599722,234.0,A,LRP141,Km post missing
N1,1000318,link,link 232,23.0688604,91.3607222,275.0,A,LRP141a,Start of Feni road Division / Start of Feni road Division
N1,1000319,link,link 233,23.0636944,91.3616389,611.0,A,LRP141b,Box Culvert
N1,1000320,link,link 234,23.0635278,91.3616389,18.0,A,LRP142,Ctg 103 km
N1,1000321,bridge,bridge 80,23.0614722,91.3616667,10.8,A,LRP142a,FATAPUR BOX CULVERT
N1,1000322,link,link 235,23.0538611,91.3637222,882.0,A,LRP143,Ctg 102 km
N1,1000323,bridge,bridge 81,23.0479441,91.3651389,1.6,A,LRP143a,DEBIPUR SLAB CULVERT
N1,1000324,link,link 236,23.0449719,91.3653611,521.0,A,LRP144,Ctg 101 km
N1,1000325,link,link 237,23.0427774,91.3654444,196.0,A,LRP144a,Box culvert
N1,1000326,link,link 238,23.0398052,91.3656111,336.0,A,LRP144b,Rail Road Crossing
N1,1000327,link,link 239,23.0360274,91.36575,468.0,A,LRP145,Km post missing
N1,1000328,bridge,bridge 82,23.029416,91.3656389,3.4,A,LRP145a,CHARIPUR CULVERT.
N1,1000329,link,link 240,23.0269716,91.3655,287.0,A,LRP146,"Ctg 99 km,Feni 3 km"
N1,1000330,link,link 241,23.0248327,91.3655278,240.0,A,LRP146a,Road to Biroli (Z1030)
N1,1000331,link,link 242,23.0193604,91.3697771,761.0,A,LRP147,"Ctg 98 km,Feni 2 km"
N1,1000332,link,link 243,23.0185271,91.3708327,151.0,A,LRP147a,Box culvert
N1,1000333,intersection,intersection 8,23.0140833,91.3759716,724.0,A,LRP147b,Box culvert
N1,1000334,intersection,intersection 9,23.0132778,91.3769438,125.0,A,LRP148,Km post missing
N1,1000335,bridge,bridge 83,23.0095556,91.3813604,1.5,A,LRP148a,RAMPUR BOX CULVERT
N1,1000336,link,link 244,23.0018889,91.3920552,1407.0,A,LRP150,Ctg 95 km
N1,1000337,link,link 245,22.9963886,91.3998052,1000.0,A,LRP151,Km post missing
N1,1000338,link,link 246,22.9961941,91.4005,85.0,A,LRP151a,Bridge start
N1,1000339,link,link 247,22.9960552,91.4006667,23.0,A,LRP151b,Bridge end
N1,1000340,link,link 248,22.9906941,91.4072222,917.0,A,LRP152,"Ctg 93 km,Lalpole 1 km"
N1,1000341,link,link 249,22.9877774,91.41,448.0,A,LRP152a,Road to Feni Town (Z1034)
N1,1000342,link,link 250,22.9858886,91.4120556,296.0,A,LRP152b,Road to Sonagazi (Z1034)
N1,1000343,link,link 251,22.9842219,91.4137222,256.0,A,LRP153,Ctg 91 km
N1,1000344,link,link 252,22.9774438,91.4205827,1051.0,A,LRP154,Ctg 91 km
N1,1000345,link,link 253,22.9711382,91.4273882,1000.0,A,LRP155,Km post missing
N1,1000346,link,link 254,22.9663333,91.4356108,1000.0,A,LRP156,Km post missing
N1,1000347,link,link 255,22.9624167,91.4416941,780.0,A,LRP156a,Bridge start
N1,1000348,link,link 256,22.9618056,91.4424997,109.0,A,LRP156b,Bridge end
N1,1000349,link,link 257,22.9611667,91.4433886,111.0,A,LRP157,Km post missing
N1,1000350,link,link 258,22.9561389,91.4517778,1043.0,A,LRP158,Ctg 87 km
N1,1000351,link,link 259,22.9514444,91.4600278,1000.0,A,LRP159,Km post missing
N1,1000352,link,link 260,22.9479997,91.4689993,1012.0,A,LRP160,"Ctg 85 km,Bairyahat 10 km"
N1,1000353,link,link 261,22.9483608,91.4761382,738.0,A,LRP160a,Road to Mounshirhat (Z1081)
N1,1000354,link,link 262,22.9484997,91.4786938,262.0,A,LRP161,Km post missing
N1,1000355,link,link 263,22.9497497,91.4883608,1008.0,A,LRP162,Ctg 83 km
N1,1000356,link,link 264,22.9497774,91.4980274,1000.0,A,LRP163,Km post missing
N1,1000357,link,link 265,22.9496663,91.5007778,288.0,A,LRP163a,Bridge start
N1,1000358,link,link 266,22.949583,91.5027778,211.0,A,LRP163b,Bridge end
N1,1000359,link,link 267,22.9482774,91.50725,509.0,A,LRP164,Ctg 81 kkm
N1,1000360,link,link 268,22.9439441,91.5108611,619.0,A,LRP164a,Road to Chhagalnaiya (Z1032)
N1,1000361,link,link 269,22.940833,91.5124444,381.0,A,LRP165,Km post missing
N1,1000362,link,link 270,22.9329716,91.5172216,1000.0,A,LRP166,Km post missing
N1,1000363,link,link 271,22.9248882,91.5213327,1000.0,A,LRP167,Km post missing
N1,1000364,link,link 272,22.9167216,91.5253882,1000.0,A,LRP168,Km post missing
N1,1000365,link,link 273,22.9156667,91.5259438,134.0,A,LRP168a,Bridge start
N1,1000366,link,link 274,22.9138056,91.5268604,228.0,A,LRP168b,Bridge end/Start of Chittagong Road Division / Bridge end/Start of Chittagong Road Division
N1,1000367,link,link 275,22.9085833,91.5294993,638.0,A,LRP169,Km post missing
N1,1000368,bridge,bridge 84,22.9046667,91.5314438,3.0,A,LRP169a,BAROYARHAT BOX CULVERT
N1,1000369,link,link 276,22.9003333,91.5333608,536.0,A,LRP170,Km post missing
N1,1000370,link,link 277,22.8994441,91.5336108,83.0,A,LRP170a,End of Bituminous Pavment
N1,1000371,link,link 278,22.8939997,91.5346941,637.0,A,LRP170b,Road to Karerhat (R151)
N1,1000372,link,link 279,22.8929719,91.5350274,113.0,A,LRP170c,Start of Bituminious Pavement
N1,1000373,link,link 280,22.8921663,91.5353052,104.0,A,LRP170d,Box culvert
N1,1000374,link,link 281,22.8916386,91.5354719,63.0,A,LRP171,Km post missing
N1,1000375,link,link 282,22.8829993,91.5381663,1000.0,A,LRP172,Km post missing / Box culvert
N1,1000376,bridge,bridge 85,22.875166,91.5407219,2.0,A,LRP172b,MADDUM SONAPHAR-3
N1,1000377,link,link 283,22.8744438,91.5409719,85.0,A,LRP173,Km post missing
N1,1000378,bridge,bridge 86,22.8731382,91.5414441,1.5,A,LRP173a,MAMAFOUN ASTANA CULVERT
N1,1000379,bridge,bridge 87,22.868416,91.5431663,1.5,A,LRP173b,MAMAFAKIR ASTANA SLAB CULVERT
N1,1000380,link,link 284,22.8661111,91.5439997,282.0,A,LRP174,Km post missing
N1,1000381,bridge,bridge 88,22.86111772310757,91.54512584501992,8.5,A,LRP174a,MASTANNAGOR BONCUL(1)
N1,1000382,bridge,bridge 89,22.8595833,91.5454719,3.0,A,LRP174b,MUSTAU NOGAR(2)
N1,1000383,link,link 285,22.8575556,91.5456386,247.0,A,LRP175,Km post missing
N1,1000384,bridge,bridge 90,22.856,91.5457219,3.0,A,LRP175a,MUSTAN NAGAR -4
N1,1000385,bridge,bridge 91,22.8550556,91.545833,3.0,A,LRP175b,RAIPUR BOX CUL-1
N1,1000386,link,link 286,22.8486663,91.5463608,722.0,A,LRP176,Km post missing
N1,1000387,bridge,bridge 92,22.8485274,91.5463886,4.5,A,LRP176a,RAIPUR (2) BOX CULVERT
N1,1000388,bridge,bridge 93,22.8484441,91.5464163,12.4,C,LRP176b,PURPU DURGAPURE BOX CUL
N1,1000389,link,link 287,22.8452219,91.5475274,380.0,A,LRP176c,Box culvert
N1,1000390,link,link 288,22.8432497,91.5482219,240.0,A,LRP176d,Box culvert
N1,1000391,link,link 289,22.8401941,91.5490552,353.0,A,LRP177,Km post missing
N1,1000392,link,link 290,22.8372497,91.5492497,314.0,A,LRP177a,Pipe culvert
N1,1000393,link,link 291,22.8313882,91.5503611,686.0,A,LRP178,Km post missing
N1,1000394,link,link 292,22.8239438,91.5528333,872.0,A,LRP178a,Box culvert
N1,1000395,link,link 293,22.8228049,91.5531389,128.0,A,LRP179,Km post missing
N1,1000396,link,link 294,22.8141389,91.5555833,1000.0,A,LRP180,Km post missing
N1,1000397,link,link 295,22.8110556,91.5563889,340.0,A,LRP180a,Box culvert
N1,1000398,link,link 296,22.808,91.5579167,406.0,A,LRP180b,Box culvert
N1,1000399,link,link 297,22.8059722,91.5589167,252.0,A,LRP180c,Box culvert
N1,1000400,link,link 298,22.8059444,91.5589167,2.0,A,LRP181,Km post missing
N1,1000401,bridge,bridge 94,22.8045833,91.5591111,4.5,A,LRP181a,MIRSARAI BOX CUL
N1,1000402,link,link 299,22.7974719,91.5613611,845.0,A,LRP182,Km post missing
N1,1000403,bridge,bridge 95,22.7934163,91.5633333,23.2,B,LRP182a,MIRAISORI BRIDGE
N1,1000404,link,link 300,22.7896108,91.5654444,472.0,A,LRP182b,Box culvert
N1,1000405,link,link 301,22.7893608,91.5655833,35.0,A,LRP183,Km post missing
N1,1000406,link,link 302,22.7813327,91.5695271,994.0,A,LRP183a,Bridge start
N1,1000407,link,link 303,22.7812216,91.5695827,6.0,A,LRP184,Km post missing
N1,1000408,bridge,bridge 96,22.7811382,91.5696382,9.7,A,LRP184a,IANAINIPOL BOX CULVERT.
N1,1000409,link,link 304,22.7771104,91.5713327,486.0,A,LRP184b,Road to Narayanhat (Z1021)
N1,1000410,link,link 305,22.7732771,91.5733604,475.0,A,LRP184c,Box culvert
N1,1000411,link,link 306,22.7730271,91.5734716,24.0,A,LRP185,Km post missing
N1,1000412,bridge,bridge 97,22.7693604,91.5756104,4.0,A,LRP185a,BOKIMTOLA BOX CULVERT
N1,1000413,link,link 307,22.7661944,91.5779993,2.0,A,LRP185b,Box culvert
N1,1000414,link,link 308,22.7654722,91.5785549,529.0,A,LRP186,Km post missing
N1,1000415,bridge,bridge 98,22.7621944,91.5811382,12.9,A,LRP186a,VARTAKA BOX CULVERT
N1,1000416,link,link 309,22.7585278,91.5845274,547.0,A,LRP187,Km post missing
N1,1000417,bridge,bridge 99,22.7526389,91.5893608,3.0,A,LRP187a,VARTAGIA BOX CULVERT
N1,1000418,bridge,bridge 100,22.7525,91.5894719,8.1,B,LRP187b,BOTHAGIA (-3) BOX CULVERT
N1,1000419,link,link 310,22.7513333,91.5903608,157.0,A,LRP188,Km post missing
N1,1000420,link,link 311,22.7496386,91.5916386,232.0,A,LRP188a,Box culvert
N1,1000421,link,link 312,22.7435552,91.5949163,768.0,A,LRP189,Km post missing
N1,1000422,link,link 313,22.7433052,91.5950274,32.0,A,LRP189a,Box culvert
N1,1000423,link,link 314,22.7349997,91.5979441,968.0,A,LRP190,Km post missing
N1,1000424,bridge,bridge 101,22.7349163,91.5979719,3.0,A,LRP190a,NIAZAMPUR BOX CULVERT
N1,1000425,link,link 315,22.7263882,91.6007778,988.0,A,LRP191,Km post missing
N1,1000426,bridge,bridge 102,22.7221104,91.6030833,3.0,A,LRP191a,MIRJAPUR BOX CULVERT
N1,1000427,link,link 316,22.7185549,91.6053056,461.0,A,LRP192,Km post missing
N1,1000428,link,link 317,22.7165556,91.6065556,260.0,A,LRP192a,Box culvert
N1,1000429,link,link 318,22.716,91.6069167,75.0,A,LRP192b,Box culvert
N1,1000430,link,link 319,22.7143889,91.6079444,215.0,A,LRP193,"Ctg 52 km,Sitakhada 12 km"
N1,1000431,bridge,bridge 103,22.7124167,91.6090556,19.2,A,LRP193a,DUKHIN UTHPAR BOX CULVERT
N1,1000432,link,link 320,22.7076111,91.6118056,607.0,A,LRP193b,Box Culvert
N1,1000433,link,link 321,22.7065556,91.6123611,137.0,A,LRP194,Km post missing
N1,1000434,bridge,bridge 104,22.706,91.6126944,4.2,A,LRP194a,VANGGARPOL BOX CULVERT
N1,1000435,link,link 322,22.7033056,91.6142222,342.0,A,LRP194b,Box culvert
N1,1000436,link,link 323,22.7002222,91.6157778,381.0,A,LRP194c,Box culvert
N1,1000437,link,link 324,22.6984997,91.616666,220.0,A,LRP195,"Ctg 50 km,Sitakanda 10 km"
N1,1000438,bridge,bridge 105,22.6919719,91.6198604,3.2,A,LRP195a,BORO KAMALDA BOX CULVERT
N1,1000439,link,link 325,22.6904163,91.6205271,216.0,A,LRP196,Km post missing
N1,1000440,bridge,bridge 106,22.689583,91.6208327,6.0,A,LRP196a,TARAT BOX CULVERT
N1,1000441,link,link 326,22.685083,91.6228327,544.0,A,LRP196b,Box culvert
N1,1000442,link,link 327,22.6825549,91.6241938,317.0,A,LRP197,"Ctg 48 km,Sitakanda 8 km"
N1,1000443,bridge,bridge 107,22.6769438,91.6268327,3.0,A,LRP197a,Tarial Bazar Culvert
N1,1000444,bridge,bridge 108,22.6751382,91.6274438,3.0,A,LRP197b,MIRJA PUR (3) BOX CULVERT
N1,1000445,link,link 328,22.6743049,91.6277493,99.0,A,LRP198,Km post missing
N1,1000446,bridge,bridge 109,22.6733049,91.6280827,3.0,A,LRP198a,SATU DURUAR HAT BOX CULVERT
N1,1000447,link,link 329,22.6722493,91.6285271,131.0,A,LRP198b,Box culvert
N1,1000448,link,link 330,22.6678604,91.6301104,506.0,A,LRP198c,Box culvert
N1,1000449,link,link 331,22.6649167,91.6315549,370.0,A,LRP199,"Ctg 46 km,Sitakanda 6 km"
N1,1000450,bridge,bridge 110,22.6638333,91.6321382,3.1,A,LRP199a,RONA SORA CULVERT
N1,1000451,bridge,bridge 111,22.6596667,91.6347219,4.6,A,LRP199b,NUNA CHARA BOX CULVERT
N1,1000452,link,link 332,22.6571389,91.636333,322.0,A,LRP200,Km post missing
N1,1000453,link,link 333,22.6543889,91.6381386,357.0,A,LRP200a,Box culvert
N1,1000454,link,link 334,22.6527778,91.6391663,209.0,A,LRP200b,Box culvert
N1,1000455,link,link 335,22.6494997,91.640833,411.0,A,LRP201,"Ctg 44 km,Sitakanda 4 km"
N1,1000456,bridge,bridge 112,22.6489997,91.6411108,3.0,A,LRP201a,KACHAI PATH BOX CULVERT
N1,1000457,bridge,bridge 113,22.6452774,91.6430552,3.0,A,LRP201b,KACHAI POTTI BOX CULVERT
N1,1000458,link,link 336,22.641583,91.6451108,470.0,A,LRP202,Km post missing
N1,1000459,bridge,bridge 114,22.6338608,91.6494719,3.0,A,LRP202a,EGOL PUR BOX CULVERT
N1,1000460,link,link 337,22.6330827,91.649833,87.0,A,LRP203,"Ctg 42 km,Sitakanda 2 km"
N1,1000461,bridge,bridge 115,22.6320271,91.6503889,3.0,A,LRP203a,SITAKUNDA SLAB
N1,1000462,bridge,bridge 116,22.625916,91.6541389,3.0,A,LRP203b,MOHADAB PUR BOX CULVERT
N1,1000463,link,link 338,22.6252216,91.6545278,83.0,A,LRP204,Km post missing
N1,1000464,bridge,bridge 117,22.6234716,91.6553056,4.6,A,LRP204a,DULAHAJRA(R)
N1,1000465,link,link 339,22.6206938,91.6563611,333.0,A,LRP204b,Box culvert
N1,1000466,link,link 340,22.6194993,91.6568889,163.0,A,LRP204c,Bridge start
N1,1000467,link,link 341,22.6180271,91.6578333,20.0,A,LRP204d,Bridge end / Box culvert
N1,1000468,link,link 342,22.6175271,91.65825,253.0,A,LRP204f,Box culvert
N1,1000469,link,link 343,22.6169716,91.65875,91.0,A,LRP205,"Ctg 40 km,Sitakanda 0 km"
N1,1000470,bridge,bridge 118,22.6168604,91.6588611,3.0,A,LRP205a,MADICAL MORE CULVERT
N1,1000471,link,link 344,22.6123889,91.6622222,612.0,A,LRP205b,Box culvert
N1,1000472,link,link 345,22.6094444,91.6638333,372.0,A,LRP206,Km post missing
N1,1000473,bridge,bridge 119,22.6088889,91.6641111,2.95,A,LRP206a,DOKHIN MOHADEB PUR BOX CULVERT
N1,1000474,link,link 346,22.6015833,91.6688327,952.0,A,LRP207,Ctg 38 km
N1,1000475,bridge,bridge 120,22.601,91.6692771,4.5,A,LRP207a,HATILOTA BOX CULVERT
N1,1000476,link,link 347,22.6000556,91.6699438,115.0,A,LRP207b,Box culvert
N1,1000477,link,link 348,22.5994441,91.6703049,49.0,A,LRP207c,Box culvert
N1,1000478,link,link 349,22.5942219,91.6737771,681.0,A,LRP207d,Box culvert
N1,1000479,link,link 350,22.5939997,91.6738327,25.0,A,LRP208,Km post missing
N1,1000480,bridge,bridge 121,22.5907497,91.6754716,22.25,C,LRP208a,BAROCONDO BRIDGE
N1,1000481,link,link 351,22.584583,91.6780827,757.0,A,LRP209,Info.Missing
N1,1000482,bridge,bridge 122,22.5836663,91.6784716,10.2,A,LRP209a,BARO-CUNDHOW BOX CULVERT
N1,1000483,link,link 352,22.5834997,91.6785827,26.0,A,LRP209b,Bridge end
N1,1000484,link,link 353,22.580666,91.6799438,343.0,A,LRP209c,Road to Katirhat (Z1087)
N1,1000485,link,link 354,22.5779438,91.6811382,331.0,A,LRP209d,Box culvert
N1,1000486,link,link 355,22.5763604,91.6818049,183.0,A,LRP210,Km post missing
N1,1000487,bridge,bridge 123,22.5731938,91.6830827,3.0,A,LRP210a,PHPMORE BON CULVERT
N1,1000488,bridge,bridge 124,22.5730549,91.6831938,8.2,A,LRP210b,CHARA KANDI BOX CULVERT
N1,1000489,link,link 356,22.5679716,91.6846941,605.0,A,LRP211,Km post missing
N1,1000490,bridge,bridge 125,22.5664722,91.6851663,4.1,A,LRP211a,OHIDPUR BOX CULVERT
N1,1000491,link,link 357,22.5641389,91.6859163,275.0,A,LRP211b,Bridge start
N1,1000492,link,link 358,22.564,91.6859441,14.0,A,LRP211c,Bridge end
N1,1000493,link,link 359,22.5624722,91.6863608,217.0,A,LRP211d,Box culvert
N1,1000494,link,link 360,22.5594444,91.6872219,316.0,A,LRP212,Km post missing
N1,1000495,link,link 361,22.5514167,91.6896941,939.0,A,LRP213,Ctg 32 km
N1,1000496,bridge,bridge 126,22.5503056,91.6902774,3.0,A,LRP213a,SOUTH BALSH KHALI BOX CULVERT
N1,1000497,bridge,bridge 127,22.5501667,91.6903886,5.2,A,LRP213b,DOKHIN BASH-KHALI BOX CULVERT
N1,1000498,link,link 362,22.5438886,91.6945274,825.0,A,LRP214,Km post missing
N1,1000499,bridge,bridge 128,22.5428608,91.6950274,8.2,A,LRP214a,SOTTANA MONDIR CULVERT
N1,1000500,link,link 363,22.5354997,91.6979441,882.0,A,LRP215,Ctg 30 km
N1,1000501,bridge,bridge 129,22.5347774,91.698333,3.0,A,LRP215a,GULAM JUTE MILE BOX CULVERT
N1,1000502,link,link 364,22.5273049,91.7019444,910.0,A,LRP216,Km post missing
N1,1000503,link,link 365,22.519416,91.7053611,957.0,A,LRP216a,Bridge start
N1,1000504,link,link 366,22.519265407228914,91.70540328072288,18.0,A,LRP216b,Bridge end
N1,1000505,link,link 367,22.5187216,91.7055556,65.0,A,LRP217,Ctg 28 km
N1,1000506,bridge,bridge 130,22.5165556,91.7065833,27.0,C,LRP217a,BORO KUMIRA BRIDGE
N1,1000507,link,link 368,22.5161667,91.70675,45.0,A,LRP217b,Bridge end
N1,1000508,link,link 369,22.5147222,91.7074444,182.0,A,LRP217c,Box culvert
N1,1000509,link,link 370,22.5131389,91.7080833,194.0,A,LRP217d,Bridge start
N1,1000510,link,link 371,22.5127778,91.7082222,41.0,A,LRP217e,Bridge end
N1,1000511,link,link 372,22.5106111,91.7090833,262.0,A,LRP218,Km post missing
N1,1000512,bridge,bridge 131,22.5094444,91.7096389,4.5,A,LRP218a,ROYL CIMINT GATE CULVETRT
N1,1000513,bridge,bridge 132,22.5093611,91.7096944,17.6,A,LRP218b,GORA MARA RCC GIRDER BRIDGE
N1,1000514,link,link 373,22.5074444,91.7105556,239.0,A,LRP218c,Bridge start
N1,1000515,link,link 374,22.5073056,91.7106389,18.0,A,LRP218d,Bridge end
N1,1000516,link,link 375,22.503,91.7128056,530.0,A,LRP218e,Box culvert
N1,1000517,link,link 376,22.5025556,91.7130556,57.0,A,LRP219,Km post missing
N1,1000518,bridge,bridge 133,22.4969163,91.7155556,3.0,B,LRP219a,GORA MARI BOX CULVERT
N1,1000519,link,link 377,22.4968052,91.7156389,19.0,A,LRP219b,Bridge end
N1,1000520,link,link 378,22.494583,91.7170827,296.0,A,LRP220,Km post missing
N1,1000521,bridge,bridge 134,22.4869441,91.7192771,4.5,A,LRP220a,BARAOWLLA BOX CULVERT
N1,1000522,link,link 379,22.4854163,91.7195549,174.0,A,LRP221,Ctg 24 km
N1,1000523,bridge,bridge 135,22.48280706570156,91.72005100244988,6.0,A,LRP221a,HATIBORI BOX CULVERT
N1,1000524,link,link 380,22.4775271,91.7210549,601.0,A,LRP221b,Bridge start
N1,1000525,link,link 381,22.4773049,91.7211104,25.0,A,LRP221c,Bridge end
N1,1000526,link,link 382,22.4765271,91.7213327,89.0,A,LRP222,Info.Missing
N1,1000527,link,link 383,22.4694438,91.7250549,883.0,A,LRP222a,Box culvert
N1,1000528,link,link 384,22.468416,91.7255827,136.0,A,LRP223,Ctg 22 km
N1,1000529,link,link 385,22.4603056,91.7295827,1000.0,A,LRP224,Km post missing
N1,1000530,bridge,bridge 136,22.4588333,91.7303604,3.0,A,LRP224a,KODOM RASUL BOX CULVERT
N1,1000531,link,link 386,22.4586389,91.7304716,26.0,A,LRP224b,Bridge end
N1,1000532,link,link 387,22.45182350044248,91.7331283022124,808.0,A,LRP225,Info.Missing
N1,1000533,link,link 388,22.4433886,91.7364163,1000.0,A,LRP226,Km post missing
N1,1000534,bridge,bridge 137,22.4424997,91.7366663,3.0,A,LRP226a,HASNA BAD BOX CULVERT
N1,1000535,bridge,bridge 138,22.4422219,91.7367497,40.0,A,LRP226b,VATERIE BRIDGE
N1,1000536,link,link 389,22.4349719,91.7396941,925.0,A,LRP227,Km post missing
N1,1000537,link,link 390,22.4333049,91.7403608,137.0,A,LRP227a,Box culvert
N1,1000538,link,link 391,22.4307493,91.7415274,311.0,A,LRP227b,Bridge start
N1,1000539,link,link 392,22.4304438,91.7417219,43.0,A,LRP227c,Bridge end
N1,1000540,link,link 393,22.4269716,91.7439997,449.0,A,LRP228,Km post missing
N1,1000541,link,link 394,22.4198882,91.7497774,1000.0,A,LRP229,Km post missing
N1,1000542,link,link 395,22.4185549,91.7504722,165.0,A,LRP229a,Bridge start
N1,1000543,link,link 396,22.4182771,91.7506667,38.0,A,LRP229b,Bridge end
N1,1000544,link,link 397,22.4119167,91.7543611,797.0,A,LRP230,Km post missing
N1,1000545,bridge,bridge 139,22.4101111,91.7544444,5.0,A,LRP230a,VATIARI CULVERT
N1,1000546,link,link 398,22.4084167,91.7551389,206.0,A,LRP230b,Box culvert
N1,1000547,link,link 399,22.40839921010101,91.75514357643098,2.0,A,LRP230c,Start of Bituminous Pavement
N1,1000548,link,link 400,22.4032222,91.7565278,592.0,A,LRP231,Km post missing
N1,1000549,bridge,bridge 140,22.3996108,91.7573333,3.0,A,LRP231a,T. B HOSPITAL GATE BOX CULVERT
N1,1000550,bridge,bridge 141,22.3988608,91.7576667,18.0,A,LRP231b,GAMMON BRIDGE
N1,1000551,link,link 401,22.3988052,91.7576667,7.0,A,LRP231c,Bridge end
N1,1000552,link,link 402,22.3944997,91.7586944,489.0,A,LRP232,Km post missing
N1,1000553,bridge,bridge 142,22.3937774,91.7588056,3.0,A,LRP232a,PAKKA MATA BOX CULVERT
N1,1000554,link,link 403,22.3921108,91.75925,217.0,A,LRP232b,Box culvert
N1,1000555,link,link 404,22.3892497,91.7605,351.0,A,LRP232c,Bridge start
N1,1000556,link,link 405,22.3887497,91.7607222,59.0,A,LRP232d,Bridge end
N1,1000557,link,link 406,22.3861663,91.7618333,314.0,A,LRP233,Km post missing
N1,1000558,bridge,bridge 143,22.3815271,91.7652222,8.3,A,LRP233a,GLAXO BOX CULVERT
N1,1000559,link,link 407,22.379166,91.7675827,375.0,A,LRP234,Km post missing
N1,1000560,bridge,bridge 144,22.3764716,91.770416,3.0,A,LRP234a,CORNAIL HAT BOX CULVERT
N1,1000561,link,link 408,22.3762254893617,91.77054326631206,19.0,A,LRP234b,Bridge end
N1,1000562,link,link 409,22.369166,91.7741938,545.0,A,LRP235,Km post missing
N1,1000563,link,link 410,22.3691382,91.777666,555.0,A,LRP235a,End of Bituminous Road
N1,1000564,link,link 411,22.3586667,91.7822771,193.0,A,LRP235b,The chittagong city area starts from Alongka cinema Hall
N1,1000565,bridge,bridge 145,22.3644444,91.8511111,5.7,B,LRP244b,SHIKALBAHA BOX CULVERT
N1,1000566,link,link 412,22.3646111,91.8508333,393.0,A,LRP245,Km post missing
N1,1000567,bridge,bridge 146,22.3632778,91.8514722,1.5,A,LRP245a,ISLAMPUR CULVERT
N1,1000568,link,link 413,22.3561111,91.8531667,831.0,A,LRP246,Km post missing
N1,1000569,bridge,bridge 147,22.3555,91.8530833,3.0,A,LRP246a,SHIKALBAHA MORE
N1,1000570,bridge,bridge 148,22.3553889,91.8530556,3.0,A,LRP246b,SHIKALBAHA BOX CULVERT
N1,1000571,link,link 414,22.3473886,91.8519444,915.0,A,LRP247,Km post missing
N1,1000572,bridge,bridge 149,22.3427219,91.8531389,116.5,C,LRP247a,SHIKALBAHA BRIDGE
N1,1000573,link,link 415,22.3423608,91.8530833,44.0,A,LRP247b,Bridge end
N1,1000574,link,link 416,22.3387497,91.8534722,407.0,A,LRP248,Km post missing
N1,1000575,bridge,bridge 150,22.338362487628867,91.853695585567,3.0,B,LRP248a,SHANTERHAT CULVERT
N1,1000576,link,link 417,22.3380274,91.8538889,45.0,A,LRP248b,Bridge end
N1,1000577,link,link 418,22.3373886,91.8542778,80.0,A,LRP248c,Bridge start
N1,1000578,link,link 419,22.3370274,91.8545278,47.0,A,LRP248d,Bridge end
N1,1000579,link,link 420,22.3314716,91.8515556,776.0,A,LRP249,Km post missing
N1,1000580,bridge,bridge 151,22.3297493,91.8521111,3.1,B,LRP249a,SHANTERHAT BOX CULVERT
N1,1000581,link,link 421,22.3228327,91.8535556,791.0,A,LRP250,Km post missing
N1,1000582,bridge,bridge 152,22.3212771,91.8536111,3.0,A,LRP250a,KUSUMPUR BOX CULVERT
N1,1000583,link,link 422,22.3153611,91.8553056,702.0,A,LRP250b,Bridge start
N1,1000584,link,link 423,22.3152222,91.8553333,16.0,A,LRP250c,Bridge end
N1,1000585,link,link 424,22.3148889,91.8553889,45.0,A,LRP251,"Cox,s Bazar 143 km,Patiya 16 km"
N1,1000586,bridge,bridge 153,22.3108333,91.8570278,10.8,B,LRP251a,MUNSHA BOX CULVERT(L)
N1,1000587,link,link 425,22.3106111,91.8570833,30.0,A,LRP251b,Road to Balakkhati (Z1065)
N1,1000588,link,link 426,22.30825,91.8589722,327.0,A,LRP251c,Box culvert
N1,1000589,link,link 427,22.3071944,91.8598611,147.0,A,LRP252,Cox's Bazar 142 km
N1,1000590,bridge,bridge 154,22.3043056,91.8621667,3.0,A,LRP252a,MONSHA CULVERT
N1,1000591,link,link 428,22.3021667,91.8639444,309.0,A,LRP252b,Box culvert
N1,1000592,link,link 429,22.2998886,91.8655833,293.0,A,LRP253,Cox's Bazar 141km
N1,1000593,bridge,bridge 155,22.2950274,91.8671938,5.3,A,LRP253a,Pirol
N1,1000594,link,link 430,22.2919441,91.8693327,427.0,A,LRP254,Cox's Bazar 140km
N1,1000595,link,link 431,22.2916663,91.8696382,51.0,A,LRP254a,Road to Arowana (Z1018)
N1,1000596,link,link 432,22.2916108,91.8711382,170.0,A,LRP254b,Box culvert
N1,1000597,link,link 433,22.293583,91.8748604,447.0,A,LRP254c,Box culvert
N1,1000598,link,link 434,22.2946386,91.8770827,262.0,A,LRP254d,Bridge start
N1,1000599,link,link 435,22.2949163,91.877666,67.0,A,LRP255,Cox's Bazar 139 km
N1,1000600,bridge,bridge 156,22.2951108,91.8781104,3.0,A,LRP255a,UZIRPUR HIGH SCHOOL
N1,1000601,link,link 436,22.2983886,91.885583,263.0,A,LRP255b,Box Culvert
N1,1000602,link,link 437,22.2985552,91.886333,689.0,A,LRP256,Cox's Bazar 138 km
N1,1000603,link,link 438,22.3,91.8915552,559.0,A,LRP256a,Road to Kaliganj (Z1071)
N1,1000604,link,link 439,22.3005833,91.892833,441.0,A,LRP257,Cox's Bazar 137 km
N1,1000605,bridge,bridge 157,22.3015833,91.897333,50.8,C,LRP257a,PATIYA BRIDGE
N1,1000606,link,link 440,22.3027222,91.9015556,454.0,A,LRP258,"Cox,s Bazar 136 km,Patiya 11 km"
N1,1000607,link,link 441,22.3029722,91.9025,103.0,A,LRP258a,Box culvert
N1,1000608,link,link 442,22.3053611,91.9106389,872.0,A,LRP259,"Cox,s Bazar 135 km,Patiya 10 km"
N1,1000609,link,link 443,22.3070556,91.9128056,303.0,A,LRP259a,Box culvert
N1,1000610,link,link 444,22.3096944,91.91575,424.0,A,LRP259b,Road to Kaliganj (Z1070)
N1,1000611,link,link 445,22.3114167,91.9176382,273.0,A,LRP260,Box culvert
N1,1000612,bridge,bridge 158,22.3124722,91.9188327,12.4,A,LRP260a,PALYA BUS STATION
N1,1000613,link,link 446,22.3156389,91.9224993,521.0,A,LRP260b,Box culvert
N1,1000614,link,link 447,22.3158889,91.9235827,121.0,A,LRP260c,Road to Kalurghat (N107)
N1,1000615,link,link 448,22.3155556,91.9253882,190.0,A,LRP261,Km post missing
N1,1000616,bridge,bridge 159,22.3137778,91.9322216,60.5,C,LRP261a,SRIMI BRIDGE
N1,1000617,link,link 449,22.31375,91.9345274,250.0,A,LRP262,Km post missing
N1,1000618,link,link 450,22.3136389,91.9438886,1000.0,A,LRP263,Km post missing
N1,1000619,link,link 451,22.3098611,91.9477219,618.0,A,LRP263a,Box culvert
N1,1000620,link,link 452,22.3067222,91.9491941,393.0,A,LRP264,Info.Missing
N1,1000621,link,link 453,22.3025,91.9553889,1000.0,A,LRP265,Km post missing
N1,1000622,bridge,bridge 160,22.3010278,91.9641667,9.2,A,LRP265a,MOJAFFARABAD
N1,1000623,bridge,bridge 161,22.3009444,91.9646667,6.0,A,LRP265b,MOJAFFORABAD BOX CULVERT
N1,1000624,link,link 454,22.3009167,91.9648889,22.0,A,LRP266,Km post missing
N1,1000625,link,link 455,22.2979441,91.973916,1000.0,A,LRP267,Km post missing
N1,1000626,bridge,bridge 162,22.2956941,91.9787493,9.4,A,LRP267a,MOJAFFORABAD
N1,1000627,link,link 456,22.295333,91.9803049,166.0,A,LRP267b,Road to Boalkhali (Z1059)
N1,1000628,link,link 457,22.2934997,91.9816382,266.0,A,LRP268,Km post missing
N1,1000629,bridge,bridge 163,22.2933608,91.9821104,14.0,A,LRP268a,ROWSONAT CUL
N1,1000630,bridge,bridge 164,22.292083,91.9822493,14.0,A,LRP268b,KANCHANAGAR CUL
N1,1000631,link,link 458,22.291833,91.9823327,21.0,A,LRP268c,Road to Anowara (R170)
N1,1000632,link,link 459,22.2878052,91.9883886,773.0,A,LRP269,Km post missing
N1,1000633,bridge,bridge 165,22.286583,91.9911108,12.6,B,LRP269a,KHANCHANAGAR BADAMTOLA
N1,1000634,link,link 460,22.2863052,91.991583,72.0,A,LRP269b,Bridge end
N1,1000635,bridge,bridge 166,22.2862497,91.9916941,9.4,B,LRP269c,NORTH JOARA PAKKAR DOKAN
N1,1000636,link,link 461,22.2836386,91.9967497,600.0,A,LRP270,Km post missing
N1,1000637,bridge,bridge 167,22.2820549,91.9986663,14.0,A,LRP270a,GASBAREA BOX CULVERT
N1,1000638,link,link 462,22.2761938,92.0043889,925.0,A,LRP271,Info.Missing
N1,1000639,bridge,bridge 168,22.2745827,92.0053056,9.2,A,LRP271a,GASBAREA COLLEGE BOX CULVERT
N1,1000640,link,link 463,22.2722493,92.0055278,270.0,A,LRP271b,Box culvert
N1,1000641,link,link 464,22.2676104,92.0058056,516.0,A,LRP272,Km post missing
N1,1000642,bridge,bridge 169,22.2622222,92.0070556,50.8,D,LRP272a,Mazar Point Bridge
N1,1000643,link,link 465,22.26210145564516,92.00708382580645,14.0,A,LRP272b,Bridge end
N1,1000644,bridge,bridge 170,22.2600833,92.0075556,9.2,B,LRP272c,KHOLGHAR CUL
N1,1000645,link,link 466,22.259,92.0081389,126.0,A,LRP273,Km post missing
N1,1000646,link,link 467,22.2557222,92.0096111,403.0,A,LRP273a,Box culvert
N1,1000647,link,link 468,22.2538611,92.01125,268.0,A,LRP273b,Box culvert
N1,1000648,link,link 469,22.2517222,92.0133333,329.0,A,LRP274,Km post missing
N1,1000649,link,link 470,22.249333,92.0152778,343.0,A,LRP274a,Box culvert
N1,1000650,link,link 471,22.2449997,92.019166,657.0,A,LRP275,Km post missing
N1,1000651,link,link 472,22.2410552,92.0215271,602.0,A,LRP275a,Box culvert
N1,1000652,link,link 473,22.2371941,92.0230549,479.0,A,LRP275b,Box culvert
N1,1000653,link,link 474,22.236083,92.0234716,139.0,A,LRP276,Info.Missing
N1,1000654,bridge,bridge 171,22.2327771,92.0245549,12.3,B,LRP276a,NOYARHAT
N1,1000655,link,link 475,22.2316938,92.0248882,179.0,A,LRP276b,Bridge start
N1,1000656,link,link 476,22.2315827,92.0249438,14.0,A,LRP276c,Bridge end
N1,1000657,link,link 477,22.227916,92.0258882,216.0,A,LRP277,Info.Missing
N1,1000658,link,link 478,22.2278882,92.025916,12.0,A,LRP277a,Bridge start
N1,1000659,link,link 479,22.2277771,92.0259438,12.0,A,LRP277b,Bridge end
N1,1000660,link,link 480,22.2240271,92.0270827,437.0,A,LRP277c,Box culvert
N1,1000661,link,link 481,22.2192493,92.0278882,539.0,A,LRP278,Km post missing
N1,1000662,link,link 482,22.2170549,92.0281382,248.0,A,LRP278a,Box culvert
N1,1000663,link,link 483,22.2131389,92.0304993,515.0,A,LRP278b,Road To Dhupchheri (Z1026)
N1,1000664,link,link 484,22.2116111,92.0318049,237.0,A,LRP279,Km post missing
N1,1000665,bridge,bridge 172,22.2084444,92.0356663,211.3,C,LRP279a,SANGO BRIDGE DOMAJAR
N1,1000666,link,link 485,22.2080278,92.0357774,55.0,A,LRP279b,Bridge end
N1,1000667,link,link 486,22.2059444,92.0370274,286.0,A,LRP279c,Bridge start
N1,1000668,link,link 487,22.2058889,92.0371386,12.0,A,LRP279d,Bridge end
N1,1000669,link,link 488,22.2054167,92.0380274,105.0,A,LRP280,Km post missing
N1,1000670,link,link 489,22.1977774,92.0433886,1094.0,A,LRP281,Info.Missing
N1,1000671,link,link 490,22.1917219,92.0453608,700.0,A,LRP281a,Road to Barma (Z1036)
N1,1000672,link,link 491,22.1897497,92.046583,313.0,A,LRP282,Info.Missing
N1,1000673,link,link 492,22.1822771,92.0513889,1013.0,A,LRP283,Info.Missing
N1,1000674,bridge,bridge 173,22.1750827,92.0528611,28.0,A,LRP283a,NOYAKHALAR MUK
N1,1000675,link,link 493,22.1735827,92.0534167,179.0,A,LRP284,Km post missing
N1,1000676,link,link 494,22.1652222,92.0548889,1000.0,A,LRP285,Km post missing
N1,1000677,link,link 495,22.1629722,92.0641944,1000.0,A,LRP286,Km post missing
N1,1000678,link,link 496,22.1596667,92.0674716,515.0,A,LRP286a,Bridge start
N1,1000679,bridge,bridge 174,22.1580556,92.0686104,7.2,A,LRP286b,KARANERHAT CULVERT
N1,1000680,link,link 497,22.156,92.0701104,268.0,A,LRP287,Km post missing
N1,1000681,bridge,bridge 175,22.1509722,92.0696938,11.2,A,LRP287a,KOACHIA(MADARBHI)
N1,1000682,link,link 498,22.1508889,92.069666,9.0,A,LRP287b,Bridge end
N1,1000683,link,link 499,22.1491386,92.0696104,206.0,A,LRP288,"Cox,s Bazar 111 km,Kasherhat 5 km"
N1,1000684,link,link 500,22.1406663,92.0697771,951.0,A,LRP289,Keranirhat 4 km
N1,1000685,bridge,bridge 176,22.1379163,92.0698882,12.6,A,LRP289a,MITADIGI
N1,1000686,link,link 501,22.1334441,92.0700827,501.0,A,LRP289b,Box Culvert
N1,1000687,link,link 502,22.1320549,92.0701938,161.0,A,LRP290,"Cox,s Bazar 109 km"
N1,1000688,link,link 503,22.1308049,92.070416,119.0,A,LRP290a,Bridge start
N1,1000689,link,link 504,22.1304716,92.0704993,61.0,A,LRP290b,Bridge end
N1,1000690,link,link 505,22.1285271,92.0708604,224.0,A,LRP290c,Bridge start
N1,1000691,link,link 506,22.1282771,92.070916,31.0,A,LRP290d,Bridge end
N1,1000692,link,link 507,22.1240271,92.0715827,485.0,A,LRP291,Info.Missing
N1,1000693,bridge,bridge 177,22.123666,92.0716382,30.3,B,LRP291a,Raj Ghata Bridge
N1,1000694,link,link 508,22.1208049,92.0719438,389.0,A,LRP291b,Box culvert
N1,1000695,link,link 509,22.1151944,92.072416,601.0,A,LRP292,Km post missing
N1,1000696,bridge,bridge 178,22.1133056,92.0726938,2.5,A,LRP292a,NOYA PARA BOX CULVERT
N1,1000697,link,link 510,22.1062222,92.0738049,718.0,A,LRP293,Km post missing
N1,1000698,bridge,bridge 179,22.1021667,92.0740549,12.6,A,LRP293a,PODUA BAZAR BOX CULVERT
N1,1000699,link,link 511,22.0993052,92.0743604,112.0,A,LRP293b,Box culvert
N1,1000700,bridge,bridge 180,22.0977497,92.0750271,6.0,A,LRP293c,PODUA BAZAR BOX CULVERT
N1,1000701,link,link 512,22.097583,92.0752216,30.0,A,LRP294,Km post missing
N1,1000702,bridge,bridge 181,22.0942219,92.0798604,13.64,A,LRP294a,BARO AWLIA(R)
N1,1000703,link,link 513,22.092833,92.0812493,222.0,A,LRP295,"Cox,s Bazar 104 km"
N1,1000704,link,link 514,22.0876941,92.088583,956.0,A,LRP296,"Cox,s Bazar 103 km,Pasea 5 km"
N1,1000705,bridge,bridge 182,22.0844441,92.0924997,2.0,A,LRP296a,AMIRABAD LOHAGOR BOX CULVERT
N1,1000706,link,link 515,22.0826104,92.0958886,418.0,A,LRP297,"Cox,s Bazar 102 km,Pasha 3 km"
N1,1000707,link,link 516,22.081166,92.0982774,300.0,A,LRP297a,Box culvert
N1,1000708,link,link 517,22.0752216,92.1001944,700.0,A,LRP298,Km post missing
N1,1000709,bridge,bridge 183,22.0699438,92.1038333,3.0,A,LRP298a,LOHAGORA L.S BOX CULVERT
N1,1000710,link,link 518,22.0698049,92.104,33.0,A,LRP298b,Bridge end
N1,1000711,link,link 519,22.0686938,92.10525,177.0,A,LRP299,"Cox,s Bazar 100 km,Pasra 2 km"
N1,1000712,bridge,bridge 184,22.0641667,92.107,12.6,A,LRP299a,DIGIRPARK BOX CULVERT
N1,1000713,link,link 520,22.0638611,92.1070833,45.0,A,LRP299b,Bridge end
N1,1000714,bridge,bridge 185,22.0605556,92.1078056,6.2,A,LRP299c,DIGIRPAR BOX CULVERT
N1,1000715,link,link 521,22.0604722,92.1078611,9.0,A,LRP300,Km post missing
N1,1000716,bridge,bridge 186,22.0568611,92.1090833,3.0,A,LRP300a,ZADUNAGOR FILLING BOX CULVERT
N1,1000717,bridge,bridge 187,22.0522778,92.1091111,12.4,A,LRP300b,ZADUNAPUR SHAPIR FILLING STATION -(2) BOX CULVERT
N1,1000718,link,link 522,22.0516944,92.1090278,62.0,A,LRP301,Km post missing
N1,1000719,bridge,bridge 188,22.0486386,92.1082222,14.2,A,LRP301a,ZADUNAGOR BUS STATION BOX CULVERT
N1,1000720,bridge,bridge 189,22.0449719,92.1078333,22.0,B,LRP301b,Adunagar Bridge
N1,1000721,link,link 523,22.0443052,92.1073056,95.0,A,LRP301c,Box culvert
N1,1000722,link,link 524,22.0434441,92.1063056,136.0,A,LRP302,Km post missing
N1,1000723,bridge,bridge 190,22.0379163,92.104,22.4,B,LRP302a,Hatirpul Bridge
N1,1000724,link,link 525,22.037083,92.1039722,97.0,A,LRP303,"Cox.s Bazar 96 km,Lohaona 3 km"
N1,1000725,bridge,bridge 191,22.0320827,92.1041667,2.5,A,LRP303a,MUSKAMPANI PARA BOX CULVERT
N1,1000726,link,link 526,22.028916,92.1035556,378.0,A,LRP303b,Bridge start
N1,1000727,link,link 527,22.0284438,92.1032778,55.0,A,LRP304,Km post missing
N1,1000728,link,link 528,22.0283327,92.1031944,19.0,A,LRP304a,Bridge end
N1,1000729,link,link 529,22.020666,92.1015556,899.0,A,LRP305,"Cox,s Bazar 94 km,Lohaona 1 km"
N1,1000730,bridge,bridge 192,22.0205549,92.1015,22.4,A,LRP305a,RATAR KUL- SONTI BRIDGE
N1,1000731,link,link 530,22.0153056,92.094833,923.0,A,LRP306,"Cox,s Bazar 93 km,Lohagora 6 km"
N1,1000732,bridge,bridge 193,22.0077222,92.0927497,3.0,A,LRP306a,BON PUKUL PARA BOX CULVERT
N1,1000733,link,link 531,22.0074167,92.0924997,49.0,A,LRP307,"Cox,s Bazar 92 km,Lohagra 0 km"
N1,1000734,bridge,bridge 194,22.0039167,92.0904163,1.4,A,LRP307a,SANTI BOX CULVERT
N1,1000735,link,link 532,21.9999441,92.0880274,540.0,A,LRP307b,Box culvert
N1,1000736,link,link 533,21.999833,92.0879997,16.0,A,LRP308,"Cox,s Bazar 87 km"
N1,1000737,bridge,bridge 195,21.9951108,92.0873608,4.5,A,LRP308a,BRICK FIELD BOX CULVERT
N1,1000738,bridge,bridge 196,21.9950552,92.0872774,9.3,A,LRP308b,BACK FILD BOX CULVERT
N1,1000739,link,link 534,21.9913886,92.086083,434.0,A,LRP308c,Bridge start
N1,1000740,link,link 535,21.9908886,92.0859163,60.0,A,LRP308d,Bridge end
N1,1000741,link,link 536,21.9907219,92.0858608,19.0,A,LRP309,"Cox,s Bazar 86 km,Chokaria 28 km"
N1,1000742,bridge,bridge 197,21.9893886,92.085333,4.5,A,LRP309a,AZIZNAGOR FOREST BOX CULVERT
N1,1000743,bridge,bridge 198,21.9862219,92.0835274,4.7,A,LRP309b,AZIZ NOGOR FOREST BOX CULVERT
N1,1000744,link,link 537,21.9860552,92.0834441,24.0,A,LRP309c,Bridge end
N1,1000745,link,link 538,21.9829716,92.0817771,389.0,A,LRP310,"Cox,s Bazar 87 km,Chokaria 27 km"
N1,1000746,bridge,bridge 199,21.9811104,92.0800271,2.0,A,LRP310a,AZIZNAGOR BOX CULVERT
N1,1000747,bridge,bridge 200,21.9810549,92.0799438,3.0,A,LRP310b,AZIZ NOGAR BOX CULVERT
N1,1000748,link,link 539,21.9798882,92.0778327,254.0,A,LRP310c,Box culvert
N1,1000749,link,link 540,21.9789716,92.0747493,342.0,A,LRP310d,Box culvert
N1,1000750,link,link 541,21.9781104,92.0739993,133.0,A,LRP311,"Cox,s Bazar 88 km,Chowria 27 km"
N1,1000751,link,link 542,21.9729438,92.0670827,1017.0,A,LRP312,"Cox,s Bazar 83 km,Chokaria 25 km"
N1,1000752,link,link 543,21.9720827,92.0657222,171.0,A,LRP312a,Road to Banskhali (R171)
N1,1000753,link,link 544,21.967666,92.0635,564.0,A,LRP312b,Box culvert
N1,1000754,link,link 545,21.9654167,92.0625556,265.0,A,LRP313,Km post missing
N1,1000755,link,link 546,21.9620278,92.0633611,255.0,A,LRP313a,Bridge start
N1,1000756,bridge,bridge 201,21.9618611,92.0634444,13.64,A,LRP313b,HARBHANG CHOR
N1,1000757,link,link 547,21.9590833,92.0653889,372.0,A,LRP313c,Box culvert
N1,1000758,link,link 548,21.9578333,92.0665833,352.0,A,LRP314,Km post missing
N1,1000759,bridge,bridge 202,21.9569167,92.0673327,9.3,A,LRP314a,GHOIL MARA BOX CULVERT
N1,1000760,link,link 549,21.9516111,92.0678604,521.0,A,LRP314b,Bridge start
N1,1000761,link,link 550,21.9514444,92.0678604,21.0,A,LRP314c,Bridge end
N1,1000762,link,link 551,21.9489441,92.0675271,303.0,A,LRP315,Info.Missing
N1,1000763,bridge,bridge 203,21.9446663,92.0668049,3.0,A,LRP315a,HARBANG
N1,1000764,link,link 552,21.940583,92.0643889,539.0,A,LRP316,Km post missing
N1,1000765,bridge,bridge 204,21.9354441,92.0623056,3.0,A,LRP316a,HARBANG
N1,1000766,link,link 553,21.9333608,92.0614167,253.0,A,LRP316b,Box culvert
N1,1000767,link,link 554,21.9322216,92.06075,157.0,A,LRP317,"Cox,s Bazar 78 km"
N1,1000768,bridge,bridge 205,21.931666,92.0603611,56.2,C,LRP317a,Harbang Chora Bridge
N1,1000769,link,link 555,21.9296104,92.0592778,264.0,A,LRP317b,Box culvert
N1,1000770,link,link 556,21.9235827,92.0585,673.0,A,LRP318,"Cox,s Bazar 77 km/Start of Cox's Bazar Road Division. / Cox,s Bazar 77 km/Start of Cox's Bazar Road Division."
N1,1000771,bridge,bridge 206,21.9177216,92.0597778,14.3,A,LRP318a,ALIPUR BOX CULVERT
N1,1000772,bridge,bridge 207,21.9160833,92.0601389,2.1,A,LRP318b,HARBANG
N1,1000773,link,link 557,21.9148333,92.0604722,147.0,A,LRP319,"Cox,s Bazar 76 km"
N1,1000774,bridge,bridge 208,21.9128611,92.0606667,4.5,A,LRP319a,HAR BAG BOX CULVERT
N1,1000775,bridge,bridge 209,21.9083889,92.0605278,3.0,A,LRP319b,HAR BAG BOX CULVERT
N1,1000776,link,link 558,21.9059444,92.0609167,270.0,A,LRP320,"Cox,s Bazar 75 km"
N1,1000777,bridge,bridge 210,21.9031667,92.0611667,15.8,A,LRP320a,ATKOTA
N1,1000778,link,link 559,21.8969997,92.0612222,565.0,A,LRP321,"Cox,s Bazar 74 km"
N1,1000779,bridge,bridge 211,21.89646793301105,92.06108684571824,7.3,A,LRP321a,AKOTA BAZAR BOX CULVERT
N1,1000780,bridge,bridge 212,21.8908886,92.0596667,45.0,C,LRP321b,Bodoitola Bridge
N1,1000781,link,link 560,21.8883886,92.0600833,282.0,A,LRP322,"Cox,s Bazar 73 km"
N1,1000782,bridge,bridge 213,21.8810271,92.0589722,14.0,A,LRP322a,BODOITOLI BOX CULVERT
N1,1000783,link,link 561,21.879416,92.0590833,179.0,A,LRP323,Cox's Bazar 72 km
N1,1000784,link,link 562,21.874916,92.0591111,508.0,A,LRP323a,Box culvert
N1,1000785,link,link 563,21.8704993,92.0591389,501.0,A,LRP324,Info.Missing
N1,1000786,link,link 564,21.8625,92.0595,907.0,A,LRP324a,Box culvert
N1,1000787,link,link 565,21.8616389,92.0596111,93.0,A,LRP325,Km post missing
N1,1000788,bridge,bridge 214,21.8597222,92.0602778,20.6,A,LRP325a,NOL BELA-1 BOX CULVERT
N1,1000789,link,link 566,21.8592222,92.0604444,59.0,A,LRP325b,Bridge end
N1,1000790,link,link 567,21.85275,92.0609722,724.0,A,LRP326,"Cox,s Bazar 69 km"
N1,1000791,bridge,bridge 215,21.8526111,92.0609722,14.2,B,LRP326a,NOLBELA BOX CULVERT
N1,1000792,link,link 568,21.8505,92.0609444,229.0,A,LRP326b,Box culvert
N1,1000793,link,link 569,21.8441386,92.0628056,765.0,A,LRP327,"Cox,s Bazar 68 km"
N1,1000794,bridge,bridge 216,21.842583,92.0638611,15.7,A,LRP327a,DIDDA BAZAR BOX CULVERT
N1,1000795,link,link 570,21.8399719,92.0651389,322.0,A,LRP327b,Box culvert
N1,1000796,link,link 571,21.8363052,92.067416,482.0,A,LRP328,"Cox,s Bazar 67 km"
N1,1000797,bridge,bridge 217,21.8336663,92.0684438,294.15,D,LRP328a,Mathamuhuri Bridge
N1,1000798,link,link 572,21.8322216,92.0689993,171.0,A,LRP328b,Road to Paharchaanda(Z1125)
N1,1000799,link,link 573,21.8280827,92.0712771,482.0,A,LRP329,Cox's Bazar 66 km
N1,1000800,link,link 574,21.8256938,92.0723882,294.0,A,LRP329a,Bridge start
N1,1000801,link,link 575,21.8252771,92.0725549,48.0,A,LRP329b,Bridge end
N1,1000802,link,link 576,21.8208882,92.0741104,517.0,A,LRP329c,Box culvert
N1,1000803,link,link 577,21.8195271,92.0741382,149.0,A,LRP330,Cox's Bazar 65km
N1,1000804,link,link 578,21.8179716,92.073916,181.0,A,LRP330a,Box culvert
N1,1000805,link,link 579,21.8119444,92.0776382,831.0,A,LRP331,Cox.s Bazar 64 km
N1,1000806,bridge,bridge 218,21.8045278,92.077166,9.3,B,LRP331a,BANDI BAZAR BOX CULVERT
N1,1000807,link,link 580,21.8031389,92.0772493,156.0,A,LRP331b,Bridge start
N1,1000808,link,link 581,21.8030278,92.0772771,15.0,A,LRP331c,Bridge end
N1,1000809,link,link 582,21.8029167,92.0772771,10.0,A,LRP332,"Cox,s Bazar 63 km"
N1,1000810,link,link 583,21.7941941,92.0783882,993.0,A,LRP333,"Cox,s Bazar 62 km"
N1,1000811,bridge,bridge 219,21.7873886,92.0788882,12.6,A,LRP333a,HASIRUGIGI
N1,1000812,link,link 584,21.7864997,92.0790271,100.0,A,LRP333b,Box culvert
N1,1000813,link,link 585,21.7853052,92.079166,138.0,A,LRP334,"Cox,s Bazar 61 km"
N1,1000814,link,link 586,21.7836941,92.0792771,180.0,A,LRP334a,Box culvert
N1,1000815,link,link 587,21.7782493,92.0840552,819.0,A,LRP335,"Cox,s Bazar 60 km"
N1,1000816,bridge,bridge 220,21.7776382,92.0843886,12.8,A,LRP335a,CHOHAJANYA (1)
N1,1000817,link,link 588,21.7758049,92.0851108,225.0,A,LRP335b,Box culvert
N1,1000818,link,link 589,21.7737216,92.0840552,195.0,A,LRP335c,Intersection with Z1126
N1,1000819,link,link 590,21.7732771,92.0837219,135.0,A,LRP335d,Box culvert
N1,1000820,link,link 591,21.7713049,92.0818327,293.0,A,LRP336,"Cox,s Bazar 59 km"
N1,1000821,bridge,bridge 221,21.7711938,92.0816382,9.3,A,LRP336a,CHOHAJANIYA (2)
N1,1000822,link,link 592,21.7693327,92.079416,311.0,A,LRP336b,Bridge end
N1,1000823,link,link 593,21.7664722,92.0767771,429.0,A,LRP336c,Road to Tuabazar (Z1127)
N1,1000824,link,link 594,21.7646389,92.075916,236.0,A,LRP337,Km post missing
N1,1000825,link,link 595,21.7596389,92.0764993,575.0,A,LRP337a,Road to Badarkhali (R172)
N1,1000826,link,link 596,21.7546944,92.0770271,553.0,A,LRP338,"Cox,s Bazar 57 km"
N1,1000827,link,link 597,21.7466386,92.080916,1002.0,A,LRP339,"Cox,s Bazar 56 km"
N1,1000828,bridge,bridge 222,21.7392497,92.0828604,58.57,C,LRP339a,Polia Fari Bridge
N1,1000829,link,link 598,21.738083,92.0834163,141.0,A,LRP340,Cox's Bazar 55 km
N1,1000830,bridge,bridge 223,21.7376386,92.0834719,3.5,A,LRP340a,DULAHAJARA CULVERT
N1,1000831,link,link 599,21.7315827,92.0838052,680.0,A,LRP340b,Box culvert
N1,1000832,link,link 600,21.7299993,92.083833,181.0,A,LRP340c,Bridge start
N1,1000833,link,link 601,21.7296382,92.083833,39.0,A,LRP340d,Bridge end
N1,1000834,link,link 602,21.7290271,92.0838608,69.0,A,LRP341,"Cox,s Bazar 54 km"
N1,1000835,bridge,bridge 224,21.7229438,92.0834719,54.03,C,LRP341a,Dulahajar Bridge
N1,1000836,link,link 603,21.7215549,92.0830827,163.0,A,LRP341b,Road to Alikadam(Z1005)
N1,1000837,link,link 604,21.7204716,92.0822493,148.0,A,LRP342,Cox's Bazar 53km
N1,1000838,bridge,bridge 225,21.7169438,92.0824993,60.03,C,LRP342a,Boyragir Khil Bridge
N1,1000839,link,link 605,21.7120833,92.0821104,613.0,A,LRP343,"Cox,s Bazar 52 km"
N1,1000840,link,link 606,21.7080278,92.0800549,527.0,A,LRP343a,Box culvert
N1,1000841,link,link 607,21.7040556,92.0788604,489.0,A,LRP344,"Cox,s Bazar 51 km"
N1,1000842,link,link 608,21.7013611,92.0783882,310.0,A,LRP344a,Box culvert
N1,1000843,link,link 609,21.6957497,92.0805827,698.0,A,LRP345,Cox's Bazar 50km
N1,1000844,link,link 610,21.6868608,92.0800827,1012.0,A,LRP346,Cox's Bazar 49km
N1,1000845,link,link 611,21.678416,92.0770827,1000.0,A,LRP347,Cox's Bazar 48 km
N1,1000846,bridge,bridge 226,21.6747493,92.0766104,7.0,A,LRP347a,FULCHARI (NEWPARA)
N1,1000847,bridge,bridge 227,21.6742216,92.0765549,5.2,A,LRP347b,FULCHARI (NEWPARA)
N1,1000848,link,link 612,21.6704438,92.0762771,423.0,A,LRP347c,Box culvert
N1,1000849,link,link 613,21.6695549,92.0760549,34.0,A,LRP348,"Cox,s Bazar 47 km"
N1,1000850,bridge,bridge 228,21.6688327,92.0759438,9.3,A,LRP348a,FULCHARI CULVERT
N1,1000851,bridge,bridge 229,21.6618889,92.074916,14.0,A,LRP348b,FULCHARI BAZAR
N1,1000852,link,link 614,21.6606111,92.0750827,143.0,A,LRP349,"Cox,s Bazar 46 km"
N1,1000853,bridge,bridge 230,21.6590556,92.0751382,1.4,A,LRP349a,NAPITE KHALI CULVERT
N1,1000854,bridge,bridge 231,21.653,92.0751382,4.5,C,LRP349b,NAPITE KHALI
N1,1000855,link,link 615,21.6518056,92.0737771,784.0,A,LRP350,"Cox,s Bazar 45 km"
N1,1000856,bridge,bridge 232,21.6497219,92.0733049,2.5,A,LRP350a,EAST NAPITL KHAL BOX CULVERT
N1,1000857,link,link 616,21.6491941,92.0733049,62.0,A,LRP350b,Bridge end
N1,1000858,link,link 617,21.649083,92.0733049,18.0,A,LRP350c,Box culvert
N1,1000859,link,link 618,21.6468052,92.0733604,251.0,A,LRP350d,Box culvert
N1,1000860,link,link 619,21.6428608,92.0732216,447.0,A,LRP351,"Cox,s Bazar 44 km"
N1,1000861,link,link 620,21.634833,92.0770271,1018.0,A,LRP352,"Cox,s Bazar 43 km"
N1,1000862,link,link 621,21.6259716,92.0773882,1028.0,A,LRP353,"Cox,s Bazar 42 km"
N1,1000863,bridge,bridge 233,21.6213604,92.0724438,4.8,A,LRP353a,ISLAMABAD KHODIABARI BOX CULVERT
N1,1000864,link,link 622,21.6197771,92.0705271,266.0,A,LRP354,Cox's Bazar 41km
N1,1000865,bridge,bridge 234,21.617166,92.0679993,46.0,A,LRP354a,EIDGAON BAZAR PC GIDER BRIDGE
N1,1000866,link,link 623,21.6167771,92.0678049,51.0,A,LRP354b,Bridge end
N1,1000867,link,link 624,21.6150556,92.0667771,59.0,A,LRP354c,"Z1131, Kutakhali-Maheshkhali"
N1,1000868,link,link 625,21.61225,92.0652222,115.0,A,LRP355,"Cox,s Bazar 40 km"
N1,1000869,link,link 626,21.610086825,92.06399479375,140.0,A,LRP355a,Box culvert
N1,1000870,link,link 627,21.6073056,92.0624167,180.0,A,LRP355b,Box culvert
N1,1000871,link,link 628,21.6039167,92.0619444,797.0,A,LRP356,"Cox,s Bazar 39 km"
N1,1000872,link,link 629,21.603029505025123,92.061920540201,57.0,A,LRP356a,Box culvert
N1,1000873,link,link 630,21.5977219,92.0617778,341.0,A,LRP356b,Box culvert
N1,1000874,link,link 631,21.5951108,92.0611944,602.0,A,LRP357,Cox's Bazar 38km
N1,1000875,bridge,bridge 235,21.59379884019608,92.06161870980392,14.0,A,LRP357a,SHAT GOREA PARA BOX CULVERT
N1,1000876,link,link 632,21.588583,92.0633056,326.0,A,LRP357b,Box culvert
N1,1000877,link,link 633,21.5875274,92.0650278,504.0,A,LRP358,"Cox,s Bazar 37 km"
N1,1000878,bridge,bridge 236,21.5861941,92.0650278,3.0,A,LRP358a,RASHIDNAGAR
N1,1000879,bridge,bridge 237,21.584833,92.0652222,2.5,A,LRP358b,ROSHIDNAGAR CULVERT
N1,1000880,link,link 634,21.5791938,92.0668049,731.0,A,LRP359,Cox's Bazar 36 km
N1,1000881,bridge,bridge 238,21.5769993,92.0697216,7.5,A,LRP359a,DOLERCHARA CULVERT
N1,1000882,link,link 635,21.5717216,92.0718049,841.0,A,LRP360,"Cox,s Bazar 35 km"
N1,1000883,bridge,bridge 239,21.564,92.0702493,14.0,A,LRP360a,ROSHIDNAGAR (2)
N1,1000884,link,link 636,21.5629444,92.0700271,326.0,A,LRP361,"Cox,s Bazar 34 km"
N1,1000885,link,link 637,21.5618056,92.0696382,135.0,A,LRP361a,Box Culvert
N1,1000886,link,link 638,21.5608333,92.0692771,121.0,A,LRP361b,Box Culvert
N1,1000887,link,link 639,21.5555,92.0679716,746.0,A,LRP362,"Cos,x Bazar 33 km"
N1,1000888,link,link 640,21.5553056,92.067916,196.0,A,LRP362a,Bridge start
N1,1000889,link,link 641,21.5548889,92.0678049,52.0,A,LRP362b,Bridge end
N1,1000890,link,link 642,21.5484719,92.0670827,423.0,A,LRP362c,Bridge start
N1,1000891,link,link 643,21.548083,92.0670271,46.0,A,LRP362d,Bridge end
N1,1000892,link,link 644,21.546583,92.0668327,183.0,A,LRP363,"Cox,s Bazar 32 km"
N1,1000893,link,link 645,21.538333,92.0639722,887.0,A,LRP364,Cox's Bazar 31km
N1,1000894,link,link 646,21.5294993,92.0650278,1016.0,A,LRP365,Cox.s Bazar 30 km
N1,1000895,bridge,bridge 240,21.5283049,92.0650833,14.0,B,LRP365a,JOARIANALA CULVERT
N1,1000896,link,link 647,21.5264716,92.0651944,212.0,A,LRP365b,Box culvert
N1,1000897,link,link 648,21.5234716,92.0656111,344.0,A,LRP365c,Bridge start
N1,1000898,link,link 649,21.5233049,92.0656389,20.0,A,LRP365d,Bridge end
N1,1000899,link,link 650,21.5220827,92.0658611,139.0,A,LRP365e,Box culvert
N1,1000900,link,link 651,21.520666,92.0661667,162.0,A,LRP366,"Cox,s Bazar 29 km"
N1,1000901,link,link 652,21.5161111,92.068166,555.0,A,LRP366a,Box culvert
N1,1000902,link,link 653,21.5126944,92.0698604,424.0,A,LRP366b,Box culvert
N1,1000903,link,link 654,21.5125556,92.0699438,27.0,A,LRP367,Cox.s Bazar 28 km
N1,1000904,bridge,bridge 241,21.5083889,92.0717493,9.2,A,LRP367a,MITA CHARI BOX CULVERT
N1,1000905,link,link 655,21.5069722,92.072916,204.0,A,LRP367b,Box culvert
N1,1000906,link,link 656,21.505,92.0745549,284.0,A,LRP368,Cox's Bazar 27km
N1,1000907,bridge,bridge 242,21.4974719,92.0765549,1.5,A,LRP368a,RAMU HOSPITAL GATE
N1,1000908,link,link 657,21.4968608,92.0769438,89.0,A,LRP369,Cox's Bazar 26km
N1,1000909,bridge,bridge 243,21.4964441,92.077166,3.0,A,LRP369a,MARULA (WEST)
N1,1000910,link,link 658,21.4901941,92.0818049,905.0,A,LRP370,"Cox,s Bazar 25 km"
N1,1000911,link,link 659,21.4870274,92.0898052,986.0,A,LRP371,"Cox,s Bazar 24 km"
N1,1000912,bridge,bridge 244,21.4851386,92.091333,8.2,A,LRP371a,ROMA TECHIPUL
N1,1000913,link,link 660,21.4793604,92.0938886,700.0,A,LRP372,Cox.s Bazar 23 km
N1,1000914,bridge,bridge 245,21.4767771,92.0957497,12.4,A,LRP372a,CHAKMARKOOL
N1,1000915,link,link 661,21.4750549,92.0971663,250.0,A,LRP372b,Box culvert
N1,1000916,link,link 662,21.4713604,92.0997497,522.0,A,LRP373,"Cox,s Bazar 22 km"
N1,1000917,bridge,bridge 246,21.4712216,92.0998886,2.0,A,LRP373a,KHURUTIA BOX CULVERT
N1,1000918,bridge,bridge 247,21.4708049,92.1002222,6.8,A,LRP373b,KHURULIA CULVERT
N1,1000919,link,link 663,21.4667216,92.1025,534.0,A,LRP373c,Box culvert
N1,1000920,link,link 664,21.4635833,92.1029167,367.0,A,LRP374,"Cox,s Bazar 21 km"
N1,1000921,link,link 665,21.4564722,92.1038056,969.0,A,LRP375,"Cox,s Bazar 20 km"
N1,1000922,bridge,bridge 248,21.4545,92.10075,13.0,A,LRP375a,SARKAR PARA BRIDGE
N1,1000923,link,link 666,21.4512778,92.0994441,422.0,A,LRP375b,Box culvert
N1,1000924,link,link 667,21.4496108,92.0994997,222.0,A,LRP376,"Cox,s Bazar 19 km"
N1,1000925,bridge,bridge 249,21.4494719,92.0995274,9.2,A,LRP376a,MUKTAR KUL
N1,1000926,link,link 668,21.443833,92.1014167,598.0,A,LRP376b,Box culvert
N1,1000927,link,link 669,21.4421663,92.1008611,224.0,A,LRP376c,Bridge start
N1,1000928,link,link 670,21.4417497,92.1006667,56.0,A,LRP376d,Bridge end
N1,1000929,link,link 671,21.4413608,92.1003611,62.0,A,LRP377,"Cox,s Bazar 18 km"
N1,1000930,bridge,bridge 250,21.4375552,92.0984997,136.3,C,LRP377a,Bakkhali Bridge
N1,1000931,link,link 672,21.434583,92.0973886,344.0,A,LRP377b,Box culvert
N1,1000932,link,link 673,21.4334441,92.0969997,149.0,A,LRP378,"Cox,s Bazar 17 km"
N1,1000933,bridge,bridge 251,21.4310271,92.0961941,4.5,C,LRP378a,BESIC AREA
N1,1000934,bridge,bridge 252,21.4290271,92.0954997,11.3,C,LRP378b,BASIC ARIA (1)
N1,1000935,link,link 674,21.4284993,92.0951941,79.0,A,LRP378c,Ramu old Section (N109)
N1,1000936,link,link 675,21.4283604,92.0941663,113.0,A,LRP378d,Box culvert
N1,1000937,link,link 676,21.4281104,92.0914719,284.0,A,LRP379,"Cox,s Bazar 16 km"
N1,1000938,bridge,bridge 253,21.427916,92.0896108,2.4,C,LRP379a,KAMBIR GONA
N1,1000939,bridge,bridge 254,21.4278882,92.0893886,7.2,B,LRP379b,HAMBIR GONA (1)
N1,1000940,bridge,bridge 255,21.4271104,92.084083,8.1,C,LRP379c,HAMBIR GONA-(2)
N1,1000941,link,link 677,21.4269716,92.0821104,207.0,A,LRP380,"Cox,s Bazar 15 km"
N1,1000942,bridge,bridge 256,21.4267771,92.0804716,10.9,A,LRP380a,KANAR PARA
N1,1000943,link,link 678,21.4264716,92.0767771,384.0,A,LRP380b,Box culvert
N1,1000944,link,link 679,21.4267216,92.0730827,404.0,A,LRP381,"Cox,s Bazar 14 km"
N1,1000945,bridge,bridge 257,21.427416,92.0707216,2.2,B,LRP381a,SOUTH MITHACHARI
N1,1000946,link,link 680,21.4276938,92.0643611,739.0,A,LRP382,Cox's Bazar 13km
N1,1000947,bridge,bridge 258,21.4270827,92.0632778,3.0,A,LRP382a,SOUTH MITHACHARI
N1,1000948,bridge,bridge 259,21.4273327,92.0608333,2.8,A,LRP382b,SOUTH MITHACHARI
N1,1000949,bridge,bridge 260,21.4278882,92.0576667,10.0,D,LRP382c,SHAMMOTI PARA
N1,1000950,link,link 681,21.4280549,92.0554167,238.0,A,LRP382d,Box culvert
N1,1000951,link,link 682,21.4280827,92.0551389,29.0,A,LRP383,"Cox,s Bazar 12 km"
N1,1000952,bridge,bridge 261,21.4280549,92.0529444,1.6,A,LRP383a,CHALATOLI
N1,1000953,bridge,bridge 262,21.4274993,92.0484441,3.6,A,LRP383b,CHALIYATOLI
N1,1000954,bridge,bridge 263,21.4275271,92.0483886,8.0,C,LRP383c,RAKALAN PARA STEEL BEAM AND RCC SLAB
N1,1000955,link,link 683,21.4287771,92.0461941,272.0,A,LRP384,"Cox,s Bazar 11 km"
N1,1000956,bridge,bridge 264,21.4295549,92.044083,8.3,A,LRP384a,PANCHORI
N1,1000957,bridge,bridge 265,21.4298049,92.0392774,22.0,C,LRP384b,PANCHORA STEEL BEAM AND RCC SLAB
N1,1000958,link,link 684,21.4296938,92.0368608,254.0,A,LRP385,"Cox,s Bazar 10 km"
N1,1000959,bridge,bridge 266,21.4289716,92.0348608,2.7,C,LRP385a,PANAR CHORH -3 SLAB CULVERT
N1,1000960,bridge,bridge 267,21.4294438,92.0316104,2.7,B,LRP385b,PANCHARA SLAB CULVERT
N1,1000961,bridge,bridge 268,21.4300827,92.0304716,2.9,C,LRP385c,PANCHARA SLAB CULVERT
N1,1000962,bridge,bridge 269,21.430416,92.0293049,1.8,C,LRP385d,PANCHARA SLAB CULVERT
N1,1000963,link,link 685,21.430166,92.0283604,106.0,A,LRP386,"Cox,s Bazar 9 km"
N1,1000964,bridge,bridge 270,21.4298882,92.0279716,0.8,A,LRP386a,PANCHORI
N1,1000965,bridge,bridge 271,21.4262493,92.0235827,1.5,B,LRP386b,DALA -2 SLAB CULVERT
N1,1000966,bridge,bridge 272,21.4258604,92.023166,1.5,A,LRP386c,DALA-2 SLAB CULVERT
N1,1000967,link,link 686,21.4258049,92.0232493,13.0,A,LRP387,Teknaf 79 km
N1,1000968,bridge,bridge 273,21.4225549,92.0274438,1.3,A,LRP387a,PANAR CHORI SLAB CULVERT
N1,1000969,bridge,bridge 274,21.4220827,92.0278604,1.3,A,LRP387b,PANAR HORA SLAB CULVERT
N1,1000970,link,link 687,21.4199716,92.0302493,326.0,A,LRP388,"Teknaf 78 km,Uttia 24 km"
N1,1000971,bridge,bridge 275,21.4191104,92.032416,1.3,A,LRP388a,TULA BAGAN.
N1,1000972,bridge,bridge 276,21.4165,92.0353052,1.3,B,LRP388b,PARARHORA CULVERT
N1,1000973,bridge,bridge 277,21.4156389,92.0367219,7.1,C,LRP388c,TULA BAGUN
N1,1000974,link,link 688,21.4150556,92.037833,135.0,A,LRP389,"Teknaf 77 km,Uthia 23 km"
N1,1000975,bridge,bridge 278,21.4135833,92.0393886,2.5,A,LRP389a,TULA BAGAN
N1,1000976,bridge,bridge 279,21.4120556,92.039583,1.3,A,LRP389b,NORTH-CONIAPARA
N1,1000977,bridge,bridge 280,21.4115,92.0438052,2.2,C,LRP389c,NORTH CONIAPARA
N1,1000978,bridge,bridge 281,21.4111667,92.0441108,4.0,A,LRP389d,NORTH CONIA PARA BOX CULVERT
N1,1000979,link,link 689,21.4103056,92.0453052,163.0,A,LRP389e,Box culvert
N1,1000980,link,link 690,21.4101111,92.0458052,57.0,A,LRP390,"Teknaf 76 km,Uthia 22 km"
N1,1000981,bridge,bridge 282,21.41025,92.0480552,21.5,C,LRP390a,Modomconiara
N1,1000982,link,link 691,21.4103333,92.0508333,325.0,A,LRP390b,Box culvert
N1,1000983,bridge,bridge 283,21.4094167,92.0531944,11.3,C,LRP390c,CONIA PARA
N1,1000984,link,link 692,21.4090833,92.05475,180.0,A,LRP391,"Teknaf 75 km,Uthia 21 km"
N1,1000985,bridge,bridge 284,21.4079722,92.056,14.1,A,LRP391a,KHONIA POLONG
N1,1000986,link,link 693,21.4067222,92.0570556,169.0,A,LRP391b,Box culvert
N1,1000987,bridge,bridge 285,21.4058611,92.0594167,2.3,B,LRP391c,KHONIA POLONG.
N1,1000988,link,link 694,21.4040556,92.0619722,268.0,A,LRP392,Km post missing
N1,1000989,bridge,bridge 286,21.4039167,92.0628333,24.1,C,LRP392a,DOA PATONG
N1,1000990,link,link 695,21.4008889,92.0658611,481.0,A,LRP392b,Box culvert
N1,1000991,link,link 696,21.3986941,92.0665556,263.0,A,LRP392c,Bridge start
N1,1000992,link,link 697,21.398583,92.0665833,15.0,A,LRP392d,Bridge end
N1,1000993,link,link 698,21.3971663,92.0668882,166.0,A,LRP392e,Box culvert
N1,1000994,link,link 699,21.3969719,92.066916,19.0,A,LRP393,"Teknaf 74 km,Uthia 20 km"
N1,1000995,bridge,bridge 287,21.393333,92.068166,45.6,C,LRP393a,JASOYA PALONG
N1,1000996,link,link 700,21.3891108,92.0686938,484.0,A,LRP393b,Bridge start
N1,1000997,bridge,bridge 288,21.3889441,92.0688049,5.0,C,LRP393c,JASOYA PALONG RCC GIDER BRIDGE
N1,1000998,link,link 701,21.3885274,92.0692771,57.0,A,LRP394,"Teknaf 73 km, Ukhia 19km"
N1,1000999,bridge,bridge 289,21.3873052,92.0697771,11.2,D,LRP394a,MORICHIA
N1,1001000,link,link 702,21.3858886,92.0704438,176.0,A,LRP394b,Box culvert
N1,1001001,bridge,bridge 290,21.384583,92.0704993,1.3,B,LRP394c,Jasoya check post.
N1,1001002,link,link 703,21.3839441,92.0705827,76.0,A,LRP394d,Box culvert
N1,1001003,bridge,bridge 291,21.3826938,92.0710271,49.3,C,LRP394e,MARIECHA BAZAR
N1,1001004,link,link 704,21.3813049,92.0710827,168.0,A,LRP394f,Box culvert
N1,1001005,link,link 705,21.3811104,92.0710827,30.0,A,LRP394g,Box culvert
N1,1001006,link,link 706,21.3796104,92.0706104,179.0,A,LRP395,"Teknaf 72 km,Uthia 18 km"
N1,1001007,bridge,bridge 292,21.378916,92.0703327,2.4,B,LRP395a,MORICHIA PALONG
N1,1001008,link,link 707,21.3775827,92.0703604,154.0,A,LRP395b,Box culvert
N1,1001009,link,link 708,21.3773882,92.0706104,39.0,A,LRP395c,Box culvert
N1,1001010,link,link 709,21.3762216,92.0718049,182.0,A,LRP395d,Box culvert
N1,1001011,link,link 710,21.3752493,92.0727771,165.0,A,LRP395e,Box culvert
N1,1001012,link,link 711,21.3747771,92.0734993,115.0,A,LRP395f,Box culvert
N1,1001013,link,link 712,21.3745549,92.0739716,65.0,A,LRP395g,Box culvert
N1,1001014,link,link 713,21.3742493,92.0755271,173.0,A,LRP395h,Box culvert
N1,1001015,link,link 714,21.3742493,92.0756938,16.0,A,LRP396,"Teknaf 71km, Ukhia 17km"
N1,1001016,bridge,bridge 293,21.3736938,92.0768327,2.3,C,LRP396a,MORICHIA PALONG
N1,1001017,bridge,bridge 294,21.3731938,92.0773327,61.3,D,LRP396b,SHAPUR STEEL BEAM AND RCC SLAB
N1,1001018,link,link 715,21.3714993,92.0785549,229.0,A,LRP396c,Box culvert
N1,1001019,link,link 716,21.3698327,92.0796104,206.0,A,LRP396d,Box culvert
N1,1001020,link,link 717,21.3678882,92.0803327,262.0,A,LRP396e,Box culvert
N1,1001021,link,link 718,21.3669438,92.0807771,134.0,A,LRP396f,Box culvert
N1,1001022,link,link 719,21.3662778,92.0810549,84.0,A,LRP397,"Teknaf 70 km,Uthia 16 km"
N1,1001023,link,link 720,21.3657222,92.0812771,64.0,A,LRP397a,Box culvert
N1,1001024,link,link 721,21.3644167,92.081416,151.0,A,LRP397b,Box culvert
N1,1001025,link,link 722,21.3615,92.0806382,341.0,A,LRP397c,Box culvert
N1,1001026,link,link 723,21.3580833,92.0790271,428.0,A,LRP397d,Box culvert
N1,1001027,link,link 724,21.35775,92.0790271,44.0,A,LRP398,"Teknaf 69 km,Uthia 15 km"
N1,1001028,bridge,bridge 295,21.3571944,92.0791104,14.1,A,LRP398a,SHAPUR
N1,1001029,bridge,bridge 296,21.3563333,92.0790827,11.0,B,LRP398b,COTBAZR MUSLIM HOS
N1,1001030,link,link 725,21.35525,92.0790827,125.0,A,LRP398c,Box culvert
N1,1001031,bridge,bridge 297,21.3526667,92.0783327,10.3,A,LRP398d,COURT BAZAR
N1,1001032,link,link 726,21.3490552,92.0784716,417.0,A,LRP399,"Teknaf 68 km,Uthia 14 km"
N1,1001033,link,link 727,21.3463608,92.0790271,312.0,A,LRP399a,Bridge start
N1,1001034,link,link 728,21.3461386,92.0789993,26.0,A,LRP399b,Bridge end
N1,1001035,link,link 729,21.3414997,92.0788327,535.0,A,LRP399c,Box culvert
N1,1001036,link,link 730,21.3404997,92.0784993,123.0,A,LRP400,"Teknaf 67 km,Uthia 13 km"
N1,1001037,bridge,bridge 298,21.3381941,92.078916,14.0,A,LRP400a,RATNAPALANG
N1,1001038,bridge,bridge 299,21.3324716,92.0790827,23.5,A,LRP400b,CHADIRIKHANA
N1,1001039,link,link 731,21.3311104,92.0788604,164.0,A,LRP401,"Teknaf 66 km,Uthia 12 km"
N1,1001040,bridge,bridge 300,21.3297771,92.0787771,50.6,C,LRP401a,HIZOLIA BRIDGE
N1,1001041,link,link 732,21.3295271,92.0789438,32.0,A,LRP401b,Bridge end
N1,1001042,link,link 733,21.324666,92.084583,829.0,A,LRP402,6
N1,1001043,bridge,bridge 301,21.3241104,92.085333,6.6,C,LRP402a,JADIMURA BRIDGE
N1,1001044,bridge,bridge 302,21.3238049,92.0857219,2.4,A,LRP402b,JADI MORA (2) CULVERT
N1,1001045,bridge,bridge 303,21.3207493,92.0893052,17.0,A,LRP402c,JADIMORA (3)
N1,1001046,link,link 734,21.3187493,92.0916108,337.0,A,LRP403,Km post broken
N1,1001047,bridge,bridge 304,21.3179438,92.0921663,2.4,A,LRP403a,JADIMORA (1)
N1,1001048,bridge,bridge 305,21.3177771,92.0922497,11.1,C,LRP403b,WEST OGALA
N1,1001049,link,link 735,21.317666,92.0930274,82.0,A,LRP403c,Road to Ramu(Z1009)
N1,1001050,bridge,bridge 306,21.3125,92.096333,8.5,C,LRP403d,OKYIA STATION
N1,1001051,link,link 736,21.3121944,92.0966941,52.0,A,LRP403e,Bridge end
N1,1001052,link,link 737,21.3120278,92.0969163,24.0,A,LRP404,"Teknaf 63 km,Uthia 9 km"
N1,1001053,bridge,bridge 307,21.3101667,92.0974997,2.4,C,LRP404a,UKLIA-SHAHABMARKAT
N1,1001054,bridge,bridge 308,21.3039722,92.0967497,20.7,B,LRP404b,UKHIYA BAZAR
N1,1001055,link,link 738,21.3037778,92.0968052,23.0,A,LRP405,"Teknaf 62 km,Uthia 8 km"
N1,1001056,link,link 739,21.2989441,92.0976108,555.0,A,LRP405a,Box culvert
N1,1001057,link,link 740,21.2956386,92.0993886,426.0,A,LRP405b,Bridge start
N1,1001058,link,link 741,21.2949997,92.0993886,74.0,A,LRP405c,Bridge end
N1,1001059,link,link 742,21.2949163,92.0994163,8.0,A,LRP406,"Teknaf 61 km,Uthia 7 km"
N1,1001060,link,link 743,21.2863608,92.1001667,964.0,A,LRP407,"Teknaf 60 km,Uthia 6 km"
N1,1001061,link,link 744,21.2839441,92.1005278,275.0,A,LRP407a,Box culvert
N1,1001062,link,link 745,21.282777512080536,92.10067986442952,136.0,A,LRP407b,Bridge start
N1,1001063,link,link 746,21.282666,92.1006944,13.0,A,LRP407c,Bridge end
N1,1001064,link,link 747,21.2790827,92.1019722,428.0,A,LRP407d,Box culvert
N1,1001065,link,link 748,21.277666,92.1026111,168.0,A,LRP408,"Teknaf 59 km,Uthia 5 km"
N1,1001066,link,link 749,21.2695827,92.1066111,996.0,A,LRP409,"Teknaf 58 km,Uthia 4 km"
N1,1001067,bridge,bridge 309,21.2694716,92.1066667,2.2,B,LRP409a,KUTU - PALONG MOSZID SLAB
N1,1001068,bridge,bridge 310,21.2678604,92.1088333,10.9,C,LRP409b,KOSHO - BINNA - BRIDGE
N1,1001069,link,link 750,21.2677493,92.109,26.0,A,LRP409c,Bridge end
N1,1001070,bridge,bridge 311,21.2646111,92.1134444,2.1,C,LRP409d,KASHO - BINNAI SLAB
N1,1001071,link,link 751,21.2641111,92.1140833,90.0,A,LRP410,"Teknaf 57 km,Uthia 3 km"
N1,1001072,bridge,bridge 312,21.2639722,92.1141944,2.0,A,LRP410a,KATU PALLANG SLAB
N1,1001073,bridge,bridge 313,21.2637222,92.1144722,1.8,A,LRP410b,KUTUNG PALANG SLAB
N1,1001074,bridge,bridge 314,21.2623611,92.1161667,2.2,A,LRP410c,KOSUKONA
N1,1001075,link,link 752,21.26225,92.1163056,18.0,A,LRP410d,Bridge end
N1,1001076,link,link 753,21.2580278,92.1214438,715.0,A,LRP411,"Teknaf 56 km,Uthia 2 km"
N1,1001077,bridge,bridge 315,21.2565556,92.122916,6.4,A,LRP411a,BALAKHALI TV CENTER
N1,1001078,bridge,bridge 316,21.2565,92.1229716,2.2,A,LRP411b,BALUKHALI-2 SLAB
N1,1001079,link,link 754,21.2550278,92.1245827,239.0,A,LRP411c,Box culvert
N1,1001080,link,link 755,21.2537778,92.1266382,250.0,A,LRP411d,Box culvert
N1,1001081,link,link 756,21.2521944,92.1286104,276.0,A,LRP412,"Teknaf 55 km,Uthia 1 km"
N1,1001082,bridge,bridge 317,21.2521111,92.1287493,3.1,A,LRP412a,BALUKHALI KASTOM
N1,1001083,bridge,bridge 318,21.2504722,92.1307493,38.7,C,LRP412b,Balukali Old bus Stand Bridge
N1,1001084,link,link 757,21.2504167,92.1307493,90.0,A,LRP412c,Bridge end
N1,1001085,bridge,bridge 319,21.248083,92.1341108,3.0,A,LRP412d,BAKUHHALI KASHAMIA
N1,1001086,link,link 758,21.2479997,92.1342219,13.0,A,LRP412e,Bridge end
N1,1001087,link,link 759,21.2462219,92.1364719,41.0,A,LRP413,Teknaf 54 km
N1,1001088,bridge,bridge 320,21.2447497,92.1389441,9.4,B,LRP413a,BALUKHALI
N1,1001089,bridge,bridge 321,21.242333,92.1413608,15.4,D,LRP413b,BALUKHAKI
N1,1001090,link,link 760,21.2422219,92.1415552,22.0,A,LRP413c,Bridge end
N1,1001091,link,link 761,21.2412497,92.1440552,302.0,A,LRP414,Teknaf 53 km
N1,1001092,link,link 762,21.2357774,92.1511667,980.0,A,LRP415,Teknaf 52 km
N1,1001093,link,link 763,21.236333,92.1586667,998.0,A,LRP416,Teknaf 51km
N1,1001094,link,link 764,21.2283604,92.1617222,1010.0,A,LRP417,Teknaf 50 km
N1,1001095,bridge,bridge 322,21.2261382,92.1611667,3.0,C,LRP417a,DAIM PARA CULVERT
N1,1001096,bridge,bridge 323,21.2243327,92.1614444,4.6,A,LRP417b,DAIM PARA CULVERT
N1,1001097,link,link 765,21.2198049,92.1618611,528.0,A,LRP418,Info.Missing
N1,1001098,bridge,bridge 324,21.2165556,92.1626944,9.4,C,LRP418a,PALONG KHALI BAZAR (1)
N1,1001099,bridge,bridge 325,21.2152778,92.1649722,15.2,C,LRP418b,Palong Khali Bazar Bridge
N1,1001100,link,link 766,21.2142778,92.166666,196.0,A,LRP418c,Box culvert
N1,1001101,link,link 767,21.21375,92.1674438,106.0,A,LRP419,Teknaf 47km
N1,1001102,bridge,bridge 326,21.2127222,92.1678882,58.0,C,LRP419a,PALONG KHALI RCC GIDER BRIDGE
N1,1001103,link,link 768,21.2105833,92.1681382,244.0,A,LRP419b,Box culvert
N1,1001104,bridge,bridge 327,21.2096944,92.168416,3.3,B,LRP419c,KARUN TOLI RCC GIDER BRIDGE
N1,1001105,link,link 769,21.2056389,92.1703327,536.0,A,LRP420,Teknaf 46 km
N1,1001106,bridge,bridge 328,21.2011389,92.170416,15.4,C,LRP420a,Karontoli Bridge
N1,1001107,link,link 770,21.1989997,92.1703604,248.0,A,LRP420b,Box culvert
N1,1001108,bridge,bridge 329,21.1977219,92.1705549,3.3,A,LRP420c,GIVATOLI RCC GIDER BRIDGE
N1,1001109,link,link 771,21.1969441,92.1707493,113.0,A,LRP421,Info.Missing
N1,1001110,bridge,bridge 330,21.1965552,92.1708604,12.3,D,LRP421a,KATA KHALI RCC GIDER BRIDGE
N1,1001111,link,link 772,21.1925552,92.1697216,484.0,A,LRP421b,Bridge start
N1,1001112,bridge,bridge 331,21.1923052,92.1695271,1.2,C,LRP421c,ULI BANIA BOX CULVERT
N1,1001113,bridge,bridge 332,21.1906108,92.167916,15.2,C,LRP421d,Porbo Kata Khali Bridge
N1,1001114,link,link 773,21.1897497,92.166666,173.0,A,LRP422,Info.Missing
N1,1001115,bridge,bridge 333,21.1866386,92.1638056,1.3,C,LRP422a,ULIBANIA BOX CULVERT
N1,1001116,bridge,bridge 334,21.1859441,92.1610833,3.3,A,LRP422b,DMONIR GONA RCC GIDER BRIDGE
N1,1001117,bridge,bridge 335,21.185833,92.1609167,4.7,B,LRP422c,BALUR KHALI -(1) RCC GIDER BRIDGE
N1,1001118,link,link 774,21.1843052,92.1594167,233.0,A,LRP423,Info.Missing
N1,1001119,bridge,bridge 336,21.178666,92.1574722,1.2,C,LRP423a,BALU KHALI -2 BOX CULVERT
N1,1001120,link,link 775,21.1761938,92.1566111,291.0,A,LRP424,Info.Missing
N1,1001121,bridge,bridge 337,21.1742771,92.1557222,6.4,D,LRP424a,Wheke Kang Bridge
N1,1001122,bridge,bridge 338,21.1718327,92.1551389,3.35,A,LRP424b,WHIKE KANG BRIDGE
N1,1001123,bridge,bridge 339,21.1698049,92.1545833,13.0,C,LRP424c,Moa Ex Kang Bridge
N1,1001124,link,link 776,21.1694993,92.1543056,48.0,A,LRP424d,Bridge end
N1,1001125,bridge,bridge 340,21.168416,92.1532778,3.2,A,LRP424e,HOA EX KANG BAZAE
N1,1001126,link,link 777,21.1677216,92.1527778,110.0,A,LRP425,Info.Missing
N1,1001127,bridge,bridge 341,21.1673327,92.1524167,3.4,A,LRP425a,AMTULI BOX CULVERT
N1,1001128,bridge,bridge 342,21.1652222,92.1521667,2.8,A,LRP425b,TASSI-PARA BAR
N1,1001129,bridge,bridge 343,21.1649444,92.1521944,12.8,D,LRP425c,Tasse Bridge
N1,1001130,link,link 778,21.16325,92.1522222,195.0,A,LRP425d,Box culvert
N1,1001131,bridge,bridge 344,21.1624722,92.1522778,1.2,A,LRP425e,LAMBA-BIL PORA
N1,1001132,link,link 779,21.1604167,92.1525,236.0,A,LRP425f,Box culvert
N1,1001133,link,link 780,21.1595,92.1526111,108.0,A,LRP426,Info.Missing
N1,1001134,bridge,bridge 345,21.1593056,92.1526111,1.2,A,LRP426a,LAMBABIL MIDDLE PARA
N1,1001135,bridge,bridge 346,21.1586667,92.1525,1.2,A,LRP426b,LAMBABIL MIDDLE
N1,1001136,bridge,bridge 347,21.1556389,92.1527778,2.8,A,LRP426c,LAMBA - BIL - (1) BOX CULVERT
N1,1001137,bridge,bridge 348,21.1537778,92.1528611,2.8,A,LRP426d,LAM BA BIL (2) BOX CULVERT
N1,1001138,bridge,bridge 349,21.1521944,92.1535278,1.2,A,LRP426e,LAMBA BIL (3) BOX CULVERT
N1,1001139,link,link 781,21.1507222,92.1545,198.0,A,LRP427,Info.Missing
N1,1001140,bridge,bridge 350,21.147333,92.1574167,1.2,C,LRP427a,LAMBA BIL BOX
N1,1001141,bridge,bridge 351,21.1442774,92.1586389,34.2,C,LRP427b,Unchi-Prong Bridge
N1,1001142,link,link 782,21.1441663,92.1586944,19.0,A,LRP427c,Bridge end
N1,1001143,link,link 783,21.1435274,92.1589722,81.0,A,LRP428,Teknaf 38 km
N1,1001144,bridge,bridge 352,21.1414997,92.1599167,2.7,A,LRP428a,KUTUB DIA PARA (1) CULVERT
N1,1001145,bridge,bridge 353,21.1410552,92.1602222,2.7,A,LRP428b,KUTUB DIA PARA CULVERT
N1,1001146,bridge,bridge 354,21.1381108,92.1648611,4.2,A,LRP428c,KUTUB - DIA PARA (3)
N1,1001147,link,link 784,21.1379719,92.1659167,116.0,A,LRP429,Info.Missing
N1,1001148,bridge,bridge 355,21.137833,92.1671104,1.2,A,LRP429a,KANGOR PARA MOZGID
N1,1001149,bridge,bridge 356,21.1375552,92.1683049,2.8,A,LRP429b,KHAN GIOR PARA (1)
N1,1001150,bridge,bridge 357,21.1372219,92.1708882,1.2,A,LRP429c,KHANGOR PRAMARY (2)
N1,1001151,bridge,bridge 358,21.1371108,92.1727771,14.0,B,LRP429d,KHAN GOR PARA BRIDGE
N1,1001152,link,link 785,21.1368886,92.173916,120.0,A,LRP429e,Bridge start
N1,1001153,bridge,bridge 359,21.1367219,92.1741382,1.2,A,LRP429f,RHANCHOR PARA BOX CULVERT
N1,1001154,link,link 786,21.1363886,92.1752493,128.0,A,LRP430,Info.Missing
N1,1001155,bridge,bridge 360,21.1363608,92.1755549,1.0,A,LRP430a,KHANCHOR PARA (2)
N1,1001156,bridge,bridge 361,21.1353886,92.1770827,1.0,A,LRP430b,KHANCHOR PARA- BOX CULVERT
N1,1001157,bridge,bridge 362,21.1333886,92.1806938,3.0,A,LRP430c,NOYA PARA (1) BOX CULVERT
N1,1001158,bridge,bridge 363,21.1333608,92.1808327,6.1,C,LRP430d,NOYA PARA (1) BRIDGE
N1,1001159,link,link 787,21.1329438,92.1824438,176.0,A,LRP430e,Box culvert
N1,1001160,link,link 788,21.1326938,92.183333,97.0,A,LRP431,Info.Missing
N1,1001161,bridge,bridge 364,21.1319716,92.1846108,5.8,A,LRP431a,NAYAPARA
N1,1001162,bridge,bridge 365,21.1309716,92.1856941,1.3,A,LRP431b,NOYA PARA
N1,1001163,link,link 789,21.1269438,92.1902219,666.0,A,LRP432,Km post missing
N1,1001164,bridge,bridge 366,21.1268327,92.1902774,1.2,A,LRP432a,NINA BAZAR BOX CULVERT
N1,1001165,bridge,bridge 367,21.1242771,92.1918886,30.9,C,LRP432b,Noya Bazar(1) Bridge
N1,1001166,link,link 790,21.1239993,92.1919997,41.0,A,LRP432c,Box culvert
N1,1001167,link,link 791,21.1229993,92.1926663,134.0,A,LRP432d,Box culvert
N1,1001168,link,link 792,21.122166,92.1931941,113.0,A,LRP432e,Box culvert
N1,1001169,link,link 793,21.1214993,92.1935552,85.0,A,LRP432f,Box culvert
N1,1001170,link,link 794,21.1198604,92.1954719,283.0,A,LRP433,Info.Missing
N1,1001171,bridge,bridge 368,21.1190827,92.1960274,1.2,C,LRP433a,NOYA BAZAR CULVERT
N1,1001172,bridge,bridge 369,21.1175827,92.1966663,9.4,D,LRP433b,Naya Bazar(2) Bridge
N1,1001173,bridge,bridge 370,21.1165,92.1969163,11.8,C,LRP433c,Naya Bazar(3) Bridge
N1,1001174,bridge,bridge 371,21.1161389,92.1969997,2.8,C,LRP433d,KHARANG KHALI - BOX CUVERT (1)
N1,1001175,link,link 795,21.1158333,92.1971386,39.0,A,LRP433e,Z1133 Road to Shaplapur
N1,1001176,link,link 796,21.1151667,92.1975552,87.0,A,LRP433f,Bridge start
N1,1001177,link,link 797,21.1146111,92.1979719,78.0,A,LRP433g,Bridge end
N1,1001178,link,link 798,21.1121111,92.2002778,377.0,A,LRP434,Info.Missing
N1,1001179,bridge,bridge 372,21.1118611,92.2006389,1.2,C,LRP434a,KHARANG KHAIL
N1,1001180,bridge,bridge 373,21.1090556,92.2045278,31.7,C,LRP434b,MOULIVI BAZAR FISHARI BRIDGE
N1,1001181,link,link 799,21.1078333,92.2058611,430.0,A,LRP434c,Box culvert
N1,1001182,link,link 800,21.1078333,92.2069444,198.0,A,LRP434d,Box culvert
N1,1001183,link,link 801,21.1058333,92.20725,70.0,A,LRP435,Km post broken
N1,1001184,bridge,bridge 374,21.1053611,92.2073889,1.2,C,LRP435a,MOULOVI BAZAR BOX CULVERT (1)
N1,1001185,bridge,bridge 375,21.1043611,92.2075278,1.2,C,LRP435b,MOULOVI BAZAR BOX CULVERT
N1,1001186,bridge,bridge 376,21.1026389,92.2077778,6.2,A,LRP435c,ALI AXBAR PARA BOX CULVERT
N1,1001187,link,link 802,21.1012778,92.2081389,172.0,A,LRP435d,Box culvert
N1,1001188,link,link 803,21.0996386,92.2091667,220.0,A,LRP435e,Box culvert
N1,1001189,link,link 804,21.0975552,92.2105,285.0,A,LRP436,Info.Missing
N1,1001190,bridge,bridge 377,21.097333,92.2106111,32.1,C,LRP436a,Nila-Hoab Rabg Bridge
N1,1001191,link,link 805,21.0939441,92.2118611,399.0,A,LRP436b,Bridge start
N1,1001192,link,link 806,21.0936663,92.2119444,36.0,A,LRP436c,Bridge end
N1,1001193,link,link 807,21.0923052,92.2123333,158.0,A,LRP436d,Box culvert
N1,1001194,link,link 808,21.090333,92.2129444,235.0,A,LRP436e,Box culvert
N1,1001195,link,link 809,21.0891941,92.2135,144.0,A,LRP437,Km post missing
N1,1001196,bridge,bridge 378,21.0864997,92.2151111,4.4,A,LRP437a,NILLA BOX CULVERT (1)
N1,1001197,bridge,bridge 379,21.0859441,92.2153889,2.9,A,LRP437b,NILA. BARAR BOX CULVERT
N1,1001198,link,link 810,21.0838608,92.2161111,253.0,A,LRP437c,Box culvert / Box culvert
N1,1001199,link,link 811,21.0811104,92.2169438,333.0,A,LRP438,Km post missing
N1,1001200,bridge,bridge 380,21.0803049,92.2174993,2.8,A,LRP438a,NILA - DORGA- PARA-(1) BOX
N1,1001201,bridge,bridge 381,21.0783327,92.2186382,2.8,A,LRP438b,NILA DOGA PARA BOX CULVERT
N1,1001202,bridge,bridge 382,21.077916,92.2189993,1.9,A,LRP438c,NAT MURA PARA BOX CULVERT
N1,1001203,link,link 812,21.0765549,92.2209993,260.0,A,LRP438d,Box culvert
N1,1001204,link,link 813,21.0745271,92.2220549,259.0,A,LRP438e,Box culvert
N1,1001205,link,link 814,21.0735271,92.2226104,146.0,A,LRP439,Info.Missing
N1,1001206,bridge,bridge 383,21.0728327,92.2232216,45.6,C,LRP439a,Chowdhory Para Bridge
N1,1001207,link,link 815,21.071666,92.2242216,182.0,A,LRP439b,Box culvert
N1,1001208,bridge,bridge 384,21.0691104,92.2246382,2.8,B,LRP439c,RONGI HALI BOX CULVERT
N1,1001209,link,link 816,21.0668882,92.2246104,250.0,A,LRP439d,Box culvert
N1,1001210,link,link 817,21.0655833,92.2245549,146.0,A,LRP440,Km post missing
N1,1001211,bridge,bridge 385,21.0650556,92.2245271,12.5,C,LRP440a,Rongi-Khali Bridge
N1,1001212,link,link 818,21.063,92.2254993,261.0,A,LRP440b,Box culvert
N1,1001213,link,link 819,21.0615556,92.2262771,188.0,A,LRP440c,Box culvert
N1,1001214,link,link 820,21.0597778,92.2263882,204.0,A,LRP440d,Bridge start
N1,1001215,link,link 821,21.0596667,92.2263882,15.0,A,LRP440e,Bridge end
N1,1001216,link,link 822,21.0565833,92.2266104,342.0,A,LRP441,Info.Missing
N1,1001217,bridge,bridge 386,21.0549722,92.2268049,29.9,C,LRP441a,Ala Khali Kuna Para Bridge
N1,1001218,link,link 823,21.0513611,92.2302493,648.0,A,LRP441b,Bridge start
N1,1001219,link,link 824,21.0513611,92.2305827,38.0,A,LRP441c,Bridge end
N1,1001220,link,link 825,21.0513056,92.2317493,125.0,A,LRP442,Teknaf 24 km
N1,1001221,bridge,bridge 387,21.0512778,92.2323327,1.2,C,LRP442a,LADA BAZAR BOX CULVERT
N1,1001222,link,link 826,21.0507222,92.2338608,189.0,A,LRP442b,Box culvert
N1,1001223,link,link 827,21.0479441,92.2346386,328.0,A,LRP442c,Box culvert
N1,1001224,link,link 828,21.0446941,92.2356941,381.0,A,LRP442d,Box culvert
N1,1001225,link,link 829,21.0439163,92.2359441,87.0,A,LRP443,Teknaf 23 km
N1,1001226,bridge,bridge 388,21.0407497,92.2374997,36.6,C,LRP443a,LADAPARA RCC GIDER BRIDGE
N1,1001227,link,link 830,21.0363608,92.2396941,540.0,A,LRP443b,Bridge start
N1,1001228,bridge,bridge 389,21.0360552,92.2398608,2.8,A,LRP443c,NAYAPARA BOX CULVERT
N1,1001229,link,link 831,21.0338608,92.2407774,271.0,A,LRP444,Teknaf 21 km
N1,1001230,bridge,bridge 390,21.0321104,92.241083,1.2,A,LRP444a,NAYA PARA BOX CULVERT
N1,1001231,bridge,bridge 391,21.0300549,92.2413608,8.8,B,LRP444b,MOSINNI RCC GIDER BRIDGE
N1,1001232,bridge,bridge 392,21.0269438,92.2416941,1.2,A,LRP444c,NOYA PARA CULVERT
N1,1001233,link,link 832,21.0249993,92.2418608,209.0,A,LRP445,Km post missing
N1,1001234,bridge,bridge 393,21.0228882,92.2420274,9.2,A,LRP445a,NOYA PARA (BRAC SCHOOL)
N1,1001235,bridge,bridge 394,21.0226104,92.2420552,41.75,C,LRP445b,Jadirghat Bridge
N1,1001236,link,link 833,21.0186104,92.2431386,484.0,A,LRP446,Infor.missing
N1,1001237,bridge,bridge 395,21.0169993,92.2440274,7.5,A,LRP446a,JADIMURA BRIDGE.
N1,1001238,bridge,bridge 396,21.0150833,92.245333,37.2,C,LRP446b,DOMDO MIA BRIDGE
N1,1001239,link,link 834,21.0107222,92.2487219,607.0,A,LRP447,Teknaf 20 km
N1,1001240,bridge,bridge 397,21.0101389,92.2492497,2.7,A,LRP447a,DONDO MIA BOX CULVERT
N1,1001241,bridge,bridge 398,21.0078889,92.251,1.2,A,LRP447b,DOMMO MIA BOX CULVERT
N1,1001242,bridge,bridge 399,21.0064444,92.2520833,38.0,C,LRP447c,Dhando Mia Bridge
N1,1001243,link,link 835,21.0029444,92.2531944,424.0,A,LRP448,Teknaf 29 km
N1,1001244,bridge,bridge 400,20.9990274,92.2537778,51.0,B,LRP448a,DONDO MIA CHAK POST BRIDGE
N1,1001245,link,link 836,20.9986386,92.2538889,50.0,A,LRP448b,Bridge end
N1,1001246,bridge,bridge 401,20.9942497,92.2545278,13.5,B,LRP448c,DOMDO MIA BRIDGE
N1,1001247,link,link 837,20.9940274,92.2546111,34.0,A,LRP449,Teknaf 18 km
N1,1001248,bridge,bridge 402,20.9875274,92.2545556,13.5,B,LRP449a,DOMDO MIA
N1,1001249,link,link 838,20.9852774,92.2536389,277.0,A,LRP450,Infor.missing
N1,1001250,bridge,bridge 403,20.9778049,92.25075,37.6,C,LRP450a,Karumtoli Bridge
N1,1001251,link,link 839,20.9775827,92.2506111,32.0,A,LRP450b,Bridge end
N1,1001252,link,link 840,20.9769438,92.2502222,76.0,A,LRP451,Km post missing
N1,1001253,bridge,bridge 404,20.9697216,92.2485552,1.2,B,LRP451a,KAKUM TOLI CHACK BOX CULVERT
N1,1001254,link,link 841,20.9682771,92.2488052,174.0,A,LRP452,Infor.missing
N1,1001255,bridge,bridge 405,20.9673604,92.2491663,29.3,C,LRP452a,Baroy toli (1) Bridge
N1,1001256,link,link 842,20.9671104,92.2494441,42.0,A,LRP452b,Bridge end
N1,1001257,bridge,bridge 406,20.9648611,92.2515278,2.8,A,LRP452c,BORY TOLI SLAB CULVERT
N1,1001258,bridge,bridge 407,20.9622778,92.2528889,2.8,A,LRP452d,BORYTOLI SLAB CULVERT
N1,1001259,bridge,bridge 408,20.9620556,92.2530556,2.8,A,LRP452e,BARITOLI BOX CULVERT
N1,1001260,link,link 843,20.9606389,92.2535,168.0,A,LRP453,Info.Missing
N1,1001261,bridge,bridge 409,20.9580833,92.2543056,15.1,B,LRP453a,NAITOM PARA RCC GIDER BRIDGE
N1,1001262,link,link 844,20.9566667,92.2548056,170.0,A,LRP453b,Box culvert
N1,1001263,link,link 845,20.9538889,92.2559722,336.0,A,LRP453c,Box culvert
N1,1001264,link,link 846,20.9531667,92.2562778,93.0,A,LRP453d,Box culvert
N1,1001265,link,link 847,20.95225,92.2566111,120.0,A,LRP453e,Box culvert
N1,1001266,link,link 848,20.9521667,92.2566944,16.0,A,LRP454,Info.Missing
N1,1001267,bridge,bridge 410,20.94957125079681,92.25817740896414,9.0,A,LRP454a,NAITANG PARA RCC GIDER BRIDGE
N1,1001268,bridge,bridge 411,20.9482774,92.2589167,9.0,B,LRP454b,NAITOM PARA RCC GIDER BRIDGE
N1,1001269,link,link 849,20.9481386,92.2593056,46.0,A,LRP454c,Bridge end
N1,1001270,link,link 850,20.9459163,92.2603333,330.0,A,LRP454d,Box culvert
N1,1001271,link,link 851,20.9445552,92.2603333,187.0,A,LRP455,Info.Missing
N1,1001272,bridge,bridge 412,20.9436941,92.2603056,37.3,C,LRP455a,Eskahal Bridge
N1,1001273,link,link 852,20.9373886,92.2623333,752.0,A,LRP455b,Bridge start
N1,1001274,link,link 853,20.9371108,92.2624722,40.0,A,LRP455c,Bridge end
N1,1001275,link,link 854,20.9361663,92.2628611,109.0,A,LRP456,Km post missing
N1,1001276,bridge,bridge 413,20.9361108,92.2628611,1.5,A,LRP456a,BUS STAND TEKNAF BOX CULVERT
N1,1001277,bridge,bridge 414,20.9346663,92.2631667,1.5,C,LRP456b,BUS STAND TEKNAF BOX CULVERT
N1,1001278,bridge,bridge 415,20.934333,92.26325,35.9,C,LRP456c,YAKNAT BRIDGE
N1,1001279,link,link 855,20.9330549,92.2635,150.0,A,LRP456d,Box culvert
N1,1001280,link,link 856,20.929666,92.2641111,388.0,A,LRP456e,Bridge start
N1,1001281,link,link 857,20.9293327,92.2641389,37.0,A,LRP456f,Bridge end
N1,1001282,link,link 858,20.9270827,92.2644444,256.0,A,LRP457,Infor.missing
N1,1001283,link,link 859,20.9238882,92.2653889,381.0,A,LRP457a,Bridge start
N1,1001284,link,link 860,20.9234993,92.2656111,51.0,A,LRP457b,Bridge end
N1,1001285,link,link 861,20.9195827,92.268416,530.0,A,LRP457c,Bridge start
N1,1001286,link,link 862,20.9194993,92.2684716,17.0,A,LRP457d,Bridge end
N1,1001287,link,link 863,20.9189993,92.2686382,55.0,A,LRP457e,Box Culvert
N1,1001288,link,link 864,20.9187771,92.2687771,30.0,A,LRP458,Teknaf 8 km
N1,1001289,link,link 865,20.9176382,92.2692493,140.0,A,LRP458a,Box Culvert
N1,1001290,link,link 866,20.9157222,92.2704993,255.0,A,LRP458b,Bridge start
N1,1001291,link,link 867,20.9154167,92.2706938,38.0,A,LRP458c,Bridge end
N1,1001292,link,link 868,20.9136389,92.2718604,232.0,A,LRP458d,Box Culvert
N1,1001293,link,link 869,20.9132778,92.2721938,83.0,A,LRP458e,Box culvert
N1,1001294,link,link 870,20.9123889,92.2729716,118.0,A,LRP458f,Box Culvert
N1,1001295,link,link 871,20.9122222,92.2729438,26.0,A,LRP459,Teknaf 7 km
N1,1001296,link,link 872,20.9088889,92.275166,446.0,A,LRP459a,Bridge start
N1,1001297,link,link 873,20.9085556,92.2753604,47.0,A,LRP459b,Bridge end
N1,1001298,link,link 874,20.90675,92.2764993,238.0,A,LRP459c,Box Culvert
N1,1001299,link,link 875,20.9059444,92.2771104,123.0,A,LRP459d,Box culvert
N1,1001300,link,link 876,20.9048333,92.277916,146.0,A,LRP460,Km post missing
N1,1001301,link,link 877,20.9047222,92.2779716,17.0,A,LRP460a,Box Culvert
N1,1001302,link,link 878,20.9033333,92.2789438,194.0,A,LRP460b,Box Culvert
N1,1001303,link,link 879,20.9027222,92.279416,103.0,A,LRP460c,Box culvert
N1,1001304,link,link 880,20.9003333,92.2807216,311.0,A,LRP460d,Bridge start
N1,1001305,link,link 881,20.9001111,92.2809716,36.0,A,LRP460e,Bridge end
N1,1001306,link,link 882,20.8994441,92.2817216,113.0,A,LRP460f,Box culvert
N1,1001307,link,link 883,20.8984719,92.2828604,164.0,A,LRP460g,Bridge start
N1,1001308,link,link 884,20.8982219,92.283166,47.0,A,LRP460h,Bridge end
N1,1001309,link,link 885,20.8981108,92.2832493,15.0,A,LRP461,Km post missing
N1,1001310,link,link 886,20.8980274,92.283333,22.0,A,LRP461a,Box culvert
N1,1001311,link,link 887,20.8977497,92.2836941,53.0,A,LRP461b,Box culvert
N1,1001312,link,link 888,20.8969163,92.2854441,210.0,A,LRP461c,Bridge start
N1,1001313,link,link 889,20.8967774,92.2857219,33.0,A,LRP461d,Bridge end
N1,1001314,link,link 890,20.8965552,92.286083,47.0,A,LRP461e,Box culvert
N1,1001315,link,link 891,20.8953608,92.2877219,219.0,A,LRP461f,Box culvert
N1,1001316,link,link 892,20.8948052,92.2881941,84.0,A,LRP461g,Box culvert
N1,1001317,link,link 893,20.894083,92.2887774,103.0,A,LRP461h,Bridge start
N1,1001318,link,link 894,20.8939441,92.2889163,24.0,A,LRP461i,Bridge end
N1,1001319,link,link 895,20.8932774,92.2896386,105.0,A,LRP461j,Box culvert
N1,1001320,link,link 896,20.8927774,92.2901386,79.0,A,LRP461k,Box culvert
N1,1001321,link,link 897,20.8926386,92.2902774,21.0,A,LRP462,Km post missing
N1,1001322,link,link 898,20.8919163,92.2916663,171.0,A,LRP462a,Bridge start
N1,1001323,link,link 899,20.8918886,92.2918052,20.0,A,LRP462b,Bridge end
N1,1001324,link,link 900,20.891833,92.2923052,56.0,A,LRP463,Teknaf 4 km
N1,1001325,link,link 901,20.8889163,92.2982497,742.0,A,LRP463a,Bridge start
N1,1001326,link,link 902,20.888833,92.2983886,15.0,A,LRP463b,Bridge end
N1,1001327,link,link 903,20.8869441,92.2996386,258.0,A,LRP464,Info.Missing
N1,1001328,link,link 904,20.8858608,92.2991941,133.0,A,LRP464a,Box culvert
N1,1001329,link,link 905,20.8820271,92.2977774,474.0,A,LRP464b,Box culvert
N1,1001330,link,link 906,20.8782216,92.2977774,431.0,A,LRP465,Teknaf 2 km
N1,1001331,link,link 907,20.8768604,92.2978886,163.0,A,LRP465a,Bridge start
N1,1001332,link,link 908,20.8764993,92.2978886,43.0,A,LRP465b,Bridge end
N1,1001333,link,link 909,20.8692771,92.2981386,794.0,A,LRP466,Km post missing
N1,1001334,link,link 910,20.8688604,92.2982219,50.0,A,LRP466a,Box culvert
N1,1001335,link,link 911,20.8650278,92.2982497,428.0,A,LRP466b,Bridge start
N1,1001336,link,link 912,20.8646667,92.2981941,42.0,A,LRP466c,Bridge end
N1,1001337,link,link 913,20.8629722,92.298083,178.0,A,LRP467,Infor.missing
N1,1001338,sourcesink,sourcesink 2,20.8629167,92.298083,130.0,A,LRPE,"End of Road at Shapla Chattar ,Teknaf Meet with Z1098 &Z1099."
N102,1001339,sourcesink,sourcesink 3,23.4789716,91.1181938,0.0,A,LRPS,Start of road from N1 Mainamati
N102,1001340,intersection,intersection 10,23.4815827,91.1167771,329.0,A,LRPSa,Box Culvert
N102,1001341,link,link 914,23.4866663,91.1133611,666.0,A,LRPSb,Box Culvert
N102,1001342,link,link 915,23.4867219,91.1133056,5.0,A,LRP001,Km post missing
N102,1001343,link,link 916,23.4935274,91.1069167,1000.0,A,LRP002,B Baria 68 km Sylhet 248 km
N102,1001344,bridge,bridge 416,23.4937774,91.1064722,1.5,A,LRP002a,Brorechon
N102,1001345,bridge,bridge 417,23.496333,91.1059167,1.6,A,LRP002b,SHABAR BAZAR
N102,1001346,bridge,bridge 418,23.4976941,91.1055833,1.4,A,LRP002c,ZUMUR BOX CULVERT
N102,1001347,link,link 917,23.5020278,91.1050556,480.0,A,LRP003,Km post missing
N102,1001348,link,link 918,23.5093333,91.0996386,1000.0,A,LRP004,Km post missing
N102,1001349,bridge,bridge 419,23.5112222,91.0981108,2.5,B,LRP004a,DEAB POR SLAB CULVERT
N102,1001350,link,link 919,23.5166389,91.0939441,739.0,A,LRP005,Km post missing
N102,1001351,link,link 920,23.5246104,91.0887774,1056.0,A,LRP006,B Baria 66 km Sylhet 244 km
N102,1001352,link,link 921,23.5322771,91.0834719,1000.0,A,LRP007,"B. Bari 65 km, Sylhet 243 km"
N102,1001353,bridge,bridge 420,23.5323882,91.0834719,3.75,C,LRP007a,RAMPUR
N102,1001354,link,link 922,23.5419441,91.0772771,1001.0,A,LRP008,B Baria 64 km Sylhet 242 km
N102,1001355,bridge,bridge 421,23.5421941,91.0742493,17.8,A,LRP008a,BARUARA BRIDGE.
N102,1001356,link,link 923,23.5423052,91.0741382,17.0,A,LRP008b,Bridge End
N102,1001357,link,link 924,23.5457774,91.0706104,496.0,A,LRP009,B Baria 63 km Sylhet 241 km
N102,1001358,bridge,bridge 422,23.5501111,91.0661389,3.0,A,LRP009a,KONSENOGOR BOX CUL
N102,1001359,link,link 925,23.5523611,91.064,327.0,A,LRP010,Km post missing
N102,1001360,link,link 926,23.5531111,91.0633333,110.0,A,LRP010a,Z 1219 Left Nimsar Right    Burichang
N102,1001361,link,link 927,23.5590556,91.0591111,890.0,A,LRP011,"B Baria 61 km, Sylhet 239 km"
N102,1001362,bridge,bridge 423,23.5605,91.0553056,3.2,A,LRP011a,HATAMARA BOX CULVERT.
N102,1001363,bridge,bridge 424,23.5501944,91.0549722,3.0,C,LRP011b,HATIMARA (2)SLAB CULVERT
N102,1001364,link,link 928,23.5669438,91.0549167,8.0,A,LRP012,B Baria 60 km Sylhet 238 km
N102,1001365,link,link 929,23.5745827,91.05925,1015.0,A,LRP013,B Baria 59 km Sylhet 237 km
N102,1001366,link,link 930,23.5768882,91.041833,989.0,A,LRP014,BBaria 58 km Sylhet 236 km
N102,1001367,link,link 931,23.5813882,91.0357774,988.0,A,LRP015,B Baria 57 km Sylhet235 km
N102,1001368,bridge,bridge 425,23.5825549,91.0352497,5.7,A,LRP015a,BUGRABUS BOX CULVERT
N102,1001369,link,link 932,23.5858886,91.0283049,864.0,A,LRP016,B Baria56 km Sylhet234 km
N102,1001370,link,link 933,23.58744775805022,91.01909396942392,1000.0,A,LRP017,"B Baria 55 km, Sylhet 233 km"
N102,1001371,bridge,bridge 426,23.5879997,91.0158333,3.0,A,LRP017a,BHIRALLA BOX CULVERT
N102,1001372,link,link 934,23.5902219,91.01,614.0,A,LRP018,B Baria 54 km Sylhet 232 km
N102,1001373,bridge,bridge 427,23.5911108,91.0077778,6.2,C,LRP018a,BARRA BOX CULVERT
N102,1001374,link,link 935,23.5935552,91.0011944,751.0,A,LRP019,Km post missing
N102,1001375,bridge,bridge 428,23.5944441,90.9996663,6.0,A,LRP019a,BARRA (3)BOX CULVERT
N102,1001376,bridge,bridge 429,23.5965552,90.9971108,2.5,A,LRP019b,BARRA 2 BOX CUL
N102,1001377,link,link 936,23.5997219,90.9941386,460.0,A,LRP020,Infor.missing
N102,1001378,link,link 937,23.6026111,90.9896108,550.0,A,LRP020a,"Side Road, Left to Chandina Z 1008"
N102,1001379,link,link 938,23.6065556,90.9889997,470.0,A,LRP021,B Baria 51 km Sylhet229 km
N102,1001380,bridge,bridge 430,23.6080278,90.9883608,4.6,B,LRP021a,BARHA BOX CULVERT
N102,1001381,bridge,bridge 431,23.6102778,90.985333,1.3,A,LRP021b,Boro Alompur Arch Masonary
N102,1001382,link,link 939,23.6122222,90.9818049,446.0,A,LRP022,B Baria 50 km
N102,1001383,bridge,bridge 432,23.6165278,90.9769438,9.6,A,LRP022a,SAIRCHOR BOX CULVERT
N102,1001384,link,link 940,23.6187493,90.9756104,283.0,A,LRP023,B Baria 49 km Sylhet 227 km
N102,1001385,link,link 941,23.6236104,90.9727771,619.0,A,LRP023a,Bridge start
N102,1001386,bridge,bridge 433,23.623916,90.9726382,33.4,A,LRP023b,Bingla Bari Bridge
N102,1001387,link,link 942,23.6268882,90.9710549,344.0,A,LRP024,B Baria 48 km Sylhet 226 km
N102,1001388,link,link 943,23.6269716,90.9709716,15.0,A,LRP024a,"Side Road, Left Z1017 to Madhaya"
N102,1001389,bridge,bridge 434,23.6341663,90.9707771,113.8,A,LRP024b,Companigong RCC Girder Bridge
N102,1001390,link,link 944,23.6351941,90.9708049,120.0,A,LRP024c,Bridge End
N102,1001391,link,link 945,23.6354719,90.9708327,29.0,A,LRP025,Infor.missing
N102,1001392,link,link 946,23.6376108,90.9708882,242.0,A,LRP025a,Road to Madhaya
N102,1001393,bridge,bridge 435,23.6430552,90.9710827,9.4,A,LRP025b,Nagorpar Box Culvert
N102,1001394,link,link 947,23.6443886,90.9711104,152.0,A,LRP026,B Baria 46 km Sylhet 224 km
N102,1001395,bridge,bridge 436,23.6505,90.9713327,9.3,A,LRP026a,KATAKHALI BOX CULVERT
N102,1001396,link,link 948,23.6532778,90.9728327,348.0,A,LRP027,BBaria 45 km Sylhet 223 km
N102,1001397,bridge,bridge 437,23.6575833,90.9800827,6.1,B,LRP027a,BAKON NAGAR BOX CULVERT
N102,1001398,link,link 949,23.6579167,90.9806382,69.0,A,LRP028,BBaria 44 km Sylhet 223 km
N102,1001399,bridge,bridge 438,23.6587222,90.9820271,51.25,C,LRP028a,Gafur nagar Bridge
N102,1001400,link,link 950,23.6589722,90.9824438,52.0,A,LRP028b,Bridge End
N102,1001401,bridge,bridge 439,23.6611667,90.9861108,12.3,A,LRP028c,DHARIA BOX CULVERT
N102,1001402,link,link 951,23.6628889,90.9888886,328.0,A,LRP029,BBaria 43 km Sylhet 221 km
N102,1001403,bridge,bridge 440,23.6646667,90.9918052,6.0,A,LRP029a,BAHARNAGOR BOX CULVERT
N102,1001404,bridge,bridge 441,23.6657222,90.9934719,52.0,C,LRP029b,MANJUR BRIDGE
N102,1001405,link,link 952,23.666,90.9938886,61.0,A,LRP029c,Bridge End
N102,1001406,bridge,bridge 442,23.6674993,90.9962219,12.6,A,LRP029d,C. M. B BAZAR BOX CUVERT
N102,1001407,link,link 953,23.6679993,90.9969719,44.0,A,LRP030,BBaria 42 Sylhet 220 km
N102,1001408,bridge,bridge 443,23.6711938,91.0019444,24.5,C,LRP030a,Yousufpur Bridge.
N102,1001409,link,link 954,23.6713049,91.0021944,29.0,A,LRP030b,Bridge End
N102,1001410,link,link 955,23.6730827,91.0049722,348.0,A,LRP031,BBaria 41 Sylhet 219 km
N102,1001411,bridge,bridge 444,23.6738327,91.0061389,4.5,B,LRP031a,YOUSUFPUR (2) BOX CULVERT
N102,1001412,bridge,bridge 445,23.6748049,91.0076944,6.0,B,LRP031b,USUP POR-2 BOX CULVERT
N102,1001413,bridge,bridge 446,23.6780271,91.0126667,12.6,C,LRP031c,USUP - PUR BOX CULVERT
N102,1001414,link,link 956,23.6780827,91.0127222,13.0,A,LRP031d,Bridge End
N102,1001415,link,link 957,23.6779438,91.0129722,17.0,A,LRP032,BBaria 40 km Sylhet 218 km
N102,1001416,bridge,bridge 447,23.6821104,91.0187493,9.5,C,LRP032a,SAMOLSHAL CHOR BOX CULVERT
N102,1001417,link,link 958,23.6836663,91.0210827,288.0,A,LRP033,BBaria 39 km Sylhet 217 km
N102,1001418,bridge,bridge 448,23.684083,91.0217216,9.2,C,LRP033a,NAYAPARA BOX CULVERT
N102,1001419,link,link 959,23.6841386,91.0217771,12.0,A,LRP033b,Bridge End
N102,1001420,bridge,bridge 449,23.684583,91.0264716,9.4,A,LRP033c,SHALGANG BOX CULVERT
N102,1001421,link,link 960,23.6872497,91.0265271,10.0,A,LRP033d,Bridge End
N102,1001422,link,link 961,23.689083,91.0288327,310.0,A,LRP034,BBaria 38 km
N102,1001423,bridge,bridge 450,23.6891386,91.0289438,3.0,C,LRP034a,BORAIPARA BOX CULVERT
N102,1001424,bridge,bridge 451,23.6922497,91.033166,9.5,A,LRP034b,BROSALGAR CULVERT
N102,1001425,link,link 962,23.694583,91.0366386,411.0,A,LRP035,BBaria 37 km Sylhet 215 km
N102,1001426,bridge,bridge 452,23.6955552,91.0379441,35.5,C,LRP035a,SONG CHAIL RCC GIDER BRIDGE
N102,1001427,link,link 963,23.6957774,91.0382774,354.0,A,LRP035b,Bridge end
N102,1001428,bridge,bridge 453,23.6999441,91.0441386,9.3,B,LRP035c,SHANKAIL BOX CULVERT
N102,1001429,link,link 964,23.7,91.0441941,15.0,A,LRP035d,Bridge end
N102,1001430,link,link 965,23.7002778,91.0444719,36.0,A,LRP036,BBara 36 Sylhet 214 km
N102,1001431,bridge,bridge 454,23.7014722,91.0462219,6.5,A,LRP036a,HAJIBARI BOX CULVERT
N102,1001432,bridge,bridge 455,23.7042222,91.05,12.2,A,LRP036b,MOULSBI BARI CULVERT
N102,1001433,link,link 966,23.7043333,91.0500833,17.0,A,LRP036c,Bridge End
N102,1001434,bridge,bridge 456,23.70525,91.0513333,12.2,A,LRP036d,BRAMMON PARA BOX CULVERT
N102,1001435,link,link 967,23.705345235164835,91.05145784945054,12.0,A,LRP036e,Bridge End
N102,1001436,link,link 968,23.7059722,91.0522778,79.0,A,LRP037,"B.Bara 35 km, Sylhet 213 km"
N102,1001437,bridge,bridge 457,23.7083056,91.05525,12.6,C,LRP037a,MUDUPPUR BOX CULVERT
N102,1001438,link,link 969,23.7083611,91.0553333,11.0,A,LRP037b,Bridge End
N102,1001439,bridge,bridge 458,23.7117222,91.0592778,4.8,A,LRP037c,MUDOBPUR CULVERT
N102,1001440,link,link 970,23.7118333,91.0593889,26.0,A,LRP038,BBaria34 km Sylhet212 km
N102,1001441,link,link 971,23.7142222,91.0624444,382.0,A,LRP038a,Road to Bancharampura(Z1041)
N102,1001442,bridge,bridge 459,23.7148611,91.0632222,12.5,A,LRP038b,MURPUR BOX
N102,1001443,link,link 972,23.7149444,91.0633056,24.0,A,LRP038c,Bridge End
N102,1001444,bridge,bridge 460,23.717618285562637,91.06656204161358,6.2,A,LRP038d,TALIPARA BOX CULVERT
N102,1001445,link,link 973,23.7177493,91.0667216,22.0,A,LRP039,BBaria 33 km Sylhet 211 km
N102,1001446,bridge,bridge 461,23.7219993,91.0720271,17.2,B,LRP039a,MOKIMPUR RCC GRIDER BRIDGE
N102,1001447,link,link 974,23.722166,91.072166,26.0,A,LRP039b,Bridge End
N102,1001448,link,link 975,23.7235271,91.0741104,256.0,A,LRP040,BBaria 32 km Sylhet 210 km
N102,1001449,bridge,bridge 462,23.7250827,91.0765271,52.4,B,LRP040a,KALAMONLA BRIDGE
N102,1001450,link,link 976,23.7255549,91.077166,42.0,A,LRP040b,Bridge start / Bridge End
N102,1001451,link,link 977,23.7303327,91.0799438,664.0,A,LRP041,Km post missing
N102,1001452,bridge,bridge 463,23.7329438,91.0811938,12.3,B,LRP041a,KALAMURIA BOX CULVERT
N102,1001453,link,link 978,23.7388052,91.0839997,690.0,A,LRP042,BBaria 30 km Sylhet208 km
N102,1001454,link,link 979,23.7468052,91.088333,1000.0,A,LRP043,Km post missing
N102,1001455,bridge,bridge 464,23.7511944,91.0933886,12.2,A,LRP043a,CHOW MONI BOX CULVERT
N102,1001456,link,link 980,23.7513611,91.0936386,33.0,A,LRP043b,Divission Road
N102,1001457,link,link 981,23.7525556,91.094833,182.0,A,LRP043c,Z1201
N102,1001458,link,link 982,23.7530556,91.0953886,72.0,A,LRP044,Km post missing
N102,1001459,bridge,bridge 465,23.7554167,91.0981386,37.0,A,LRP044a,Kuchi chuani er Bridge
N102,1001460,link,link 983,23.7556389,91.0984163,40.0,A,LRP044b,Bridge End
N102,1001461,bridge,bridge 466,23.75724898301887,91.1003286018868,18.6,B,LRP044c,MIRPUKUR CULVERT
N102,1001462,link,link 984,23.7574167,91.1005278,30.0,A,LRP044d,Bridge End
N102,1001463,link,link 985,23.7589444,91.1023056,240.0,A,LRP045,Km post missing
N102,1001464,bridge,bridge 467,23.7611111,91.1048056,6.0,A,LRP045a,GOLA SHAR BOX CULVERT
N102,1001465,link,link 986,23.7654722,91.1098056,712.0,A,LRP046,BBaria 26 km Sylhet 204
N102,1001466,bridge,bridge 468,23.76984916734694,91.11480456870748,14.5,A,LRP046a,KHARERA BRIDGE
N102,1001467,link,link 987,23.7699716,91.1149444,20.0,A,LRP046b,Bridge End
N102,1001468,link,link 988,23.771416,91.1166111,226.0,A,LRP047,BBaria 25 Sylhet 203 km
N102,1001469,bridge,bridge 469,23.7749993,91.1206938,12.0,C,LRP047a,DAROGABARI BOX CULVERT
N102,1001470,link,link 989,23.7779438,91.1240827,465.0,A,LRP048,Bbaria 24 Sylhet 202 km
N102,1001471,bridge,bridge 470,23.7816382,91.128666,12.6,B,LRP048a,MONKASAR BOX CULVERT
N102,1001472,link,link 990,23.783583,91.1317493,376.0,A,LRP049,Km post missing
N102,1001473,bridge,bridge 471,23.7844441,91.1330827,16.06,B,LRP049a,MONKASHA RCC GRIDER BRIDGE
N102,1001474,link,link 991,23.7845274,91.1332216,19.0,A,LRP049b,Bridge End
N102,1001475,link,link 992,23.7887219,91.1397219,811.0,A,LRP050,Km post missing
N102,1001476,bridge,bridge 472,23.7913608,91.1437497,12.2,A,LRP050a,SOYDABAD BOX CULVERT
N102,1001477,link,link 993,23.7932774,91.1466941,372.0,A,LRP050b,Bridge start
N102,1001478,bridge,bridge 473,23.79335444201681,91.14680965042017,17.3,C,LRP050c,CHAITABUS - RCC GIRDER BRIDGE
N102,1001479,link,link 994,23.7938886,91.1476108,104.0,A,LRP051,Km post missing
N102,1001480,link,link 995,23.8008056,91.1501667,853.0,A,LRP051a,Box Culvert
N102,1001481,link,link 996,23.8020833,91.1504167,147.0,A,LRP052,Km post missing
N102,1001482,bridge,bridge 474,23.80675,91.1513056,49.75,B,LRP052a,Bizna Bridge
N102,1001483,link,link 997,23.8071667,91.1513889,53.0,A,LRP052b,Bridge End
N102,1001484,link,link 998,23.8108056,91.1521389,416.0,A,LRP053,Km post missing
N102,1001485,bridge,bridge 475,23.8141944,91.1528889,36.8,B,LRP053a,CHATURA CULVERT
N102,1001486,link,link 999,23.8145556,91.153,44.0,A,LRP053b,Bridge end
N102,1001487,link,link 1000,23.820416,91.15375,679.0,A,LRP054,Bbaria 18 km Sylhet 196 km
N102,1001488,link,link 1001,23.829328707605637,91.15506456450704,1008.0,A,LRP055,Bbaria 17 km Sylhet 195 km
N102,1001489,bridge,bridge 476,23.8298327,91.1551389,8.7,B,LRP055a,TANTO CULVERT
N102,1001490,link,link 1002,23.829916,91.1551389,14.0,A,LRP055b,Bridge End
N102,1001491,bridge,bridge 477,23.8323327,91.1555278,4.6,A,LRP055c,MATIA PARA BOX CULVERT
N102,1001492,link,link 1003,23.8383052,91.1564167,652.0,A,LRP056,Km post missing
N102,1001493,link,link 1004,23.8393608,91.1566111,143.0,A,LRP056a,Z1202 Road to Akhoura
N102,1001494,bridge,bridge 478,23.8450274,91.1571389,166.3,B,LRP056b,DARKHAR BRIDGE
N102,1001495,link,link 1005,23.8465552,91.1574444,175.0,A,LRP056c,Bridge End
N102,1001496,link,link 1006,23.8469441,91.1575278,44.0,A,LRP057,Km post missing
N102,1001497,link,link 1007,23.85575,91.1591389,1000.0,A,LRP058,Km post missing
N102,1001498,bridge,bridge 479,23.8606111,91.1552222,34.2,B,LRP058a,Ujaneswar Bridge
N102,1001499,link,link 1008,23.8608056,91.1549722,36.0,A,LRP058b,Bridge End
N102,1001500,link,link 1009,23.8621667,91.1532778,243.0,A,LRP059,Km post missing
N102,1001501,bridge,bridge 480,23.8632222,91.1519444,3.0,B,LRP059a,AWARON CULVERT
N102,1001502,bridge,bridge 481,23.8663333,91.1479997,16.38,C,LRP059b,Akhand Bridge
N102,1001503,link,link 1010,23.8664444,91.1478608,16.0,A,LRP059c,Bridge End
N102,1001504,link,link 1011,23.8748604,91.1409997,258.0,A,LRP060,Km post missing / Bridge start
N102,1001505,link,link 1012,23.8750549,91.1408608,964.0,A,LRP060b,Bridge End
N102,1001506,link,link 1013,23.8752771,91.1405274,36.0,A,LRP061,Km post missing
N102,1001507,link,link 1014,23.8843052,91.1353052,1072.0,A,LRP062,BBaria 10 km Sylhet 188 km
N102,1001508,link,link 1015,23.8856941,91.1346941,169.0,A,LRP062a,Z1216 to Akhaowera
N102,1001509,bridge,bridge 482,23.8840274,91.1340274,5.5,A,LRP062b,SULTANPUR BOX CULVERT
N102,1001510,bridge,bridge 483,23.892357146358545,91.1312245987395,5.6,A,LRP062c,SULTANPUR BOX CULVERT
N102,1001511,link,link 1016,23.8929441,91.1310271,47.0,A,LRP063,BBaria 9 Sylhet 187 km
N102,1001512,bridge,bridge 484,23.8946386,91.1300827,21.25,C,LRP063a,Sultanpur Uttar Bridge
N102,1001513,link,link 1017,23.894833,91.1299993,24.0,A,LRP063b,Bridge End
N102,1001514,link,link 1018,23.900941803948665,91.12758382043435,728.0,A,LRP064,B Baria 8 km Sylhet 186 km
N102,1001515,link,link 1019,23.9033333,91.1266382,285.0,A,LRP064a,R203 on left to Nabinagar
N102,1001516,bridge,bridge 485,23.9056389,91.1258327,50.25,C,LRP064b,Radhika Bridge
N102,1001517,link,link 1020,23.9060833,91.1257216,52.0,A,LRP064c,Bridge End
N102,1001518,link,link 1021,23.9094722,91.1245549,395.0,A,LRP065,Km post missing
N102,1001519,bridge,bridge 486,23.9152778,91.122666,5.6,A,LRP065a,OUSURA BOX CULVERT
N102,1001520,link,link 1022,23.918166,91.1216938,343.0,A,LRP066,BBaria 6 km
N102,1001521,bridge,bridge 487,23.9238049,91.1198327,5.6,A,LRP066a,UZURA CULVERT
N102,1001522,link,link 1023,23.9268327,91.1188327,344.0,A,LRP067,BBaria5 Sylhet 183 km
N102,1001523,bridge,bridge 488,23.9278049,91.1185271,12.0,B,LRP067a,RAMRAIL BOX CULVERT
N102,1001524,link,link 1024,23.9348608,91.1161111,834.0,A,LRP067b,Start of Bridge
N102,1001525,link,link 1025,23.9354441,91.1161111,53.0,A,LRP068,Km post missing
N102,1001526,link,link 1026,23.9354997,91.1160833,10.0,A,LRP068a,End of Bridge
N102,1001527,link,link 1027,23.944333,91.116666,1007.0,A,LRP069,Bbaria 3 Sylhet 181 km
N102,1001528,bridge,bridge 489,23.949583,91.1169993,3.0,B,LRP069a,VADHUGLAR BOX CULVERT
N102,1001529,link,link 1028,23.9536389,91.1168327,460.0,A,LRP070,BBaria 2 Sylhet180 km
N102,1001530,bridge,bridge 490,23.9551944,91.1163889,90.6,C,LRP070a,Kath toli old Bridge
N102,1001531,link,link 1029,23.9561111,91.1160556,97.0,A,LRP070b,Bridge End
N102,1001532,link,link 1030,23.9570833,91.1155556,130.0,A,LRP070c,N103 on Right
N102,1001533,link,link 1031,23.9582222,91.1100556,581.0,A,LRP071,Km post missing
N102,1001534,link,link 1032,23.96125,91.1020556,1000.0,A,LRP072,Km post missing
N102,1001535,link,link 1033,23.966,91.1015278,536.0,A,LRP072a,Rail Road Crossing
N102,1001536,link,link 1034,23.9701382,91.10125,464.0,A,LRP073,Km post missing
N102,1001537,link,link 1035,23.97067948041237,91.10119589793814,63.0,A,LRP073a,Bridge Start
N102,1001538,link,link 1036,23.9709716,91.1011667,34.0,A,LRP073b,Bridge End
N102,1001539,link,link 1037,23.9790549,91.1003333,903.0,A,LRP074,Km post missing
N102,1001540,link,link 1038,23.9819438,91.10025,325.0,A,LRP074a,Z1210 to Lalpur
N102,1001541,link,link 1039,23.987583,91.1025278,675.0,A,LRP075,Km post missing
N102,1001542,link,link 1040,23.9948886,91.1081667,1000.0,A,LRP076,Km post missing
N102,1001543,link,link 1041,23.9967497,91.10925,234.0,A,LRP076a,N 103 on Right
N102,1001544,link,link 1042,23.9974719,91.1093056,81.0,A,LRP077,Madheppur 28 km Sylhet 175 km
N102,1001545,bridge,bridge 491,24.0016944,91.1095833,16.68,C,LRP077a,Gabura Bridge.
N102,1001546,link,link 1043,24.0018611,91.1095556,22.0,A,LRP077b,Bridge End
N102,1001547,link,link 1044,24.0064444,91.1086389,511.0,A,LRP078,Madhebpur 27 km sylhet 174
N102,1001548,bridge,bridge 492,24.0098333,91.1093333,3.0,A,LRP078a,SUHILPUR MIRHATI BOX CULVERT
N102,1001549,bridge,bridge 493,24.0132778,91.1097222,6.5,B,LRP078b,MOLABI BARI CULVERT
N102,1001550,link,link 1045,24.0152778,91.11,224.0,A,LRP079,Km post missing
N102,1001551,bridge,bridge 494,24.0173882,91.1103056,7.0,A,LRP079a,SUHIL PUR BOX CULVERT
N102,1001552,link,link 1046,24.0242493,91.1118056,765.0,A,LRP080,Post Convened with Send
N102,1001553,bridge,bridge 495,24.0275271,91.1124444,3.0,B,LRP080a,UTTOR SHOHIL PUR CULVERT
N102,1001554,link,link 1047,24.0330827,91.1129167,626.0,A,LRP081,Km post missing
N102,1001555,link,link 1048,24.0421108,91.1139722,1015.0,A,LRP082,Madhebpur 23 km Sylhet170 km
N102,1001556,bridge,bridge 496,24.045833,91.1146667,3.0,A,LRP082a,BATHBARIA BOX CULVERT
N102,1001557,sourcesink,sourcesink 4,24.0506111,91.1146667,549.0,A,LRPE,Meet with N 2 at Sanail
N104,1001558,sourcesink,sourcesink 5,23.0096667,91.3994163,0.0,A,LRPS,Intersection with Z1031
N104,1001559,bridge,bridge 497,23.0092778,91.3952497,3.65,A,LRPSa,Shasaugtachha culvert
N104,1001560,link,link 1049,23.0093056,91.3898052,555.0,A,LRP001,Km post missing
N104,1001561,intersection,intersection 11,23.0095278,91.3814438,878.0,A,LRP001a,Right to Comilla Left to Chittagong
N104,1001562,intersection,intersection 12,23.0095278,91.3803604,122.0,A,LRP002,Km post missing
N104,1001563,bridge,bridge 498,23.0098611,91.3737216,2.7,C,LRP002a,PAZGACIA SLAB CULVERT
N104,1001564,link,link 1050,23.0094444,91.3704716,324.0,A,LRP003,"Begumgonj 33 km,Maijdee 43 km"
N104,1001565,link,link 1051,23.0071667,91.3607778,1080.0,A,LRP004,"Begumgonj 32 km,Maijdee 42 km"
N104,1001566,link,link 1052,23.00625,91.3583611,270.0,A,LRP004a,Road to Gazirhat (Z1444)
N104,1001567,bridge,bridge 499,23.0045556,91.3546389,2.7,B,LRP004b,MATIARA SLAB CULVERT
N104,1001568,link,link 1053,23.0044444,91.3543889,30.0,A,LRP005,"Begumgonj 31 km,Maijdee 41 km"
N104,1001569,link,link 1054,22.9990552,91.3471386,1000.0,A,LRP006,"Begumgonj 30 km,Maijdee 40 km"
N104,1001570,link,link 1055,22.990583,91.3458886,1010.0,A,LRP007,"Begumgonj 29 km,Maijdee 39 km"
N104,1001571,link,link 1056,22.9840274,91.3404719,1020.0,A,LRP008,"Begumgonj 28 km,Maijdee 38 km"
N104,1001572,bridge,bridge 500,22.983583,91.3389997,1.9,A,LRP008a,SILONIA BOX CVLVERT
N104,1001573,bridge,bridge 501,22.9825827,91.3375274,89.23,B,LRP008b,Selonia bridge
N104,1001574,link,link 1057,22.9818882,91.3371108,40.0,A,LRP008c,Bridge end
N104,1001575,link,link 1058,22.9815271,91.3369163,95.0,A,LRP008d,Road to Senbagh (Z1443)
N104,1001576,link,link 1059,22.9772216,91.3354997,495.0,A,LRP009,"Begumganj 27 km,Maijdee 37 km"
N104,1001577,bridge,bridge 502,22.9715827,91.3343608,2.8,C,LRP009a,AMIR GOAN SLAB CULVERT
N104,1001578,link,link 1060,22.96643594421769,91.33371895459184,578.0,A,LRP010,"Begumganj 26 km,Maijdee 36 km"
N104,1001579,bridge,bridge 503,22.9611111,91.3330549,3.0,A,LRP010a,BAKER BAZAR BOX CULVERT
N104,1001580,link,link 1061,22.9580556,91.3317216,372.0,A,LRP011,"Begumganj 25 km,Maijdee 35 km"
N104,1001581,bridge,bridge 504,22.9538611,91.326166,48.1,A,LRP011a,SAHID SLAM SHETU
N104,1001582,link,link 1062,22.9535278,91.3257493,65.0,A,LRP011b,Bridge end
N104,1001583,link,link 1063,22.9532778,91.3253882,47.0,A,LRP012,"Begumganj 24 km,Maijdee 34 km"
N104,1001584,link,link 1064,22.9473886,91.3180271,1000.0,A,LRP013,"Begumganj 23 km,Maijdee 33 km"
N104,1001585,bridge,bridge 505,22.9465274,91.3168604,3.0,C,LRP013a,CHONG ARPULL BOX CULVERT
N104,1001586,link,link 1065,22.9420274,91.3109722,793.0,A,LRP014,"Begumganj 22 km,Maijdee 32 km"
N104,1001587,link,link 1066,22.9369719,91.3029444,985.0,A,LRP014a,Road to Baktermunshi
N104,1001588,link,link 1067,22.9370552,91.303,9.0,A,LRP014b,Road to Companiganj Z1441
N104,1001589,link,link 1068,22.9371386,91.3023056,6.0,A,LRP015,Km post missing
N104,1001590,bridge,bridge 506,22.9380552,91.2974163,4.4,C,LRP015a,DAGHANBUIYA SLAB CULVERT
N104,1001591,link,link 1069,22.939333,91.2909163,707.0,A,LRP016,"Begumganj 20 km,Maijdee 30 km"
N104,1001592,link,link 1070,22.9396941,91.283166,800.0,A,LRP017,"Begumganj 19 km,Maijdee 29 km"
N104,1001593,link,link 1071,22.940083,91.2809438,230.0,A,LRP017a,Road to Biroli Z -1030
N104,1001594,bridge,bridge 507,22.9411108,91.2764716,6.0,A,LRP017b,RAMNAGAR BRIGE
N104,1001595,link,link 1072,22.9426386,91.270916,600.0,A,LRP018,"Begumganj 18 km,Maijdee 28 km"
N104,1001596,link,link 1073,22.9439719,91.2642222,686.0,A,LRP018a,Box Culvert
N104,1001597,link,link 1074,22.9443608,91.2618611,268.0,A,LRP018b,Box Culvert
N104,1001598,link,link 1075,22.9444163,91.2616944,32.0,A,LRP018c,Noakhali RHD start / Noakhali RHD start
N104,1001599,link,link 1076,22.9444163,91.2616667,14.0,A,LRP019,Km post missing
N104,1001600,link,link 1077,22.9456941,91.2546667,686.0,A,LRP020,Infor.missing
N104,1001601,link,link 1078,22.9496386,91.2465274,1000.0,A,LRP021,"Begumganj 15 km,Maijdee 25 km"
N104,1001602,bridge,bridge 508,22.953,91.2419997,3.1,C,LRP021a,BHUYAIN DIGI CULVERT
N104,1001603,link,link 1079,22.95575,91.2394163,398.0,A,LRP022,"Begumganj 14 km,Maijdee 24 km"
N104,1001604,bridge,bridge 509,22.9576944,91.2321104,9.25,C,LRP022a,Kallyandi Bridge
N104,1001605,link,link 1080,22.9576667,91.2320271,10.0,A,LRP022b,Bridge end
N104,1001606,link,link 1081,22.9577222,91.230166,190.0,A,LRP023,"Begumganj 13 km,Maijdee 23 km"
N104,1001607,link,link 1082,22.9575556,91.2267493,353.0,A,LRP023a,Road to Chanderhat (Z1416)
N104,1001608,bridge,bridge 510,22.9573333,91.2218882,2.8,B,LRP023b,SANBAG CULVERT
N104,1001609,link,link 1083,22.95725,91.2212216,62.0,A,LRP023c,Road to Senbagh Z-1421
N104,1001610,link,link 1084,22.9568611,91.2198604,147.0,A,LRP024,"Begumganj 12 km,Maijdee 20 km"
N104,1001611,link,link 1085,22.9551111,91.21075,965.0,A,LRP025,"Begumganj 11 km,Maijdee 21 km"
N104,1001612,bridge,bridge 511,22.9545278,91.2077222,2.5,A,LRP025a,SOMIR BAZAR SLAB CULVERT
N104,1001613,link,link 1086,22.9539167,91.2010833,736.0,A,LRP026,"Begumganj 10 km,Maijdee 18 km(Wrong Writting)"
N104,1001614,link,link 1087,22.95325,91.191083,1010.0,A,LRP027,"Begumganj 9 km,Maijdee 17 km(Wrong Writting)"
N104,1001615,bridge,bridge 512,22.9523611,91.1869997,2.7,C,LRP027a,SHIBPUR SLAB CULVERT
N104,1001616,link,link 1088,22.9515,91.1813604,131.0,A,LRP028,"Begumganj 8 km,Maijdee 16 km(Wrong Writting)"
N104,1001617,bridge,bridge 513,22.9496108,91.1749438,9.1,A,LRP028a,BAROPAL SLAB CULVERT
N104,1001618,link,link 1089,22.9486108,91.1720271,328.0,A,LRP029,"Begumganj 7 km,Maijdee 17 km"
N104,1001619,link,link 1090,22.9486941,91.16275,940.0,A,LRP030,"Begumganj 6 km,Maijdee 16 km"
N104,1001620,bridge,bridge 514,22.9479441,91.1571111,3.0,B,LRP030a,SONYGOFULL CULVERT
N104,1001621,link,link 1091,22.9476941,91.1530278,320.0,A,LRP031,"Begumganj 5 km,Maijdee 13 km"
N104,1001622,bridge,bridge 515,22.9476941,91.147083,6.0,C,LRP031a,PASHIMSIB PUR
N104,1001623,link,link 1092,22.9473052,91.1434441,378.0,A,LRP032,"Begumganj 4 km,Maijdee 12 km"
N104,1001624,bridge,bridge 516,22.9468608,91.1404997,3.2,B,LRP032a,HAZIPUR CULVERT
N104,1001625,link,link 1093,22.9458608,91.1339997,679.0,A,LRP033,Km post missing
N104,1001626,link,link 1094,22.9459719,91.124416,342.0,A,LRP034,Km post missing
N104,1001627,bridge,bridge 517,22.9459441,91.1264993,20.5,A,LRP034a,Choumohni Bazar(Left)
N104,1001628,link,link 1095,22.9459997,91.123416,330.0,A,LRP034b,Bridge start
N104,1001629,link,link 1096,22.9459997,91.1232771,20.0,A,LRP034c,Bridge end
N104,1001630,link,link 1097,22.9460274,91.1230549,10.0,A,LRP034d,Z-1420
N104,1001631,link,link 1098,22.9458886,91.1214993,170.0,A,LRP034e,"Z-1450,Road Start"
N104,1001632,link,link 1099,22.9458608,91.121166,40.0,A,LRP034f,Rail road crossing
N104,1001633,link,link 1100,22.9453886,91.1147222,670.0,A,LRP035,Km post missing
N104,1001634,bridge,bridge 518,22.9446941,91.1099722,38.2,B,LRP035a,krimpur Bridge
N104,1001635,link,link 1101,22.9446663,91.1095556,50.0,A,LRP035b,Bridge end
N104,1001636,link,link 1102,22.9447219,91.1050556,458.0,A,LRP036,Km post missing
N104,1001637,bridge,bridge 519,22.9447497,91.1047222,3.1,A,LRP036a,ALIPUR BOX CULVERT
N104,1001638,bridge,bridge 520,22.944733803539823,91.10472080707964,6.5,A,LRP036b,CONTRACTOR MOSJIDE BOX CULNERT
N104,1001639,link,link 1103,22.940109017831283,91.10441676780542,338.0,A,LRP036c,Box culvert
N104,1001640,link,link 1104,22.9363052,91.1041667,278.0,A,LRP037,Km post missing
N104,1001641,bridge,bridge 521,22.9360274,91.1042222,3.2,C,LRP037a,DARMACHPUR CULVERT
N104,1001642,link,link 1105,22.9313604,91.1040833,541.0,A,LRP037b,Box culvert
N104,1001643,link,link 1106,22.9274438,91.1035556,447.0,A,LRP038,Km post missing
N104,1001644,bridge,bridge 522,22.9226938,91.1027222,18.6,B,LRP038a,MAMZAN BIBO BOX CULVERT
N104,1001645,link,link 1107,22.9225271,91.1026667,20.0,A,LRP038b,Bridge end
N104,1001646,link,link 1108,22.9207216,91.1022778,235.0,A,LRP039,"Maijdee 6 km,Sonapur 11 km"
N104,1001647,link,link 1109,22.9177771,91.1021944,327.0,A,LRP039a,Box culvert
N104,1001648,link,link 1110,22.9116667,91.102,663.0,A,LRP040,"Maijdee 5 km,Sonapur 10 km"
N104,1001649,bridge,bridge 523,22.9066111,91.1007778,6.2,D,LRP040a,BARIPOLE BOX
N104,1001650,link,link 1111,22.9028611,91.099833,430.0,A,LRP041,"Maijdee 4 km,Sonapur 9 km"
N104,1001651,link,link 1112,22.9001667,91.099333,310.0,A,LRP041a,Box culvert
N104,1001652,link,link 1113,22.8939441,91.0983052,710.0,A,LRP042,"Maijdee 3 km,Sonapur 8 km"
N104,1001653,link,link 1114,22.8851108,91.0970274,1000.0,A,LRP043,Km post missing
N104,1001654,link,link 1115,22.8849163,91.0970552,20.0,A,LRP043a,Box Culvert
N104,1001655,link,link 1116,22.8833886,91.0971386,210.0,A,LRP043b,Road to Right R-143
N104,1001656,link,link 1117,22.8767493,91.096833,758.0,A,LRP043c,Bridge start
N104,1001657,link,link 1118,22.8766382,91.0968608,12.0,A,LRP043d,Bridge end
N104,1001658,link,link 1119,22.8760549,91.0969163,20.0,A,LRP044,"Maijdee 1 km,Sonapur 6 km"
N104,1001659,link,link 1120,22.8743327,91.0969719,180.0,A,LRP044a,Box Culvert
N104,1001660,bridge,bridge 524,22.87139801896552,91.09690368017242,1.0,C,LRP044b,TOWN HALL MORE CULVERT
N104,1001661,link,link 1121,22.8707493,91.0968886,84.0,A,LRP044c,Bridge start
N104,1001662,bridge,bridge 525,22.870666,91.0968886,6.4,A,LRP044d,BOXSI MAZIR BOX CULVERT
N104,1001663,link,link 1122,22.8674438,91.0969719,327.0,A,LRP044e,Box Culvert
N104,1001664,link,link 1123,22.8674438,91.0971108,60.0,A,LRP044f,"Z-1452,Link Section end (Maijdee Station road)"
N104,1001665,link,link 1124,22.8653611,91.0970552,18.0,A,LRP045,Km post missing
N104,1001666,bridge,bridge 526,22.8653333,91.0970274,6.5,A,LRP045a,GAPTANG BOX CULVERT
N104,1001667,link,link 1125,22.8633333,91.0968608,260.0,A,LRP045c,Box culvert
N104,1001668,link,link 1126,22.861,91.0962497,270.0,A,LRP045d,Box Culvert
N104,1001669,link,link 1127,22.8600278,91.0961108,102.0,A,LRP046,"Sonapur 4 km, Bagumganj 10 km, Maijdee 1 km"
N104,1001670,link,link 1128,22.857,91.0963886,1103.0,A,LRP046a,Box culvert
N104,1001671,link,link 1129,22.853063737297298,91.09663873837836,245.0,A,LRP047,"Sonapur 3 km,Begumganj 11 km"
N104,1001672,link,link 1130,22.8421386,91.097333,680.0,A,LRP048,"Sonapur 2 km,Begumganj 12 km,Maijdee 3 km"
N104,1001673,bridge,bridge 527,22.8414441,91.0982219,2.0,B,LRP048a,UTTOR SONAPUR SLAB CULVERT
N104,1001674,bridge,bridge 528,22.8413886,91.0983608,3.0,A,LRP048b,SONAMIPUR BOX CULVERT
N104,1001675,link,link 1131,22.8345274,91.1004722,774.0,A,LRP048c,Box culvert
N104,1001676,link,link 1132,22.8328049,91.1005278,220.0,A,LRP049,Sonapur 1 km
N104,1001677,link,link 1133,22.8324993,91.1005833,12.0,A,LRP049a,Box culvert
N104,1001678,link,link 1134,22.8278327,91.10125,522.0,A,LRP049b,Box culvert
N104,1001679,link,link 1135,22.8268086559322,91.10134555254236,116.0,A,LRP049c,Sonapur Link Road Z-1440
N104,1001680,sourcesink,sourcesink 6,22.8257493,91.1014444,120.0,A,LRPE,Meet with Z1441& Z1405 at Sonapur.
N105,1001681,sourcesink,sourcesink 7,23.6904163,90.5466108,0.0,A,LRPS,"Starts of road from N1,Dhaka teknaf road at Madanpur."
N105,1001682,link,link 1136,23.6984163,90.5510556,1000.0,A,LRP001,Km post missing
N105,1001683,bridge,bridge 529,23.6993052,90.5515278,6.25,A,LRP001a,MODONPUR COLLEGE
N105,1001684,link,link 1137,23.7055278,90.5576944,934.0,A,LRP002,"Bangabandhu Bridge 128 km,Mymensingh 132 km"
N105,1001685,bridge,bridge 530,23.7072222,90.5596389,6.1,A,LRP002a,LALADI CULVERT
N105,1001686,link,link 1138,23.7118889,90.5651111,773.0,A,LRP003,"Bangabandhu bridge 127 km,Mymensingh 130 km"
N105,1001687,bridge,bridge 531,23.7161944,90.5700827,6.0,A,LRP003a,KHAJLA PUR
N105,1001688,link,link 1139,23.7179993,90.5722216,300.0,A,LRP004,"Bangabandhu bridge 126 km,Mymensingh 129 km,Gazipur 45 km"
N105,1001689,link,link 1140,23.7206104,90.5753604,430.0,A,LRP004a,Tanaki Road
N105,1001690,link,link 1141,23.7242216,90.5794716,593.0,A,LRP005,"Bangabandhu bridge 125 km,Mymensingh 128 km,Gazipur 44 km"
N105,1001691,link,link 1142,23.7277216,90.5834441,564.0,A,LRP005a,Box culvert
N105,1001692,link,link 1143,23.7303882,90.5865552,436.0,A,LRP006,"Bangabandhu bridge 124 km,Gazipur 43 km,Mymensingh 127 km"
N105,1001693,bridge,bridge 532,23.7310549,90.5872774,6.0,A,LRP006a,BOSTROL CULVERT
N105,1001694,link,link 1144,23.7314716,90.5877774,80.0,A,LRP006b,"R114, Nayapur- Raipura Road"
N105,1001695,link,link 1145,23.7357219,90.5871941,472.0,A,LRP006c,Box Culvert
N105,1001696,link,link 1146,23.7388052,90.5868052,347.0,A,LRP007,"Bangabondhu Bridge-123 km,Mymanshingh -126 km, Gazipur 42 km"
N105,1001697,link,link 1147,23.7396663,90.5867219,95.0,A,LRP007a,"Z1090, Majerchar -Kayetpara Road"
N105,1001698,link,link 1148,23.7445552,90.5856108,566.0,A,LRP007b,Bridge Start
N105,1001699,link,link 1149,23.7448608,90.5854163,42.0,A,LRP007c,Bridge end
N105,1001700,link,link 1150,23.747333,90.584083,312.0,A,LRP008,"Bangabondhu Bridge- 122 km, Mymensingh- 125 km, Gazipur 41km"
N105,1001701,link,link 1151,23.7538611,90.5805827,1022.0,A,LRP009,"Bangabondhu Bridge 121km, Mymensingh- 124 km, Gazipur 40 km"
N105,1001702,link,link 1152,23.7561111,90.5792493,125.0,A,LRP009a,Box Culvert
N105,1001703,link,link 1153,23.7595833,90.5774438,417.0,A,LRP009b,Bridge Start
N105,1001704,link,link 1154,23.7597778,90.5773049,29.0,A,LRP009c,Bridge end
N105,1001705,link,link 1155,23.7633611,90.5751938,437.0,A,LRP010,"Bangabondhu Bridge- 120 km, Mymensingh- 123 km, Gazipur 39 km"
N105,1001706,link,link 1156,23.7658611,90.5738604,267.0,A,LRP010a,Box Culvert
N105,1001707,link,link 1157,23.7692216,90.5719993,485.0,A,LRP010b,Bridge Start
N105,1001708,link,link 1158,23.7695271,90.5718604,31.0,A,LRP010c,Bridge end
N105,1001709,link,link 1159,23.7717216,90.5714716,257.0,A,LRP011,Information  missing
N105,1001710,intersection,intersection 13,23.7805549,90.5700549,1044.0,A,LRP012,"Bangabondhu Bridge 118 km, Mymenshingh 151 km, Gazipur 37 km"
N105,1001711,intersection,intersection 14,23.7851941,90.5688049,546.0,A,LRP012a,N2 Dhaka-Sylhet -Jaflong Road
N105,1001712,intersection,intersection 15,23.7892219,90.5688049,475.0,A,LRP013,Information  missing
N105,1001713,link,link 1160,23.7986941,90.5687216,1000.0,A,LRP014,Km Post missing
N105,1001714,link,link 1161,23.8061667,90.5698049,1000.0,A,LRP015,Km post missing
N105,1001715,link,link 1162,23.8141389,90.5669993,1000.0,A,LRP016,km Post missing
N105,1001716,link,link 1163,23.8227216,90.5647222,1000.0,A,LRP017,Km Post Missing
N105,1001717,bridge,bridge 533,23.828166,90.5633611,10.4,A,LRP017a,BRAAMAN
N105,1001718,bridge,bridge 534,23.8305827,90.5622222,6.2,A,LRP017b,BRAMMAN KALY
N105,1001719,link,link 1164,23.8309438,90.5620556,66.0,A,LRP018,km Post missing
N105,1001720,link,link 1165,23.8381108,90.5593056,880.0,A,LRP018a,Box Culvert
N105,1001721,link,link 1166,23.8383886,90.5585833,120.0,A,LRP019,km Post missing
N105,1001722,bridge,bridge 535,23.8382219,90.5550278,4.6,A,LRP019a,MAZIPARA
N105,1001723,link,link 1167,23.8381941,90.5515556,363.0,A,LRP019b,Box Culvert
N105,1001724,link,link 1168,23.8374163,90.5491663,271.0,A,LRP020,"km Post missing / Bridge Start, Kanchon Bridge"
N105,1001725,link,link 1169,23.8344997,90.5419163,812.0,A,LRP020b,Bridge end
N105,1001726,link,link 1170,23.8346386,90.5406386,131.0,A,LRP020d,Purbachal Road
N105,1001727,link,link 1171,23.8350552,90.5400552,57.0,A,LRP021,km Post missing / Box Culvert
N105,1001728,link,link 1172,23.8392774,90.5362219,621.0,A,LRP021b,Box Culvert
N105,1001729,link,link 1173,23.8446386,90.5313049,781.0,A,LRP023,"Bangabandhu Bridge- 109 km, Tangail-86 km, Gazipur- 28 km"
N105,1001730,link,link 1174,23.8465274,90.5295271,683.0,A,LRP023a,Box Culvert
N105,1001731,link,link 1175,23.8515,90.5250827,311.0,A,LRP024,Info missing
N105,1001732,link,link 1176,23.8584167,90.5189716,1007.0,A,LRP025,"Bangabandhu Bridge- 107 km, Tangail-84 km, Gazipur- 26 km"
N105,1001733,link,link 1177,23.8602222,90.5179438,230.0,A,LRP025a,Box Culvert
N105,1001734,link,link 1178,23.86225,90.5167493,257.0,A,LRP025b,Box Culvert
N105,1001735,link,link 1179,23.8663333,90.5143611,513.0,A,LRP026,Km Post missing
N105,1001736,link,link 1180,23.8680271,90.5120556,303.0,A,LRP026a,Box Culvert
N105,1001737,link,link 1181,23.8692493,90.51025,229.0,A,LRP026b,Box Culvert
N105,1001738,link,link 1182,23.871416,90.5068056,28.0,A,LRP026c,Culvert
N105,1001739,link,link 1183,23.8715271,90.5066111,440.0,A,LRP027,Km Post missing
N105,1001740,link,link 1184,23.8795271,90.5024167,1034.0,A,LRP028,"Bangabandhu bridge 104 km, Mymenshingh-108 km, Gazipur- 23 km"
N105,1001741,bridge,bridge 536,23.8796938,90.5023611,4.5,A,LRP028a,SHAMARSINGH
N105,1001742,bridge,bridge 537,23.8854719,90.4979997,4.5,A,LRP028b,SHAMARSINGH
N105,1001743,link,link 1185,23.885501909259258,90.49766961975308,35.0,A,LRP028c,"Z3010, Kaliganj- Ulukhola road"
N105,1001744,link,link 1186,23.8856108,90.4964719,127.0,A,LRP029,"Bangabandhu Bridge- 103 km, Tangail-80 km, Gazipur- 22 km"
N105,1001745,bridge,bridge 538,23.8859163,90.4924441,4.5,A,LRP029a,MADANPUR
N105,1001746,link,link 1187,23.8868608,90.4867219,586.0,A,LRP030,Information  missing
N105,1001747,link,link 1188,23.8939441,90.4831938,1000.0,A,LRP031,Km post missing
N105,1001748,link,link 1189,23.8984997,90.4815271,550.0,A,LRP031a,Side Road Left Z3003
N105,1001749,link,link 1190,23.899083,90.4813049,79.0,A,LRP031c,Bridge Start
N105,1001750,link,link 1191,23.899083,90.4824993,181.0,A,LRP031d,Bridge end
N105,1001751,link,link 1192,23.901812425855518,90.48089390836502,190.0,A,LRP032,Km post missing
N105,1001752,bridge,bridge 539,23.9028611,90.4802771,4.5,A,LRP032a,SHAMMUDDA
N105,1001753,bridge,bridge 540,23.9069167,90.4788882,1.0,A,LRP032b,SHAMMUDDA
N105,1001754,link,link 1193,23.9101944,90.4753327,545.0,A,LRP033,"Gazipur 18 km,Tangail 76 km,Bangabandhu 99 km"
N105,1001755,bridge,bridge 541,23.9117222,90.4734716,3.4,A,LRP033a,SHAMUDDA
N105,1001756,link,link 1194,23.9139722,90.4703604,246.0,A,LRP033b,Box Culvert
N105,1001757,link,link 1195,23.9165833,90.4689438,496.0,A,LRP034,"Gazipur 17 km, Tangail 75 km, Bangabandhu 98 km, / Bridge start"
N105,1001758,link,link 1196,23.9178604,90.4685549,152.0,A,LRP034b,Bridge end
N105,1001759,link,link 1197,23.921416,90.4645278,608.0,A,LRP034c,Box culvert
N105,1001760,link,link 1198,23.9225827,90.4620833,280.0,A,LRP035,"Gazipur 16 km,Tangail 74 km,Bangabandhu Bridge 97 km"
N105,1001761,bridge,bridge 542,23.9240549,90.4591944,5.0,A,LRP035a,DIRAJGRAM
N105,1001762,link,link 1199,23.9277771,90.4543611,670.0,A,LRP036,Km post missing
N105,1001763,bridge,bridge 543,23.9279716,90.4543611,13.0,A,LRP036a,DIRASURAM
N105,1001764,link,link 1200,23.9298327,90.4530278,263.0,A,LRP036b,"R301, Tongi- Panchhona road"
N105,1001765,link,link 1201,23.9338886,90.4475274,737.0,A,LRP037,Km post missing
N105,1001766,bridge,bridge 544,23.9340274,90.4473052,4.5,A,LRP037a,BASURA
N105,1001767,link,link 1202,23.936333,90.4440552,422.0,A,LRP037b,Box culvert
N105,1001768,link,link 1203,23.9383608,90.4414163,225.0,A,LRP037c,Box Culvert
N105,1001769,link,link 1204,23.9395552,90.4401663,307.0,A,LRP038,"Gazipur 13 km,Mymensingh 98 km,Bangabandhu Bridge 94 km"
N105,1001770,link,link 1205,23.9426108,90.4361663,413.0,A,LRP038a,Pipe Culvert
N105,1001771,link,link 1206,23.9447497,90.4322493,587.0,A,LRP039,"Gazipur 12 km,Tangail 70 km,Bangabandhu bridge 93 km"
N105,1001772,bridge,bridge 545,23.946333,90.4287493,7.0,A,LRP039a,JUGITALA
N105,1001773,link,link 1207,23.9484719,90.4233327,717.0,A,LRP040,Km post missing
N105,1001774,bridge,bridge 546,23.9496663,90.4143889,3.0,A,LRP040a,MOGORKHAL
N105,1001775,link,link 1208,23.9499163,90.4136667,76.0,A,LRP041,Km post missing
N105,1001776,link,link 1209,23.95075,90.4105278,336.0,A,LRP041a,Box culvert
N105,1001777,link,link 1210,23.9522222,90.4043889,564.0,A,LRP042,"Gazipur 9 km, Tangail 67 km, Bangabandhu Bridge 90 km"
N105,1001778,bridge,bridge 547,23.95225,90.4038889,3.0,A,LRP042a,BOGRA-3 BOX CULVERT
N105,1001779,bridge,bridge 548,23.9563611,90.40125,3.0,A,LRP042b,NOWZAR
N105,1001780,link,link 1211,23.9660278,90.3989163,454.0,A,LRP043,Km post missing
N105,1001781,link,link 1212,23.9684993,90.3978608,1000.0,A,LRP044,B.Bridge 88 km
N105,1001782,link,link 1213,23.970166,90.3972497,201.0,A,LRP044a,Box culvert
N105,1001783,link,link 1214,23.971416,90.3968052,149.0,A,LRP044b,Cros Road Z3008
N105,1001784,link,link 1215,23.9736104,90.3940274,283.0,A,LRP044c,Box Culvert
N105,1001785,link,link 1216,23.9744993,90.3916108,367.0,A,LRP045,"B.Bridge 87 km,Tangail 64 km"
N105,1001786,link,link 1217,23.9751104,90.3900552,73.0,A,LRP045a,Box Culvert
N105,1001787,link,link 1218,23.9761104,90.3873608,300.0,A,LRP045b,Box Culvert
N105,1001788,intersection,intersection 16,23.9772493,90.3843886,300.0,A,LRP045c,Box Culvert
N105,1001789,intersection,intersection 17,23.9769716,90.382166,327.0,A,LRP046,Km post missing
N105,1001790,intersection,intersection 18,23.9774993,90.3805549,118.0,A,LRP046a,Dhaka -Mymensingh N3 Road
N105,1001791,intersection,intersection 19,23.9774438,90.3781104,225.0,A,LRP046b,Box Culvert
N105,1001792,intersection,intersection 20,23.9773604,90.3751938,340.0,A,LRP046c,Box Culvert
N105,1001793,link,link 1219,23.9776382,90.372166,240.0,A,LRP046d,Box Culvert
N105,1001794,link,link 1220,23.9774993,90.3726382,56.0,A,LRP047,"B.Bridge 85 km,Tangail 162 km"
N105,1001795,link,link 1221,23.9826382,90.3669993,784.0,A,LRP047a,Box culvert
N105,1001796,intersection,intersection 21,23.986583,90.3625,622.0,A,LRP047b,Box Culvert
N105,1001797,sourcesink,sourcesink 8,23.9895274,90.3582222,605.0,A,LRP048,"B.Bridge 83 km,Tangail 60 km / End of Road  Intersection at N4 at Joydebpur."
N106,1001798,sourcesink,sourcesink 9,22.3935552,91.8215827,0.0,A,LRPS,Start of Road  from Oxygen  More
N106,1001799,bridge,bridge 549,22.3974997,91.8200271,2.1,C,LRPSa,TANARI BOTTOLA CULVERT
N106,1001800,bridge,bridge 550,22.3990552,91.8198049,3.0,A,LRPSb,TANARI BOTTOLA CULVERT
N106,1001801,bridge,bridge 551,22.4004722,91.8193604,2.1,C,LRPSc,TANARI BOX CULVERT
N106,1001802,link,link 1222,22.4020556,91.8191104,178.0,A,LRP001,Km post missing
N106,1001803,link,link 1223,22.4049722,91.8188882,328.0,A,LRP001a,Slab culvert
N106,1001804,bridge,bridge 552,22.4060278,91.818666,3.0,A,LRP001b,BALUCHARA
N106,1001805,link,link 1224,22.4108056,91.8182493,555.0,A,LRP002,Km post missing
N106,1001806,bridge,bridge 553,22.4121667,91.8185549,12.3,A,LRP002a,BALUCHARA
N106,1001807,link,link 1225,22.4154722,91.819166,376.0,A,LRP002b,Bridge start
N106,1001808,bridge,bridge 554,22.4156389,91.819166,18.78,C,LRP002c,Natunpara Bridge
N106,1001809,link,link 1226,22.4196104,91.8197216,446.0,A,LRP003,Km post missing
N106,1001810,bridge,bridge 555,22.4223882,91.8200271,4.0,A,LRP003a,AMAR BAZAR
N106,1001811,bridge,bridge 556,22.4244438,91.8197771,3.3,C,LRP003b,LALIYAR HAT
N106,1001812,link,link 1227,22.428916,91.819666,498.0,A,LRP004,"Rangamati 64 km,Hathazari 8 km"
N106,1001813,bridge,bridge 557,22.4309993,91.8199993,4.5,C,LRP004a,BORDIGHIR PAR
N106,1001814,link,link 1228,22.4368608,91.8203327,656.0,A,LRP004c,Box Culvert
N106,1001815,link,link 1229,22.4377497,91.8204993,102.0,A,LRP005,Km post missing
N106,1001816,link,link 1230,22.4382497,91.8206104,57.0,A,LRP005a,Box culvert
N106,1001817,link,link 1231,22.4444441,91.8190549,727.0,A,LRP005b,Box culvert
N106,1001818,link,link 1232,22.4464441,91.8185549,230.0,A,LRP006,Information missing
N106,1001819,bridge,bridge 558,22.4515,91.8175827,8.8,C,LRP006a,BORODIGHIR PAR
N106,1001820,bridge,bridge 559,22.4535833,91.8173049,6.0,C,LRP006b,CHOWDIRIR HAT
N106,1001821,link,link 1233,22.45525,91.817166,182.0,A,LRP007,Km post missing
N106,1001822,bridge,bridge 560,22.4555,91.8171382,8.0,A,LRP007a,PASHIM CHARAKUL CUL
N106,1001823,bridge,bridge 561,22.45725,91.8168882,8.2,A,LRP007b,PASHM CHARAKUL BOX CULV
N106,1001824,link,link 1234,22.4624722,91.8166111,588.0,A,LRP007c,Box culvert
N106,1001825,link,link 1235,22.4640556,91.8165278,182.0,A,LRP008,Km post missing
N106,1001826,bridge,bridge 562,22.4658611,91.8163889,9.4,B,LRP008a,PASSIM SURAGOL
N106,1001827,link,link 1236,22.4710827,91.8151389,609.0,A,LRP008b,Bridge start
N106,1001828,link,link 1237,22.4711938,91.8151111,15.0,A,LRP008c,Bridge end
N106,1001829,link,link 1238,22.472666,91.8148056,169.0,A,LRP009,Km post missing
N106,1001830,bridge,bridge 563,22.4786104,91.8131667,10.2,A,LRP009a,FATEPUR
N106,1001831,link,link 1239,22.4809438,91.8115278,352.0,A,LRP010,Information missing
N106,1001832,link,link 1240,22.4889441,91.8079444,1000.0,A,LRP011,Km post missing
N106,1001833,link,link 1241,22.4901108,91.8079444,131.0,A,LRP011a,Box culvert
N106,1001834,link,link 1242,22.496083,91.8074444,679.0,A,LRP011b,Bridge start
N106,1001835,link,link 1243,22.4977497,91.8071667,190.0,A,LRP012,Km post missing
N106,1001836,bridge,bridge 564,22.4984441,91.8070833,3.8,C,LRP012a,11 MILE BOX CULVERT
N106,1001837,link,link 1244,22.5031667,91.8147222,1028.0,A,LRP013,"Rangamati 55 km,Raozan 13 km"
N106,1001838,link,link 1245,22.5037778,91.8178327,332.0,A,LRP013a,Box culvert
N106,1001839,link,link 1246,22.5033333,91.8228882,530.0,A,LRP013b,Box culvert
N106,1001840,link,link 1247,22.5032778,91.8235549,67.0,A,LRP014,"Rangamati 54 km, Raozan 12 km"
N106,1001841,link,link 1248,22.5046111,91.8265549,258.0,A,LRP014a,Bridge start
N106,1001842,bridge,bridge 565,22.5048889,91.8271104,9.5,B,LRP014b,SHAZZAPUR SLAB CULVERT
N106,1001843,link,link 1249,22.5071389,91.8323604,594.0,A,LRP015,"Rangamati 53 km,Raozan 11 km"
N106,1001844,bridge,bridge 566,22.5073056,91.8328604,63.86,C,LRP015a,Subadaggu Bridge
N106,1001845,link,link 1250,22.5074167,91.8331938,48.0,A,LRP015b,Bridge end
N106,1001846,link,link 1251,22.5079167,91.834333,121.0,A,LRP015c,Box culvert
N106,1001847,link,link 1252,22.5108611,91.8411386,774.0,A,LRP016,Km post missing
N106,1001848,bridge,bridge 567,22.5109167,91.8414163,34.2,C,LRP016a,ISAPUR BRIDGE
N106,1001849,link,link 1253,22.5137222,91.8453608,578.0,A,LRP016b,Bridge start
N106,1001850,link,link 1254,22.5146389,91.8454163,103.0,A,LRP016c,Bridge end
N106,1001851,link,link 1255,22.5151111,91.8455274,56.0,A,LRP017,"Rangamati 51 km,Raozan9 km"
N106,1001852,bridge,bridge 568,22.5160556,91.8481663,37.3,C,LRP017a,FOUZIA BAZAR BAILY BRIDGE
N106,1001853,link,link 1256,22.5162222,91.8532778,535.0,A,LRP018,Rangamati 50 km
N106,1001854,bridge,bridge 569,22.5162222,91.8545278,102.69,C,LRP018a,Sardargat Bridge
N106,1001855,link,link 1257,22.51625,91.8547778,27.0,A,LRP018b,Bridge end
N106,1001856,bridge,bridge 570,22.51876206875,91.86058128557691,3.0,A,LRP018c,BODORGONA BOX CUL
N106,1001857,link,link 1258,22.5193882,91.8620278,166.0,A,LRP019,Km post missing
N106,1001858,bridge,bridge 571,22.5198882,91.8632222,25.3,C,LRP019a,Miarghat Bridge
N106,1001859,link,link 1259,22.5213604,91.866916,229.0,A,LRP019b,Box Culvert
N106,1001860,link,link 1260,22.5217771,91.8681104,171.0,A,LRP019c,Road to Fatikchari
N106,1001861,link,link 1261,22.5223327,91.8689438,259.0,A,LRP020,"Rangamati 48 km,Raozan 6 km"
N106,1001862,bridge,bridge 572,22.5230271,91.8700827,12.4,A,LRP020a,MANGHATA BOX CULVERT
N106,1001863,link,link 1262,22.5262216,91.8726938,449.0,A,LRP020b,Bridge start
N106,1001864,bridge,bridge 573,22.5264993,91.8728604,3.0,A,LRP020c,GOHIRA
N106,1001865,link,link 1263,22.5283882,91.8760271,410.0,A,LRP021,"Rangamati 47 km,Raozan 5 km"
N106,1001866,link,link 1264,22.5288604,91.8781382,228.0,A,LRP021a,Bridge start
N106,1001867,bridge,bridge 574,22.5288882,91.878416,37.78,A,LRP021b,Gohiro Steei Bridge
N106,1001868,link,link 1265,22.5308049,91.8848052,691.0,A,LRP022,"Rangamati 46 km,Raozan 4 km"
N106,1001869,bridge,bridge 575,22.5322771,91.8896386,24.69,C,LRP022a,Boropool Bridge
N106,1001870,bridge,bridge 576,22.5322771,91.8898886,24.0,B,LRP022b,BOROPUR BRIDGE
N106,1001871,link,link 1266,22.5325549,91.8921386,238.0,A,LRP022c,Box culvert
N106,1001872,link,link 1267,22.5327771,91.8941108,202.0,A,LRP023,Km post missing
N106,1001873,link,link 1268,22.5328049,91.8944997,39.0,A,LRP023a,Box culvert
N106,1001874,bridge,bridge 577,22.533333,91.8980552,24.13,C,LRP023b,Dabbo Bridge
N106,1001875,bridge,bridge 578,22.5334997,91.8993608,4.3,C,LRP023c,JALANIR HAT
N106,1001876,link,link 1269,22.5335274,91.8995552,20.0,A,LRP023d,Bridge end
N106,1001877,link,link 1270,22.5342219,91.9019167,257.0,A,LRP023e,Bridge start
N106,1001878,link,link 1271,22.5342497,91.9021667,26.0,A,LRP023f,Bridge end
N106,1001879,link,link 1272,22.5343052,91.9025833,44.0,A,LRP024,Rangamati 44 km
N106,1001880,bridge,bridge 579,22.5349163,91.9058611,3.0,A,LRP024a,SULTAN PUR CULVERT
N106,1001881,link,link 1273,22.5349719,91.9103611,487.0,A,LRP024b,Road to Jalepara
N106,1001882,link,link 1274,22.5350552,91.9116944,161.0,A,LRP025,"Rangamati 43 km,Raozan 0 km"
N106,1001883,link,link 1275,22.5349997,91.91325,165.0,A,LRP025a,Road to Brahmanchari
N106,1001884,bridge,bridge 580,22.5349441,91.9155556,9.4,A,LRP025b,ROYZON BOT TOLA
N106,1001885,link,link 1276,22.5348608,91.9183327,284.0,A,LRP025c,Box Culvert
N106,1001886,link,link 1277,22.5347219,91.9194716,127.0,A,LRP025d,Road to Katakhali  
N106,1001887,link,link 1278,22.535333,91.9229716,373.0,A,LRP026,Rangamati 42 km
N106,1001888,link,link 1279,22.5354997,91.9238049,85.0,A,LRP026a,Box culvert
N106,1001889,link,link 1280,22.5358886,91.927416,376.0,A,LRP026b,Box culvert
N106,1001890,bridge,bridge 581,22.5359163,91.9287216,12.2,C,LRP026c,GALINAGAR
N106,1001891,link,link 1281,22.5359997,91.9299438,117.0,A,LRP027,"Rangamati 42 km,Betbunia10 km"
N106,1001892,bridge,bridge 582,22.5369719,91.9355274,6.0,C,LRP027a,ODIL NOGOR BUS TAND 2
N106,1001893,link,link 1282,22.5377774,91.9389163,362.0,A,LRP028,"Rangamati 41 km,Betbunia 9 km"
N106,1001894,link,link 1283,22.5381108,91.9455552,688.0,A,LRP029,"Rangamati 40 km,Betbunia 8 km"
N106,1001895,link,link 1284,22.5395552,91.9513056,617.0,A,LRP030,"Rangamati 39 km,Betbunia 7 km"
N106,1001896,link,link 1285,22.5386941,91.9559722,518.0,A,LRP030a,Bridge start
N106,1001897,bridge,bridge 583,22.5386663,91.9561389,14.6,A,LRP030b,PURBO RAWJAN DALA MUK
N106,1001898,link,link 1286,22.5386663,91.9565556,49.0,A,LRP031,"Rangamati 38 km,Betbunia 6 km"
N106,1001899,link,link 1287,22.5386108,91.9566389,14.0,A,LRP031a,Box Culvert
N106,1001900,link,link 1288,22.5385552,91.9651111,867.0,A,LRP032,"Rangamati 37 km,Betbunia 5 km"
N106,1001901,bridge,bridge 584,22.538333,91.9667216,18.0,A,LRP032a,GODAR PAR
N106,1001902,link,link 1289,22.5382219,91.9688049,163.0,A,LRP032b,Start of Rangamati road Division / Start of Rangamati road Division
N106,1001903,bridge,bridge 585,22.5406108,91.9691104,11.7,A,LRP032c,GODAR PAR ARCH
N106,1001904,bridge,bridge 586,22.5406108,91.9692771,1.2,A,LRP032d,1ST CHEEK POST
N106,1001905,link,link 1290,22.5411108,91.9718049,267.0,A,LRP033,Km post missing
N106,1001906,bridge,bridge 587,22.5412497,91.973166,6.0,C,LRP033a,CHEEK POST ARSH MASONARY
N106,1001907,bridge,bridge 588,22.5413886,91.9742216,4.5,A,LRP033b,DILBABUNRA
N106,1001908,link,link 1291,22.5413886,91.9742493,6.0,A,LRP034,"Rangamati 36 km,Betbunia 4 km"
N106,1001909,link,link 1292,22.5417219,91.9755549,142.0,A,LRP034a,Box Culvert
N106,1001910,link,link 1293,22.5421108,91.976416,101.0,A,LRP034b,Box Culvert
N106,1001911,bridge,bridge 589,22.5418052,91.977166,5.2,C,LRP034c,Morartak
N106,1001912,bridge,bridge 590,22.5404997,91.9781104,5.3,B,LRP034d,MONARTECK CULVERT
N106,1001913,bridge,bridge 591,22.5394441,91.9801938,2.0,D,LRP034e,Chairman Gate Box(L)
N106,1001914,link,link 1294,22.5389719,91.9820271,241.0,A,LRP034f,Box Culvert
N106,1001915,link,link 1295,22.539083,91.9822493,30.0,A,LRP035,"Rangamati 35 km, Betbunia 3 km"
N106,1001916,bridge,bridge 592,22.5396108,91.9833049,3.0,A,LRP035a,Chairman Gate 2
N106,1001917,bridge,bridge 593,22.5404163,91.9842774,3.0,A,LRP035b,CHAIRMAN GATE BOX CULVERT
N106,1001918,bridge,bridge 594,22.542083,91.9851941,1.5,A,LRP035c,PAHARPARA ARCH MAS
N106,1001919,bridge,bridge 595,22.5429719,91.9854163,3.0,A,LRP035d,BETBUNIA BOX CULVERT
N106,1001920,bridge,bridge 596,22.5443886,91.9855552,6.0,A,LRP035e,BETBUNIA ARCH MASONRY
N106,1001921,link,link 1296,22.5459997,91.9871108,246.0,A,LRP036,"Rangamati 34 km, Betbunia 2 km"
N106,1001922,bridge,bridge 597,22.5464441,91.987583,12.3,A,LRP036a,BETBEAINA BOX CULVERT
N106,1001923,link,link 1297,22.5468052,91.9886941,144.0,A,LRP036b,Box Culvert
N106,1001924,link,link 1298,22.5464441,91.9896941,114.0,A,LRP036c,Box Culvert
N106,1001925,link,link 1299,22.5450552,91.9926941,349.0,A,LRP036d,Box Culvert
N106,1001926,link,link 1300,22.545249035185183,91.99390279907408,133.0,A,LRP036e,Box Culvert
N106,1001927,link,link 1301,22.5455274,91.9956386,191.0,A,LRP036f,Box Culvert
N106,1001928,link,link 1302,22.5456108,91.9959163,29.0,A,LRP036g,Box Culvert
N106,1001929,link,link 1303,22.5457497,91.9966386,74.0,A,LRP037,"Rangamati 34 km, Betbunia 1 km"
N106,1001930,bridge,bridge 598,22.5458886,91.9983608,4.5,A,LRP037a,SUP NALA SUBMARGE
N106,1001931,bridge,bridge 599,22.5454719,92.0003333,4.4,B,LRP037b,GUYATAL CULVERT
N106,1001932,bridge,bridge 600,22.5455274,92.0050278,1.8,A,LRP037c,SHIKDER PARA CULVERT
N106,1001933,link,link 1304,22.5453052,92.0053611,494.0,A,LRP038,Km post missing
N106,1001934,bridge,bridge 601,22.5439719,92.0088611,3.0,A,LRP038a,SIKDAR PARA (2) CULVERT
N106,1001935,link,link 1305,22.5439163,92.0099167,107.0,A,LRP038b,Box Culvert
N106,1001936,link,link 1306,22.5479441,92.0118611,536.0,A,LRP039,Rangamati 31 km
N106,1001937,bridge,bridge 602,22.5481941,92.012,5.0,A,LRP039a,RAMGONA BOX CULVERT
N106,1001938,bridge,bridge 603,22.549833,92.0133056,2.2,D,LRP039b,THANDHA CHOR ARCH MASONRY
N106,1001939,link,link 1307,22.5524444,92.0162222,423.0,A,LRP039c,Road from Kawakhali
N106,1001940,link,link 1308,22.5526389,92.0165278,39.0,A,LRP039d,Bridge start
N106,1001941,link,link 1309,22.5527778,92.0167493,29.0,A,LRP039e,Bridge end
N106,1001942,link,link 1310,22.5529444,92.0174438,85.0,A,LRP040,Ranga mati 30 km
N106,1001943,bridge,bridge 604,22.5530278,92.0179716,1.9,A,LRP040a,THANDA SORI
N106,1001944,link,link 1311,22.5541667,92.0198604,245.0,A,LRP040b,Box culvert
N106,1001945,link,link 1312,22.5552778,92.0236382,382.0,A,LRP040c,Box culvert
N106,1001946,link,link 1313,22.5559167,92.0266938,368.0,A,LRP041,Rangamati 29 km
N106,1001947,bridge,bridge 605,22.5585278,92.0325827,4.5,A,LRP041a,THANDA CHORI SLAB
N106,1001948,link,link 1314,22.5597778,92.0346108,272.0,A,LRP042,Rangamati 28 km
N106,1001949,bridge,bridge 606,22.5611111,92.0359997,95.0,D,LRP042a,RANIRHAT BRIDGE
N106,1001950,link,link 1315,22.5638611,92.0381386,401.0,A,LRP042b,Box culvert
N106,1001951,link,link 1316,22.5683882,92.0397774,549.0,A,LRP043,Rangamati 27 km
N106,1001952,link,link 1317,22.569666,92.0404997,170.0,A,LRP043a,Ranirhat bridge
N106,1001953,bridge,bridge 607,22.5707771,92.0409163,6.6,A,LRP043b,RANIRAT ARCK
N106,1001954,bridge,bridge 608,22.5746938,92.0427497,9.4,A,LRP043c,SADAKPARA BOX
N106,1001955,link,link 1318,22.5758049,92.0435552,165.0,A,LRP044,Rangamati 26 km
N106,1001956,bridge,bridge 609,22.5762493,92.0440274,1.5,A,LRP044a,SADAK NAGAR CUL
N106,1001957,bridge,bridge 610,22.5774993,92.0454719,3.0,A,LRP044b,GUBTULL CULVERT
N106,1001958,link,link 1319,22.5798049,92.0476663,361.0,A,LRP044c,Box culvert
N106,1001959,link,link 1320,22.5807493,92.0488052,163.0,A,LRP044d,Box culvert
N106,1001960,link,link 1321,22.5815827,92.0501389,175.0,A,LRP045,"Rangamati 25 km,Ghagra 6 km"
N106,1001961,bridge,bridge 611,22.5839441,92.0558611,11.2,A,LRP045a,MOGOY CHORI
N106,1001962,link,link 1322,22.5852774,92.0595833,416.0,A,LRP046,"Rangamati 24 km,Ghagra 6 km"
N106,1001963,bridge,bridge 612,22.5869163,92.0629722,14.8,B,LRP046a,Mogachhari Bridge
N106,1001964,link,link 1323,22.5900274,92.0690827,720.0,A,LRP047,"Rangamati 23 km,Ghagra 5 km"
N106,1001965,bridge,bridge 613,22.5935552,92.0714716,3.0,A,LRP047a,MOGI CHORI
N106,1001966,link,link 1324,22.5935274,92.0716382,18.0,A,LRP047b,Bridge end
N106,1001967,link,link 1325,22.5942497,92.0758049,460.0,A,LRP048,Km post missing
N106,1001968,link,link 1326,22.5943052,92.0758604,15.0,A,LRP048a,Box culvert
N106,1001969,link,link 1327,22.5969997,92.0788604,435.0,A,LRP048b,Box culvert
N106,1001970,link,link 1328,22.5981108,92.0808604,252.0,A,LRP048c,Box culvert
N106,1001971,link,link 1329,22.5986386,92.0836386,298.0,A,LRP049,Km post missing
N106,1001972,link,link 1330,22.6033611,92.0904719,921.0,A,LRP050,"Rangamati 20 km,Ghagra 2 km"
N106,1001973,link,link 1331,22.6078611,92.0956386,1091.0,A,LRP051,Information missing
N106,1001974,link,link 1332,22.6088889,92.0964719,147.0,A,LRP051a,"R161, Road to Bandarban"
N106,1001975,bridge,bridge 614,22.6094444,92.0973886,1.0,A,LRP051b,GHAGRA ARCH MASO
N106,1001976,link,link 1333,22.6122222,92.1019722,636.0,A,LRP052,"Rangamati 18 km,Ghagra 0 km"
N106,1001977,bridge,bridge 615,22.6188049,92.1027778,3.0,C,LRP052a,GAIYA CHARA
N106,1001978,bridge,bridge 616,22.6192493,92.1031944,1.5,A,LRP052b,GAIACHORA ARCH MASONARY
N106,1001979,link,link 1334,22.6203604,92.1038056,134.0,A,LRP053,Rangamati 17 km
N106,1001980,bridge,bridge 617,22.6221104,92.1066111,1.0,A,LRP053a,COLABAGAN ARCH MASONRY(R)
N106,1001981,bridge,bridge 618,22.622916,92.1081111,1.0,A,LRP053b,KHALA BAGAN 1
N106,1001982,link,link 1335,22.6240827,92.1106667,367.0,A,LRP054,Rangamati 16 km
N106,1001983,link,link 1336,22.6267216,92.1125278,284.0,A,LRP054a,Box culvert
N106,1001984,bridge,bridge 619,22.6277771,92.1130833,2.0,B,LRP054b,MOIS PARA ARCH MASONRY
N106,1001985,bridge,bridge 620,22.6287216,92.1128056,1.2,A,LRP054c,KOBAGON ARCH MASONRY
N106,1001986,link,link 1337,22.6294993,92.1128056,89.0,A,LRP054d,Box culvert
N106,1001987,link,link 1338,22.6314438,92.1136667,269.0,A,LRP054e,Box Culvert`
N106,1001988,link,link 1339,22.6320549,92.1146389,124.0,A,LRP055,Information missing
N106,1001989,link,link 1340,22.6378608,92.1161944,757.0,A,LRP055a,Box culvert / Pipe Culvert
N106,1001990,link,link 1341,22.6393608,92.1153056,199.0,A,LRP056,Rangamati 14 km
N106,1001991,bridge,bridge 621,22.6400552,92.1198604,2.0,A,LRP056a,CHITTA ARCH MASONRY
N106,1001992,link,link 1342,22.6411663,92.1224716,360.0,A,LRP057,Rangamati 13 km
N106,1001993,link,link 1343,22.6412497,92.1224993,17.0,A,LRP057a,Box culvert
N106,1001994,link,link 1344,22.6446108,92.1289716,1022.0,A,LRP058,Rangamati 12 km
N106,1001995,link,link 1345,22.6461941,92.1339441,928.0,A,LRP059,"Rangamati 11 km, Manikchan 1 km"
N106,1001996,link,link 1346,22.6474163,92.1364163,319.0,A,LRP059a,Bridge start
N106,1001997,link,link 1347,22.6480552,92.136833,86.0,A,LRP059b,Bridge end
N106,1001998,link,link 1348,22.6488886,92.1379997,161.0,A,LRP059c,"R162, Road to Khagrachari"
N106,1001999,link,link 1349,22.6510833,92.1412497,476.0,A,LRP060,"Rangamati 10 km,Manikchhari  0 km"
N106,1002000,link,link 1350,22.654,92.1470274,1000.0,A,LRP061,Km post missing
N106,1002001,link,link 1351,22.6584167,92.1513611,826.0,A,LRP062,Rangamati 8 km
N106,1002002,link,link 1352,22.6631389,92.1578889,1010.0,A,LRP063,Rangamati 7 km
N106,1002003,link,link 1353,22.6612778,92.1665833,1000.0,A,LRP064,Km post missing
N106,1002004,link,link 1354,22.6574444,92.1738604,1000.0,A,LRP065,Km post missing
N106,1002005,link,link 1355,22.6522778,92.1796382,1010.0,A,LRP066,Rangamati 4 km
N106,1002006,link,link 1356,22.647083,92.1852219,1000.0,A,LRP067,Km post missing
N106,1002007,link,link 1357,22.6463052,92.1926663,900.0,A,LRP068,Rangamati 2 km
N106,1002008,link,link 1358,22.6454441,92.1974163,900.0,A,LRP069,Police Comissionar Bunglow 1 km
N106,1002009,sourcesink,sourcesink 10,22.6485274,92.2018333,425.0,A,LRPE,The road ends Infront of DC Bunglow
N2,1002010,sourcesink,sourcesink 11,23.7059167,90.5214438,0.0,A,LRPS,Road Start from N1 at Katchpur
N2,1002011,intersection,intersection 22,23.7068889,90.5204716,166.0,A,LRP001,Sylhet 230 km
N2,1002012,link,link 1359,23.7151389,90.5168327,1000.0,A,LRP002,Sylhet 229 km
N2,1002013,bridge,bridge 622,23.7182771,90.5156944,36.7,C,LRP002a,Jatramura Bridge
N2,1002014,link,link 1360,23.7186104,90.5155556,40.0,A,LRP002b,Bridge end
N2,1002015,link,link 1361,23.723666,90.5136667,590.0,A,LRP003,Km post missing
N2,1002016,link,link 1362,23.7249438,90.5134167,147.0,A,LRP003a,Road to Demra (R201)
N2,1002017,link,link 1363,23.7310549,90.5187493,863.0,A,LRP004,Information missing
N2,1002018,link,link 1364,23.7386663,90.523916,1000.0,A,LRP005,Sylhet 226 km
N2,1002019,link,link 1365,23.7431108,90.5322493,1000.0,A,LRP006,Km post broken
N2,1002020,link,link 1366,23.7466386,90.5402774,900.0,A,LRP006a,"Z1090 Left to Keyatpara,Right to Mahajanpur."
N2,1002021,link,link 1367,23.7471941,90.5410552,110.0,A,LRP007,Km post broken
N2,1002022,link,link 1368,23.7551111,90.5453608,1000.0,A,LRP008,Sylhet 223 km
N2,1002023,link,link 1369,23.7630278,90.5503889,1000.0,A,LRP009,Km post missing
N2,1002024,link,link 1370,23.769666,90.5566389,1000.0,A,LRP010,Km post broken
N2,1002025,link,link 1371,23.7774716,90.5616667,1010.0,A,LRP011,Km post broken
N2,1002026,intersection,intersection 23,23.7848052,90.5650556,915.0,A,LRP011a,R202 to Rupganj
N2,1002027,intersection,intersection 24,23.7849719,90.5660278,85.0,A,LRP012,Km post missing
N2,1002028,intersection,intersection 25,23.785333,90.5685549,268.0,A,LRP012a,Intersection with N105
N2,1002029,intersection,intersection 26,23.7853886,90.5688882,12.0,A,LRP012b,Bridge start
N2,1002030,bridge,bridge 623,23.7853886,90.5691104,19.0,C,LRP012c,Gola kandail Bridge.
N2,1002031,intersection,intersection 27,23.7856663,90.5705827,460.0,A,LRP012d,R203 to Ramchandri
N2,1002032,intersection,intersection 28,23.7891108,90.5741104,214.0,A,LRP012e,Box culvert
N2,1002033,intersection,intersection 29,23.7892497,90.5742771,20.0,A,LRP013,Km post broken
N2,1002034,link,link 1372,23.7966941,90.5798049,1000.0,A,LRP014,Km post missing
N2,1002035,bridge,bridge 624,23.7977219,90.5808882,4.9,B,LRP014a,ADURI BOX CULVERT
N2,1002036,link,link 1373,23.8035833,90.5860552,838.0,A,LRP015,Km post missing
N2,1002037,bridge,bridge 625,23.8044167,90.5869163,3.5,B,LRP015a,ADURI BOX CULVERT
N2,1002038,link,link 1374,23.8108333,90.5919163,868.0,A,LRP016,Sylhet 215 km
N2,1002039,bridge,bridge 626,23.8141389,90.5946941,3.4,A,LRP016a,BANTI BOX CULVERT
N2,1002040,link,link 1375,23.8175827,90.5980274,511.0,A,LRP016b,Bridge start
N2,1002041,link,link 1376,23.8177493,90.5982219,22.0,A,LRP016c,Bridge end
N2,1002042,link,link 1377,23.8180549,90.5985274,8.0,A,LRP017,Km post missing
N2,1002043,bridge,bridge 627,23.8240271,90.6041389,72.15,C,LRP017a,Banti Bridge
N2,1002044,link,link 1378,23.8246104,90.6045,78.0,A,LRP018,Sylhet 213 km
N2,1002045,bridge,bridge 628,23.829666,90.6093056,4.5,A,LRP018a,PUTCHRUCLAI CULVERT
N2,1002046,link,link 1379,23.8313049,90.611,246.0,A,LRP019,Km post missing
N2,1002047,bridge,bridge 629,23.8342497,90.6139444,8.3,B,LRP019a,SON PARA
N2,1002048,link,link 1380,23.83620332566845,90.6158264106952,288.0,A,LRP019b,Box Culvert
N2,1002049,link,link 1381,23.8380552,90.6176104,273.0,A,LRP020,Sylhet 211 km
N2,1002050,bridge,bridge 630,23.8420274,90.6225549,8.3,A,LRP020a,FURINGDIA BOX CULVERT
N2,1002051,link,link 1382,23.8439163,90.6249993,325.0,A,LRP021,Sylhet 210 km
N2,1002052,bridge,bridge 631,23.8455274,90.6272216,4.0,A,LRP021a,PURINDA BAZAR BOX CULVERT
N2,1002053,bridge,bridge 632,23.8498608,90.6315827,8.0,A,LRP021b,PURINDHA BOX CULVERT
N2,1002054,link,link 1383,23.8501944,90.6318604,50.0,A,LRP022,Sylhet 209 km
N2,1002055,bridge,bridge 633,23.8552222,90.6386941,4.0,B,LRP022a,SHAT GRAM BOX CULVERT
N2,1002056,link,link 1384,23.8554444,90.6394997,79.0,A,LRP023,Sylhet 208 km
N2,1002057,link,link 1385,23.8554722,90.6491663,1000.0,A,LRP024,Sylhet 207 km
N2,1002058,bridge,bridge 634,23.8551389,90.6522778,4.0,A,LRP024a,BAGBARI BOX CULVERT
N2,1002059,bridge,bridge 635,23.8548333,90.6585556,4.0,A,LRP024b,RAINADI BOX CULVERT
N2,1002060,link,link 1386,23.8548056,90.6589167,32.0,A,LRP025,Sylhet 206 km
N2,1002061,bridge,bridge 636,23.8544722,90.6635,4.0,A,LRP025a,KANDA PARA BOX CULVERT
N2,1002062,bridge,bridge 637,23.8539167,90.6673049,2.0,A,LRP025b,NAWPARA BOX CULVERT
N2,1002063,link,link 1387,23.8536111,90.6686938,142.0,A,LRP026,Sylhet 205 km
N2,1002064,link,link 1388,23.8587778,90.672666,990.0,A,LRP027,Km post broken
N2,1002065,link,link 1389,23.8668882,90.6685271,1000.0,A,LRP028,Km post missing
N2,1002066,link,link 1390,23.8679993,90.668166,130.0,A,LRP028a,Road to Shakerchar (Z2038)
N2,1002067,link,link 1391,23.8757771,90.6667493,870.0,A,LRP029,Sylhet 202 km
N2,1002068,bridge,bridge 638,23.8774438,90.6666389,2.5,A,LRP029a,KURIRPARA BOX CULVERT
N2,1002069,bridge,bridge 639,23.8818882,90.6665556,2.5,A,LRP029b,CHAITABOR BOX CULVERT
N2,1002070,link,link 1392,23.8846108,90.6658056,310.0,A,LRP030,Sylhet 201 km
N2,1002071,link,link 1393,23.8853608,90.6655278,90.0,A,LRP030a,Box culvert
N2,1002072,link,link 1394,23.8934163,90.6644167,909.0,A,LRP030b,"R301 to Ghorashal, Z2047 to Ghorashal / Sylhet 200 km"
N2,1002073,link,link 1395,23.8936386,90.6667771,251.0,A,LRP031a,Bridge start
N2,1002074,link,link 1396,23.8936663,90.6670827,34.0,A,LRP031b,Bridge end
N2,1002075,bridge,bridge 640,23.8943052,90.6717771,30.3,B,LRP031c,PANCNDANA BRIDGE
N2,1002076,link,link 1397,23.8950274,90.6740271,233.0,A,LRP032,Km post missing
N2,1002077,link,link 1398,23.8950552,90.6740827,10.0,A,LRP032a,Box culvert
N2,1002078,link,link 1399,23.8994163,90.6825549,1020.0,A,LRP033,Sylhet 198 km
N2,1002079,bridge,bridge 641,23.9048611,90.6851386,3.6,A,LRP033a,UTTAR BAYANDA CULVERT
N2,1002080,link,link 1400,23.9076667,90.6864719,335.0,A,LRP034,Km post missing
N2,1002081,link,link 1401,23.9099444,90.6875552,280.0,A,LRP034a,R210 to Narsingdi
N2,1002082,link,link 1402,23.9131389,90.6894163,408.0,A,LRP034b,Box culvert
N2,1002083,link,link 1403,23.9154167,90.6913886,322.0,A,LRP035,Sylhet 196 km
N2,1002084,link,link 1404,23.9183882,90.6939719,425.0,A,LRP035a,Box culvert
N2,1002085,bridge,bridge 642,23.921666,90.6968886,12.7,A,LRP035b,BAGDI BOX CULVERT
N2,1002086,link,link 1405,23.9224716,90.6975552,101.0,A,LRP036,Km post broken
N2,1002087,bridge,bridge 643,23.924166,90.699083,3.0,A,LRP036a,BAGDI - 2 CULVERT
N2,1002088,link,link 1406,23.922666,90.7036389,755.0,A,LRP037,Km post missing
N2,1002089,bridge,bridge 644,23.9307216,90.7045833,27.4,A,LRP037a,Basail Bridge
N2,1002090,link,link 1407,23.930916,90.70475,28.0,A,LRP037b,Bridge end
N2,1002091,link,link 1408,23.9367219,90.7098056,808.0,A,LRP038,Km post missing
N2,1002092,bridge,bridge 645,23.9390552,90.7100278,69.5,C,LRP038a,BALANAGAR BRIDGE
N2,1002093,link,link 1409,23.9396386,90.71,64.0,A,LRP038b,Bridge end
N2,1002094,bridge,bridge 646,23.9427774,90.7099444,3.0,A,LRP038c,KARAR CHAR CULVERT
N2,1002095,link,link 1410,23.9454441,90.71075,324.0,A,LRP039,Sylhet 192 km
N2,1002096,bridge,bridge 647,23.9456108,90.7108333,12.6,A,LRP039a,KARAR CHAR CULVERT (2)
N2,1002097,link,link 1411,23.95291648764045,90.71486652757916,894.0,A,LRP039b,Box culvert
N2,1002098,link,link 1412,23.9536111,90.71525,85.0,A,LRP040,Sylhet 191 km
N2,1002099,bridge,bridge 648,23.9556111,90.7163333,3.4,A,LRP040a,PATUAR PAR CULVERT
N2,1002100,bridge,bridge 649,23.95980842931727,90.71865602088354,3.0,A,LRP040b,BARAITULA BUSTANT CULVERT
N2,1002101,link,link 1413,23.9615833,90.7196382,222.0,A,LRP041,Km post missing
N2,1002102,bridge,bridge 650,23.9634167,90.7206382,3.5,B,LRP041a,SAYED NAGAR CULVERT
N2,1002103,bridge,bridge 651,23.9654722,90.7217771,3.0,A,LRP041b,SAYEA NAGAR (2) CULVERT
N2,1002104,link,link 1414,23.9695549,90.7242216,512.0,A,LRP042,Sylhet 189 km
N2,1002105,bridge,bridge 652,23.96983612084367,90.72445595235732,1.8,A,LRP042a,SAYED NAGOR CULVERT
N2,1002106,bridge,bridge 653,23.9723882,90.7265827,14.1,B,LRP042b,SAYED NAGOR CULVERT
N2,1002107,link,link 1415,23.9753882,90.7291104,427.0,A,LRP042c,Box culvert
N2,1002108,link,link 1416,23.9766382,90.730166,170.0,A,LRP043,Km post missing
N2,1002109,bridge,bridge 654,23.977916,90.7312771,2.0,A,LRP043a,ITAKHOLA CULVERT
N2,1002110,link,link 1417,23.9802216,90.7333886,648.0,A,LRP043b,"R310 to Gazipur ,R211 to Shibpur"
N2,1002111,link,link 1418,23.9803882,90.7347774,159.0,A,LRP043c,Box culvert
N2,1002112,link,link 1419,23.981416,90.7381941,30.0,A,LRP044,Sylhet 187 km
N2,1002113,bridge,bridge 655,23.9818604,90.7396663,2.5,A,LRP044a,SHASPUR CULVERT
N2,1002114,link,link 1420,23.9827771,90.7424441,301.0,A,LRP044b,Z2033
N2,1002115,bridge,bridge 656,23.9853886,90.7457774,4.0,A,LRP044c,GASIRDIA CULVERT
N2,1002116,link,link 1421,23.9859441,90.7463886,87.0,A,LRP045,Sylhet 186 km
N2,1002117,link,link 1422,23.9880274,90.7487219,330.0,A,LRP045a,Box culvert
N2,1002118,link,link 1423,23.9911941,90.7543611,670.0,A,LRP046,Sylhet 185 km
N2,1002119,bridge,bridge 657,23.9936941,90.7590833,105.15,B,LRP046a,SIMBI RCC GIRDER
N2,1002120,link,link 1424,23.9941941,90.7599722,105.0,A,LRP046b,Bridge end
N2,1002121,bridge,bridge 658,23.995583,90.7625,10.3,A,LRP046c,KHARAMARA BOX CULVERT
N2,1002122,link,link 1425,23.9957497,90.7628333,40.0,A,LRP047,Sylhet 184 km
N2,1002123,bridge,bridge 659,23.9963886,90.7640278,3.9,A,LRP047a,KUNDAR PARA (1) BOX CULVERT
N2,1002124,link,link 1426,23.9975274,90.7661944,257.0,A,LRP047b,Box culvert
N2,1002125,link,link 1427,24.0002222,90.7713882,608.0,A,LRP048,Sylhet 183 km
N2,1002126,bridge,bridge 660,24.0002222,90.7714716,9.6,A,LRP048a,HAZI BAGAN CULVERT
N2,1002127,bridge,bridge 661,24.00275,90.7797216,9.5,A,LRP048b,SHARIPULAIA BOX CULVERT
N2,1002128,link,link 1428,24.0030278,90.7806938,105.0,A,LRP049,Sylhet 182 km
N2,1002129,bridge,bridge 662,24.0066944,90.7891941,9.55,A,LRP049a,SHRISTIGAR BOX CULVERT
N2,1002130,link,link 1429,24.0069722,90.7896108,51.0,A,LRP050,Information missing
N2,1002131,bridge,bridge 663,24.0089167,90.7924719,3.0,A,LRP050a,HAGIBAGAN BOX CULVERT
N2,1002132,link,link 1430,24.0127778,90.7983052,732.0,A,LRP051,Sylhet 180 km
N2,1002133,bridge,bridge 664,24.0167493,90.8042778,5.4,A,LRP051a,CHITAMNI BOX CULVERT
N2,1002134,link,link 1431,24.0174993,90.8054167,148.0,A,LRP052,Sylhet 179 km
N2,1002135,bridge,bridge 665,24.0205549,90.81025,11.0,A,LRP052a,CHAITANUE BOX CULVERT
N2,1002136,link,link 1432,24.0226104,90.8135,400.0,A,LRP053,Sylhet 178 km
N2,1002137,bridge,bridge 666,24.0262493,90.8192216,7.3,A,LRP053a,KAMARTEK BOX CULVERT
N2,1002138,link,link 1433,24.0277771,90.8215827,292.0,A,LRP054,Sylhet 177 km
N2,1002139,bridge,bridge 667,24.0288327,90.8232493,7.25,A,LRP054a,GABTALI BOX CULVERT
N2,1002140,bridge,bridge 668,24.0326382,90.8294716,3.5,A,LRP054b,MARJAL BOX CULVERT
N2,1002141,link,link 1434,24.0328049,90.8297493,28.0,A,LRP055,Sylhet 176 km
N2,1002142,link,link 1435,24.0341386,90.8320827,280.0,A,LRP055a,Road to Belobo(Z2042)
N2,1002143,bridge,bridge 669,24.0364719,90.8356663,4.0,A,LRP055b,MARGAL BOX CULVERT
N2,1002144,link,link 1436,24.0378052,90.8378886,272.0,A,LRP056,Sylhet 175 km
N2,1002145,bridge,bridge 670,24.0386108,90.8391941,4.0,A,LRP056a,BARMANERTEK BOX CULVERT
N2,1002146,bridge,bridge 671,24.040083,90.8429163,17.75,B,LRP056b,BITIMARGAL BRIGE
N2,1002147,link,link 1437,24.0401386,90.8431108,18.0,A,LRP056c,Bridge end
N2,1002148,link,link 1438,24.0411386,90.8473886,404.0,A,LRP057,Km post missing
N2,1002149,bridge,bridge 672,24.0414441,90.848583,3.5,A,LRP057a,BITIMARGAL BOX CULVERT
N2,1002150,bridge,bridge 673,24.0418052,90.8501389,3.5,A,LRP057b,SHIMELTALA BOX CULVERT
N2,1002151,bridge,bridge 674,24.042583,90.8538333,3.5,B,LRP057c,CHARABAG BOX CULVERT
N2,1002152,link,link 1439,24.0431941,90.8565278,282.0,A,LRP058,Sylhet 173 km
N2,1002153,bridge,bridge 675,24.0469163,90.8621389,141.61,C,LRP058a,Bridge Over Arial
N2,1002154,link,link 1440,24.0477497,90.8633056,157.0,A,LRP058b,Bridge end
N2,1002155,bridge,bridge 676,24.0484163,90.8641111,40.6,B,LRP058c,Shibpur Bridge
N2,1002156,link,link 1441,24.0486663,90.8644167,35.0,A,LRP058d,Bridge end
N2,1002157,link,link 1442,24.0491941,90.8650833,90.0,A,LRP059,Sylhet 172 km
N2,1002158,bridge,bridge 677,24.0496663,90.8656389,4.0,A,LRP059a,BARAICHA CULVERT
N2,1002159,link,link 1443,24.0514167,90.8693327,420.0,A,LRP059b,Road to Rajpur (Z2041)
N2,1002160,link,link 1444,24.0515,90.8731104,407.0,A,LRP060,Sylhet 171 km
N2,1002161,bridge,bridge 678,24.0514722,90.874166,37.9,A,LRP060a,KHAMACHOR BRIDGE
N2,1002162,link,link 1445,24.0514722,90.8745549,41.0,A,LRP060b,Bridge end
N2,1002163,bridge,bridge 679,24.0515,90.8788604,7.3,A,LRP060c,CURMARA CULVERT
N2,1002164,link,link 1446,24.0515833,90.8829438,412.0,A,LRP061,Sylhet 170 km
N2,1002165,bridge,bridge 680,24.0518889,90.8861386,7.3,A,LRP061a,DARIKANDI CULVERT
N2,1002166,link,link 1447,24.0525,90.8927497,675.0,A,LRP062,Sylhet 169 km
N2,1002167,bridge,bridge 681,24.0529167,90.8988608,11.8,A,LRP062a,NOYA KANDI
N2,1002168,link,link 1448,24.0529444,90.8989719,15.0,A,LRP062b,Bridge end
N2,1002169,link,link 1449,24.0532222,90.9025,356.0,A,LRP063,Sylhet 168 km
N2,1002170,bridge,bridge 682,24.0533056,90.9035556,11.5,B,LRP063a,PATILA DUA BRIDGE
N2,1002171,link,link 1450,24.0533056,90.9036667,13.0,A,LRP063b,Bridge end
N2,1002172,link,link 1451,24.054,90.9124167,890.0,A,LRP064,Sylhet 167 km
N2,1002173,bridge,bridge 683,24.0543056,90.9164722,4.0,A,LRP064a,NARAYERPUR CULVERT
N2,1002174,bridge,bridge 684,24.0545,90.9184716,202.0,A,LRP064b,Narayanpur Bridge
N2,1002175,link,link 1452,24.0547222,90.9213049,295.0,A,LRP064c,Bridge start
N2,1002176,link,link 1453,24.0547222,90.9214438,14.0,A,LRP064d,Bridge end
N2,1002177,link,link 1454,24.0547778,90.9220827,65.0,A,LRP065,Sylhet 166 km
N2,1002178,link,link 1455,24.0555556,90.9319993,1000.0,A,LRP066,Km post broken
N2,1002179,bridge,bridge 685,24.0560278,90.9396108,3.6,A,LRP066a,MUNDABAD BOX CULVERT
N2,1002180,link,link 1456,24.0561667,90.9416941,212.0,A,LRP067,Sylhet 164 km
N2,1002181,bridge,bridge 686,24.0565833,90.9459163,15.85,A,LRP067a,Mahmudabad Bridge
N2,1002182,link,link 1457,24.0565833,90.9460552,16.0,A,LRP067b,Bridge end
N2,1002183,bridge,bridge 687,24.05675,90.9488886,4.0,A,LRP067c,MANDABUS -3 BOX CULVERT
N2,1002184,link,link 1458,24.0569167,90.9513889,260.0,A,LRP068,Sylhet 163 km
N2,1002185,link,link 1459,24.0569167,90.9534167,210.0,A,LRP068a,Box culvert
N2,1002186,bridge,bridge 688,24.057,90.9559722,7.3,B,LRP068b,mundubus 5 boxculvert
N2,1002187,link,link 1460,24.0575556,90.9587778,295.0,A,LRP069,Sylhet 162 km
N2,1002188,bridge,bridge 689,24.0576111,90.9612222,428.91,C,LRP069a,OLD BRAMMAPULRA
N2,1002189,link,link 1461,24.0570556,90.9654167,430.0,A,LRP069b,Bridge end/ Start of Kishoreganj road Division / Bridge end/ Start of Kishoreganj road Division
N2,1002190,link,link 1462,24.0570833,90.9685271,312.0,A,LRP070,Km post missing
N2,1002191,bridge,bridge 690,24.0570278,90.9696382,4.0,A,LRP070a,LAXMEPUR CULVERT
N2,1002192,bridge,bridge 691,24.057,90.969916,6.0,C,LRP070b,KOMOLPUR CULVERT (1)
N2,1002193,bridge,bridge 692,24.0563056,90.9743604,6.0,A,LRP070c,KAMOLAPUR CULVERT
N2,1002194,link,link 1463,24.0561944,90.9752216,91.0,A,LRP070d,Box culvert
N2,1002195,link,link 1464,24.0558611,90.9783327,301.0,A,LRP071,Km post missing
N2,1002196,link,link 1465,24.0553889,90.9828604,478.0,A,LRP071a,Road to Kishoreganj(R360)
N2,1002197,link,link 1466,24.054,90.9876386,504.0,A,LRP071b,Start of Narsingdi road Division / Start of Narsingdi road Division
N2,1002198,link,link 1467,24.0539722,90.9877219,18.0,A,LRP072,Km post missing
N2,1002199,bridge,bridge 693,24.0508333,90.9901108,14.0,A,LRP072a,NEAR BHAIRAB SLAB CULVERT
N2,1002200,link,link 1468,24.048833,90.9916941,183.0,A,LRP072b,Bhairab Bridge
N2,1002201,link,link 1469,24.047083,90.9934997,277.0,A,LRP073,Km post missing
N2,1002202,link,link 1470,24.0409997,90.9998052,934.0,A,LRP073a,Bridge end
N2,1002203,link,link 1471,24.0405552,91.0002778,66.0,A,LRP074,Km post missing
N2,1002204,bridge,bridge 694,24.0390274,91.0023611,6.1,A,LRP074a,SONAROMPUR
N2,1002205,bridge,bridge 695,24.0387219,91.0037778,3.1,C,LRP074b,SONARAMPUR CULVERT
N2,1002206,link,link 1472,24.0385274,91.00425,33.0,A,LRP074c,Start of Brahamanbaria road Division / Start of Brahamanbaria road Division
N2,1002207,link,link 1473,24.0376386,91.0067778,301.0,A,LRP074d,Box Culvert
N2,1002208,link,link 1474,24.0373052,91.0073056,65.0,A,LRP074e,Box Culvert
N2,1002209,link,link 1475,24.0368608,91.0090278,166.0,A,LRP075,Km post missing
N2,1002210,bridge,bridge 696,24.0360274,91.01325,3.15,C,LRP075a,SUNARAMPUR CULVERT
N2,1002211,bridge,bridge 697,24.0364441,91.0158611,79.75,D,LRP075b,SUNARAMPUR BRIGE
N2,1002212,link,link 1476,24.0368886,91.0183604,261.0,A,LRP075c,Box culvert
N2,1002213,link,link 1477,24.0368886,91.0185271,19.0,A,LRP076,Km post missing
N2,1002214,bridge,bridge 698,24.0379441,91.0241382,3.15,A,LRP076a,SUNSRAMPUR CULVERT
N2,1002215,bridge,bridge 699,24.0381108,91.0248604,6.1,A,LRP076b,SOHAGPUR 1
N2,1002216,link,link 1478,24.0386941,91.0280827,332.0,A,LRP077,Km post missing
N2,1002217,bridge,bridge 700,24.0386941,91.0281938,12.5,A,LRP077a,SOHAGPUR 2
N2,1002218,link,link 1479,24.0390274,91.0299716,984.0,A,LRP078,Sylhet 154 km
N2,1002219,bridge,bridge 701,24.0401663,91.0354997,12.3,A,LRP078a,KAMORA
N2,1002220,link,link 1480,24.0407219,91.0384719,317.0,A,LRP078b,Box culvert
N2,1002221,link,link 1481,24.0408886,91.0395552,108.0,A,LRP079,Sylhet 153 km
N2,1002222,bridge,bridge 702,24.0426108,91.048583,3.1,A,LRP079a,KHARIALA 2
N2,1002223,link,link 1482,24.0426941,91.0491941,60.0,A,LRP080,Sylhet 152 km
N2,1002224,link,link 1483,24.0437219,91.0581944,926.0,A,LRP080a,Box culvert
N2,1002225,link,link 1484,24.0437774,91.059,74.0,A,LRP081,Km post missing
N2,1002226,bridge,bridge 703,24.0443886,91.0640556,9.5,A,LRP081a,BATHTOLA-2 BOX CULVERT
N2,1002227,bridge,bridge 704,24.044833,91.0677771,6.1,A,LRP081b,BETHTOLA BOX CULVERT
N2,1002228,link,link 1485,24.0449441,91.0687493,102.0,A,LRP082,Sylhet 150 km
N2,1002229,bridge,bridge 705,24.0456941,91.074416,4.5,B,LRP082a,MALIHATA BOX CULVERT
N2,1002230,link,link 1486,24.0461941,91.0784438,418.0,A,LRP082b,Box culvert
N2,1002231,link,link 1487,24.0461941,91.0786382,10.0,A,LRP083,Sylhet 149 km
N2,1002232,link,link 1488,24.0473608,91.0882219,985.0,A,LRP084,Sylhet 178 km
N2,1002233,bridge,bridge 706,24.0480274,91.0937497,3.6,A,LRP084a,KUTTAPARCA CULVERT
N2,1002234,link,link 1489,24.04852946252677,91.09796662762312,422.0,A,LRP085,Sylhet 147 km
N2,1002235,link,link 1490,24.048583,91.0984163,45.0,A,LRP085a,Box culvert
N2,1002236,intersection,intersection 30,24.0496941,91.1076389,950.0,A,LRP085b,Box culvert
N2,1002237,intersection,intersection 31,24.0497219,91.10775,15.0,A,LRP086,Sylhet 146 km
N2,1002238,bridge,bridge 707,24.0508333,91.1144444,22.96,C,LRP086a,Kuttu para Bridge
N2,1002239,intersection,intersection 32,24.0533056,91.1146111,290.0,A,LRP087,Km post missing
N2,1002240,bridge,bridge 708,24.0576944,91.1151389,3.0,A,LRP087a,GURAICHARI
N2,1002241,link,link 1491,24.0584167,91.1186938,397.0,A,LRP087b,Bridge start
N2,1002242,link,link 1492,24.0583889,91.118916,25.0,A,LRP087c,Bridge end
N2,1002243,link,link 1493,24.0583333,91.1195271,61.0,A,LRP088,Sylhet 144 km
N2,1002244,bridge,bridge 709,24.0571667,91.1285271,22.95,C,LRP088a,Khalkata Bridge
N2,1002245,link,link 1494,24.0570556,91.1292216,76.0,A,LRP089,Sylhet 143 km
N2,1002246,bridge,bridge 710,24.0558889,91.1378608,23.0,A,LRP089a,ISLAMABAD BRIGE
N2,1002247,link,link 1495,24.0558611,91.138083,25.0,A,LRP089b,Bridge end
N2,1002248,link,link 1496,24.0557778,91.1389719,88.0,A,LRP090,Sylhet 142 km
N2,1002249,bridge,bridge 711,24.0549722,91.1451941,43.88,C,LRP090a,Bari vara Bridge
N2,1002250,link,link 1497,24.0549444,91.1453886,19.0,A,LRP090b,Bridge end
N2,1002251,link,link 1498,24.0543611,91.1486941,338.0,A,LRP091,Sylhet 141 km
N2,1002252,bridge,bridge 712,24.05425,91.1503889,4.1,B,LRP091a,BARIUSE BOX CULVERT
N2,1002253,bridge,bridge 713,24.0541944,91.1508333,42.65,C,LRP091b,Shabaj Pur Bridge
N2,1002254,link,link 1499,24.0533889,91.1584444,781.0,A,LRP092,Sylhet 140 km
N2,1002255,bridge,bridge 714,24.0532222,91.1593333,12.0,A,LRP092a,BARURA BOX CULVERT
N2,1002256,bridge,bridge 715,24.0524444,91.1659722,10.45,A,LRP092b,SHAHA BAZAR BOX CULVERT
N2,1002257,link,link 1500,24.0523611,91.1665,57.0,A,LRP092c,Bridge end
N2,1002258,link,link 1501,24.0521111,91.1681938,169.0,A,LRP093,Sylhet 139 km
N2,1002259,bridge,bridge 716,24.0514167,91.1708882,202.55,C,LRP093a,Titas Bridge
N2,1002260,link,link 1502,24.0479163,91.1767493,715.0,A,LRP094,Sylhet 138 km
N2,1002261,bridge,bridge 717,24.0462497,91.1772216,4.0,C,LRP094a,RAZABAZAR BOX CULVERT
N2,1002262,link,link 1503,24.0444163,91.1772493,207.0,A,LRP094b,Bridge end
N2,1002263,link,link 1504,24.0428052,91.1803327,422.0,A,LRP094c,Bridge start
N2,1002264,link,link 1505,24.0428052,91.1805827,28.0,A,LRP094d,Bridge end
N2,1002265,link,link 1506,24.0427774,91.1820549,147.0,A,LRP095,Km post missing
N2,1002266,bridge,bridge 718,24.0428052,91.1899441,10.4,A,LRP095a,BOE SHASY BOX CULVERT
N2,1002267,link,link 1507,24.042833,91.1919997,198.0,A,LRP096,Sylhet 136 km
N2,1002268,bridge,bridge 719,24.0430552,91.1997774,10.4,A,LRP096a,DABISOR BOX CULVERT
N2,1002269,link,link 1508,24.0431108,91.2016944,194.0,A,LRP097,Sylhet 135 km
N2,1002270,bridge,bridge 720,24.0429997,91.2045,35.01,B,LRP097a,Rampur Bridge-2
N2,1002271,link,link 1509,24.0409719,91.2079444,413.0,A,LRP097b,Bridge start
N2,1002272,link,link 1510,24.0406108,91.2084722,67.0,A,LRP097c,Bridge end
N2,1002273,link,link 1511,24.0407497,91.2105,225.0,A,LRP098,Km post missing
N2,1002274,bridge,bridge 721,24.0419719,91.2138333,27.03,C,LRP098a,Khilsima Bridge
N2,1002275,bridge,bridge 722,24.042083,91.2141667,4.0,A,LRP098b,CHANDURA BOX CULVERT
N2,1002276,link,link 1512,24.043833,91.2196938,591.0,A,LRP099,Km post missing
N2,1002277,link,link 1513,24.0443608,91.2213882,181.0,A,LRP099a,Bridge start
N2,1002278,link,link 1514,24.0444163,91.2216382,28.0,A,LRP099b,Bridge end
N2,1002279,link,link 1515,24.0460552,91.2292771,796.0,A,LRP100,Sylhet 132 km
N2,1002280,bridge,bridge 723,24.0472219,91.2358608,65.3,A,LRP100a,BUDUNTI P C GIRDER BRIDGE
N2,1002281,link,link 1516,24.0487497,91.2382497,311.0,A,LRP101,Sylhet 131 km
N2,1002282,bridge,bridge 724,24.0529167,91.2412497,4.0,A,LRP101a,BULUNTI 2 BOX CULVERT
N2,1002283,link,link 1517,24.0534444,91.2415274,67.0,A,LRP101b,Bridge end
N2,1002284,link,link 1518,24.0566111,91.2431941,382.0,A,LRP102,Sylhet 130 km
N2,1002285,bridge,bridge 725,24.0599722,91.2464163,9.3,A,LRP102a,BURUNDI (3) BOX CULVERT
N2,1002286,link,link 1519,24.0624722,91.2491663,396.0,A,LRP102b,Box culvert
N2,1002287,link,link 1520,24.0631667,91.2499163,105.0,A,LRP103,Sylhet 129 km
N2,1002288,bridge,bridge 726,24.0683604,91.2558056,3.5,B,LRP103a,SHASHI BOX CULVERT
N2,1002289,link,link 1521,24.0694438,91.257,169.0,A,LRP104,Sylhet 128 km
N2,1002290,bridge,bridge 727,24.0715271,91.2593056,9.0,A,LRP104a,BILPASA CULVERT
N2,1002291,link,link 1522,24.074916,91.2629444,529.0,A,LRP104b,Box culvert
N2,1002292,link,link 1523,24.0758604,91.2639444,144.0,A,LRP105,Sylhet 127 km
N2,1002293,bridge,bridge 728,24.0803049,91.2687771,3.5,A,LRP105a,AMTOLI CULVERT
N2,1002294,link,link 1524,24.0820827,91.2709438,301.0,A,LRP106,Km post missing
N2,1002295,bridge,bridge 729,24.0823604,91.2796938,4.0,A,LRP106a,ARINAGAR CULVERT
N2,1002296,link,link 1525,24.082666,91.2801104,50.0,A,LRP107,Sylhet 125 km
N2,1002297,bridge,bridge 730,24.0850552,91.2836941,68.09,C,LRP107a,Madhab pur Bridge
N2,1002298,link,link 1526,24.0869997,91.2870274,419.0,A,LRP107b,Box culvert
N2,1002299,link,link 1527,24.0881108,91.2874997,131.0,A,LRP108,Information missing
N2,1002300,bridge,bridge 731,24.094083,91.2896386,3.0,A,LRP108a,KODHMADAB PUR
N2,1002301,link,link 1528,24.0946386,91.289833,65.0,A,LRP108b,Bridge end
N2,1002302,link,link 1529,24.0967774,91.2906386,234.0,A,LRP109,Km post missing
N2,1002303,bridge,bridge 732,24.0995274,91.2936386,19.4,C,LRP109a,MADABPUR (KACHARI)
N2,1002304,link,link 1530,24.1032778,91.2972219,562.0,A,LRP110,Sylhet 122 km
N2,1002305,bridge,bridge 733,24.1069722,91.2999441,36.7,C,LRP110a,Mirnagar Bridge
N2,1002306,link,link 1531,24.1071111,91.3000278,22.0,A,LRP110b,Bridge end
N2,1002307,link,link 1532,24.1105556,91.3030833,481.0,A,LRP111,Sylhet 121 km
N2,1002308,bridge,bridge 734,24.1121667,91.3048611,4.0,A,LRP111a,HARIA BOX CULVERT
N2,1002309,link,link 1533,24.1123889,91.3050556,38.0,A,LRP111b,Bridge end
N2,1002310,link,link 1534,24.1169993,91.3099722,710.0,A,LRP112,Sylhet 120 km
N2,1002311,bridge,bridge 735,24.1202771,91.3131667,30.0,B,LRP112a,UNDHIURA P C G BRIDGE
N2,1002312,link,link 1535,24.1238882,91.3163611,505.0,A,LRP113,Sylhet 119 km
N2,1002313,bridge,bridge 736,24.1268049,91.3189438,25.0,B,LRP113a,DOKHIN BEDHOSA
N2,1002314,link,link 1536,24.127070117465752,91.31909743458904,34.0,A,LRP113b,Bridge end
N2,1002315,link,link 1537,24.1313604,91.3215827,550.0,A,LRP114,Sylhet 118 km
N2,1002316,bridge,bridge 737,24.1356941,91.3234993,40.7,A,LRP114a,BEGURA 2 PC GIRDER BRIDGE
N2,1002317,link,link 1538,24.1359163,91.3235271,26.0,A,LRP114b,Bridge end
N2,1002318,link,link 1539,24.1396941,91.3253049,453.0,A,LRP115,Sylhet 117 km
N2,1002319,bridge,bridge 738,24.1416663,91.326916,22.8,A,LRP115a,BEGURGA 1 PC GIRDER BRIDGE
N2,1002320,link,link 1540,24.1418886,91.3272216,42.0,A,LRP115b,Bridge end
N2,1002321,link,link 1541,24.1440552,91.3336386,681.0,A,LRP116,Sylhet 116 km
N2,1002322,bridge,bridge 739,24.1448886,91.3366108,2.0,B,LRP116a,WORLDKOAL CULVERT
N2,1002323,link,link 1542,24.1449441,91.336833,22.0,A,LRP116b,Bridge end
N2,1002324,link,link 1543,24.1466386,91.3430552,658.0,A,LRP117,Sylhet 115 km
N2,1002325,bridge,bridge 740,24.1471663,91.345083,2.0,A,LRP117a,JAGADISHPUR
N2,1002326,bridge,bridge 741,24.1478608,91.3464441,10.6,A,LRP117b,JAGADISHPUR
N2,1002327,intersection,intersection 33,24.1481941,91.3466108,44.0,A,LRP117c,Box culvert
N2,1002328,bridge,bridge 742,24.1498886,91.3474441,2.0,C,LRP117d,JAGADISPUR 3 BOX CULVERT
N2,1002329,intersection,intersection 34,24.15225,91.3484441,287.0,A,LRP117e,Box culvert
N2,1002330,intersection,intersection 35,24.1530278,91.3486108,86.0,A,LRP118,Sylhet 114 km
N2,1002331,bridge,bridge 743,24.15425,91.3487774,4.25,A,LRP118a,JAGADISHPUR 2 BOX CULVERT
N2,1002332,bridge,bridge 744,24.1574167,91.3488608,10.6,A,LRP118b,JOGIDISH PUR CULVERT
N2,1002333,link,link 1544,24.1592222,91.3489163,163.0,A,LRP118c,Box culvert
N2,1002334,bridge,bridge 745,24.1615,91.3489719,2.0,A,LRP118d,BELGOR CULVERT
N2,1002335,link,link 1545,24.1619722,91.3489997,49.0,A,LRP119,Km post missing
N2,1002336,bridge,bridge 746,24.1635278,91.3490274,8.2,A,LRP119a,NARAONPUR CULVERT
N2,1002337,bridge,bridge 747,24.1655278,91.3490274,6.4,B,LRP119b,NANAR KHOLA CULVERT
N2,1002338,bridge,bridge 748,24.1686104,91.3490274,3.1,A,LRP119c,ITAKHOLA BOX CULVERT
N2,1002339,link,link 1546,24.1700827,91.3490274,164.0,A,LRP119d,Box culvert
N2,1002340,link,link 1547,24.1709993,91.3490552,92.0,A,LRP120,Sylhet 112 km
N2,1002341,bridge,bridge 749,24.1727493,91.3490552,4.2,A,LRP120a,ITAKHOLA CULVERT
N2,1002342,bridge,bridge 750,24.1748604,91.3490552,1.6,A,LRP120b,BANGADOBA
N2,1002343,link,link 1548,24.1790271,91.349833,467.0,A,LRP120c,Box culvert
N2,1002344,link,link 1549,24.1799993,91.35,106.0,A,LRP121,Sylhet 111 km
N2,1002345,bridge,bridge 751,24.1853469696,91.3503311376,17.12,A,LRP121a,BANGADOBA BOX CULVERT
N2,1002346,link,link 1550,24.1889719,91.3505556,404.0,A,LRP122,Sylhet 110 km
N2,1002347,bridge,bridge 752,24.191083,91.3505278,6.22,A,LRP122a,PATONPUR
N2,1002348,bridge,bridge 753,24.1941386,91.3505278,3.5,A,LRP122b,RATONPUR BOX CULVERT
N2,1002349,link,link 1551,24.1977774,91.3509167,407.0,A,LRP123,Sylhet 109 km
N2,1002350,bridge,bridge 754,24.1985274,91.351,7.8,A,LRP123a,NOWA PARA BOX CULVERT
N2,1002351,link,link 1552,24.20225,91.3515833,429.0,A,LRP123b,Box culvert
N2,1002352,bridge,bridge 755,24.2041389,91.3519167,2.0,A,LRP123c,NOWA PARA
N2,1002353,link,link 1553,24.2067222,91.3532222,310.0,A,LRP124,Sylhet 108 km
N2,1002354,bridge,bridge 756,24.2078056,91.3539722,29.5,A,LRP124a,SHAPUR
N2,1002355,link,link 1554,24.2088889,91.3546944,145.0,A,LRP124b,Box culvert
N2,1002356,bridge,bridge 757,24.2108333,91.3560278,3.3,A,LRP124c,SAHAPUR BOX CULVERT
N2,1002357,link,link 1555,24.2110556,91.3561944,33.0,A,LRP124d,Bridge end
N2,1002358,link,link 1556,24.2141667,91.3586111,421.0,A,LRP125,Sylhet 107 km
N2,1002359,bridge,bridge 758,24.2141944,91.3586389,6.3,A,LRP125a,HORITOLA BOX CULVERT
N2,1002360,bridge,bridge 759,24.2185827,91.36275,4.3,A,LRP125b,HARITALA 2 BOX CULVERT
N2,1002361,bridge,bridge 760,24.2197493,91.3635833,6.6,A,LRP125c,HORI TOLA BOX CULVERT
N2,1002362,bridge,bridge 761,24.2212771,91.36425,5.3,A,LRP125d,HORITALA BOX CULVERT
N2,1002363,link,link 1557,24.2214438,91.3642778,13.0,A,LRP126,Sylhet 106 km
N2,1002364,bridge,bridge 762,24.223166,91.3647222,8.1,A,LRP126a,SHIBPUR BOX CULVERT
N2,1002365,bridge,bridge 763,24.2256382,91.3645278,2.0,A,LRP126b,SHIBPUR BOX CULVERT
N2,1002366,bridge,bridge 764,24.2295549,91.3664722,6.6,A,LRP126c,SHIBPUR BOX CULVERT
N2,1002367,bridge,bridge 765,24.2300827,91.3666111,4.3,A,LRP126d,SHIBPUR BOX CULVERT
N2,1002368,link,link 1558,24.2301938,91.3666389,10.0,A,LRP127,Sylhet 105 km
N2,1002369,bridge,bridge 766,24.231166,91.3669716,2.0,A,LRP127a,SHIBPUR BOX CULVERT
N2,1002370,bridge,bridge 767,24.2349163,91.3679438,1.5,A,LRP127b,SOUDURP 2
N2,1002371,bridge,bridge 768,24.2358608,91.3680827,1.5,A,LRP127c,RIAZNAZAR BOX CULVERT
N2,1002372,link,link 1559,24.2390274,91.3687216,346.0,A,LRP128,Sylhet 104 km
N2,1002373,bridge,bridge 769,24.239871780645164,91.36895125558311,1.5,A,LRP128a,RIAZ NAGAR BOX CULVERT
N2,1002374,bridge,bridge 770,24.2424997,91.369666,6.6,A,LRP128b,TAJPUR BOX CULVERT
N2,1002375,link,link 1560,24.2476663,91.3712493,602.0,A,LRP129,Sylhet 103 km
N2,1002376,bridge,bridge 771,24.2477774,91.3712771,1.5,A,LRP129a,JAJPUR BOX CULVERT
N2,1002377,bridge,bridge 772,24.2506111,91.3726104,3.3,A,LRP129b,TAJPUR BOX CULVERT
N2,1002378,bridge,bridge 773,24.25325,91.3741382,3.3,A,LRP129c,BAKHARNAGAR BOX CULVERT
N2,1002379,link,link 1561,24.2555556,91.3761104,324.0,A,LRP130,Sylhet 102 km
N2,1002380,bridge,bridge 774,24.2558889,91.3763049,1.5,A,LRP130a,CHARA BOX CULVERT
N2,1002381,bridge,bridge 775,24.2585833,91.3780827,4.3,A,LRP130b,CHARA BOX CULVERT
N2,1002382,bridge,bridge 776,24.2609444,91.3794716,3.0,A,LRP130c,CHARA BOX CULVERT
N2,1002383,bridge,bridge 777,24.2620833,91.3801382,4.2,B,LRP130d,GORIPUR BOX CULVERT
N2,1002384,link,link 1562,24.2633333,91.3808604,163.0,A,LRP131,Sylhet 101 km
N2,1002385,bridge,bridge 778,24.2655278,91.3821382,2.6,B,LRP131a,GORIPUR BOX CULVERT
N2,1002386,bridge,bridge 779,24.2675549,91.3830827,2.0,A,LRP131b,OLIPUR BOX CULVERT
N2,1002387,link,link 1563,24.2713327,91.3853608,491.0,A,LRP132,Sylhet 100 km
N2,1002388,bridge,bridge 780,24.2712493,91.3869719,4.3,A,LRP132a,LEVEL CROSING BOX CULVERT
N2,1002389,bridge,bridge 781,24.2710271,91.3923052,1.7,A,LRP132b,OLIPUR BOX CULVERT
N2,1002390,bridge,bridge 782,24.2714716,91.3932219,2.0,A,LRP132c,SHARALDI BOX CULVERT
N2,1002391,link,link 1564,24.2720549,91.3946386,146.0,A,LRP133,Sylhet 99 km
N2,1002392,bridge,bridge 783,24.2721938,91.3949441,83.3,A,LRP133a,Shutan Bazar Bridge
N2,1002393,link,link 1565,24.2759993,91.4034167,959.0,A,LRP134,Sylhet 98 km
N2,1002394,bridge,bridge 784,24.2762771,91.4039167,2.6,A,LRP134a,SATANKONADI BRIDGE
N2,1002395,bridge,bridge 785,24.2768882,91.4046111,2.6,A,LRP134b,SATANKANADI
N2,1002396,bridge,bridge 786,24.278416,91.4077222,2.5,A,LRP134c,NURPUR
N2,1002397,link,link 1566,24.2793604,91.4093056,197.0,A,LRP134d,Box culvert
N2,1002398,link,link 1567,24.2803882,91.4111389,217.0,A,LRP134e,Box culvert
N2,1002399,link,link 1568,24.2806938,91.4118333,86.0,A,LRP135,Sylhet 97 km
N2,1002400,bridge,bridge 787,24.2819993,91.4183049,2.6,A,LRP135a,NURPUR CULVERT
N2,1002401,link,link 1569,24.2821938,91.4213882,308.0,A,LRP136,Sylhet 96 km
N2,1002402,link,link 1570,24.2821382,91.4219716,76.0,A,LRP136a,R221
N2,1002403,link,link 1571,24.2818882,91.4235549,152.0,A,LRP136b,Box culvert
N2,1002404,link,link 1572,24.2806104,91.4312771,782.0,A,LRP137,Sylhet 95 km
N2,1002405,bridge,bridge 788,24.2799993,91.436083,12.5,A,LRP137a,BORCLAR CULVERT
N2,1002406,link,link 1573,24.2790827,91.4407774,485.0,A,LRP138,Sylhet 94 km
N2,1002407,bridge,bridge 789,24.2759438,91.4445274,2.6,A,LRP138a,BORCHAR
N2,1002408,link,link 1574,24.2725271,91.4477774,489.0,A,LRP139,Sylhet 93 km
N2,1002409,bridge,bridge 790,24.272416,91.4478608,2.6,A,LRP139a,BISHOROAH BOX CULVERT
N2,1002410,bridge,bridge 791,24.2691382,91.4509722,2.1,A,LRP139b,BISHOROAD CULVERT
N2,1002411,link,link 1575,24.2663611,91.45475,496.0,A,LRP139c,Box culvert
N2,1002412,link,link 1576,24.2663889,91.45475,10.0,A,LRP140,Sylhet 92 km
N2,1002413,bridge,bridge 792,24.2665556,91.4595833,2.1,A,LRP140a,WORLD ROAD CULVERT
N2,1002414,link,link 1577,24.2668327,91.4645278,499.0,A,LRP140b,Box culvert
N2,1002415,link,link 1578,24.2668327,91.4645833,7.0,A,LRP141,Sylhet 91 km
N2,1002416,bridge,bridge 793,24.2671382,91.4706382,1.6,A,LRP141a,BIRAM CHAR BOX CULVERT
N2,1002417,link,link 1579,24.2672493,91.4743604,374.0,A,LRP142,Sylhet 90 km
N2,1002418,link,link 1580,24.2672216,91.4745827,26.0,A,LRP142a,Box culvert
N2,1002419,intersection,intersection 36,24.2676938,91.4768882,251.0,A,LRP142b,R240 to Habiganj / N204 to Chunarughat
N2,1002420,intersection,intersection 37,24.2701104,91.478416,315.0,A,LRP142d,Bridge start
N2,1002421,intersection,intersection 38,24.271666,91.4792493,196.0,A,LRP142e,Bridge end
N2,1002422,intersection,intersection 39,24.2733604,91.4801382,207.0,A,LRP143,Sylhet 89 km
N2,1002423,link,link 1581,24.276166,91.4815549,346.0,A,LRP143a,Rail Road Crossing
N2,1002424,link,link 1582,24.2793882,91.4868886,659.0,A,LRP144,Sylhet 88 km
N2,1002425,link,link 1583,24.2799716,91.4879163,123.0,A,LRP144a,Bridge start
N2,1002426,link,link 1584,24.2801104,91.4881386,27.0,A,LRP144b,Bridge end
N2,1002427,link,link 1585,24.2843608,91.4951108,850.0,A,LRP145,Sylhet 87 km
N2,1002428,bridge,bridge 794,24.2861663,91.4980552,12.6,C,LRP145a,BASHUINA BOX CULVERT
N2,1002429,link,link 1586,24.2873886,91.5003333,278.0,A,LRP145b,Box culvert
N2,1002430,link,link 1587,24.2892219,91.5034444,366.0,A,LRP146,Sylhet 86 km
N2,1002431,bridge,bridge 795,24.2908052,91.5055278,2.0,A,LRP146a,BAINA BOX CULVERT
N2,1002432,intersection,intersection 40,24.2947219,91.5100833,639.0,A,LRP146b,Road to Srimongal(N207)
N2,1002433,intersection,intersection 41,24.2954163,91.5104167,85.0,A,LRP147,Information missing
N2,1002434,bridge,bridge 796,24.2978886,91.5111944,1.5,A,LRP147a,JOYPUR BOX CULVERT
N2,1002435,bridge,bridge 797,24.3004444,91.5119444,17.2,A,LRP147b,MIRPUR BOX CULVERT
N2,1002436,intersection,intersection 42,24.30275,91.51325,288.0,A,LRP147c,Box culvert
N2,1002437,intersection,intersection 43,24.3036944,91.514,122.0,A,LRP148,Sylhet 84 km
N2,1002438,bridge,bridge 798,24.3055556,91.5169438,2.0,A,LRP148a,RUPSANKAR BOX CULVERT
N2,1002439,bridge,bridge 799,24.3075278,91.518166,1.5,A,LRP148b,KHAMAR GOAN BOX CULVERT
N2,1002440,link,link 1588,24.3098056,91.5196104,298.0,A,LRP149,Sylhet 83 km
N2,1002441,bridge,bridge 800,24.313,91.522416,6.3,A,LRP149a,CHARGUY BOX CULVEFRT
N2,1002442,link,link 1589,24.3165833,91.5260827,544.0,A,LRP150,Sylhet 82 km
N2,1002443,bridge,bridge 801,24.3183604,91.5276382,41.0,A,LRP150a,Dowlatpur Bridge
N2,1002444,link,link 1590,24.3225271,91.5300271,523.0,A,LRP150b,Bridge start
N2,1002445,link,link 1591,24.3228604,91.5301938,46.0,A,LRP150c,Bridge end
N2,1002446,link,link 1592,24.3243049,91.530916,170.0,A,LRP151,Sylhet 81 km
N2,1002447,bridge,bridge 802,24.3271104,91.5321938,8.0,A,LRP151a,TOLAMPUR BOX CULVERT
N2,1002448,link,link 1593,24.3329716,91.5334719,655.0,A,LRP152,Km post missing
N2,1002449,bridge,bridge 803,24.3336663,91.5334997,1.3,A,LRP152a,JANJJALIA
N2,1002450,bridge,bridge 804,24.3367497,91.5336108,1.3,A,LRP152b,JANJJALIA
N2,1002451,bridge,bridge 805,24.3379163,91.5337774,4.2,A,LRP152c,JANNJALIA
N2,1002452,bridge,bridge 806,24.340333,91.5342497,10.6,A,LRP152d,KABIR PUR
N2,1002453,link,link 1594,24.3419441,91.5346108,179.0,A,LRP153,Sylhet 79 km
N2,1002454,bridge,bridge 807,24.3429719,91.5348052,3.0,A,LRP153a,ISLAMABAD
N2,1002455,bridge,bridge 808,24.3459719,91.535333,2.5,A,LRP153b,KABIR PUR CULVERT
N2,1002456,link,link 1595,24.3487497,91.5357497,305.0,A,LRP153c,Box culvert
N2,1002457,link,link 1596,24.3508333,91.536083,239.0,A,LRP154,Sylhet 78 km
N2,1002458,bridge,bridge 809,24.3535,91.5379441,58.5,B,LRP154a,Chalta Bazar Bridge
N2,1002459,link,link 1597,24.3538611,91.5384441,66.0,A,LRP154b,Bridge end
N2,1002460,bridge,bridge 810,24.3551111,91.5398608,3.0,A,LRP154c,CHALTA BOX CULVERT
N2,1002461,link,link 1598,24.3582222,91.5411386,384.0,A,LRP155,Km post broken
N2,1002462,bridge,bridge 811,24.363,91.5421663,3.0,A,LRP155a,CHALTA BAZAR BOX CULVERT
N2,1002463,link,link 1599,24.3668604,91.5438886,454.0,A,LRP156,Sylhet 76 km
N2,1002464,bridge,bridge 812,24.3682216,91.544583,19.0,A,LRP156a,ADITPUR
N2,1002465,link,link 1600,24.3683049,91.5446663,18.0,A,LRP156b,Bridge end
N2,1002466,link,link 1601,24.3731382,91.5470274,592.0,A,LRP156c,Box culvert
N2,1002467,link,link 1602,24.3750549,91.5479719,231.0,A,LRP157,Sylhet 75 km
N2,1002468,bridge,bridge 813,24.3774993,91.5491941,3.0,A,LRP157a,MOSHIDOLONG
N2,1002469,bridge,bridge 814,24.3819716,91.5513889,13.7,B,LRP157b,Moglie Bridge
N2,1002470,link,link 1603,24.3820549,91.5514167,16.0,A,LRP157c,Bridge end
N2,1002471,link,link 1604,24.3831938,91.5521111,132.0,A,LRP158,Sylhet 74 km
N2,1002472,bridge,bridge 815,24.3902523321393,91.55708278676616,2.6,A,LRP158a,DOVEREL
N2,1002473,link,link 1605,24.3908052,91.5574722,73.0,A,LRP159,Sylhet 73 km
N2,1002474,bridge,bridge 816,24.3926941,91.5587222,7.9,A,LRP159a,SHOURATUL
N2,1002475,bridge,bridge 817,24.3959163,91.5608333,5.2,A,LRP159b,HASANABAD BOX CULVERT
N2,1002476,bridge,bridge 818,24.3974163,91.5618333,5.4,A,LRP159c,HASANABAD
N2,1002477,link,link 1606,24.3985274,91.5626667,143.0,A,LRP160,Sylhet 72 km
N2,1002478,bridge,bridge 819,24.3998052,91.5635556,2.0,A,LRP160a,PUTI JURRI
N2,1002479,bridge,bridge 820,24.4034167,91.5644444,19.5,A,LRP160b,PUTA JURI PC GIRDER BRIDGE
N2,1002480,link,link 1607,24.406,91.5648889,294.0,A,LRP160c,Bridge start
N2,1002481,bridge,bridge 821,24.4061944,91.5648889,1.5,C,LRP160d,PUTA JURI BOX CULVERT
N2,1002482,link,link 1608,24.4071389,91.5649167,98.0,A,LRP161,Sylhet 71 km
N2,1002483,bridge,bridge 822,24.4076111,91.5649167,2.6,A,LRP161a,PUTA JURI SCHOOL
N2,1002484,bridge,bridge 823,24.4100556,91.5649722,5.0,A,LRP161b,KAZI MADAM
N2,1002485,link,link 1609,24.4161111,91.566,669.0,A,LRP162,Sylhet 70 km
N2,1002486,bridge,bridge 824,24.4166389,91.5661111,10.6,A,LRP162a,RAJSURAT BOX CULVERT
N2,1002487,link,link 1610,24.41938386425532,91.56687635787236,316.0,A,LRP162b,Box culvert
N2,1002488,bridge,bridge 825,24.4207216,91.5672493,4.0,A,LRP162c,SHUKCHAR
N2,1002489,bridge,bridge 826,24.4220827,91.5675549,2.0,A,LRP162d,SHUKCHAR
N2,1002490,bridge,bridge 827,24.4243327,91.5680271,3.8,A,LRP162e,SHUKCHAR
N2,1002491,link,link 1611,24.4248049,91.5681104,48.0,A,LRP163,Sylhet 69 km
N2,1002492,bridge,bridge 828,24.4260827,91.5682493,1.5,A,LRP163a,SUCK CHAR BOX CULVERT
N2,1002493,bridge,bridge 829,24.426416,91.5682493,1.5,A,LRP163b,COLTANPUR BOX CULVERT
N2,1002494,bridge,bridge 830,24.4274716,91.5681938,1.5,A,LRP163c,COLYANPUR BOX CULVERT
N2,1002495,bridge,bridge 831,24.4288882,91.5679438,5.3,A,LRP163d,SHAMREPUR BOX CULVERT
N2,1002496,link,link 1612,24.4308327,91.568166,218.0,A,LRP163e,Box culvert
N2,1002497,link,link 1613,24.4336663,91.5688049,325.0,A,LRP164,Sylhet 68 km
N2,1002498,bridge,bridge 832,24.4338608,91.5688327,6.2,A,LRP164a,BROCHAR BOX CULVERT
N2,1002499,bridge,bridge 833,24.4387774,91.5692216,14.8,A,LRP164b,BARO CLAR BRIDGE
N2,1002500,link,link 1614,24.43914347142857,91.56926223392855,41.0,A,LRP164c,Bridge start
N2,1002501,bridge,bridge 834,24.4392774,91.5692771,3.0,A,LRP164d,BARO CHAR BOX CULVERT
N2,1002502,link,link 1615,24.4421663,91.5698604,334.0,A,LRP164e,Box culvert
N2,1002503,link,link 1616,24.442618919808307,91.569971342492,50.0,A,LRP165,Sylhet 67 km
N2,1002504,bridge,bridge 835,24.4449997,91.5705549,19.5,B,LRP165a,Rokonpur Bridge
N2,1002505,link,link 1617,24.4452219,91.5706104,24.0,A,LRP165b,Bridge end
N2,1002506,bridge,bridge 836,24.4462497,91.570916,2.0,A,LRP165c,ROKAMPUR BOX CULVERT
N2,1002507,bridge,bridge 837,24.4476941,91.5713049,4.3,A,LRP165d,RAKONPUR BOX CULVERT
N2,1002508,link,link 1618,24.4515833,91.5718604,435.0,A,LRP166,Sylhet 66 km
N2,1002509,bridge,bridge 838,24.4527222,91.5719993,4.5,A,LRP166a,BURIMA BOX CULVERT
N2,1002510,bridge,bridge 839,24.45314813333333,91.5720456,4.5,C,LRP166b,BARIMA BOX CULVERT
N2,1002511,bridge,bridge 840,24.4552778,91.5722771,2.06,A,LRP166c,VORGOU BOX CULVERT
N2,1002512,bridge,bridge 841,24.4568333,91.5723882,6.12,A,LRP166d,VORGOU BOX CULVERT
N2,1002513,bridge,bridge 842,24.4591944,91.5725271,3.5,A,LRP166e,VORGOU BOX CULVERT
N2,1002514,link,link 1619,24.4604444,91.5726938,139.0,A,LRP167,Sylhet 65 km
N2,1002515,bridge,bridge 843,24.4605833,91.5744716,7.4,A,LRP167a,BOROKADI BOX CULVERT
N2,1002516,bridge,bridge 844,24.4636389,91.5733049,3.5,A,LRP167b,BOROKANSI BOX CULVERT
N2,1002517,bridge,bridge 845,24.4645,91.573416,51.5,B,LRP167c,Paniunda Bridge
N2,1002518,link,link 1620,24.469166,91.5736938,521.0,A,LRP167d,Bridge start
N2,1002519,link,link 1621,24.4696938,91.5737493,56.0,A,LRP167e,Bridge end
N2,1002520,link,link 1622,24.4708882,91.5738049,139.0,A,LRP168,Sylhet 64 km
N2,1002521,bridge,bridge 846,24.4732216,91.5743049,21.5,B,LRP168a,Paniunda Bridge
N2,1002522,link,link 1623,24.4733882,91.5743604,23.0,A,LRP168b,Bridge end
N2,1002523,bridge,bridge 847,24.4752493,91.574916,6.2,A,LRP168c,KORAGU BOX CULVERT
N2,1002524,link,link 1624,24.4783049,91.5758327,356.0,A,LRP169,Sylhet 63 km
N2,1002525,bridge,bridge 848,24.4798327,91.5762771,5.1,A,LRP169a,KURAGU BOX CULVERT
N2,1002526,bridge,bridge 849,24.4821938,91.5769993,2.0,A,LRP169b,KURGGUB BOX CULVERT
N2,1002527,bridge,bridge 850,24.4842774,91.577666,1.5,A,LRP169c,SATAIHUL
N2,1002528,bridge,bridge 851,24.4852774,91.5779716,2.6,A,LRP169d,SATAIHULL
N2,1002529,bridge,bridge 852,24.4862774,91.5782771,2.0,A,LRP169e,SATAISUL
N2,1002530,link,link 1625,24.4870552,91.5784438,80.0,A,LRP170,Sylhet 62 km
N2,1002531,bridge,bridge 853,24.4872219,91.5784993,1.0,A,LRP170a,SATAIHUL
N2,1002532,bridge,bridge 854,24.487583,91.5786104,1.5,A,LRP170b,SATHAIL CULVERT
N2,1002533,bridge,bridge 855,24.4913886,91.5799716,24.0,B,LRP170c,Sathail Bridge
N2,1002534,link,link 1626,24.4916386,91.5800549,28.0,A,LRP170d,Bridge end
N2,1002535,bridge,bridge 856,24.4930274,91.580416,6.5,A,LRP170e,SATHIHAL B CULVERT
N2,1002536,bridge,bridge 857,24.4934719,91.5804716,2.0,A,LRP170f,SATHAI HAT CULVERT
N2,1002537,bridge,bridge 858,24.4939997,91.5805827,2.0,A,LRP170g,SATHAIHAL - 4 CULVERT
N2,1002538,bridge,bridge 859,24.4946941,91.5807216,2.0,A,LRP170h,SATAIHUL
N2,1002539,bridge,bridge 860,24.4951108,91.5808327,2.0,A,LRP170i,SATAIHUL BOX CULVERT
N2,1002540,link,link 1627,24.4958052,91.5809438,64.0,A,LRP171,Sylhet 61 km
N2,1002541,bridge,bridge 861,24.4961663,91.5811104,2.5,A,LRP171a,MARAURA
N2,1002542,bridge,bridge 862,24.4969441,91.5815827,6.3,A,LRP171b,MURAURA BOX CULVERT
N2,1002543,bridge,bridge 863,24.4979997,91.5825827,2.6,A,LRP171c,MURAURA CULVERT
N2,1002544,bridge,bridge 864,24.4983052,91.5827771,2.6,A,LRP171d,MARAURA CULVERT
N2,1002545,bridge,bridge 865,24.4987219,91.5830271,2.6,A,LRP171e,MURAURA CULVERT
N2,1002546,bridge,bridge 866,24.4996941,91.5833608,2.0,A,LRP171f,DEWPARA CUVERT
N2,1002547,link,link 1628,24.5021944,91.5840274,284.0,A,LRP171g,Box culvert
N2,1002548,link,link 1629,24.5035833,91.5843608,161.0,A,LRP172,Sylhet 60 km
N2,1002549,bridge,bridge 867,24.5055556,91.5848886,7.6,A,LRP172a,DEWPARA CULVERT
N2,1002550,bridge,bridge 868,24.50625,91.5849719,2.0,A,LRP172b,DEWPARA
N2,1002551,bridge,bridge 869,24.5074444,91.5852219,2.0,A,LRP172c,DEWPARA BOX CULVERT
N2,1002552,bridge,bridge 870,24.5086944,91.5851663,6.3,A,LRP172d,GARIPUR
N2,1002553,bridge,bridge 871,24.5117778,91.5853052,7.5,B,LRP172e,MALAR BATAR
N2,1002554,link,link 1630,24.513,91.5853608,135.0,A,LRP173,Sylhet 59 km
N2,1002555,bridge,bridge 872,24.5159167,91.5867497,9.6,A,LRP173a,KANDIGOAN
N2,1002556,bridge,bridge 873,24.5195271,91.5891941,3.0,A,LRP173b,KANDIGOAN
N2,1002557,link,link 1631,24.5211382,91.5895274,165.0,A,LRP174,Km post missing
N2,1002558,bridge,bridge 874,24.5213049,91.5895552,4.0,A,LRP174a,AUGON BOX CULVERT
N2,1002559,bridge,bridge 875,24.5214438,91.589583,1.0,A,LRP174b,ANGOAN BOX CULVERT
N2,1002560,bridge,bridge 876,24.5234438,91.5903052,1.0,A,LRP174c,ANGOOM BOX CUL
N2,1002561,link,link 1632,24.5248604,91.5916108,204.0,A,LRP174d,Box culvert
N2,1002562,link,link 1633,24.526916,91.5935274,311.0,A,LRP174e,Box culvert
N2,1002563,link,link 1634,24.5284438,91.5949163,207.0,A,LRP175,Km post missing
N2,1002564,bridge,bridge 877,24.5289993,91.5954163,2.5,A,LRP175a,DEVPARA BOXCULVERT
N2,1002565,bridge,bridge 878,24.5333886,91.5982219,4.3,A,LRP175b,DEVPARA BAZAR BOX CULVERT
N2,1002566,bridge,bridge 879,24.5347497,91.5991663,1.8,A,LRP175c,NORTH VEVPUR
N2,1002567,bridge,bridge 880,24.5356663,91.6000833,3.2,A,LRP175d,NORT DEVPARA 3 CULVERT
N2,1002568,link,link 1635,24.5359719,91.6003889,35.0,A,LRP176,Sylhet 56 km
N2,1002569,bridge,bridge 881,24.5363052,91.6007222,2.0,A,LRP176a,NOLSUZA 2 CULVERT
N2,1002570,bridge,bridge 882,24.5372497,91.6016389,1.5,A,LRP176b,NALSUZA
N2,1002571,bridge,bridge 883,24.5386941,91.6030556,1.5,A,LRP176c,SODORPUR NOTUNBAZAR
N2,1002572,bridge,bridge 884,24.5398608,91.6040556,1.5,A,LRP176d,DHAKA SHAISTAGANG HALIGAN
N2,1002573,bridge,bridge 885,24.5417219,91.6045278,6.4,A,LRP176e,SHADUGHAT
N2,1002574,link,link 1636,24.5429163,91.6047222,139.0,A,LRP176f,Box culvert
N2,1002575,link,link 1637,24.5435552,91.6048611,58.0,A,LRP177,Km post missing
N2,1002576,bridge,bridge 886,24.5443052,91.6049722,7.0,A,LRP177a,SHADARGHAT 1
N2,1002577,bridge,bridge 887,24.5477774,91.6054722,44.3,C,LRP177b,KUROR PUR BRIDGE
N2,1002578,link,link 1638,24.5482219,91.6055278,54.0,A,LRP177c,Bridge end
N2,1002579,link,link 1639,24.5506667,91.6056111,277.0,A,LRP178,Sylhet 54 km
N2,1002580,bridge,bridge 888,24.5513056,91.6055278,1.5,A,LRP178a,VHARDEV CULVERT
N2,1002581,bridge,bridge 889,24.5525833,91.6053333,1.5,A,LRP178b,DHAKA KHATENPASS BRIDGE
N2,1002582,link,link 1640,24.55375,91.6051389,130.0,A,LRP178c,Bridge start
N2,1002583,link,link 1641,24.5540278,91.6051111,36.0,A,LRP178d,Bridge end
N2,1002584,link,link 1642,24.5565,91.6041667,249.0,A,LRP178e,Box culvert
N2,1002585,link,link 1643,24.5587778,91.6035,309.0,A,LRP178f,Box culvert
N2,1002586,link,link 1644,24.5593056,91.6034444,59.0,A,LRP179,Km post missing
N2,1002587,bridge,bridge 890,24.5628333,91.60275,2.0,A,LRP179a,BANAODAB GUPLAR BRIDGE
N2,1002588,bridge,bridge 891,24.5661667,91.6028333,22.0,A,LRP179b,DHAKA KATPASS BRIDGE
N2,1002589,link,link 1645,24.5663611,91.6028333,21.0,A,LRP179c,Bridge end
N2,1002590,link,link 1646,24.5701938,91.6028611,216.0,A,LRP180,Sylhet 52 km
N2,1002591,bridge,bridge 892,24.570756351898734,91.602838578481,14.0,B,LRP180a,Ratunpur -3 Bridge
N2,1002592,link,link 1647,24.5708882,91.6028333,15.0,A,LRP180b,Bridge end
N2,1002593,bridge,bridge 893,24.5755549,91.6009167,2.0,A,LRP180c,RATUM PUR (2)
N2,1002594,link,link 1648,24.5779716,91.5990552,329.0,A,LRP181,Sylhet 51 km
N2,1002595,bridge,bridge 894,24.5805827,91.597833,35.5,A,LRP181a,RUSTOM PUR RCC GIRDER BRIDGE
N2,1002596,link,link 1649,24.5809993,91.5983608,53.0,A,LRP181b,Bridge end
N2,1002597,bridge,bridge 895,24.5827771,91.5989719,3.0,A,LRP181c,batapur
N2,1002598,bridge,bridge 896,24.5848052,91.5996663,34.9,A,LRP181d,BATA PUR
N2,1002599,link,link 1650,24.5851386,91.5997774,43.0,A,LRP181e,Bridge end
N2,1002600,link,link 1651,24.5868052,91.6003333,189.0,A,LRP182,Sylhet 50 km
N2,1002601,bridge,bridge 897,24.5875274,91.6005833,2.0,A,LRP182a,anukandi
N2,1002602,bridge,bridge 898,24.5896663,91.6013056,6.03,A,LRP182b,ANUKANDI
N2,1002603,link,link 1652,24.5910552,91.6014167,189.0,A,LRP182c,Road to Nabiganj (R240)
N2,1002604,bridge,bridge 899,24.5927774,91.6023056,2.0,A,LRP182d,AUSKANDI
N2,1002605,link,link 1653,24.5949719,91.6040556,296.0,A,LRP183,Sylhet 49 km
N2,1002606,bridge,bridge 900,24.5952774,91.6047222,1.5,A,LRP183a,AUSKANDI BOX CULVERT
N2,1002607,link,link 1654,24.5958608,91.6086111,405.0,A,LRP183b,Box culvert
N2,1002608,bridge,bridge 901,24.5962774,91.6113889,1.5,A,LRP183c,USUAL NAGER
N2,1002609,link,link 1655,24.597583,91.6131944,226.0,A,LRP184,Sylhet 48 km
N2,1002610,bridge,bridge 902,24.6011944,91.6156111,73.0,A,LRP184a,Minazpur Bridge
N2,1002611,link,link 1656,24.6016111,91.6153611,61.0,A,LRP184b,Bridge end
N2,1002612,bridge,bridge 903,24.6041111,91.6177771,3.0,A,LRP184c,MIRAZPUR
N2,1002613,link,link 1657,24.6049444,91.6185271,113.0,A,LRP184d,Box culvert
N2,1002614,link,link 1658,24.6050556,91.618666,20.0,A,LRP185,Sylhet 47 km
N2,1002615,bridge,bridge 904,24.6071389,91.6216104,3.0,A,LRP185a,MIRAZPUR 1
N2,1002616,link,link 1659,24.6104722,91.6263604,607.0,A,LRP186,Sylhet 46 km
N2,1002617,bridge,bridge 905,24.6105556,91.6265549,2.0,A,LRP186a,JALALPUR
N2,1002618,bridge,bridge 906,24.6112778,91.627666,7.2,A,LRP186b,SYADPUR
N2,1002619,bridge,bridge 907,24.6123611,91.629416,4.0,A,LRP186c,SOYECDPUR
N2,1002620,bridge,bridge 908,24.6134167,91.6312493,60.4,B,LRP186d,Umarpur Bridge
N2,1002621,link,link 1660,24.6134722,91.6347774,363.0,A,LRP186e,Bridge start
N2,1002622,link,link 1661,24.6134722,91.6353608,59.0,A,LRP186f,Bridge end
N2,1002623,link,link 1662,24.6134722,91.6357497,38.0,A,LRP187,Sylhet 45 km
N2,1002624,link,link 1663,24.6128611,91.6441941,870.0,A,LRP187a,Bridge start
N2,1002625,bridge,bridge 909,24.6128889,91.644333,15.0,A,LRP187b,Chaar Nopul Bridge
N2,1002626,link,link 1664,24.6130556,91.6452497,94.0,A,LRP188,Sylhet 44 km
N2,1002627,bridge,bridge 910,24.6143611,91.6514167,9.3,A,LRP188a,PATUA ADARSHAW BOX CULVERT
N2,1002628,link,link 1665,24.6153333,91.65475,353.0,A,LRP189,Sylhet 43 km
N2,1002629,bridge,bridge 911,24.6169438,91.66,30.0,B,LRP189a,Aminnagar Bridge
N2,1002630,link,link 1666,24.6170549,91.66025,32.0,A,LRP189b,Bridge end
N2,1002631,link,link 1667,24.6195827,91.6631667,404.0,A,LRP190,Sylhet 42 km/ Start of Moulavibazar road Division / Sylhet 42 km/ Start of Moulavibazar road Division
N2,1002632,bridge,bridge 912,24.6238604,91.6702771,16.75,A,LRP190a,Gram Sherpur Bridge
N2,1002633,link,link 1668,24.623916,91.6703882,18.0,A,LRP190b,Bridge end
N2,1002634,link,link 1669,24.6242493,91.6713882,102.0,A,LRP191,Sylhet 41 km
N2,1002635,link,link 1670,24.625166,91.6738604,272.0,A,LRP191a,Box culvert
N2,1002636,bridge,bridge 913,24.6264993,91.6774993,4.0,A,LRP191b,SHERPWR BOX CULVERT
N2,1002637,intersection,intersection 44,24.6290271,91.6784993,318.0,A,LRP192,Sylhet 40 km/ Start of Sylhet road Division / Sylhet 40 km/ Start of Sylhet road Division
N2,1002638,bridge,bridge 914,24.6293604,91.6791382,282.35,D,LRP192a,Sherpur Bridge
N2,1002639,intersection,intersection 45,24.6305549,91.6815271,280.0,A,LRP192b,Bridge end
N2,1002640,link,link 1671,24.6351386,91.6854163,656.0,A,LRP193,Sylhet 39 km
N2,1002641,link,link 1672,24.6417497,91.6905552,903.0,A,LRP194,Sylhet 38 km
N2,1002642,link,link 1673,24.6422219,91.6908886,65.0,A,LRP194a,Bridge start
N2,1002643,bridge,bridge 915,24.6432219,91.6919997,25.4,A,LRP194b,KATEN BRIDGE
N2,1002644,link,link 1674,24.6489441,91.6983608,907.0,A,LRP194c,Bridge start
N2,1002645,link,link 1675,24.6491386,91.6984997,27.0,A,LRP194d,Bridge end
N2,1002646,link,link 1676,24.6494441,91.6986941,40.0,A,LRP195,Sylhet 37 km
N2,1002647,link,link 1677,24.65525,91.7055833,963.0,A,LRP196,Sylhet 36 km
N2,1002648,bridge,bridge 916,24.6571944,91.7077778,2.0,A,LRP196a,BAGUMPUR
N2,1002649,link,link 1678,24.6625,91.7112222,690.0,A,LRP197,Sylhet 35 km
N2,1002650,bridge,bridge 917,24.6634444,91.7116389,62.5,C,LRP197a,Firozpur Bridge
N2,1002651,link,link 1679,24.664,91.7119167,65.0,A,LRP197b,Bridge end
N2,1002652,link,link 1680,24.6707771,91.7151389,817.0,A,LRP198,Sylhet 34 km
N2,1002653,bridge,bridge 918,24.6712216,91.7153611,22.0,A,LRP198a,ONISH MILL
N2,1002654,link,link 1681,24.6713604,91.7154167,14.0,A,LRP198b,Bridge end
N2,1002655,link,link 1682,24.677666,91.7210549,910.0,A,LRP198c,Box culvert
N2,1002656,link,link 1683,24.6777771,91.721166,29.0,A,LRP199,Sylhet 33 km
N2,1002657,bridge,bridge 919,24.6801104,91.7229993,3.0,A,LRP199a,FASTAM BOX CUL
N2,1002658,bridge,bridge 920,24.6803049,91.7231104,24.7,A,LRP199b,NARKILA BRIDGE
N2,1002659,link,link 1684,24.6828604,91.7237771,299.0,A,LRP199c,Box culvert
N2,1002660,link,link 1685,24.6861386,91.7243049,348.0,A,LRP200,Sylhet 32 km
N2,1002661,bridge,bridge 921,24.6864441,91.7243604,24.5,A,LRP200a,Brommon Gram Bridge
N2,1002662,link,link 1686,24.6866386,91.7243882,26.0,A,LRP200b,Bridge end
N2,1002663,bridge,bridge 922,24.6887774,91.7246938,3.0,A,LRP200c,BRAMMOR GRANON
N2,1002664,link,link 1687,24.6940552,91.7259438,605.0,A,LRP200d,Box culvert
N2,1002665,link,link 1688,24.6948608,91.7262216,91.0,A,LRP201,Km post missing
N2,1002666,bridge,bridge 923,24.6971663,91.7270549,2.5,A,LRP201a,BRAMMOR GRAME BOX CULVERT
N2,1002667,bridge,bridge 924,24.7032222,91.7297493,2.0,A,LRP201b,BRAMMONGRAM BOX CULVERT
N2,1002668,link,link 1689,24.7033333,91.7298604,20.0,A,LRP202,Sylhet 30 km
N2,1002669,link,link 1690,24.7093889,91.7373886,1000.0,A,LRP203,Km post missing
N2,1002670,bridge,bridge 925,24.7098056,91.7382497,8.2,A,LRP203a,GOYNAGAT BOXCULVERT
N2,1002671,link,link 1691,24.7148889,91.7448886,890.0,A,LRP204,Sylhet 28 km
N2,1002672,link,link 1692,24.721447628048782,91.75156163658536,1005.0,A,LRP205,Sylhet 27 km
N2,1002673,bridge,bridge 926,24.722916,91.7530556,3.0,A,LRP205a,TAJPUR BAZAR BOX
N2,1002674,link,link 1693,24.7260827,91.7568889,525.0,A,LRP205b,Road to Balaganj (Z2022)
N2,1002675,link,link 1694,24.7273327,91.7591389,250.0,A,LRP206,Sylhet 26 km
N2,1002676,link,link 1695,24.7284993,91.7615,281.0,A,LRP206a,Box culvert
N2,1002677,bridge,bridge 927,24.7322493,91.7669438,7.2,A,LRP206b,CHANDPUR BOX CULVERT
N2,1002678,link,link 1696,24.7323882,91.7671104,23.0,A,LRP207,Km post broken
N2,1002679,bridge,bridge 928,24.7350274,91.7702216,2.0,A,LRP207a,SIMMANPUR BOX CULVERT
N2,1002680,link,link 1697,24.7385552,91.774416,577.0,A,LRP208,Sylhet 24 km
N2,1002681,link,link 1698,24.7436663,91.7768327,650.0,A,LRP208a,Box culvert
N2,1002682,link,link 1699,24.7465552,91.7784993,350.0,A,LRP209,Sylhet 23 km
N2,1002683,bridge,bridge 929,24.7486386,91.7795271,2.0,A,LRP209a,MOHAMMAD PUR CULVERT
N2,1002684,link,link 1700,24.7522778,91.7813327,448.0,A,LRP209b,Box culvert
N2,1002685,link,link 1701,24.7548333,91.7823604,296.0,A,LRP210,Sylhet 22 km
N2,1002686,bridge,bridge 930,24.7605,91.7838886,1.5,A,LRP210a,DAYA MIR BOX CULVERT
N2,1002687,link,link 1702,24.7636111,91.7836663,337.0,A,LRP211,Sylhet 21 km
N2,1002688,bridge,bridge 931,24.766159415752213,91.78328384619468,2.0,A,LRP211a,DAYAMIR BOX CULVERT
N2,1002689,bridge,bridge 932,24.7686104,91.782916,1.5,A,LRP211b,SONARGOUR BOX CULVERT
N2,1002690,link,link 1703,24.7726104,91.7829716,445.0,A,LRP212,Sylhet 20 km
N2,1002691,link,link 1704,24.7783327,91.783833,643.0,A,LRP212a,Box culvert
N2,1002692,link,link 1705,24.7815271,91.7843052,362.0,A,LRP213,Sylhet 19 km
N2,1002693,bridge,bridge 933,24.7847219,91.7849719,2.0,A,LRP213a,FURRA BAZAR CULVERT
N2,1002694,bridge,bridge 934,24.7890552,91.7876386,2.0,A,LRP213b,KURRA BAZR BOX CULVERT
N2,1002695,link,link 1706,24.7895274,91.7880552,62.0,A,LRP214,Sylhet 18 km
N2,1002696,bridge,bridge 935,24.7915274,91.7891108,2.0,A,LRP214a,KURRZ BAZAR BOX CULVERT
N2,1002697,bridge,bridge 936,24.7961386,91.7895274,2.0,A,LRP214b,AHAMAD NAGAR CULVERT
N2,1002698,link,link 1707,24.7970274,91.7896386,105.0,A,LRP215,Sylhet 17 km
N2,1002699,bridge,bridge 937,24.8055,91.7906663,12.4,C,LRP215a,NAZIR BAZAR
N2,1002700,link,link 1708,24.8072222,91.7911663,207.0,A,LRP216,Sylhet 16 km
N2,1002701,bridge,bridge 938,24.8075833,91.7912774,2.5,A,LRP216a,KUTUB PUR BOX CULVERT
N2,1002702,bridge,bridge 939,24.8107222,91.7920274,2.5,A,LRP216b,ROSID PUR
N2,1002703,link,link 1709,24.8118056,91.7924163,200.0,A,LRP216c,Box culvert
N2,1002704,link,link 1710,24.8150278,91.7953052,406.0,A,LRP217,Sylhet 15 km
N2,1002705,link,link 1711,24.820666,91.8029444,1000.0,A,LRP218,Sylhet 14 km
N2,1002706,link,link 1712,24.8254438,91.8113333,1000.0,A,LRP219,Sylhet 13 km
N2,1002707,bridge,bridge 940,24.8267216,91.813,2.5,A,LRP219a,LALA BAZAR START
N2,1002708,link,link 1713,24.831666,91.8182771,782.0,A,LRP220,Sylhet 12 km
N2,1002709,link,link 1714,24.8361941,91.8202771,533.0,A,LRP220a,Bridge start
N2,1002710,bridge,bridge 941,24.8363052,91.8203327,11.8,B,LRP220b,LALA BAZAR
N2,1002711,link,link 1715,24.8401663,91.8216938,434.0,A,LRP221,Sylhet 11 km
N2,1002712,link,link 1716,24.8402774,91.8217216,26.0,A,LRP221a,Box culvert
N2,1002713,link,link 1717,24.8482774,91.8254438,969.0,A,LRP222,Sylhet 10 km
N2,1002714,bridge,bridge 942,24.8484997,91.8255271,3.0,B,LRP222a,LALA BAZAR
N2,1002715,link,link 1718,24.8515556,91.8296104,558.0,A,LRP222b,Box culvert
N2,1002716,link,link 1719,24.8545278,91.8326382,448.0,A,LRP223,Sylhet 9 km
N2,1002717,bridge,bridge 943,24.8584167,91.8384719,12.2,B,LRP223a,LALA BAZAR
N2,1002718,link,link 1720,24.8590833,91.840833,250.0,A,LRP224,Sylhet 8 km
N2,1002719,bridge,bridge 944,24.85925,91.8412497,3.0,A,LRP224a,KETLIL CULVERT
N2,1002720,bridge,bridge 945,24.86075,91.8460552,3.0,A,LRP224b,KETLI 2 CULVERT
N2,1002721,link,link 1721,24.8609167,91.846833,85.0,A,LRP224c,Bridge start
N2,1002722,link,link 1722,24.8610833,91.8472497,44.0,A,LRP224d,Bridge end
N2,1002723,link,link 1723,24.8624722,91.8498886,300.0,A,LRP225,Sylhet 7 km
N2,1002724,bridge,bridge 946,24.8635278,91.8519444,40.8,A,LRP225a,Teli Bazar Bridge
N2,1002725,link,link 1724,24.8673049,91.8568056,658.0,A,LRP225b,Road to Balaganj (Z2013)
N2,1002726,link,link 1725,24.8677216,91.8577778,120.0,A,LRP226,Sylhet 6 km
N2,1002727,link,link 1726,24.8681382,91.8601111,236.0,A,LRP226a,Box culvert
N2,1002728,link,link 1727,24.868416,91.8613611,136.0,A,LRP226b,Box culvert
N2,1002729,bridge,bridge 947,24.870416,91.8655,1.5,A,LRP226c,CHANDRIPUR
N2,1002730,link,link 1728,24.8714993,91.86625,128.0,A,LRP227,Km post missing
N2,1002731,bridge,bridge 948,24.8740271,91.8677493,7.0,B,LRP227a,FIRUS PUR 1
N2,1002732,link,link 1729,24.8771104,91.8729438,685.0,A,LRP228,Km post missing
N2,1002733,link,link 1730,24.8772216,91.8735271,75.0,A,LRP228a,Bridge start
N2,1002734,bridge,bridge 949,24.8772216,91.8737216,21.0,A,LRP228b,SYHAT RAIL LINE OVER BRIDGE
N2,1002735,intersection,intersection 46,24.8776938,91.8752771,169.0,A,LRP228c,N209 / N208 to Moulovibazar
N2,1002736,intersection,intersection 47,24.87784884913793,91.87557391336208,37.0,A,LRP229,Km post broken
N2,1002737,bridge,bridge 950,24.878666,91.8771382,9.5,A,LRP229a,KADAMTALY CULVERT
N2,1002738,intersection,intersection 48,24.8801938,91.8782493,198.0,A,LRP229b,Bridge start
N2,1002739,bridge,bridge 951,24.8827493,91.8796938,298.2,B,LRP229c,SHAHJALAL BRIDGE
N2,1002740,link,link 1731,24.8851108,91.8808604,289.0,A,LRP230,Km post missing
N2,1002741,bridge,bridge 952,24.8874719,91.8804993,9.1,A,LRP230a,SUCLTY BOX CULVERT
N2,1002742,link,link 1732,24.8884163,91.8801104,114.0,A,LRP230b,Box culvert
N2,1002743,link,link 1733,24.8928886,91.8782493,586.0,A,LRP231,Km post missing
N2,1002744,bridge,bridge 953,24.8929997,91.8783049,4.4,A,LRP231a,MIRA BAZAR CULVERT
N2,1002745,bridge,bridge 954,24.8937497,91.878416,3.0,A,LRP231b,MIRA BAZAR BOX CULVERT
N2,1002746,bridge,bridge 955,24.8951663,91.880166,2.0,A,LRP231c,MIRA BAZAR BOX CULVERT
N2,1002747,bridge,bridge 956,24.8953052,91.8822493,8.5,A,LRP231d,FORHADKHA POLL BOX CULVERT
N2,1002748,link,link 1734,24.8953608,91.8848052,257.0,A,LRP231e,Box culvert
N2,1002749,link,link 1735,24.8953886,91.8863886,145.0,A,LRP232,Km post missing
N2,1002750,link,link 1736,24.8951941,91.8877774,146.0,A,LRP232a,Box culvert
N2,1002751,link,link 1737,24.8956941,91.8959441,854.0,A,LRP233,Km post missing
N2,1002752,bridge,bridge 957,24.8951941,91.897833,2.0,A,LRP233a,TILA GOR BOX CULVERT
N2,1002753,bridge,bridge 958,24.8966108,91.9039444,6.1,B,LRP233b,TILA GOR BOX CULVERT
N2,1002754,link,link 1738,24.8965274,91.9055556,164.0,A,LRP234,Tamabil 50 km
N2,1002755,bridge,bridge 959,24.9005,91.9141667,2.0,A,LRP234a,ISLAM PUR BOX CULVERT
N2,1002756,link,link 1739,24.9006389,91.9144722,20.0,A,LRP235,Horipur 17 km
N2,1002757,link,link 1740,24.9055556,91.9226382,990.0,A,LRP236,Horipur 16 km
N2,1002758,bridge,bridge 960,24.9068333,91.9244993,11.85,C,LRP236a,Hatim Para Bridge
N2,1002759,link,link 1741,24.9069444,91.930416,650.0,A,LRP236b,Box culvert
N2,1002760,link,link 1742,24.9101111,91.9311382,110.0,A,LRP237,Tamabil 47 km
N2,1002761,bridge,bridge 961,24.9132778,91.9366108,11.7,A,LRP237a,KHASDIMNAGAR
N2,1002762,link,link 1743,24.9132778,91.9366941,10.0,A,LRP237b,Bridge end
N2,1002763,link,link 1744,24.9139167,91.9396941,310.0,A,LRP238,Jaflong 50 km
N2,1002764,bridge,bridge 962,24.9152222,91.947833,15.0,C,LRP238a,BEEIK ALAKA BRIDGE
N2,1002765,link,link 1745,24.9152778,91.9479441,17.0,A,LRP238b,Bridge end
N2,1002766,bridge,bridge 963,24.9157778,91.9473608,3.0,A,LRP238c,KASIM NAGAR
N2,1002767,link,link 1746,24.91625,91.9494441,191.0,A,LRP239,Km post missing
N2,1002768,bridge,bridge 964,24.9163056,91.949583,3.0,A,LRP239a,KHIDIR PUR BOX CULVERT
N2,1002769,link,link 1747,24.9196382,91.9583333,960.0,A,LRP240,Jaintapur 31 km
N2,1002770,bridge,bridge 965,24.9197493,91.9585278,14.4,A,LRP240a,HATIMA BOX CULVERT
N2,1002771,link,link 1748,24.921166,91.9611389,306.0,A,LRP240b,Box culvert
N2,1002772,link,link 1749,24.9252493,91.966,668.0,A,LRP241,Tamabil 43 km
N2,1002773,bridge,bridge 966,24.9294438,91.9708327,12.45,B,LRP241a,PILOR CHAK BOX CULVERT
N2,1002774,link,link 1750,24.9295549,91.9708327,17.0,A,LRP241b,Bridge end
N2,1002775,bridge,bridge 967,24.9305827,91.9725549,3.0,A,LRP241c,HAGIVILA BOX CULVERT
N2,1002776,link,link 1751,24.9310827,91.9734716,96.0,A,LRP242,Jaflong 46 km
N2,1002777,bridge,bridge 968,24.9342219,91.9789716,3.0,A,LRP242a,BOTESSOR BOX CULVERT
N2,1002778,link,link 1752,24.9359163,91.9818049,343.0,A,LRP243,Horipur 9 km
N2,1002779,bridge,bridge 969,24.9367497,91.9838886,6.0,A,LRP243a,PULI BOX CULVERT
N2,1002780,bridge,bridge 970,24.9368052,91.9840274,9.25,A,LRP243b,BOTESSOR BOX CULVERT
N2,1002781,link,link 1753,24.9389997,91.9905274,701.0,A,LRP243c,Box culvert
N2,1002782,link,link 1754,24.9391663,91.9910274,60.0,A,LRP244,Jainyapur 27 km
N2,1002783,link,link 1755,24.9440552,91.9991108,1000.0,A,LRP245,Tamabil 39 km
N2,1002784,bridge,bridge 971,24.9488608,92.0035833,3.0,A,LRP245a,THAKURRAMATI BOX CULVERT
N2,1002785,link,link 1756,24.9508056,92.006,327.0,A,LRP246,Jaflong 42 km
N2,1002786,bridge,bridge 972,24.9518611,92.0073333,9.25,A,LRP246a,THAKURAMATI BOX CULVERT
N2,1002787,link,link 1757,24.9518889,92.0073889,12.0,A,LRP246b,Bridge end
N2,1002788,bridge,bridge 973,24.9565278,92.0110278,3.9,A,LRP246c,SHIK NAGAR
N2,1002789,link,link 1758,24.9578611,92.0119167,174.0,A,LRP247,Horipur 5 km
N2,1002790,bridge,bridge 974,24.9580556,92.0120278,6.5,A,LRP247a,KHAN BAGAN
N2,1002791,link,link 1759,24.96325,92.0188604,949.0,A,LRP247b,Box culvert
N2,1002792,link,link 1760,24.9632778,92.0192216,32.0,A,LRP248,Jaintapur 23  km
N2,1002793,bridge,bridge 975,24.9645278,92.024166,9.0,A,LRP248a,PANI CHARA
N2,1002794,link,link 1761,24.9681104,92.0266382,469.0,A,LRP249,Tamabil 35 km
N2,1002795,bridge,bridge 976,24.972666,92.0328327,6.85,A,LRP249a,OMON PUR
N2,1002796,link,link 1762,24.9737216,92.0339163,147.0,A,LRP250,Jaflong 38 km
N2,1002797,bridge,bridge 977,24.9750271,92.0346663,3.0,A,LRP250a,OMON PUR
N2,1002798,link,link 1763,24.9820549,92.0371108,819.0,A,LRP251,Horipur 1 km
N2,1002799,bridge,bridge 978,24.9832216,92.037833,4.5,A,LRP251a,HORIPUR
N2,1002800,link,link 1764,24.9893608,92.0419997,848.0,A,LRP252,Km post missing
N2,1002801,bridge,bridge 979,24.989583,92.0422497,90.8,A,LRP252a,Haripur Bridge
N2,1002802,link,link 1765,24.9902219,92.0429163,99.0,A,LRP252b,Bridge end
N2,1002803,link,link 1766,24.9969441,92.0471108,883.0,A,LRP253,Tamabil 31 km
N2,1002804,bridge,bridge 980,25.0015833,92.0479719,83.1,B,LRP253a,KORISH TRUSS WITH RCC SLAB
N2,1002805,link,link 1767,25.0022778,92.0482497,89.0,A,LRP253b,Bridge end
N2,1002806,link,link 1768,25.0047778,92.0505556,354.0,A,LRP254,Jaflong 34 km
N2,1002807,link,link 1769,25.0110556,92.0576944,1000.0,A,LRP255,Jaintapur 16 km
N2,1002808,bridge,bridge 981,25.0141111,92.0612778,36.3,B,LRP255a,SALI RCC GIDER BRIDGE
N2,1002809,link,link 1770,25.0143333,92.0615,38.0,A,LRP255b,Bridge end
N2,1002810,link,link 1771,25.0175271,92.0644444,459.0,A,LRP256,Tamabil 28 km
N2,1002811,link,link 1772,25.0253604,92.0693882,1005.0,A,LRP257,Jaflong 31 km
N2,1002812,bridge,bridge 982,25.0290827,92.0718327,36.0,C,LRP257a,Goyali Bridge
N2,1002813,link,link 1773,25.0293882,92.0720271,43.0,A,LRP257b,Bridge end
N2,1002814,link,link 1774,25.0324438,92.0753049,477.0,A,LRP258,Jaintapur 13 km
N2,1002815,bridge,bridge 983,25.0372497,92.0833886,55.5,B,LRP258a,Damri Bridge
N2,1002816,link,link 1775,25.0375274,92.083833,63.0,A,LRP258b,Bridge end
N2,1002817,link,link 1776,25.0375552,92.0839163,6.0,A,LRP259,Tamabil 25 km
N2,1002818,link,link 1777,25.0433886,92.0909441,960.0,A,LRP260,Jaflong 28 km
N2,1002819,bridge,bridge 984,25.0478886,92.0959441,12.4,A,LRP260a,DIGIR PAR
N2,1002820,link,link 1778,25.0497219,92.0980274,282.0,A,LRP261,Jaintapur 10 km
N2,1002821,bridge,bridge 985,25.05306973636364,92.1016686348485,6.1,A,LRP261a,DAMA BOX CULVERT
N2,1002822,bridge,bridge 986,25.0551111,92.1038889,9.1,A,LRP261b,SRIKAL BOX CULVERT
N2,1002823,link,link 1779,25.0561944,92.10475,142.0,A,LRP262,Km post missing
N2,1002824,bridge,bridge 987,25.0588056,92.1061389,9.1,A,LRP262a,borbos bazer
N2,1002825,link,link 1780,25.0643889,92.1090556,675.0,A,LRP263,Jaflong 25 km
N2,1002826,link,link 1781,25.0654444,92.1095833,129.0,A,LRP263a,Road to Kanaighat (Z2011)
N2,1002827,bridge,bridge 988,25.0675549,92.1106389,21.75,B,LRP263b,Darbast Bazar Bridge
N2,1002828,link,link 1782,25.0678049,92.11075,28.0,A,LRP263c,Bridge end
N2,1002829,link,link 1783,25.0728604,92.1123333,582.0,A,LRP264,Jaintapur 7 km
N2,1002830,link,link 1784,25.0815549,92.1150556,1005.0,A,LRP265,Km post broken
N2,1002831,bridge,bridge 989,25.0829438,92.1154722,21.4,A,LRP265a,SARI GHAT
N2,1002832,link,link 1785,25.0831382,92.1155556,23.0,A,LRP265b,Bridge end
N2,1002833,link,link 1786,25.0891386,92.1174993,699.0,A,LRP265c,Road to Gowainghat (Z2012)
N2,1002834,link,link 1787,25.0900274,92.117916,111.0,A,LRP266,Jaflong 22 km
N2,1002835,bridge,bridge 990,25.092083,92.1178604,190.5,B,LRP266a,Sari Ghat Bridge
N2,1002836,link,link 1788,25.0938052,92.1178327,196.0,A,LRP266b,Bridge end
N2,1002837,link,link 1789,25.0990552,92.1178049,569.0,A,LRP267,Jaintapur 4 km
N2,1002838,bridge,bridge 991,25.1030278,92.1184438,26.0,B,LRP267a,ERABOTY
N2,1002839,link,link 1790,25.10325,92.1184716,27.0,A,LRP267b,Bridge end
N2,1002840,link,link 1791,25.1080556,92.1187493,530.0,A,LRP268,Jaintapur 3 km
N2,1002841,link,link 1792,25.1170271,92.1191938,1010.0,A,LRP269,Jaflong 19 km
N2,1002842,bridge,bridge 992,25.1252493,92.1163611,87.5,A,LRP269a,Boro Gung Bridge
N2,1002843,link,link 1793,25.1260271,92.11625,86.0,A,LRP269b,Bridge end
N2,1002844,link,link 1794,25.1261382,92.1161944,9.0,A,LRP270,Jaintapur 1 km
N2,1002845,bridge,bridge 993,25.1296382,92.1196382,26.0,A,LRP270a,LAMAPARA BRIGE
N2,1002846,link,link 1795,25.1298327,92.1196382,28.0,A,LRP270b,Bridge end
N2,1002847,bridge,bridge 994,25.131666,92.1203049,22.0,A,LRP270c,Chuna Hati Bridge
N2,1002848,link,link 1796,25.1318327,92.1204438,27.0,A,LRP270d,Bridge end
N2,1002849,link,link 1797,25.1319438,92.1205549,14.0,A,LRP271,Tamabil 13 km
N2,1002850,bridge,bridge 995,25.138340625862067,92.11999648103448,79.0,A,LRP271a,CHING GIL STEEL BEAM AND RCC SLAB
N2,1002851,link,link 1798,25.1389441,92.1199438,80.0,A,LRP271b,Bridge end
N2,1002852,link,link 1799,25.1391386,92.1198049,32.0,A,LRP272,Jaflong 16 km
N2,1002853,bridge,bridge 996,25.1408608,92.1197771,14.4,A,LRP272a,MUKTTAR PUR RCC GIDER BRIDGE
N2,1002854,link,link 1800,25.1410274,92.1197771,19.0,A,LRP272b,Bridge end
N2,1002855,link,link 1801,25.1367219,92.1175827,796.0,A,LRP273,Tamabil 11 km
N2,1002856,bridge,bridge 997,25.15025,92.1126944,63.5,B,LRP273a,BILAY MORE STEEL BEAM AND RCC SLAB
N2,1002857,link,link 1802,25.150493612433863,92.1121021089947,65.0,A,LRP273b,Bridge end
N2,1002858,link,link 1803,25.1516667,92.10925,313.0,A,LRP274,Jaflong 14 km
N2,1002859,bridge,bridge 998,25.15225,92.1085,47.5,A,LRP274a,Rang Pani Bridge
N2,1002860,link,link 1804,25.1526389,92.1083611,47.0,A,LRP274b,Bridge end
N2,1002861,bridge,bridge 999,25.1536944,92.1073611,17.0,A,LRP274c,Rang Pasi Bridge
N2,1002862,link,link 1805,25.1538056,92.1071944,18.0,A,LRP274d,Bridge end
N2,1002863,bridge,bridge 1000,25.1546944,92.1056389,36.5,C,LRP274e,Rang Pasi Bridge
N2,1002864,link,link 1806,25.1549444,92.1054444,41.0,A,LRP274f,Bridge end
N2,1002865,link,link 1807,25.1575833,92.1020278,449.0,A,LRP275,Tamabil 9 km
N2,1002866,bridge,bridge 1001,25.1589167,92.1001389,81.0,A,LRP275a,Bangla Bazar Bridge
N2,1002867,link,link 1808,25.1594167,92.099583,82.0,A,LRP275b,Bridge end
N2,1002868,link,link 1809,25.1643889,92.0961108,658.0,A,LRP276,Jaflong 12 km
N2,1002869,bridge,bridge 1002,25.1645556,92.0960274,36.5,B,LRP276a,Asum Bazar Bridge
N2,1002870,link,link 1810,25.1648611,92.095833,39.0,A,LRP276b,Bridge end
N2,1002871,link,link 1811,25.1712216,92.0903052,952.0,A,LRP277,Tamabil 7 km
N2,1002872,link,link 1812,25.1736938,92.0815271,1000.0,A,LRP278,Jaflong 10 km
N2,1002873,link,link 1813,25.1761104,92.0723327,1000.0,A,LRP279,Km post broken
N2,1002874,link,link 1814,25.1801104,92.0637778,1000.0,A,LRP280,Jaflong 8 km
N2,1002875,bridge,bridge 1003,25.1772493,92.0558889,39.5,A,LRP280a,NOLJURI
N2,1002876,link,link 1815,25.1770549,92.0555,41.0,A,LRP280b,Bridge end
N2,1002877,link,link 1816,25.1767493,92.0549722,72.0,A,LRP281,Tamabil 3 km
N2,1002878,bridge,bridge 1004,25.1763882,92.0542222,24.5,A,LRP281a,Noljuri Bridge
N2,1002879,link,link 1817,25.1762493,92.0539722,29.0,A,LRP281b,Bridge end
N2,1002880,link,link 1818,25.1777216,92.0455552,882.0,A,LRP282,Jaflong 6 km
N2,1002881,link,link 1819,25.1808604,92.0364441,1000.0,A,LRP283,Km post missing
N2,1002882,link,link 1820,25.1779438,92.0284716,1150.0,A,LRP284,Jaflong 4 km
N2,1002883,bridge,bridge 1005,25.1783049,92.0261938,6.5,A,LRP284a,.
N2,1002884,bridge,bridge 1006,25.1748327,92.0275827,7.0,A,LRP284b,.
N2,1002885,link,link 1821,25.173416,92.0227771,320.0,A,LRP285,Jaflong 3 km
N2,1002886,bridge,bridge 1007,25.1719438,92.0199716,5.0,A,LRP285a,.
N2,1002887,bridge,bridge 1008,25.1710827,92.0188049,40.0,A,LRP285b,.
N2,1002888,link,link 1822,25.1700549,92.0163889,308.0,A,LRP286,Km post broken
N2,1002889,link,link 1823,25.1679438,92.0179993,294.0,A,LRP286a,Box culvert
N2,1002890,link,link 1824,25.1651389,92.0182771,325.0,A,LRP286b,Box culvert
N2,1002891,link,link 1825,25.1628889,92.0171104,381.0,A,LRP287,Jaflong 1  km
N2,1002892,link,link 1826,25.1613333,92.0172771,84.0,A,LRP287a,Bridge start
N2,1002893,link,link 1827,25.1609722,92.0173327,38.0,A,LRP287b,Bridge end
N2,1002894,link,link 1828,25.15975,92.0174716,200.0,A,LRP287c,Box culvert
N2,1002895,sourcesink,sourcesink 12,25.1570556,92.0176382,256.0,A,LRPE,Road End at Jaflong.
N204,1002896,sourcesink,sourcesink 13,24.1479163,91.3466108,0.0,A,LRPS,Road start from N2 at Jagannathganj.
N204,1002897,intersection,intersection 49,24.1483608,91.3513889,545.0,A,LRPSa,Box culvert
N204,1002898,intersection,intersection 50,24.1475552,91.3513611,85.0,A,LRP001,Hobiganj 31 km
N204,1002899,bridge,bridge 1009,24.1460274,91.3513056,40.0,B,LRP001a,TELARIA CHARA
N204,1002900,intersection,intersection 51,24.1457219,91.3513056,42.0,A,LRP001b,Bridge end
N204,1002901,bridge,bridge 1010,24.1439997,91.3511667,3.85,C,LRP001c,UTTOR SUMA BRIDGE
N204,1002902,bridge,bridge 1011,24.1397774,91.3513333,12.6,C,LRP001d,NOYAHADI CULVERT
N204,1002903,link,link 1829,24.1386663,91.3514444,122.0,A,LRP002,Km post missing
N204,1002904,bridge,bridge 1012,24.1369163,91.3516111,9.5,B,LRP002a,DOKHIR SHURMA CULVERT
N204,1002905,link,link 1830,24.1328327,91.352,460.0,A,LRP003,Hobiganj 30 km
N204,1002906,bridge,bridge 1013,24.1324993,91.3520556,3.0,B,LRP003a,SURMA CULVERT
N204,1002907,link,link 1831,24.1310549,91.3608056,960.0,A,LRP004,Km post missing
N204,1002908,link,link 1832,24.1305271,91.3663611,572.0,A,LRP004a,Rail road crossing
N204,1002909,link,link 1833,24.1293327,91.3712771,428.0,A,LRP005,Km post missing
N204,1002910,link,link 1834,24.129416,91.3809993,1000.0,A,LRP006,Km post missing
N204,1002911,link,link 1835,24.1296938,91.3894163,1000.0,A,LRP007,Km post missing
N204,1002912,link,link 1836,24.1272493,91.3971386,855.0,A,LRP008,Hobiganj 27 km
N204,1002913,link,link 1837,24.1252216,91.4061944,1000.0,A,LRP009,Km post missing
N204,1002914,link,link 1838,24.125166,91.4091944,311.0,A,LRP009a,Box culvert
N204,1002915,link,link 1839,24.1241104,91.4125278,368.0,A,LRP009b,Bridge start
N204,1002916,link,link 1840,24.1241104,91.4126944,16.0,A,LRP009c,Bridge end
N204,1002917,link,link 1841,24.1235271,91.4156111,305.0,A,LRP010,Km post missing
N204,1002918,link,link 1842,24.1265271,91.4244716,1000.0,A,LRP011,Km post missing
N204,1002919,link,link 1843,24.1285549,91.4302771,673.0,A,LRP011a,Box culvert
N204,1002920,link,link 1844,24.1283604,91.4334997,327.0,A,LRP012,Km post missing
N204,1002921,link,link 1845,24.1281382,91.435083,168.0,A,LRP012a,Box culvert
N204,1002922,bridge,bridge 1014,24.1271382,91.4384719,4.6,C,LRP012b,CHADCHURY CULVERT
N204,1002923,link,link 1846,24.1269716,91.4427774,443.0,A,LRP013,Km post missing
N204,1002924,link,link 1847,24.1269438,91.4428886,15.0,A,LRP013a,Box culvert
N204,1002925,link,link 1848,24.1275549,91.4466941,445.0,A,LRP013b,Box Culvert
N204,1002926,link,link 1849,24.1272493,91.4514444,540.0,A,LRP014,Km post missing
N204,1002927,bridge,bridge 1015,24.1274438,91.4520556,24.8,A,LRP014a,SATH SARI
N204,1002928,link,link 1850,24.1274716,91.4523333,138.0,A,LRP014b,Box Culvert
N204,1002929,link,link 1851,24.1281104,91.4545556,140.0,A,LRP015,Information missing
N204,1002930,link,link 1852,24.1281938,91.4633889,1000.0,A,LRP016,Km post missing
N204,1002931,link,link 1853,24.1279438,91.4640278,72.0,A,LRP016a,Box culvert
N204,1002932,link,link 1854,24.1281104,91.4664167,206.0,A,LRP016b,Pipe Culvert
N204,1002933,link,link 1855,24.1295549,91.4682493,358.0,A,LRP016c,Box Culvert
N204,1002934,link,link 1856,24.131916,91.4701382,304.0,A,LRP016d,Box Culvert
N204,1002935,link,link 1857,24.1322216,91.4705827,60.0,A,LRP017,Km post missing
N204,1002936,bridge,bridge 1016,24.1326938,91.4723882,1.65,A,LRP017a,CHANDRI CULVERT
N204,1002937,link,link 1858,24.134787880826444,91.47704109256198,563.0,A,LRP017b,Bridge start
N204,1002938,link,link 1859,24.1349441,91.4773882,42.0,A,LRP017c,Bridge end
N204,1002939,link,link 1860,24.1371663,91.4791382,220.0,A,LRP017d,Pipe Culvert
N204,1002940,link,link 1861,24.137833,91.4795549,167.0,A,LRP018,Information missing
N204,1002941,link,link 1862,24.1387774,91.4803604,146.0,A,LRP018a,Box culvert
N204,1002942,link,link 1863,24.1420274,91.4829438,447.0,A,LRP018b,Bridge start
N204,1002943,link,link 1864,24.142083,91.4829716,9.0,A,LRP018c,Bridge end
N204,1002944,link,link 1865,24.1441941,91.4833886,251.0,A,LRP018d,Bridge start
N204,1002945,link,link 1866,24.1446108,91.4833886,53.0,A,LRP018e,Bridge end
N204,1002946,link,link 1867,24.1453608,91.4838886,94.0,A,LRP019,Km post missing
N204,1002947,link,link 1868,24.15053822098765,91.48568522222224,620.0,A,LRP020,Hobiganj 21 km
N204,1002948,link,link 1869,24.1588889,91.488583,1000.0,A,LRP021,Km post missing
N204,1002949,bridge,bridge 1017,24.162,91.4921663,13.5,D,LRP021a,KARAGANUT
N204,1002950,link,link 1870,24.1629722,91.4932219,165.0,A,LRP022,Hobiganj 20 km
N204,1002951,link,link 1871,24.1629722,91.4973886,802.0,A,LRP022a,Box Culvert
N204,1002952,link,link 1872,24.1703882,91.4986941,198.0,A,LRP023,Km post missing
N204,1002953,link,link 1873,24.1721382,91.5000833,243.0,A,LRP023a,Box culvert
N204,1002954,link,link 1874,24.1722493,91.5003056,28.0,A,LRP023b,Box culvert
N204,1002955,link,link 1875,24.1730827,91.5019444,194.0,A,LRP023c,Bridge start
N204,1002956,link,link 1876,24.1732493,91.5022222,37.0,A,LRP023d,Bridge end
N204,1002957,link,link 1877,24.1727771,91.5067222,498.0,A,LRP024,Km post missing
N204,1002958,link,link 1878,24.1784716,91.5126389,1000.0,A,LRP025,Km post missing
N204,1002959,bridge,bridge 1018,24.1789438,91.5126667,6.2,A,LRP025a,CHANDPUR BOX CULVERT
N204,1002960,link,link 1879,24.1814438,91.5127778,342.0,A,LRP025b,Pipe Culvert
N204,1002961,bridge,bridge 1019,24.1859997,91.5135,39.5,B,LRP025c,Chandpur Bridge
N204,1002962,link,link 1880,24.1873886,91.5135833,104.0,A,LRP026,Km post missing
N204,1002963,link,link 1881,24.1895274,91.5157222,329.0,A,LRP026a,Box culvert
N204,1002964,link,link 1882,24.1933608,91.5182771,569.0,A,LRP026b,Box culvert
N204,1002965,link,link 1883,24.1942497,91.5196104,102.0,A,LRP027,Km post missing
N204,1002966,link,link 1884,24.1982219,91.5200549,439.0,A,LRP027a,Z2008 to Natun Bazar
N204,1002967,link,link 1885,24.2023611,91.517666,561.0,A,LRP028,Km post missing
N204,1002968,link,link 1886,24.2063889,91.5144444,550.0,A,LRP028a,Box culvert
N204,1002969,link,link 1887,24.2100833,91.5126667,450.0,A,LRP029,Km post missing
N204,1002970,bridge,bridge 1020,24.2174716,91.5098889,9.24,A,LRP029a,HATUNDA BOX CULVERT
N204,1002971,link,link 1888,24.219416,91.5091111,96.0,A,LRP030,Hobiganj 14 km
N204,1002972,link,link 1889,24.2211938,91.5084722,194.0,A,LRP030a,Box culvert
N204,1002973,link,link 1890,24.2274993,91.5060833,761.0,A,LRP030b,Box culvert
N204,1002974,link,link 1891,24.227916,91.5059444,45.0,A,LRP031,Km post missing
N204,1002975,link,link 1892,24.2308049,91.5048611,348.0,A,LRP031a,Box culvert
N204,1002976,link,link 1893,24.2339441,91.5036667,404.0,A,LRP031b,"Z2010, Murabandh- Dargasharif Road"
N204,1002977,link,link 1894,24.236583,91.50275,248.0,A,LRP032,Km post missing
N204,1002978,link,link 1895,24.2463886,91.4974997,1250.0,A,LRP033,Hobiganj 11 km
N204,1002979,bridge,bridge 1021,24.2523333,91.4913052,2.24,A,LRP033a,SIGNHARD BOX CULVERT
N204,1002980,link,link 1896,24.2524722,91.4911941,117.0,A,LRP033b,Bridge end
N204,1002981,link,link 1897,24.2529167,91.4906941,66.0,A,LRP034,Info missing
N204,1002982,bridge,bridge 1022,24.255,91.4885274,3.1,A,LRP034a,PICE MILL BOX CULVERT
N204,1002983,link,link 1898,24.2596389,91.4841386,8.0,A,LRP035,Km post missing
N204,1002984,bridge,bridge 1023,24.2615,91.482416,24.2,C,LRP035a,NORPATI BOX CULVERT
N204,1002985,link,link 1899,24.2626944,91.4812216,189.0,A,LRP035b,Box culvert
N204,1002986,intersection,intersection 52,24.2665556,91.4778604,536.0,A,LRP036,Km post missing
N204,1002987,intersection,intersection 53,24.2667493,91.4776938,27.0,A,LRP036a,Box culvert
N204,1002988,sourcesink,sourcesink 14,24.2673882,91.4771382,134.0,A,LRPE,Road End intersecting N2 at Shaistagonj Round About.
N207,1002989,sourcesink,sourcesink 15,24.2948608,91.51025,0.0,A,LRPS,Road start from N2 at Mirpur.
N207,1002990,intersection,intersection 54,24.2964163,91.5120833,226.0,A,LRPSa,Pipe culvert
N207,1002991,bridge,bridge 1024,24.297583,91.5135278,22.29,C,LRPSb,Mirpur RCC Bridge
N207,1002992,intersection,intersection 55,24.2975552,91.5137222,22.0,A,LRPSc,Bridge end
N207,1002993,link,link 1900,24.2967774,91.5188049,521.0,A,LRP001,Km post missing
N207,1002994,bridge,bridge 1025,24.2958608,91.5238049,19.4,C,LRP001a,BINAGOU
N207,1002995,link,link 1901,24.295833,91.5239438,24.0,A,LRP001b,Bridge end
N207,1002996,link,link 1902,24.2951108,91.528416,461.0,A,LRP002,Km post missing
N207,1002997,bridge,bridge 1026,24.2936663,91.5370552,30.76,C,LRP002a,NATUN BAZAR RCC GIRDER
N207,1002998,link,link 1903,24.2936386,91.5372497,31.0,A,LRP002b,Bridge end
N207,1002999,link,link 1904,24.2935274,91.5379163,66.0,A,LRP002c,"Z2008 ,Nutan Bazar-Chunarughar road"
N207,1003000,link,link 1905,24.2934441,91.5380552,10.0,A,LRP003,Km post missing
N207,1003001,bridge,bridge 1027,24.2929719,91.5463886,38.25,B,LRP003a,Karangi Bridge
N207,1003002,link,link 1906,24.2929441,91.5467497,35.0,A,LRP003b,Bridge end
N207,1003003,link,link 1907,24.2927497,91.5479163,102.0,A,LRP004,Km post missing
N207,1003004,link,link 1908,24.2908608,91.5575833,1000.0,A,LRP005,Km post missing
N207,1003005,link,link 1909,24.2909719,91.5663889,1000.0,A,LRP006,Km post missing
N207,1003006,link,link 1910,24.2895274,91.5713049,600.0,A,LRP006a,Pipe culvert
N207,1003007,link,link 1911,24.2916663,91.5747771,400.0,A,LRP007,Km post missing
N207,1003008,link,link 1912,24.2941108,91.5837497,1000.0,A,LRP008,Km post missing
N207,1003009,bridge,bridge 1028,24.2949441,91.5846663,18.7,C,LRP008a,DHLKI BOX CULVERT
N207,1003010,link,link 1913,24.2944441,91.5901663,682.0,A,LRP008b,Box Culvert
N207,1003011,link,link 1914,24.2944163,91.592083,186.0,A,LRP009,Km post missing
N207,1003012,link,link 1915,24.2944719,91.592833,75.0,A,LRP009a,Box Culvert
N207,1003013,link,link 1916,24.2949719,91.5945274,192.0,A,LRP009b,Box Culvert
N207,1003014,link,link 1917,24.2961108,91.5975274,160.0,A,LRP009c,Box Culvert
N207,1003015,link,link 1918,24.2964441,91.6011944,573.0,A,LRP010,Km post missing
N207,1003016,link,link 1919,24.2957774,91.6028889,211.0,A,LRP010a,Box Culvert
N207,1003017,link,link 1920,24.2920552,91.6091389,789.0,A,LRP011,Km post missing
N207,1003018,link,link 1921,24.2937219,91.6161667,1000.0,A,LRP012,Km post missing/ Start of Moulavibazar road Division / Km post missing/ Start of Moulavibazar road Division
N207,1003019,link,link 1922,24.2932774,91.6223882,480.0,A,LRP012a,Box Culvert
N207,1003020,link,link 1923,24.2947774,91.6238327,370.0,A,LRP013,Srimongal 12 km
N207,1003021,link,link 1924,24.2979719,91.632416,1000.0,A,LRP014,Srimongal 11 km
N207,1003022,bridge,bridge 1029,24.299333,91.639083,2.5,A,LRP014a,Sataoan box culvert
N207,1003023,link,link 1925,24.3000556,91.6418886,170.0,A,LRP015,Srimongal  10 km
N207,1003024,link,link 1926,24.30025,91.6508611,915.0,A,LRP016,Srimongal 9 km
N207,1003025,link,link 1927,24.3007778,91.6600556,940.0,A,LRP017,Srimongal 8km
N207,1003026,link,link 1928,24.3016389,91.6646111,470.0,A,LRP017a,Box Culvert
N207,1003027,bridge,bridge 1030,24.3025556,91.6693882,13.5,A,LRP017b,MOTIGAMJ BOX CULVERT
N207,1003028,link,link 1929,24.3029167,91.671166,185.0,A,LRP018,Srimongal 7 km
N207,1003029,bridge,bridge 1031,24.3035,91.6740827,31.4,B,LRP018a,Laiarkal Bridge
N207,1003030,link,link 1930,24.3035556,91.6743882,32.0,A,LRP018b,Bridge end
N207,1003031,bridge,bridge 1032,24.3046667,91.6799438,1.5,A,LRP018c,Mofigauj box culvert
N207,1003032,link,link 1931,24.3047778,91.6802771,10.0,A,LRP019,Srimongal 6 km
N207,1003033,bridge,bridge 1033,24.305,91.6813882,45.0,A,LRP019a,MOTIGANJ BRIDGE
N207,1003034,link,link 1932,24.305,91.6818327,46.0,A,LRP019b,Bridge end
N207,1003035,link,link 1933,24.3030278,91.6901663,864.0,A,LRP020,Srimongal 5 km
N207,1003036,bridge,bridge 1034,24.3029167,91.690583,23.2,B,LRP020a,BILASHER PARA BOX CULVERT
N207,1003037,link,link 1934,24.3021389,91.6936386,321.0,A,LRP020b,Box Culvert
N207,1003038,link,link 1935,24.3019444,91.7000278,641.0,A,LRP021,Srimongal 4 km
N207,1003039,link,link 1936,24.3018611,91.7052222,536.0,A,LRP021a,Box Culvert
N207,1003040,link,link 1937,24.3016944,91.7096944,459.0,A,LRP022,Srimongal 3 km
N207,1003041,link,link 1938,24.3025556,91.7185271,921.0,A,LRP022a,Bridge start
N207,1003042,bridge,bridge 1035,24.3025833,91.7186104,12.0,A,LRP022b,SRIMANGLE BASTE BRIDGE
N207,1003043,link,link 1939,24.3030278,91.719166,67.0,A,LRP023,Srimongal 2 km
N207,1003044,link,link 1940,24.3084167,91.7265827,969.0,A,LRP023a,Box Culvert
N207,1003045,link,link 1941,24.3085278,91.7270549,41.0,A,LRP024,Srimongal 1 km
N207,1003046,link,link 1942,24.3095556,91.7313882,464.0,A,LRP024a,"Z2003 ,Khulna -Srimongal road"
N207,1003047,link,link 1943,24.3138611,91.7333886,536.0,A,LRP025,Sylhet 81 km
N207,1003048,bridge,bridge 1036,24.3146944,91.7338052,3.0,A,LRP025a,NEAR SHRIMANGAL THANA
N207,1003049,bridge,bridge 1037,24.3170549,91.7348052,9.2,B,LRP025b,2 NUMBER POLE
N207,1003050,link,link 1944,24.3191104,91.7353886,237.0,A,LRP025c,Box Culvert
N207,1003051,bridge,bridge 1038,24.3209716,91.7358886,4.5,B,LRP025d,3 NUMBER POLE
N207,1003052,link,link 1945,24.3224993,91.7363608,154.0,A,LRP026,Sylhet 80 km
N207,1003053,bridge,bridge 1039,24.3236104,91.7365552,19.0,A,LRP026a,ZOINAG SARA CULVET
N207,1003054,link,link 1946,24.3286382,91.7377219,576.0,A,LRP026b,Box Culvert
N207,1003055,link,link 1947,24.3311938,91.7383886,293.0,A,LRP027,Sylhet 79 km
N207,1003056,bridge,bridge 1040,24.3315271,91.7384997,6.0,B,LRP027a,ESUPPUR CULVERT
N207,1003057,link,link 1948,24.3343886,91.7397497,347.0,A,LRP027b,Box Culvert
N207,1003058,bridge,bridge 1041,24.3386386,91.7409719,15.8,A,LRP027c,Nowgaon Bridge
N207,1003059,link,link 1949,24.3387497,91.7410274,18.0,A,LRP027d,Bridge end
N207,1003060,link,link 1950,24.3397219,91.741333,100.0,A,LRP028,Sylhet 78 km
N207,1003061,bridge,bridge 1042,24.3417497,91.7425552,4.0,A,LRP028a,NOWGAON -2 CULVERT
N207,1003062,bridge,bridge 1043,24.3448886,91.7444997,4.5,A,LRP028b,RAZAPUR CULVERT
N207,1003063,link,link 1951,24.3478608,91.7457219,343.0,A,LRP029,Sylhet 77 km
N207,1003064,bridge,bridge 1044,24.3509444,91.7469163,1.5,A,LRP029a,KALIR BAZAR CULVERT
N207,1003065,bridge,bridge 1045,24.3523889,91.7473886,4.5,A,LRP029b,KAKIA BAZAR BOX CULVERT
N207,1003066,link,link 1952,24.355,91.7480552,299.0,A,LRP029c,Box Culvert
N207,1003067,link,link 1953,24.3564167,91.7483608,160.0,A,LRP030,Sylhet 76 km
N207,1003068,bridge,bridge 1046,24.3569444,91.7484997,6.0,C,LRP030a,SHIRAZ NAGAR
N207,1003069,bridge,bridge 1047,24.3566389,91.7493052,12.4,A,LRP030b,LAMWA CULVERT
N207,1003070,link,link 1954,24.364861281607144,91.74964888982144,533.0,A,LRP030c,Box Culvert
N207,1003071,link,link 1955,24.3652778,91.7496663,27.0,A,LRP031,Sylhet 75 km
N207,1003072,link,link 1956,24.3702493,91.7498608,550.0,A,LRP031a,Box Culvert
N207,1003073,link,link 1957,24.3739716,91.7500556,420.0,A,LRP032,Sylhet 74 km
N207,1003074,bridge,bridge 1048,24.3792216,91.7506389,12.7,D,LRP032a,UTTOR KALAPUR
N207,1003075,link,link 1958,24.3814716,91.7511389,260.0,A,LRP032b,Box Culvert
N207,1003076,link,link 1959,24.3824716,91.7513889,120.0,A,LRP033,Sylhet 73 km
N207,1003077,bridge,bridge 1049,24.383576323837207,91.75181040872091,6.0,A,LRP033a,BAGALPUR MASDI CULVERT
N207,1003078,bridge,bridge 1050,24.3866941,91.753,4.5,A,LRP033b,HAMID NAGOR CULVERT
N207,1003079,link,link 1960,24.3909997,91.7539167,484.0,A,LRP034,Sylhet 72 km
N207,1003080,bridge,bridge 1051,24.3931663,91.7542222,6.0,A,LRP034a,BHAIRAB GONG CULVERT
N207,1003081,link,link 1961,24.4007778,91.75475,838.0,A,LRP035,Sylhet 71 km
N207,1003082,link,link 1962,24.4075833,91.7547222,762.0,A,LRP035a,Box Culvert
N207,1003083,link,link 1963,24.4098056,91.7550278,238.0,A,LRP036,Sylhet 70 km
N207,1003084,link,link 1964,24.4125,91.7556389,315.0,A,LRP036a,Box Culvert
N207,1003085,link,link 1965,24.4184993,91.7573056,685.0,A,LRP037,Sylhet 69 km
N207,1003086,link,link 1966,24.4192216,91.7575,88.0,A,LRP037a,Box Culvert
N207,1003087,bridge,bridge 1052,24.4220271,91.7583056,6.0,C,LRP037b,CODUPUR BOX CULVERT
N207,1003088,bridge,bridge 1053,24.4261104,91.7588333,8.2,A,LRP037c,CODUPUR BOX CULVERT
N207,1003089,link,link 1967,24.4276104,91.759,148.0,A,LRP038,Sylhet 68 km
N207,1003090,bridge,bridge 1054,24.433166,91.7601389,6.0,B,LRP038a,NETOR SOR BOX CULVERT
N207,1003091,bridge,bridge 1055,24.4352774,91.7609167,12.2,B,LRP038b,Mokam Bazar Box Culvert
N207,1003092,link,link 1968,24.4361941,91.7612222,106.0,A,LRP039,Sylhet 67 km
N207,1003093,bridge,bridge 1056,24.4381941,91.7619167,4.5,A,LRP039a,GOMRA CULVERT
N207,1003094,bridge,bridge 1057,24.4429163,91.7612778,4.5,A,LRP039b,GOMRA CULVERT
N207,1003095,link,link 1969,24.4450274,91.7614167,219.0,A,LRP040,Sylhet 66 km
N207,1003096,bridge,bridge 1058,24.4478886,91.7616111,1.5,A,LRP040a,pOLISHHIW RD
N207,1003097,bridge,bridge 1059,24.4501944,91.7618611,4.35,D,LRP040b,GOMRA BOX CULVERT
N207,1003098,link,link 1970,24.4538611,91.7623333,409.0,A,LRP041,Sylhet 65 km
N207,1003099,bridge,bridge 1060,24.4550278,91.7624722,3.0,A,LRP041a,JOGANNATHPUR BOX CULVERT
N207,1003100,bridge,bridge 1061,24.4596944,91.7632778,3.0,A,LRP041b,JOGONATHPUR BOX CULVERT
N207,1003101,link,link 1971,24.4626389,91.7640278,331.0,A,LRP042,Sylhet 64 km
N207,1003102,bridge,bridge 1062,24.4693882,91.7656667,6.0,C,LRP042a,JAGONATH BOX CULVERT
N207,1003103,intersection,intersection 56,24.4713604,91.7654722,38.0,A,LRP043,Sylhet 63 km
N207,1003104,bridge,bridge 1063,24.4714438,91.7654722,18.45,C,LRP043a,KODALIPUR BOX CULVERT
N207,1003105,intersection,intersection 57,24.4734716,91.7654722,228.0,A,LRP043b,Bridge start
N207,1003106,intersection,intersection 58,24.4736104,91.7654167,24.0,A,LRP043c,Bridge end
N207,1003107,link,link 1972,24.479835212200435,91.76414726034858,736.0,A,LRP044,Km  post missing
N207,1003108,link,link 1973,24.4891386,91.76225,1100.0,A,LRP045,Sylhet 61 km
N207,1003109,link,link 1974,24.4893052,91.7527222,990.0,A,LRP046,Sylhet 60 km
N207,1003110,link,link 1975,24.4931386,91.7474441,970.0,A,LRP047,Sylhet 59 km
N207,1003111,link,link 1976,24.4967497,91.7432219,645.0,A,LRP047a,Box Culvert
N207,1003112,link,link 1977,24.4972774,91.7427219,330.0,A,LRP048,Sylhet 58 km
N207,1003113,link,link 1978,24.4972774,91.7396108,51.0,A,LRP048a,Box Culvert
N207,1003114,link,link 1979,24.4988052,91.7355274,472.0,A,LRP048b,Box Culvert
N207,1003115,link,link 1980,24.5030278,91.7360274,497.0,A,LRP049,Sylhet 57 km
N207,1003116,link,link 1981,24.509,91.7288327,980.0,A,LRP050,Sylhet 56 km
N207,1003117,link,link 1982,24.5155,91.7268604,985.0,A,LRP051,Sylhet 55 km
N207,1003118,bridge,bridge 1064,24.5185549,91.7301382,4.55,A,LRP051a,TONA BAZAR BOX CULVERT
N207,1003119,bridge,bridge 1065,24.5224438,91.7308882,9.2,A,LRP051b,TANA BAZAR
N207,1003120,link,link 1983,24.5226104,91.730916,25.0,A,LRP052,Km post broken
N207,1003121,bridge,bridge 1066,24.5249993,91.7320271,12.1,A,LRP052a,SHAMPASHI CULVERT
N207,1003122,link,link 1984,24.5307771,91.7341386,706.0,A,LRP053,Sylhet 53 km
N207,1003123,bridge,bridge 1067,24.5348886,91.733583,1.5,A,LRP053a,Kamalpur culvert
N207,1003124,link,link 1985,24.5390274,91.7317771,496.0,A,LRP054,Sylhet 52 km
N207,1003125,link,link 1986,24.5477497,91.7306104,1000.0,A,LRP055,Sylhet 51 km
N207,1003126,link,link 1987,24.5524444,91.7286104,569.0,A,LRP055a,Box Culvert
N207,1003127,link,link 1988,24.5558611,91.7274993,401.0,A,LRP056,Sylhet 50 km
N207,1003128,bridge,bridge 1068,24.5609444,91.7236382,20.8,A,LRP056a,Khalishpur Bridge
N207,1003129,link,link 1989,24.5611111,91.7235271,20.0,A,LRP056b,Bridge end
N207,1003130,link,link 1990,24.5636667,91.7225549,275.0,A,LRP057,Sylhet 49 km
N207,1003131,bridge,bridge 1069,24.5657222,91.7222771,14.0,A,LRP057a,KHALESPUR
N207,1003132,link,link 1991,24.5717216,91.7228327,678.0,A,LRP058,Sylhet 48 km
N207,1003133,link,link 1992,24.575916,91.7191382,1050.0,A,LRP059,Sylhet 47 km
N207,1003134,link,link 1993,24.5773049,91.7096944,1000.0,A,LRP060,Sylhet 46 km
N207,1003135,bridge,bridge 1070,24.577916,91.7049444,4.5,A,LRP060a,BAHUR BAG
N207,1003136,link,link 1994,24.578166,91.7009167,411.0,A,LRP061,Sylhet 45 km
N207,1003137,link,link 1995,24.5770549,91.6972774,399.0,A,LRP061a,Box Culvert
N207,1003138,link,link 1996,24.5763049,91.6932497,422.0,A,LRP061b,Bridge start
N207,1003139,bridge,bridge 1071,24.5762493,91.6926941,61.6,C,LRP061c,GORAKHAL BRIDGE
N207,1003140,link,link 1997,24.5761382,91.6918608,98.0,A,LRP062,Sylhet 44 km
N207,1003141,bridge,bridge 1072,24.576666,91.6888886,3.5,A,LRP062a,GORA KHAL BOX CULVERT
N207,1003142,link,link 1998,24.5821104,91.6871108,703.0,A,LRP063,Sylhet 43 km
N207,1003143,bridge,bridge 1073,24.5837774,91.6868052,12.5,A,LRP063a,SHADHAPUR BRIDGE
N207,1003144,link,link 1999,24.5838608,91.6867774,12.0,A,LRP063b,Bridge end
N207,1003145,link,link 2000,24.5894997,91.6839441,741.0,A,LRP064,Sylhet 42 km
N207,1003146,bridge,bridge 1074,24.5918052,91.6817216,101.6,B,LRP064a,Borak Bridge
N207,1003147,link,link 2001,24.5926663,91.6815827,112.0,A,LRP064b,Bridge end
N207,1003148,link,link 2002,24.5977497,91.6809716,551.0,A,LRP064c,Box Culvert
N207,1003149,link,link 2003,24.598083,91.6809716,20.0,A,LRP065,Sylhet 41 km
N207,1003150,link,link 2004,24.6066111,91.6799438,970.0,A,LRP066,Sylhet 40 km
N207,1003151,link,link 2005,24.6095556,91.6780271,406.0,A,LRP066a,Box Culvert
N207,1003152,link,link 2006,24.6150556,91.6772216,594.0,A,LRP067,Sylhet 39 km
N207,1003153,link,link 2007,24.6232771,91.678166,950.0,A,LRP068,Sylhet 38 km
N207,1003154,sourcesink,sourcesink 16,24.6263327,91.6775271,350.0,A,LRPE,Road end with N2 at Mukti joddha Chattor Sherpur.
N208,1003155,sourcesink,sourcesink 17,24.4713604,91.7655556,0.0,A,LRPS,Road Start from N207 infront of RHD
N208,1003156,link,link 2008,24.4757216,91.7727771,1000.0,A,LRP001,Km post missing
N208,1003157,bridge,bridge 1075,24.4756382,91.7758049,51.0,B,LRP001a,BRIDGE OVER TURAG RIVER(L)
N208,1003158,link,link 2009,24.4757216,91.7757216,515.0,A,LRP001b,Box Culvert
N208,1003159,link,link 2010,24.4809716,91.7777216,180.0,A,LRP002,Km post missing
N208,1003160,bridge,bridge 1076,24.4852497,91.7766382,18.0,A,LRP002a,PURBO SULTANPUR CULVERT
N208,1003161,link,link 2011,24.4854163,91.7766104,17.0,A,LRP002b,Bridge end
N208,1003162,link,link 2012,24.489333,91.7751104,474.0,A,LRP003,Km post missing
N208,1003163,link,link 2013,24.4909719,91.7744993,190.0,A,LRP003a,"Z2002,Moulavibazar-Chatla Cheek post road"
N208,1003164,bridge,bridge 1077,24.4936941,91.7742216,137.4,B,LRP003b,Monu Bridge
N208,1003165,link,link 2014,24.4948608,91.7734438,150.0,A,LRP003c,Bridge end
N208,1003166,link,link 2015,24.4978886,91.7734993,350.0,A,LRP004,Km post missing
N208,1003167,bridge,bridge 1078,24.5006389,91.7786382,1.0,A,LRP004a,CHANALE BOX CULVERT
N208,1003168,link,link 2016,24.5017778,91.7823327,387.0,A,LRP005,Km post missing
N208,1003169,bridge,bridge 1079,24.5028056,91.7859441,9.5,A,LRP005a,ISLAMPUR BOX CULVERT
N208,1003170,link,link 2017,24.5036111,91.7904719,473.0,A,LRP005b,Box culvert
N208,1003171,link,link 2018,24.5036389,91.7907774,29.0,A,LRP006,Information missing
N208,1003172,bridge,bridge 1080,24.5031944,91.7970274,18.0,A,LRP006a,RAISREE SETU BOX CULVERT
N208,1003173,link,link 2019,24.5028056,91.8006111,356.0,A,LRP007,Km post missing
N208,1003174,bridge,bridge 1081,24.5027222,91.8011667,14.0,A,LRP007a,TALTOLA BOX CULVERT
N208,1003175,link,link 2020,24.5026944,91.8017222,56.0,A,LRP007b,Box culvert
N208,1003176,link,link 2021,24.5015556,91.8103611,885.0,A,LRP008,Km post missing
N208,1003177,bridge,bridge 1082,24.5007778,91.8167216,12.5,A,LRP008a,KADOM HATE BOX CULVERT
N208,1003178,link,link 2022,24.5018333,91.8195271,300.0,A,LRP009,Km post missing
N208,1003179,bridge,bridge 1083,24.50375,91.8243327,41.7,C,LRP009a,ASRAFUL KAPUL
N208,1003180,link,link 2023,24.5038889,91.8246382,39.0,A,LRP009b,Bridge end
N208,1003181,link,link 2024,24.50525,91.8280271,373.0,A,LRP010,Information missing
N208,1003182,bridge,bridge 1084,24.5055278,91.828916,9.3,A,LRP010a,ASRAKAPUL BOX CULVERT
N208,1003183,bridge,bridge 1085,24.5066389,91.8320827,2.1,A,LRP010b,MOLAL BOX CULVERT
N208,1003184,link,link 2025,24.5093333,91.836833,562.0,A,LRP011,Km post missing
N208,1003185,bridge,bridge 1086,24.5126667,91.841833,3.0,A,LRP011a,CHATURACAHEL BOX CULVERT
N208,1003186,bridge,bridge 1087,24.5134722,91.8431941,1.6,A,LRP011b,Chatura Box Culvert
N208,1003187,link,link 2026,24.51425,91.8444719,162.0,A,LRP012,Information missing
N208,1003188,bridge,bridge 1088,24.5160278,91.8474997,12.4,A,LRP012a,GOBINDO PATI BOX CULVERT
N208,1003189,link,link 2027,24.5176382,91.8535,634.0,A,LRP013,Km post missing
N208,1003190,link,link 2028,24.517666,91.8536389,18.0,A,LRP013a,Box culvert
N208,1003191,bridge,bridge 1089,24.5179438,91.8599722,3.0,A,LRP013b,GOBINDO PATI BOX CULVERT
N208,1003192,link,link 2029,24.5179716,91.8599722,9.0,A,LRP013c,Box Culvert
N208,1003193,link,link 2030,24.5204438,91.8619167,330.0,A,LRP014,Km post missing
N208,1003194,bridge,bridge 1090,24.5240827,91.8640833,6.0,B,LRP014a,MOYNAR DOKAN BOX CULVERT
N208,1003195,link,link 2031,24.525666,91.865,203.0,A,LRP015,Sylhet 48 km
N208,1003196,bridge,bridge 1091,24.5268049,91.8656667,13.4,A,LRP015a,MAHASOHOSRO BOX CULVERT
N208,1003197,link,link 2032,24.5337497,91.869166,856.0,A,LRP016,Sylhet 47 km
N208,1003198,bridge,bridge 1092,24.5342497,91.8692493,8.25,A,LRP016a,PONIGRAM BOX CULVERT
N208,1003199,bridge,bridge 1093,24.5357774,91.8696104,12.45,B,LRP016b,PONNIGRAM BOX CULVERT
N208,1003200,link,link 2033,24.5410552,91.8741382,768.0,A,LRP017,Sylhet 46 km
N208,1003201,bridge,bridge 1094,24.541583,91.874666,9.25,A,LRP017a,VINAAJURI BOX CULVERT
N208,1003202,link,link 2034,24.5444163,91.8771104,408.0,A,LRP017b,Box culvert
N208,1003203,link,link 2035,24.5484441,91.8796104,511.0,A,LRP018,Sylhet 45 km
N208,1003204,link,link 2036,24.552,91.8809716,425.0,A,LRP018a,Box culvert
N208,1003205,link,link 2037,24.5570833,91.8820827,575.0,A,LRP019,Sylhet 44 km
N208,1003206,bridge,bridge 1095,24.5578056,91.8821938,22.0,C,LRP019a,Vonachara Bridge
N208,1003207,link,link 2038,24.558,91.8822493,22.0,A,LRP019b,Bridge end
N208,1003208,link,link 2039,24.5656944,91.8848608,892.0,A,LRP020,Sylhet 43 km
N208,1003209,bridge,bridge 1096,24.5681382,91.8859441,38.8,A,LRP020a,Kuchimora Bridge
N208,1003210,link,link 2040,24.5684438,91.8861386,71.0,A,LRP020b,Bridge END
N208,1003211,bridge,bridge 1097,24.5719993,91.8884441,4.5,A,LRP020c,TALJURI BOX CULVERT
N208,1003212,bridge,bridge 1098,24.573166,91.8888608,14.0,B,LRP020d,TAI JURI BOX CULVERT
N208,1003213,link,link 2041,24.5738621125,91.88910648965518,57.0,A,LRP021,Sylhet 42 km
N208,1003214,link,link 2042,24.5759993,91.8898608,175.0,A,LRP021a,Box culvert
N208,1003215,bridge,bridge 1099,24.5773049,91.8906386,3.0,A,LRP021b,BRAMMON GRAM BOX CULVERT
N208,1003216,link,link 2043,24.5818604,91.8931941,571.0,A,LRP022,Sylhet 41 km
N208,1003217,bridge,bridge 1100,24.5819993,91.8932497,3.1,B,LRP022a,KARIMPUR BOX CULVERT
N208,1003218,bridge,bridge 1101,24.5884441,91.894833,3.1,A,LRP022b,KARIMPUR BOX CULVERT
N208,1003219,link,link 2044,24.5898886,91.8956108,178.0,A,LRP022c,Box Culvert
N208,1003220,link,link 2045,24.5902774,91.8960552,54.0,A,LRP023,Sylhet 40 km
N208,1003221,bridge,bridge 1102,24.5930552,91.8979997,3.1,A,LRP023a,KARIMPUR BOX CULVERT
N208,1003222,bridge,bridge 1103,24.5958052,91.898583,3.1,A,LRP023b,KARIMPUR BOX CULVERT
N208,1003223,bridge,bridge 1104,24.5966108,91.8988608,9.5,A,LRP023c,GOYESPUR
N208,1003224,link,link 2046,24.5981386,91.8992497,177.0,A,LRP023d,Box Culvert
N208,1003225,link,link 2047,24.5983886,91.899333,13.0,A,LRP024,Sylhet 39 km
N208,1003226,link,link 2048,24.6011389,91.9003333,322.0,A,LRP024a,Box culvert
N208,1003227,bridge,bridge 1105,24.6045556,91.9019167,10.3,C,LRP024b,Kutalpur Bridge
N208,1003228,link,link 2049,24.6067222,91.9029722,257.0,A,LRP025,Sylhet 38 km
N208,1003229,bridge,bridge 1106,24.6079722,91.9035,3.0,B,LRP025a,TIKERPAR BOX CULVERT
N208,1003230,bridge,bridge 1107,24.6116389,91.9049167,41.55,D,LRP025b,Damai Bridge
N208,1003231,link,link 2050,24.612,91.9050556,46.0,A,LRP025c,Bridge end
N208,1003232,bridge,bridge 1108,24.6133056,91.9056111,3.0,B,LRP025d,CHAN BAG CULVERT
N208,1003233,link,link 2051,24.61475,91.9062222,182.0,A,LRP026,Sylhet 37 km
N208,1003234,bridge,bridge 1109,24.6156944,91.9066111,3.0,A,LRP026a,UTTAR BAG BOX CULVERT
N208,1003235,link,link 2052,24.623416,91.9078056,869.0,A,LRP026b,Box culvert
N208,1003236,link,link 2053,24.6239716,91.9079444,40.0,A,LRP027,Sylhet 36 km
N208,1003237,bridge,bridge 1110,24.6247493,91.9081111,3.0,B,LRP027a,KALAMOA BOX CULVERT
N208,1003238,bridge,bridge 1111,24.6249716,91.9081667,31.1,B,LRP027b,Motoppur Bridge
N208,1003239,link,link 2054,24.6281938,91.9090556,106.0,A,LRP027c,Box culvert
N208,1003240,bridge,bridge 1112,24.6302216,91.9096111,4.5,A,LRP027d,RAJAPUR BOX CULVERT
N208,1003241,bridge,bridge 1113,24.6313604,91.9093333,1.5,B,LRP027e,RAJAPUR BOX CULVERT
N208,1003242,bridge,bridge 1114,24.632416,91.9104167,3.0,A,LRP027f,RAJAPUR BOX CULVERT
N208,1003243,link,link 2055,24.6325827,91.9104444,20.0,A,LRP028,Sylhet 35 km
N208,1003244,bridge,bridge 1115,24.6343052,91.9129167,4.5,A,LRP028a,KHALAI KUL BOX CULVERT
N208,1003245,link,link 2056,24.6365274,91.9144444,302.0,A,LRP028b,Box culvert
N208,1003246,bridge,bridge 1116,24.6387774,91.9153333,4.6,A,LRP028c,KHALAI KUL BOX CULVERT
N208,1003247,link,link 2057,24.6397497,91.9158056,92.0,A,LRP029,Sylhet 34 km
N208,1003248,bridge,bridge 1117,24.6417219,91.91625,4.6,A,LRP029a,LALAPUR BOX CULVERT
N208,1003249,bridge,bridge 1118,24.6426108,91.9163333,3.0,A,LRP029b,LALAPUR BOX CULVERT
N208,1003250,bridge,bridge 1119,24.6448608,91.9167771,29.0,A,LRP029c,Lalapur Bridge
N208,1003251,link,link 2058,24.6451108,91.9168604,30.0,A,LRP029d,Bridge end
N208,1003252,link,link 2059,24.6483608,91.917916,381.0,A,LRP030,Sylhet 33 km
N208,1003253,bridge,bridge 1120,24.6486663,91.9180549,4.6,A,LRP030a,CHILARCHOK CULVERT
N208,1003254,bridge,bridge 1121,24.6515,91.9218882,3.0,A,LRP030b,CHILAR CHOK BOX CULVERT
N208,1003255,link,link 2060,24.6543056,91.9239716,399.0,A,LRP030c,Box culvert
N208,1003256,link,link 2061,24.6548056,91.9240827,60.0,A,LRP031,Km post missing
N208,1003257,bridge,bridge 1122,24.6558056,91.9243604,3.0,A,LRP031a,MIRZAPUR BOX CULVERT
N208,1003258,bridge,bridge 1123,24.6574722,91.9253327,6.0,A,LRP031b,Mirzapur box culvert
N208,1003259,bridge,bridge 1124,24.66,91.9258327,3.0,A,LRP031c,MIRJAPUR BOX CULVERT
N208,1003260,link,link 2062,24.6614722,91.9256938,180.0,A,LRP032,Info.Missing
N208,1003261,bridge,bridge 1125,24.6643611,91.9257771,6.0,A,LRP032a,Kacha bahor
N208,1003262,bridge,bridge 1126,24.6666389,91.9264993,3.0,A,LRP032b,PALBARI CULVERT
N208,1003263,bridge,bridge 1127,24.6668604,91.9267771,25.8,A,LRP032c,Palbari Bridge
N208,1003264,link,link 2063,24.6680271,91.927416,145.0,A,LRP032d,Bridge start
N208,1003265,link,link 2064,24.6682216,91.9275549,27.0,A,LRP032e,Bridge end
N208,1003266,link,link 2065,24.6697216,91.9282493,183.0,A,LRP033,Sylhet 30 km
N208,1003267,bridge,bridge 1128,24.6700271,91.9283604,3.0,A,LRP033a,Karmada culvert
N208,1003268,bridge,bridge 1129,24.673416,91.9294993,3.0,A,LRP033b,KARMADA BOX CULVERT
N208,1003269,link,link 2066,24.6782493,91.9300827,547.0,A,LRP034,Sylhet 29 km
N208,1003270,bridge,bridge 1130,24.6809438,91.9302771,3.0,A,LRP034a,FARIDPUR CULVERT
N208,1003271,bridge,bridge 1131,24.6827771,91.9303882,4.6,A,LRP034b,FARIDPURBOX CULVERT
N208,1003272,bridge,bridge 1132,24.6848886,91.9304993,3.0,A,LRP034c,FARIDPUR BOX CULVERT
N208,1003273,bridge,bridge 1133,24.6859719,91.930666,4.6,A,LRP034d,FARIDPUR BOX CULVERT
N208,1003274,link,link 2067,24.6869163,91.9309438,115.0,A,LRP035,Sylhet 28 km
N208,1003275,bridge,bridge 1134,24.6884163,91.9313604,6.0,C,LRP035a,LUTPURBOX CULVERT
N208,1003276,bridge,bridge 1135,24.6884719,91.9314438,3.0,A,LRP035b,IUTPUR BOX CULVERT
N208,1003277,bridge,bridge 1136,24.6897219,91.9317216,3.0,A,LRP035c,NURPUR CULVERT
N208,1003278,bridge,bridge 1137,24.6913608,91.9323327,6.0,A,LRP035d,NURPUR BOX CULVERT
N208,1003279,bridge,bridge 1138,24.6925274,91.9331104,6.0,A,LRP035e,NURPUR
N208,1003280,link,link 2068,24.6934997,91.933583,121.0,A,LRP035f,Z2020 to Palbari
N208,1003281,link,link 2069,24.695083,91.9325549,195.0,A,LRP036,Km post missing
N208,1003282,bridge,bridge 1139,24.6961108,91.9318327,6.1,A,LRP036a,Kushiara culvert
N208,1003283,link,link 2070,24.6981386,91.930416,270.0,A,LRP036b,Bridge end
N208,1003284,link,link 2071,24.7032778,91.9288327,592.0,A,LRP037,Km post missing
N208,1003285,link,link 2072,24.7055833,91.9287771,268.0,A,LRP037a,Box culvert
N208,1003286,link,link 2073,24.7120833,91.9285827,732.0,A,LRP038,Km post missing
N208,1003287,bridge,bridge 1140,24.7172493,91.9283327,117.0,C,LRP038a,Elaspur steal deck
N208,1003288,link,link 2074,24.718416,91.9283049,131.0,A,LRP038b,Bridge end
N208,1003289,link,link 2075,24.7210271,91.9288327,290.0,A,LRP039,Km post missing
N208,1003290,bridge,bridge 1141,24.7212771,91.9288882,5.7,A,LRP039a,KALPARA BOX CULVERT
N208,1003291,link,link 2076,24.7248882,91.9284716,399.0,A,LRP040,Sylhet 21 km
N208,1003292,link,link 2077,24.7332216,91.9266938,956.0,A,LRP040a,Box culvert
N208,1003293,link,link 2078,24.7336386,91.9265271,44.0,A,LRP041,Sylhet 20 km
N208,1003294,bridge,bridge 1142,24.7416941,91.923416,89.6,B,LRP041a,KUTALPUR BAZER
N208,1003295,link,link 2079,24.7425552,91.9231382,50.0,A,LRP042,Km post missing / Bridge end
N208,1003296,link,link 2080,24.7470552,91.9215549,583.0,A,LRP042b,Box culvert
N208,1003297,link,link 2081,24.7506389,91.9203049,417.0,A,LRP043,Km post missing
N208,1003298,link,link 2082,24.7524167,91.919666,209.0,A,LRP043a,Box culvert
N208,1003299,link,link 2083,24.7549167,91.9188049,285.0,A,LRP043b,Bridge start
N208,1003300,link,link 2084,24.7551944,91.9187216,42.0,A,LRP043c,Bridge end
N208,1003301,link,link 2085,24.7593056,91.9172771,474.0,A,LRP044,Sylhet 17 km
N208,1003302,link,link 2086,24.7679993,91.9145,1000.0,A,LRP045,Km post broken
N208,1003303,bridge,bridge 1143,24.7693882,91.9140833,30.3,A,LRP045a,HAJIGANJ
N208,1003304,link,link 2087,24.7696382,91.9140278,32.0,A,LRP045b,Bridge end
N208,1003305,link,link 2088,24.7767216,91.9126944,808.0,A,LRP046,Km post missing
N208,1003306,bridge,bridge 1144,24.778916,91.9118056,1.5,A,LRP046a,HAJIGONJ
N208,1003307,bridge,bridge 1145,24.7792216,91.9116944,29.2,C,LRP046b,Mahmudabad Bridge
N208,1003308,link,link 2089,24.7854163,91.9097778,701.0,A,LRP047,Km post missing
N208,1003309,link,link 2090,24.7868886,91.9095278,162.0,A,LRP047a,Box culvert
N208,1003310,link,link 2091,24.7928886,91.9097778,680.0,A,LRP047b,Bridge start
N208,1003311,link,link 2092,24.7931386,91.9098056,34.0,A,LRP047c,Bridge end
N208,1003312,link,link 2093,24.7943052,91.9099722,124.0,A,LRP048,Sylhet 13 km
N208,1003313,link,link 2094,24.8026111,91.9132222,1000.0,A,LRP049,Km post missing
N208,1003314,link,link 2095,24.8035556,91.9135833,115.0,A,LRP049a,Bridge start
N208,1003315,link,link 2096,24.80379200858757,91.91351123717514,28.0,A,LRP049b,Bridge end
N208,1003316,link,link 2097,24.8110278,91.9113056,857.0,A,LRP050,Km post missing
N208,1003317,link,link 2098,24.8191382,91.9014722,1000.0,A,LRP051,Km post missing
N208,1003318,link,link 2099,24.8263327,91.9015,990.0,A,LRP052,Sylhet 9 km
N208,1003319,bridge,bridge 1146,24.8275549,91.9007778,32.0,B,LRP052a,Jalker Kandi Bridge
N208,1003320,link,link 2100,24.8286938,91.9000556,230.0,A,LRP052b,"Z2832,Daudabad-Vdeshwar road"
N208,1003321,link,link 2101,24.83458573073593,91.89835436623376,615.0,A,LRP053,Sylhet 8 km
N208,1003322,link,link 2102,24.835333,91.8981386,78.0,A,LRP053a,Bridge start
N208,1003323,link,link 2103,24.8354719,91.8979719,25.0,A,LRP053b,Bridge end
N208,1003324,link,link 2104,24.8425552,91.895583,897.0,A,LRP054,Sylhet 7 km
N208,1003325,link,link 2105,24.8479997,91.896583,677.0,A,LRP054a,"N210, Sylhet Bypass road"
N208,1003326,link,link 2106,24.8495274,91.8949163,243.0,A,LRP055,Sylhet 8 km
N208,1003327,link,link 2107,24.8557778,91.8881108,1000.0,A,LRP056,Sylhet 7 km
N208,1003328,link,link 2108,24.8615278,91.8818604,925.0,A,LRP056a,Box culvert
N208,1003329,link,link 2109,24.8618889,91.8810271,85.0,A,LRP057,Sylhet 6 km
N208,1003330,link,link 2110,24.8694993,91.8760271,1000.0,A,LRP058,Sylhet 5 km
N208,1003331,sourcesink,sourcesink 18,24.8775549,91.8753604,900.0,A,LRPE,"Road end at Humayun Rashid Chattar, Intersection od N2 and N208"
N3,1003332,sourcesink,sourcesink 19,23.8145833,90.4043056,0.0,A,LRPS,Start of Road From the End of Banani Rail Crossing Over Pass
N3,1003333,link,link 2111,23.8173327,90.4123611,1000.0,A,LRP001,Km post missing
N3,1003334,link,link 2112,23.8217771,90.4191104,810.0,A,LRP001a,Progoti Sharani
N3,1003335,link,link 2113,23.8229438,90.4198049,190.0,A,LRP002,Km post missing
N3,1003336,link,link 2114,23.831666,90.4193882,1000.0,A,LRP003,Km post missing
N3,1003337,link,link 2115,23.8402497,90.4168604,1000.0,A,LRP004,Km post missing
N3,1003338,link,link 2116,23.8474163,90.411,1000.0,A,LRP005,Km post missing
N3,1003339,link,link 2117,23.8546389,90.4050833,1000.0,A,LRP006,Km post missing
N3,1003340,link,link 2118,23.8621111,90.3998886,1000.0,A,LRP007,Km post missing
N3,1003341,link,link 2119,23.8679438,90.40025,661.0,A,LRP007a,Uttara Teirmukhi Road
N3,1003342,link,link 2120,23.8710271,90.4004167,339.0,A,LRP008,Km post missing
N3,1003343,link,link 2121,23.8795271,90.4012778,1000.0,A,LRP009,Km post missing / Road to Ulakhola
N3,1003344,bridge,bridge 1147,23.8799716,90.4009722,74.65,C,LRP009b,BRIDGE OVER TURAG RIVER(R)
N3,1003345,link,link 2122,23.8814993,90.4008611,263.0,A,LRP009c,Start of Bridge /Start of Gazipur Road Division / Start of Bridge /Start of Gazipur Road Division
N3,1003346,link,link 2123,23.8823327,90.4007778,95.0,A,LRP009d,Bridge end
N3,1003347,link,link 2124,23.8882219,90.4008889,585.0,A,LRP010,Km post missing
N3,1003348,link,link 2125,23.8927219,90.4019167,521.0,A,LRP010a,Road to Gorashal R301
N3,1003349,link,link 2126,23.8942774,90.4007778,209.0,A,LRP010b,Tongi Bypass Road On Left R303
N3,1003350,link,link 2127,23.8963052,90.399333,270.0,A,LRP011,Km post missing
N3,1003351,link,link 2128,23.9051111,90.3990274,1000.0,A,LRP012,Km post missing
N3,1003352,link,link 2129,23.9135,90.3957774,1000.0,A,LRP013,Km post missing
N3,1003353,link,link 2130,23.9217771,90.3921941,1000.0,A,LRP014,Km post missing
N3,1003354,link,link 2131,23.930166,90.3887497,1000.0,A,LRP015,Km post missing
N3,1003355,link,link 2132,23.9381386,90.3854719,959.0,A,LRP015a,Box culvert
N3,1003356,link,link 2133,23.9385274,90.3852497,41.0,A,LRP016,Km post missing
N3,1003357,bridge,bridge 1148,23.9389997,90.3850552,6.1,C,LRP016a,BOARD BAZAR CULVERT
N3,1003358,bridge,bridge 1149,23.9431663,90.3833886,4.2,B,LRP016b,BROBARI CULVERT
N3,1003359,link,link 2134,23.9468608,90.3819993,434.0,A,LRP017,Km post missing
N3,1003360,link,link 2135,23.9543056,90.3811382,842.0,A,LRP018,"Mymensingh 91 km, Gazipur chow 4 km"
N3,1003361,link,link 2136,23.9633333,90.3803604,1022.0,A,LRP019,"Mymensingh 90 km,Gazipur Chow 3 km"
N3,1003362,link,link 2137,23.9723327,90.3802771,1008.0,A,LRP020,"Mymensingh 89 km,Gazipur Chow 2 km"
N3,1003363,intersection,intersection 59,23.9774993,90.3806938,577.0,A,LRP020a,Intersection with N105
N3,1003364,bridge,bridge 1150,23.9782493,90.3807493,3.0,B,LRP020b,vogra culvert
N3,1003365,intersection,intersection 60,23.9812493,90.3809993,337.0,A,LRP021,Km post missing
N3,1003366,intersection,intersection 61,23.9894997,90.3817493,930.0,A,LRP021a,"Right Gazipur -ltakhola (R310), Left Tangail- Jamalpur (N4) Road."
N3,1003367,intersection,intersection 62,23.9901386,90.381916,70.0,A,LRP022,Km post missing
N3,1003368,link,link 2138,23.9978886,90.3826938,867.0,A,LRP023,"Mymensingh 89 km,Mawna Chow 27 km"
N3,1003369,link,link 2139,24.0071389,90.3835274,1041.0,A,LRP024,"Mymensingh 88 km,Mawna 26 km"
N3,1003370,link,link 2140,24.0161389,90.3844163,1009.0,A,LRP025,"Mymensingh 87 km,Mawna chow 25 km"
N3,1003371,link,link 2141,24.0251104,90.3853052,1000.0,A,LRP026,Km post missing
N3,1003372,bridge,bridge 1151,24.0271382,90.3854719,8.33,B,LRP026a,SHALNA CULVERT
N3,1003373,link,link 2142,24.0289716,90.3861941,222.0,A,LRP026b,Bridge start
N3,1003374,bridge,bridge 1152,24.0291382,90.3862774,18.15,C,LRP026c,SHALNA BRIDGE
N3,1003375,link,link 2143,24.0340552,90.387833,575.0,A,LRP027,"Mymensingh 85 km,Mawha Chow 23 km"
N3,1003376,link,link 2144,24.0354441,90.3878886,146.0,A,LRP027a,Box Culvert
N3,1003377,link,link 2145,24.0429997,90.3891108,858.0,A,LRP028,"Mymensingh 84 km,Mawha Chow 22 km"
N3,1003378,link,link 2146,24.0454441,90.3893052,269.0,A,LRP028a,Box Culvert
N3,1003379,link,link 2147,24.0486941,90.3893052,364.0,A,LRP028b,Box Culvert
N3,1003380,link,link 2148,24.0516667,90.3884163,348.0,A,LRP028c,Box Culvert
N3,1003381,link,link 2149,24.0520556,90.3881941,41.0,A,LRP029,"Mymensingh 83 km,Mawha Chow 21 km"
N3,1003382,link,link 2150,24.0536667,90.3881108,160.0,A,LRP029a,Box Culvert
N3,1003383,link,link 2151,24.0560556,90.3879719,304.0,A,LRP029b,Box Culvert
N3,1003384,link,link 2152,24.0608611,90.3879719,520.0,A,LRP029c,Road to Mirzapur - Nuhespalli (Z3024)
N3,1003385,link,link 2153,24.0609722,90.3879719,14.0,A,LRP030,"Mymensingh 82 km,Mawha Chow 20 km"
N3,1003386,link,link 2154,24.0633056,90.3884997,416.0,A,LRP030a,Box Culvert
N3,1003387,link,link 2155,24.06661278043478,90.38970822826089,237.0,A,LRP030b,Box Culvert
N3,1003388,link,link 2156,24.0690827,90.3906108,177.0,A,LRP030c,Box Culvert
N3,1003389,link,link 2157,24.0695549,90.3910552,182.0,A,LRP031,"Mymensingh 84 km,Mawha Chow 19 km"
N3,1003390,link,link 2158,24.0732216,90.3921941,454.0,A,LRP031a,Box Culvert
N3,1003391,link,link 2159,24.0753327,90.3930552,229.0,A,LRP031b,Box Culvert
N3,1003392,link,link 2160,24.0778049,90.3949441,321.0,A,LRP032,Mymensingh 80 km
N3,1003393,link,link 2161,24.0794716,90.395833,236.0,A,LRP032a,Box Culvert
N3,1003394,link,link 2162,24.0841941,90.3992219,621.0,A,LRP032b,Box Culvert
N3,1003395,link,link 2163,24.0854997,90.3998886,147.0,A,LRP033,Mymensingh 79 km
N3,1003396,bridge,bridge 1153,24.0889997,90.4005278,3.0,B,LRP033a,NATIONAL PARK
N3,1003397,bridge,bridge 1154,24.0919163,90.4010833,1.5,C,LRP033b,RAJANDOPUR-GOGARIPARA
N3,1003398,bridge,bridge 1155,24.093833,90.4013333,1.0,C,LRP033c,RAJENDRAPUR
N3,1003399,link,link 2164,24.0943608,90.4015556,18.0,A,LRP034,"Mymensingh 78 km,Mawha Chow 16 km"
N3,1003400,link,link 2165,24.095083,90.4014167,118.0,A,LRP034a,Box Culvert
N3,1003401,bridge,bridge 1156,24.0955552,90.4018056,3.0,B,LRP034b,BAZANDERPUR FROM
N3,1003402,link,link 2166,24.0977774,90.4021944,249.0,A,LRP034c,Box culvert
N3,1003403,link,link 2167,24.1022778,90.4030833,505.0,A,LRP034d,Box Culvert
N3,1003404,link,link 2168,24.1032222,90.4032222,129.0,A,LRP035,"Mymensingh 77 km,Mawha Chow 15 km"
N3,1003405,bridge,bridge 1157,24.1081111,90.4040278,3.0,B,LRP035a,KAIYA MAR A BOX CULVERT
N3,1003406,link,link 2169,24.1125833,90.4048889,512.0,A,LRP036,"Mymensingh 76 km,Mawha Chow 14 km"
N3,1003407,bridge,bridge 1158,24.1164167,90.406,1.0,A,LRP036a,HOTAPARA BOX CULVERT
N3,1003408,link,link 2170,24.1206382,90.4081944,524.0,A,LRP037,"Mymensingh 75 km,Mawha Chow 13 km"
N3,1003409,link,link 2171,24.1279993,90.4117778,899.0,A,LRP037a,Box culvert
N3,1003410,link,link 2172,24.1288882,90.4121944,114.0,A,LRP038,"Mymensingh 74 km,Mawha Chow 12 km"
N3,1003411,bridge,bridge 1159,24.1344163,90.4147778,3.0,A,LRP038a,BEGUMPUR BOX CULVERT
N3,1003412,link,link 2173,24.1346386,90.4148611,29.0,A,LRP039,"Mymensingh 73 km,Mawha Chow 11 km"
N3,1003413,bridge,bridge 1160,24.1391108,90.416916,6.1,B,LRP039a,BOBRIPUR BOX CULVERT
N3,1003414,link,link 2174,24.1426941,90.4186382,440.0,A,LRP040,"Mymensingh 72 km,Mawha Chow 10 km"
N3,1003415,bridge,bridge 1161,24.1458886,90.4201382,6.0,B,LRP040a,KOSAI BARI BOX CULVERT
N3,1003416,link,link 2175,24.1501389,90.4221382,510.0,A,LRP041,"Mymensingh 71 km,Mawha Chow 9 km"
N3,1003417,bridge,bridge 1162,24.1506389,90.4223327,9.4,B,LRP041a,BANIARCHALA BOX CULVERT
N3,1003418,link,link 2176,24.1581389,90.4258604,908.0,A,LRP042,"Mymensingh 70 km,Mawha Chow 8 km"
N3,1003419,link,link 2177,24.1605833,90.4269716,475.0,A,LRP042a,Box Culvert
N3,1003420,link,link 2178,24.1664167,90.4281938,496.0,A,LRP043,"Mymensingh 69 km,Mawha 7 km"
N3,1003421,link,link 2179,24.1754716,90.4274716,1017.0,A,LRP044,"Mymensingh 68 km,Mawha Chow 6 km"
N3,1003422,link,link 2180,24.1837497,90.4268882,926.0,A,LRP044a,Box culvert
N3,1003423,link,link 2181,24.1844997,90.4268327,82.0,A,LRP045,"Mymensingh 67 km,Mawha Chow 5 km"
N3,1003424,link,link 2182,24.187833,90.4266104,370.0,A,LRP045a,Road to Sripur (Z3009)
N3,1003425,link,link 2183,24.1937774,90.4256938,673.0,A,LRP046,"Mymensingh 66 km,Mawha Chow 4 km"
N3,1003426,bridge,bridge 1163,24.1984163,90.4233604,1.5,A,LRP046a,N B BAZAR
N3,1003427,link,link 2184,24.2017778,90.4217493,428.0,A,LRP047,"Mymensingh 65 km,Mawha 3 km"
N3,1003428,bridge,bridge 1164,24.2051944,90.4200827,1.0,A,LRP047a,BARAIDAR CHALA
N3,1003429,link,link 2185,24.2100278,90.417666,528.0,A,LRP048,"Mymensingh 64 km,Mawha Chow 2 km"
N3,1003430,bridge,bridge 1165,24.2133611,90.416,3.0,B,LRP048a,BARAYEDE RCHALA BOX CULVERT
N3,1003431,link,link 2186,24.2180549,90.4136944,565.0,A,LRP049,Km post missing
N3,1003432,link,link 2187,24.21856825130719,90.41344659281046,65.0,A,LRP049a,Flyover start
N3,1003433,link,link 2188,24.2204716,90.4125278,241.0,A,LRP049b,Road to Kapasia (R313)
N3,1003434,bridge,bridge 1166,24.2206938,90.4123889,1.5,A,LRP049c,MOWNA BAZAR
N3,1003435,link,link 2189,24.2243604,90.4103611,458.0,A,LRP049d,Flyover end
N3,1003436,link,link 2190,24.2261104,90.4096667,221.0,A,LRP049e,Right to Gafargaon (R314)
N3,1003437,link,link 2191,24.2265271,90.4094722,51.0,A,LRP050,"Mymensingh 62 km,Mawha Chow 0 km"
N3,1003438,bridge,bridge 1167,24.233333,90.4061389,3.0,C,LRP050a,MULAID BOX CULVERT(1)
N3,1003439,link,link 2192,24.2347774,90.4054444,178.0,A,LRP051,Mymensingh 61 km
N3,1003440,bridge,bridge 1168,24.2355274,90.4050556,1.5,C,LRP051a,MOLAYID BOX CULVERT (3)
N3,1003441,bridge,bridge 1169,24.238083,90.4038611,3.0,D,LRP051b,JOBTAPUKURPAR BOXCULVERT
N3,1003442,link,link 2193,24.2432219,90.4025556,600.0,A,LRP052,Mymensingh 60 km
N3,1003443,bridge,bridge 1170,24.2471386,90.4015556,1.5,C,LRP052a,NAYANPUR SLUB CULVERT
N3,1003444,link,link 2194,24.2518889,90.4003056,548.0,A,LRP053,Km post missing
N3,1003445,bridge,bridge 1171,24.2570278,90.3989997,3.0,B,LRP053a,R.A.K CERAMICKS BOX CULVERT
N3,1003446,link,link 2195,24.2604722,90.398083,410.0,A,LRP054,Km post missing
N3,1003447,bridge,bridge 1172,24.26125,90.398083,2.9,B,LRP054a,DANOA
N3,1003448,link,link 2196,24.2653611,90.398083,402.0,A,LRP054b,Box Culvert
N3,1003449,link,link 2197,24.2687771,90.3968052,343.0,A,LRP055,Mymensingh 57 km
N3,1003450,link,link 2198,24.2775549,90.3937219,1000.0,A,LRP056,Km post missing
N3,1003451,bridge,bridge 1173,24.2800549,90.3930552,4.5,C,LRP056a,JOYNABAZAR BOX CALVERT
N3,1003452,link,link 2199,24.2810549,90.3927774,126.0,A,LRP057,Mymensingh 55 km
N3,1003453,link,link 2200,24.2813327,90.3928886,27.0,A,LRP057a,Start of Mymensingh Road Division / Start of Mymensingh Road Division
N3,1003454,link,link 2201,24.2898608,90.3905552,973.0,A,LRP058,Km post missing
N3,1003455,link,link 2202,24.2986108,90.388333,1000.0,A,LRP059,Km post missing
N3,1003456,link,link 2203,24.3071389,90.3854997,1000.0,A,LRP060,Km post missing
N3,1003457,bridge,bridge 1174,24.3099167,90.3845552,6.0,B,LRP060a,AMTOLI JAMIRDA CULVERT
N3,1003458,link,link 2204,24.3159167,90.3825549,706.0,A,LRP061,Mymensingh 51 km
N3,1003459,link,link 2205,24.3245549,90.3795827,1007.0,A,LRP062,Information Not Clear
N3,1003460,bridge,bridge 1175,24.3248049,90.3795271,3.0,A,LRP062a,HABIRBARI CULVERT
N3,1003461,link,link 2206,24.3307216,90.3773882,780.0,A,LRP062b,Box Culvert
N3,1003462,link,link 2207,24.3331104,90.376666,190.0,A,LRP063,Km post missing
N3,1003463,link,link 2208,24.3417774,90.3738604,1000.0,A,LRP064,Km post missing
N3,1003464,link,link 2209,24.3458052,90.374166,440.0,A,LRP064a,Box culvert
N3,1003465,link,link 2210,24.3503333,90.3746382,522.0,A,LRP064b,Box  Culvert
N3,1003466,link,link 2211,24.3508056,90.3745827,38.0,A,LRP065,Km post missing
N3,1003467,bridge,bridge 1176,24.3512778,90.3746104,3.0,A,LRP065a,MEHERA BARI BOX CULVERT
N3,1003468,link,link 2212,24.3520556,90.3746938,88.0,A,LRP065b,Box culvert
N3,1003469,link,link 2213,24.35525,90.3749716,362.0,A,LRP065c,Box culvert
N3,1003470,link,link 2214,24.3563889,90.3750827,131.0,A,LRP065d,Box culvert
N3,1003471,link,link 2215,24.3596389,90.3753604,366.0,A,LRP066,Km post missing
N3,1003472,bridge,bridge 1177,24.3609444,90.3754716,4.5,A,LRP066a,AKHALIA BOX CULVERT
N3,1003473,bridge,bridge 1178,24.36275,90.375666,3.0,A,LRP066b,AKHALIA HAGIR BARI BOX CULVERT
N3,1003474,bridge,bridge 1179,24.36475,90.3758604,3.0,A,LRP066c,HOZIR BAZAR BOX CULVERT
N3,1003475,bridge,bridge 1180,24.3692771,90.3762216,3.0,A,LRP066d,HAJIR BAZAR CULVERT
N3,1003476,link,link 2216,24.3693327,90.3762216,12.0,A,LRP067,Mymensingh 45 km
N3,1003477,link,link 2217,24.3720271,90.3764716,297.0,A,LRP067a,Box culvert
N3,1003478,link,link 2218,24.3747216,90.3769438,307.0,A,LRP067b,Box culvert
N3,1003479,link,link 2219,24.3782216,90.3773049,396.0,A,LRP068,Km post missing
N3,1003480,link,link 2220,24.3775827,90.3775827,425.0,A,LRP068a,Box culvert
N3,1003481,link,link 2221,24.3871941,90.3779993,575.0,A,LRP069,Km post missing
N3,1003482,link,link 2222,24.3872774,90.3781382,25.0,A,LRP069a,Box culvert
N3,1003483,link,link 2223,24.3891386,90.3787493,205.0,A,LRP069b,Box Culvert
N3,1003484,link,link 2224,24.3911386,90.3795549,293.0,A,LRP069c,Box Culvert
N3,1003485,link,link 2225,24.3964163,90.3821382,585.0,A,LRP070,Mymensingh 42 km
N3,1003486,bridge,bridge 1181,24.3988608,90.3841386,159.8,C,LRP070a,Bhaluka bridge
N3,1003487,link,link 2226,24.3998886,90.3852219,160.0,A,LRP070b,Bridge end
N3,1003488,link,link 2227,24.4040833,90.386083,499.0,A,LRP071,Km post missing
N3,1003489,link,link 2228,24.4048056,90.3861386,86.0,A,LRP071a,Road to Shakhipur (Z3030) / Road to Gafargaon (Z3031)
N3,1003490,link,link 2229,24.4049167,90.386083,14.0,A,LRP071c,Box culvert
N3,1003491,link,link 2230,24.41275,90.3872497,900.0,A,LRP072,Km post missing
N3,1003492,link,link 2231,24.4161389,90.388333,397.0,A,LRP072a,Box culvert
N3,1003493,link,link 2232,24.418416,90.3890552,268.0,A,LRP073,Mymensingh 39 km
N3,1003494,bridge,bridge 1182,24.4218327,90.3886386,4.5,C,LRP073a,PROSHIKA MORE BOX CULVERT
N3,1003495,link,link 2233,24.4265271,90.386833,562.0,A,LRP073b,Box culvert
N3,1003496,link,link 2234,24.4270827,90.3866108,63.0,A,LRP074,Information Convered
N3,1003497,bridge,bridge 1183,24.430166,90.3854163,6.1,B,LRP074a,BANDABO BOX CULVERT
N3,1003498,bridge,bridge 1184,24.4303882,90.3853608,4.7,B,LRP074b,BANDABO BOX CULVERT
N3,1003499,link,link 2235,24.435333,90.3843886,477.0,A,LRP074c,Box Culvert
N3,1003500,link,link 2236,24.4357219,90.3842774,128.0,A,LRP075,Km post missing
N3,1003501,bridge,bridge 1185,24.4409163,90.3836941,26.0,D,LRP075a,BORA DURA BAGSHARTRE
N3,1003502,link,link 2237,24.4424997,90.3835274,179.0,A,LRP075b,Box culvert
N3,1003503,link,link 2238,24.4440552,90.3833608,177.0,A,LRP075c,Box culvert
N3,1003504,link,link 2239,24.4445274,90.383333,57.0,A,LRP076,Km post missing
N3,1003505,bridge,bridge 1186,24.4455552,90.3832216,3.0,C,LRP076a,BORADOVE BOX CULVERT
N3,1003506,bridge,bridge 1187,24.447833,90.3829438,1.5,A,LRP076b,BORDUBA SUBMARGE
N3,1003507,link,link 2240,24.4498052,90.3827216,218.0,A,LRP076c,Box culvert
N3,1003508,link,link 2241,24.4509167,90.3826104,126.0,A,LRP076d,Box culvert
N3,1003509,link,link 2242,24.4520556,90.3825271,131.0,A,LRP076e,Box culvert
N3,1003510,link,link 2243,24.4533056,90.3822216,145.0,A,LRP077,Km post missing
N3,1003511,link,link 2244,24.46225,90.3813604,1000.0,A,LRP078,Km post missing
N3,1003512,link,link 2245,24.4664444,90.3822493,605.0,A,LRP078a,Box Culvert
N3,1003513,link,link 2246,24.4706104,90.3836663,312.0,A,LRP078b,Box Culvert
N3,1003514,link,link 2247,24.4709438,90.3837497,83.0,A,LRP079,Km post missing
N3,1003515,link,link 2248,24.4740827,90.3849441,376.0,A,LRP079a,Box culvert
N3,1003516,link,link 2249,24.4772771,90.3872219,432.0,A,LRP079b,Box culvert
N3,1003517,link,link 2250,24.4784993,90.3885552,192.0,A,LRP080,Km post missing
N3,1003518,link,link 2251,24.4781938,90.3881941,950.0,A,LRP080a,Road to Fulbari
N3,1003519,link,link 2252,24.4849719,90.3952497,50.0,A,LRP081,Km post missing
N3,1003520,link,link 2253,24.4905552,90.3956386,657.0,A,LRP081a,Box culvert
N3,1003521,link,link 2254,24.4919441,90.3953886,160.0,A,LRP081b,Bridge start
N3,1003522,link,link 2255,24.492333,90.395333,49.0,A,LRP081c,Bridge end
N3,1003523,link,link 2256,24.4942774,90.3949719,222.0,A,LRP082,Mymensingh 30 km
N3,1003524,bridge,bridge 1188,24.4964163,90.3948608,3.15,C,LRP082a,BANARI PARA BOX CULVERT
N3,1003525,bridge,bridge 1189,24.5002222,90.3947774,44.6,C,LRP082b,Banari bridge
N3,1003526,link,link 2257,24.5026667,90.3947219,228.0,A,LRP082c,Box culvert
N3,1003527,link,link 2258,24.5036944,90.3946386,115.0,A,LRP083,Mymensingh 29 km
N3,1003528,link,link 2259,24.5126111,90.3946108,1000.0,A,LRP084,Km post missing
N3,1003529,link,link 2260,24.5190827,90.3984163,822.0,A,LRP084a,Bridge start
N3,1003530,link,link 2261,24.5201104,90.3988886,128.0,A,LRP084b,Bridge end
N3,1003531,link,link 2262,24.5205271,90.399083,50.0,A,LRP085,Km post missing
N3,1003532,bridge,bridge 1190,24.5249438,90.4011667,110.15,C,LRP085a,KHIRO BRIDGE
N3,1003533,link,link 2263,24.5279993,90.4019444,420.0,A,LRP085b,Box Culvert
N3,1003534,link,link 2264,24.5289993,90.4021111,44.0,A,LRP086,Km post missing
N3,1003535,bridge,bridge 1191,24.5354441,90.4011389,6.1,C,LRP086a,AWULTIL SLAB CULVERT
N3,1003536,link,link 2265,24.5378608,90.40075,275.0,A,LRP087,Km post missing
N3,1003537,link,link 2266,24.5468886,90.3991663,1000.0,A,LRP088,Km post missing
N3,1003538,bridge,bridge 1192,24.5536111,90.3993608,4.6,C,LRP088a,RAGADURA SLAB CULVERT
N3,1003539,link,link 2267,24.5556944,90.3994163,247.0,A,LRP089,Km post missing
N3,1003540,bridge,bridge 1193,24.5631111,90.3986386,3.0,B,LRP089a,Bazar box culvert
N3,1003541,link,link 2268,24.5644722,90.3982219,302.0,A,LRP090,Km post missing
N3,1003542,link,link 2269,24.5730271,90.3954441,1000.0,A,LRP091,Km post missing
N3,1003543,bridge,bridge 1194,24.5749716,90.3956941,3.1,C,LRP091a,NODAS BOX CULVERT
N3,1003544,bridge,bridge 1195,24.5754438,90.3957497,56.1,C,LRP091b,BRIDGE OVER SOTIAL RIVER
N3,1003545,link,link 2270,24.577416,90.3954719,683.0,A,LRP091c,Box Culvert
N3,1003546,link,link 2271,24.5818882,90.3947497,41.0,A,LRP092,Km post missing
N3,1003547,bridge,bridge 1196,24.5827493,90.3947497,13.8,C,LRP092a,TRISAL BAZAR
N3,1003548,link,link 2272,24.590833,90.395583,904.0,A,LRP093,Km post missing
N3,1003549,link,link 2273,24.5991386,90.3962774,928.0,A,LRP093a,Box culvert
N3,1003550,link,link 2274,24.5998052,90.3962497,72.0,A,LRP094,Km post missing
N3,1003551,bridge,bridge 1197,24.6031667,90.3962497,1.0,C,LRP094a,BOYLOR BASHKURI ARCH MASONRY
N3,1003552,bridge,bridge 1198,24.6087778,90.3962497,3.0,A,LRP094b,HAGIR BAGAN BOX CULVERT
N3,1003553,bridge,bridge 1199,24.6101667,90.3963052,5.6,B,LRP095a,AGRAR CHOR CULVERT
N3,1003554,bridge,bridge 1200,24.6126389,90.3963608,1.0,B,LRP095b,BOYLOR CHAR PARA
N3,1003555,bridge,bridge 1201,24.6155556,90.3963052,1.55,B,LRP095c,MOTBARI ARCH CULVERT
N3,1003556,link,link 2275,24.6176104,90.3964163,238.0,A,LRP096,Km post missing
N3,1003557,link,link 2276,24.6264438,90.3979997,1000.0,A,LRP097,Km post missing
N3,1003558,link,link 2277,24.6313604,90.3989997,591.0,A,LRP097a,Box culvert
N3,1003559,link,link 2278,24.6348886,90.3992219,409.0,A,LRP098,Km post missing
N3,1003560,bridge,bridge 1202,24.6358608,90.3989441,1.7,B,LRP098a,BOYLOR ARCH MASONRY
N3,1003561,link,link 2279,24.6393886,90.3980274,407.0,A,LRP098b,Box culvert
N3,1003562,link,link 2280,24.6435552,90.3979441,477.0,A,LRP099,Km post missing
N3,1003563,bridge,bridge 1203,24.6469997,90.4001944,1.55,C,LRP099a,UJAN BOYLOR ARCH MASONRY
N3,1003564,bridge,bridge 1204,24.6505,90.4024167,2.4,B,LRP099b,BOELOR BOX CULVERT
N3,1003565,link,link 2281,24.6513611,90.4025556,80.0,A,LRP100,Km post missing
N3,1003566,bridge,bridge 1205,24.6573889,90.4018056,8.8,C,LRP100a,BOYLOR BOX CULVERT
N3,1003567,link,link 2282,24.6600556,90.4014167,323.0,A,LRP101,Km post missing
N3,1003568,link,link 2283,24.6628611,90.4013611,323.0,A,LRP101a,Box culvert
N3,1003569,link,link 2284,24.6659167,90.4020556,347.0,A,LRP101b,Box culvert
N3,1003570,link,link 2285,24.667416,90.4024722,179.0,A,LRP101c,Box Culvert
N3,1003571,link,link 2286,24.6688049,90.4028056,151.0,A,LRP102,Km post missing
N3,1003572,bridge,bridge 1206,24.6750827,90.4063333,1.0,C,LRP102a,CHAINKHA BOX CULVERT
N3,1003573,link,link 2287,24.6766382,90.40675,179.0,A,LRP103,Km post missing
N3,1003574,link,link 2288,24.6803604,90.4079167,454.0,A,LRP104,Mymensingh 9 km
N3,1003575,link,link 2289,24.6837219,90.4089722,393.0,A,LRP104a,Box culvert
N3,1003576,link,link 2290,24.6889163,90.4098056,582.0,A,LRP105,Mymensingh 8 km
N3,1003577,bridge,bridge 1207,24.6937219,90.4117222,23.6,C,LRP105a,Baltoli bridge
N3,1003578,link,link 2291,24.6939163,90.4117778,25.0,A,LRP105b,Bridge end
N3,1003579,link,link 2292,24.697333,90.4124722,389.0,A,LRP105c,Box culvert
N3,1003580,link,link 2293,24.6974997,90.4124722,13.0,A,LRP106,Km post missing
N3,1003581,bridge,bridge 1208,24.6987774,90.4123611,2.6,B,LRP106a,BALTOLI CULVERT
N3,1003582,link,link 2294,24.7063889,90.412,861.0,A,LRP107,Km post missing
N3,1003583,bridge,bridge 1209,24.7104444,90.4106667,8.6,B,LRP107a,SHIKARI KANDA CULVERT
N3,1003584,link,link 2295,24.7105,90.4106389,20.0,A,LRP107b,Bridge end
N3,1003585,link,link 2296,24.7150278,90.4100278,497.0,A,LRP108,Km post missing
N3,1003586,link,link 2297,24.7163889,90.41,129.0,A,LRP108a,Intersection with N309
N3,1003587,bridge,bridge 1210,24.7193327,90.4086389,12.55,C,LRP108b,THIGHAR KANDHA BOX CULVERT
N3,1003588,link,link 2298,24.719416,90.4086667,15.0,A,LRP108c,Bridge end
N3,1003589,link,link 2299,24.7237771,90.40925,492.0,A,LRP109,Mymensingh 4 km
N3,1003590,bridge,bridge 1211,24.7282493,90.4088889,1.5,A,LRP109a,DIGAN KANDA
N3,1003591,bridge,bridge 1212,24.730166,90.4086111,1.5,A,LRP109b,DIGIR KANDA BOX CULVERT
N3,1003592,bridge,bridge 1213,24.7303327,90.4086111,9.2,C,LRP109c,DIGINKANDA BOX CULVERT
N3,1003593,link,link 2300,24.7326104,90.4082778,257.0,A,LRP110,Km post missing
N3,1003594,link,link 2301,24.7414441,90.4076944,1000.0,A,LRP111,Km post missing
N3,1003595,link,link 2302,24.746583,90.4093056,524.0,A,LRP111a,Z3039 Charpara Palgudam Road
N3,1003596,link,link 2303,24.7473886,90.4082778,261.0,A,LRP111b,Box culvert
N3,1003597,link,link 2304,24.7487774,90.4066944,215.0,A,LRP112,km post missing
N3,1003598,link,link 2305,24.7533333,90.4045,578.0,A,LRP112a,trisal Busstand at right
N3,1003599,intersection,intersection 63,24.7557222,90.4053056,273.0,A,LRP112b,Rail Road Crossing
N3,1003600,intersection,intersection 64,24.7566944,90.4060833,149.0,A,LRP113,Km post missing
N3,1003601,sourcesink,sourcesink 20,24.7575,90.40675,108.0,A,LRPE,"Ganginar More,Shapla chattar & Intersect with Z3038"
N4,1003602,sourcesink,sourcesink 21,23.9893886,90.3818327,0.0,A,LRPS,Road Start from N3
N4,1003603,link,link 2306,23.9894997,90.3719993,1000.0,A,LRP001,Km post missing
N4,1003604,intersection,intersection 65,23.9890274,90.3622222,1000.0,A,LRP002,Km post missing
N4,1003605,intersection,intersection 66,23.9895274,90.3581944,406.0,A,LRP003,Tangail 60 km Intersection with N105
N4,1003606,bridge,bridge 1214,23.9926108,90.3519444,70.0,A,LRP003a,Kodda Bridge
N4,1003607,link,link 2307,23.993083,90.3514444,72.0,A,LRP003b,Bridge end
N4,1003608,link,link 2308,23.9916663,90.3501667,179.0,A,LRP004,Km post missing
N4,1003609,bridge,bridge 1215,23.9959997,90.3479441,121.6,B,LRP004a,BYPILE BRIDGE
N4,1003610,link,link 2309,23.996833,90.3471386,124.0,A,LRP004b,Bridge End
N4,1003611,link,link 2310,24.0005278,90.343333,570.0,A,LRP005,Km post missing
N4,1003612,link,link 2311,24.0032222,90.340583,421.0,A,LRP005a,Bridge Start
N4,1003613,link,link 2312,24.0040556,90.3397497,117.0,A,LRP005b,Bridge End
N4,1003614,link,link 2313,24.0068889,90.3364441,462.0,A,LRP006,Km post missing
N4,1003615,link,link 2314,24.0092778,90.3301382,704.0,A,LRP007,Tangail 56 km
N4,1003616,link,link 2315,24.0108889,90.321166,1000.0,A,LRP008,Km post missing
N4,1003617,link,link 2316,24.0123889,90.3115833,1000.0,A,LRP009,Km post missing
N4,1003618,link,link 2317,24.0144722,90.3078889,450.0,A,LRP009a,Box Culvert
N4,1003619,link,link 2318,24.0175549,90.3026389,631.0,A,LRP010,Kaliakoir 12 km
N4,1003620,link,link 2319,24.0226938,90.2946663,900.0,A,LRP011,Km post missing
N4,1003621,link,link 2320,24.0230549,90.2849997,1100.0,A,LRP012,Kaliakoir 10 km
N4,1003622,bridge,bridge 1216,24.0240549,90.281166,9.4,A,LRP012a,SHOPIPUR CULVERT (1)
N4,1003623,link,link 2321,24.0259993,90.2759438,600.0,A,LRP013,Km post missing
N4,1003624,bridge,bridge 1217,24.028666,90.2691104,2.5,A,LRP013a,SHOPIPUR BOX CULVERT
N4,1003625,link,link 2322,24.0296104,90.2667493,270.0,A,LRP014,Bongobondhu Bridge 72 km
N4,1003626,bridge,bridge 1218,24.034685770000003,90.2598499,1.5,A,LRP014a,CHANDORA CULVERT
N4,1003627,link,link 2323,24.0352497,90.2590833,100.0,A,LRP015,Km post missing
N4,1003628,link,link 2324,24.0406941,90.2518611,955.0,A,LRP016,Info missing
N4,1003629,bridge,bridge 1219,24.041083,90.2512222,5.0,A,LRP016a,CHANDORA CULVERT (3)
N4,1003630,link,link 2325,24.0452219,90.2430552,942.0,A,LRP017,Bongobondhu Bridge 69 km
N4,1003631,link,link 2326,24.0461108,90.2416386,174.0,A,LRP017a,Box Culvert
N4,1003632,link,link 2327,24.0476386,90.2390552,325.0,A,LRP017b,R 505
N4,1003633,link,link 2328,24.0491663,90.2367219,290.0,A,LRP017c,Box Culvert
N4,1003634,link,link 2329,24.0505833,90.2350274,221.0,A,LRP018,Bongobondhu Bridge 68 km
N4,1003635,link,link 2330,24.0564444,90.2277493,1000.0,A,LRP019,Bongobondhu Bridge 67 km
N4,1003636,link,link 2331,24.0601667,90.2244438,547.0,A,LRP019a,Side road right
N4,1003637,bridge,bridge 1220,24.0618611,90.2209716,12.0,B,LRP019b,LOTIF PUR CULVERT
N4,1003638,link,link 2332,24.0629444,90.2185549,51.0,A,LRP020,Km post missing
N4,1003639,bridge,bridge 1221,24.0657778,90.2141389,61.0,B,LRP020a,Latifpur Bridge -1
N4,1003640,link,link 2333,24.0662222,90.2133611,153.0,A,LRP021,Bogra 142 km
N4,1003641,link,link 2334,24.0743327,90.2094722,990.0,A,LRP022,Km post broken
N4,1003642,bridge,bridge 1222,24.07544396442577,90.20872368067226,50.56,A,LRP022a,Shimultoli Bridge
N4,1003643,link,link 2335,24.0796938,90.2058611,566.0,A,LRP022b,Bridge Start
N4,1003644,bridge,bridge 1223,24.0800271,90.2055278,5.3,A,LRP022c,.
N4,1003645,link,link 2336,24.0815549,90.2039444,233.0,A,LRP023,Km post missing
N4,1003646,bridge,bridge 1224,24.0834441,90.20175,10.4,A,LRP023a,TANSHIVTRA PUR CULVERT (1)
N4,1003647,bridge,bridge 1225,24.0874719,90.1970552,41.0,A,LRP023b,Tanshutrapur Bridge
N4,1003648,link,link 2337,24.0875274,90.1969719,12.0,A,LRP023c,Bridge End
N4,1003649,link,link 2338,24.0876108,90.196833,7.0,A,LRP024,Bonghobondhu Bridge 62 km
N4,1003650,link,link 2339,24.089583,90.1924997,528.0,A,LRP024a,Bridge start
N4,1003651,link,link 2340,24.0894997,90.192083,41.0,A,LRP024b,Bridge end
N4,1003652,link,link 2341,24.0892219,90.1879719,440.0,A,LRP025,Tangail 38 Km
N4,1003653,bridge,bridge 1226,24.0897497,90.1802216,5.0,A,LRP025a,RANARCHALA CULVERT
N4,1003654,link,link 2342,24.089833,90.1782493,450.0,A,LRP026,Km post broken
N4,1003655,link,link 2343,24.0901941,90.1756382,273.0,A,LRP026a,Box Culvert
N4,1003656,link,link 2344,24.0928608,90.1727771,377.0,A,LRP026b,Box Culvert
N4,1003657,link,link 2345,24.0946941,90.1705549,360.0,A,LRP027,Tangail 36 km
N4,1003658,bridge,bridge 1227,24.0968886,90.1664722,5.5,A,LRP027a,SHOHAG PUR
N4,1003659,link,link 2346,24.0979163,90.1623889,434.0,A,LRP028,Tangail 35 km
N4,1003660,bridge,bridge 1228,24.0973608,90.1583056,73.17,A,LRP028a,Shohagpur Bridge
N4,1003661,link,link 2347,24.0961386,90.1528611,577.0,A,LRP029,Km post missing
N4,1003662,bridge,bridge 1229,24.0959441,90.1503056,19.2,A,LRP029a,DARUA CULVERT-1
N4,1003663,link,link 2348,24.0959163,90.1494441,78.0,A,LRP029b,Bridge end
N4,1003664,link,link 2349,24.0961941,90.146583,307.0,A,LRP029c,Bridge start
N4,1003665,bridge,bridge 1230,24.0962497,90.1464163,19.2,A,LRP029d,DARUA CULVERT-2
N4,1003666,link,link 2350,24.0965552,90.1431386,334.0,A,LRP030,Km post missing
N4,1003667,bridge,bridge 1231,24.0964997,90.142833,5.6,A,LRP030a,DAOUHATA CULVERT
N4,1003668,bridge,bridge 1232,24.0959441,90.1371941,48.8,C,LRP030b,Dewhata Bridge
N4,1003669,link,link 2351,24.0957497,90.1349719,233.0,A,LRP030c,Rail road crossing
N4,1003670,link,link 2352,24.0958052,90.1328327,224.0,A,LRP030d,Box Culvert
N4,1003671,link,link 2353,24.095833,90.1324993,37.0,A,LRP031,Bangobondhu 55 km
N4,1003672,link,link 2354,24.0961108,90.1293604,333.0,A,LRP031a,Box Culvert
N4,1003673,link,link 2355,24.0965552,90.1228882,667.0,A,LRP032,Km post missing
N4,1003674,link,link 2356,24.0983886,90.1136944,1020.0,A,LRP033,Rajshahi 288 km
N4,1003675,link,link 2357,24.1028056,90.1050556,1020.0,A,LRP034,Tangail 27 km
N4,1003676,link,link 2358,24.1028056,90.095833,993.0,A,LRP035,Tangail 27 km
N4,1003677,link,link 2359,24.1063611,90.090083,598.0,A,LRP035a,Bridge start
N4,1003678,link,link 2360,24.1063889,90.089833,33.0,A,LRP035b,Bridge end
N4,1003679,link,link 2361,24.1069167,90.0863886,355.0,A,LRP036,Bogra 127 km
N4,1003680,link,link 2362,24.1101389,90.0809993,660.0,A,LRP037,Tangail 24 km
N4,1003681,link,link 2363,24.1132222,90.0718049,1010.0,A,LRP038,Jamalpur 118 km
N4,1003682,bridge,bridge 1233,24.1158889,90.068166,32.2,B,LRP038a,SUBOLLA (1)
N4,1003683,link,link 2364,24.1160278,90.0679993,21.0,A,LRP038b,Bridge end
N4,1003684,link,link 2365,24.1188882,90.0643333,495.0,A,LRP039,Km post missing
N4,1003685,link,link 2366,24.1207771,90.0612222,380.0,A,LRP040,Rajshahi 282 km
N4,1003686,bridge,bridge 1234,24.1209438,90.0609167,4.3,A,LRP040a,KADIM DALLA CULVERT
N4,1003687,link,link 2367,24.1242493,90.0571944,33.0,A,LRP040b,Bridge end
N4,1003688,link,link 2368,24.1263327,90.0536389,942.0,A,LRP041,Tangail 23 km
N4,1003689,bridge,bridge 1235,24.1267493,90.0513611,42.43,B,LRP041a,Asimtola Bridge
N4,1003690,link,link 2369,24.1293049,90.0445552,755.0,A,LRP042,Km post missing
N4,1003691,bridge,bridge 1236,24.1295827,90.0441941,24.67,B,LRP042a,Pakulla Bridge
N4,1003692,link,link 2370,24.1295827,90.0344997,962.0,A,LRP043,Pabna 170 km
N4,1003693,bridge,bridge 1237,24.1346386,90.0309993,4.5,A,LRP043a,JAMOKI CULVERT
N4,1003694,link,link 2371,24.1347774,90.0306104,46.0,A,LRP043b,Bridge end
N4,1003695,link,link 2372,24.1364441,90.0263882,453.0,A,LRP044,Jamalpur 113 km
N4,1003696,bridge,bridge 1238,24.1386663,90.0213604,47.7,B,LRP044a,JAMOKI BRIDGE
N4,1003697,link,link 2373,24.1387497,90.0213327,26.0,A,LRP044b,Bridge end
N4,1003698,bridge,bridge 1239,24.1388886,90.0202771,9.45,A,LRP044c,ISLAMPUR (1)
N4,1003699,link,link 2374,24.1417774,90.0202771,8.0,A,LRP045,Km post missing
N4,1003700,bridge,bridge 1240,24.144083,90.020416,4.5,A,LRP045a,DUBAIL CULVERT
N4,1003701,link,link 2375,24.1500556,90.0186104,713.0,A,LRP046,Tangail 18 km
N4,1003702,bridge,bridge 1241,24.1511667,90.0187493,15.6,A,LRP046a,Natiapara Bridge
N4,1003703,link,link 2376,24.1515833,90.0187216,49.0,A,LRP046b,Bridge end
N4,1003704,link,link 2377,24.1546944,90.0185827,370.0,A,LRP046c,Box Culvert
N4,1003705,link,link 2378,24.1596389,90.0181382,530.0,A,LRP047,Modhupur 62 km
N4,1003706,bridge,bridge 1242,24.1616667,90.0179438,4.5,A,LRP047a,AMLAPARA (2)
N4,1003707,link,link 2379,24.1666938,90.0173882,566.0,A,LRP047b,Bridge start
N4,1003708,link,link 2380,24.166666,90.0173882,10.0,A,LRP047c,Bridge end
N4,1003709,link,link 2381,24.1685549,90.0173049,195.0,A,LRP048,Km post missing
N4,1003710,bridge,bridge 1243,24.17628433625616,90.01416459221674,9.4,A,LRP048a,ISLAMPUR
N4,1003711,link,link 2382,24.176416,90.0141111,17.0,A,LRP048b,Bridge end
N4,1003712,link,link 2383,24.1766382,90.0138056,40.0,A,LRP049,Jamalpur 138 km
N4,1003713,bridge,bridge 1244,24.1792216,90.0094444,9.1,A,LRP049a,GULLA
N4,1003714,link,link 2384,24.1833049,90.0058333,472.0,A,LRP050,Tangail 14 km
N4,1003715,link,link 2385,24.183583,90.0022222,448.0,A,LRP050a,Bridge start
N4,1003716,link,link 2386,24.1836386,90.0021667,10.0,A,LRP050b,Bridge end
N4,1003717,link,link 2387,24.1861108,89.9976941,542.0,A,LRP051,Tangail 13 km
N4,1003718,bridge,bridge 1245,24.1924997,89.9915552,9.4,A,LRP051a,GULLA (2)
N4,1003719,link,link 2388,24.1922219,89.9915274,10.0,A,LRP051b,Bridge end
N4,1003720,link,link 2389,24.1928608,89.9884163,47.0,A,LRP052,Tangail 12 km
N4,1003721,link,link 2390,24.2006389,89.9884441,994.0,A,LRP053,Km post broken
N4,1003722,bridge,bridge 1246,24.2009722,89.9860274,2.5,A,LRP053a,.
N4,1003723,bridge,bridge 1247,24.2010278,89.9859441,44.9,B,LRP053b,MADORDONI
N4,1003724,link,link 2391,24.2083056,89.9810271,958.0,A,LRP054,Jamalpur 113 km
N4,1003725,bridge,bridge 1248,24.2111111,89.9779993,60.5,A,LRP054a,KHARJANA BRIDGE
N4,1003726,link,link 2392,24.2111944,89.9778604,22.0,A,LRP054b,Bridge end
N4,1003727,link,link 2393,24.2145278,89.9741104,536.0,A,LRP055,Jamalpur 102 km
N4,1003728,link,link 2394,24.2169716,89.9713604,392.0,A,LRP055a,Bridge start
N4,1003729,link,link 2395,24.2172493,89.9710549,45.0,A,LRP055b,Bridge end
N4,1003730,link,link 2396,24.2210549,89.9674993,563.0,A,LRP056,Km post missing
N4,1003731,bridge,bridge 1249,24.2239993,89.965,20.6,A,LRP056a,Bhatkura Bridge
N4,1003732,link,link 2397,24.2244438,89.9590833,63.0,A,LRP056b,Bridge end
N4,1003733,link,link 2398,24.2278049,89.96175,479.0,A,LRP056c,Box culvert
N4,1003734,link,link 2399,24.2283882,89.9611944,50.0,A,LRP057,Km post missing
N4,1003735,link,link 2400,24.2338052,89.9564167,815.0,A,LRP057a,Road to Basail (Z4012)
N4,1003736,link,link 2401,24.2352774,89.95425,185.0,A,LRP058,Km post missing
N4,1003737,bridge,bridge 1250,24.236833,89.9541111,10.7,A,LRP058a,NOGARJOLY BOX CULVERT
N4,1003738,link,link 2402,24.2369441,89.9541111,22.0,A,LRP058b,Bridge end
N4,1003739,link,link 2403,24.2401386,89.9474997,768.0,A,LRP059,Km post missing
N4,1003740,bridge,bridge 1251,24.24229242614213,89.94163394492386,8.3,A,LRP059a,DORUN CULVERT
N4,1003741,link,link 2404,24.2427497,89.9403886,138.0,A,LRP059b,Tangail old section road (N404)
N4,1003742,link,link 2405,24.2446108,89.9398052,212.0,A,LRP060,Ghataik 31 km
N4,1003743,bridge,bridge 1252,24.2449441,89.9398052,4.5,A,LRP060a,GARINTA
N4,1003744,link,link 2406,24.2538889,89.9383052,965.0,A,LRP061,Ghatail 30 km
N4,1003745,bridge,bridge 1253,24.2552222,89.9382219,20.6,B,LRP061a,KANDILA BRIDGE
N4,1003746,link,link 2407,24.2597222,89.9378608,10.0,A,LRP061b,Bridge end
N4,1003747,link,link 2408,24.2599722,89.9378608,524.0,A,LRP061c,Bridge start
N4,1003748,link,link 2409,24.2600278,89.937833,9.0,A,LRP061d,Bridge end
N4,1003749,link,link 2410,24.2628611,89.9376386,312.0,A,LRP062,Modhupur 48 km
N4,1003750,bridge,bridge 1254,24.2633333,89.9376108,2.0,A,LRP062a,KANDILA CULVERT
N4,1003751,bridge,bridge 1255,24.2709716,89.9368608,20.6,B,LRP062b,SHIBPUR BRIDGE
N4,1003752,link,link 2411,24.2716104,89.9365552,88.0,A,LRP063,Modhupur 47 km
N4,1003753,link,link 2412,24.2755827,89.9319716,639.0,A,LRP063a,Bridge start
N4,1003754,link,link 2413,24.2757216,89.9318049,24.0,A,LRP063b,Bridge end
N4,1003755,link,link 2414,24.2778327,89.9290827,328.0,A,LRP064,Km post missing
N4,1003756,bridge,bridge 1256,24.2799716,89.9258604,104.0,B,LRP064a,Tarabaira Bridge
N4,1003757,link,link 2415,24.2808327,89.9231382,395.0,A,LRP064b,Bridge start
N4,1003758,bridge,bridge 1257,24.2808604,89.9229438,51.0,B,LRP064c,Panch Brikramhati Bridge
N4,1003759,link,link 2416,24.2814993,89.9203882,263.0,A,LRP065,Jamalpur 92 km
N4,1003760,link,link 2417,24.2834719,89.9176938,375.0,A,LRP065a,Tangail old section road (N404)
N4,1003761,link,link 2418,24.2891386,89.9180271,625.0,A,LRP066,Km post missing
N4,1003762,bridge,bridge 1258,24.2913052,89.9182216,23.0,C,LRP066a,ROSULPUR BRIDGE
N4,1003763,link,link 2419,24.2924441,89.9183049,104.0,A,LRP066b,Bridge end
N4,1003764,link,link 2420,24.2929997,89.9183327,85.0,A,LRP067,Info missing
N4,1003765,bridge,bridge 1259,24.2973886,89.9187771,127.5,C,LRP067a,POULIE BRIDGE
N4,1003766,link,link 2421,24.2978608,89.9188604,53.0,A,LRP067b,Bridge end
N4,1003767,link,link 2422,24.3018611,89.9194438,455.0,A,LRP068,Km post missing
N4,1003768,bridge,bridge 1260,24.3047778,89.9198604,10.1,A,LRP068a,.
N4,1003769,bridge,bridge 1261,24.305,89.919916,54.4,A,LRP068b,PALU BRIDGE
N4,1003770,link,link 2423,24.3107222,89.9218327,658.0,A,LRP069,Info missing
N4,1003771,link,link 2424,24.3150833,89.9235271,502.0,A,LRP069a,Bridge start
N4,1003772,bridge,bridge 1262,24.3160833,89.9240827,19.0,A,LRP069b,RAZA BAZAR RCC BRIDGE
N4,1003773,link,link 2425,24.319201220836444,89.92430176019417,352.0,A,LRP070,Km post missing
N4,1003774,link,link 2426,24.3279438,89.924916,987.0,A,LRP071,Mymensingh 87 km
N4,1003775,bridge,bridge 1263,24.3280271,89.9249438,3.0,A,LRP071a,ISAPUR BOX CULVERT
N4,1003776,bridge,bridge 1264,24.3284993,89.9249438,25.85,B,LRP071b,Boro Ichapur Bridge
N4,1003777,link,link 2427,24.3323604,89.924916,434.0,A,LRP071c,Box Culvert
N4,1003778,link,link 2428,24.33466615,89.9248882,255.0,A,LRP071d,Road to Bhuapur (R 480)
N4,1003779,link,link 2429,24.3369719,89.9248604,255.0,A,LRP072,Mymensingh 86 Km
N4,1003780,bridge,bridge 1265,24.3392497,89.924416,64.5,C,LRP072a,SARKAIL BAILEY WITH STEEL DECK
N4,1003781,link,link 2430,24.3423052,89.9259993,386.0,A,LRP072b,Bridge start
N4,1003782,link,link 2431,24.3424719,89.9260549,20.0,A,LRP072c,Bridge end
N4,1003783,link,link 2432,24.3451663,89.9268882,310.0,A,LRP073,Km post missing
N4,1003784,link,link 2433,24.3459441,89.927416,105.0,A,LRP073a,Rail road crossing
N4,1003785,link,link 2434,24.3475274,89.9292493,257.0,A,LRP073b,Bridge start
N4,1003786,link,link 2435,24.3477219,89.9294716,31.0,A,LRP073c,Bridge end
N4,1003787,link,link 2436,24.3509444,89.933333,513.0,A,LRP073d,Box Culvert
N4,1003788,link,link 2437,24.3516667,89.9342219,144.0,A,LRP074,Mymensingh 84 km
N4,1003789,bridge,bridge 1266,24.3525278,89.9352497,44.4,C,LRP074a,DHUNAIL RCC GIDER BRIDGE
N4,1003790,link,link 2438,24.3561944,89.9406663,688.0,A,LRP074b,Bridge start
N4,1003791,bridge,bridge 1267,24.3563333,89.940833,36.5,D,LRP074c,SATHOLA RCC GIDER BRIDGE
N4,1003792,link,link 2439,24.3572222,89.9419163,151.0,A,LRP075,Modhupur 35 km
N4,1003793,bridge,bridge 1268,24.3605278,89.9468886,92.0,A,LRP075a,HALDA STEEL BEAM AND RCC SLAB
N4,1003794,link,link 2440,24.3605278,89.9476941,95.0,A,LRP075b,Bridge end
N4,1003795,link,link 2441,24.36225,89.9499719,302.0,A,LRP076,Km post missing
N4,1003796,link,link 2442,24.368416,89.9573056,1020.0,A,LRP077,Modhupur 33 km
N4,1003797,link,link 2443,24.3691104,89.9584167,138.0,A,LRP077a,Bridge start
N4,1003798,link,link 2444,24.3694993,89.9591667,91.0,A,LRP077b,Bridge end
N4,1003799,link,link 2445,24.3727493,89.9628611,524.0,A,LRP077c,Bridge start
N4,1003800,link,link 2446,24.3735549,89.9649722,50.0,A,LRP077d,Bridge end / Km post missing
N4,1003801,bridge,bridge 1269,24.375166,89.9707216,71.0,D,LRP078a,KAUHATI RCC GIDER BRIGE
N4,1003802,link,link 2447,24.3751104,89.9714993,89.0,A,LRP078b,Bridge end
N4,1003803,link,link 2448,24.3756938,89.9740549,279.0,A,LRP079,Maymensing 76 km
N4,1003804,bridge,bridge 1270,24.379666,89.9802493,65.0,A,LRP079a,ISAPUR RCC GIDER BRIDGE
N4,1003805,link,link 2449,24.379916,89.9802493,38.0,A,LRP079b,Bridge end
N4,1003806,link,link 2450,24.3811938,89.9815827,181.0,A,LRP080,Km post missing
N4,1003807,link,link 2451,24.3853608,89.9899997,1000.0,A,LRP081,Mymensing 74 km
N4,1003808,bridge,bridge 1271,24.3861108,89.9939441,3.0,A,LRP081a,RAYPUR BOX CULVERT
N4,1003809,bridge,bridge 1272,24.3863886,89.9941108,3.0,A,LRP081b,KADOMTOLI BOX CULVERT
N4,1003810,link,link 2452,24.3873886,89.9946941,335.0,A,LRP081c,Road to Ratangonj (Z4016)
N4,1003811,link,link 2453,24.3910552,89.9962774,205.0,A,LRP082,Mymensing 73 km
N4,1003812,bridge,bridge 1273,24.392583,89.9954441,35.0,A,LRP082a,Raikhali Bridge
N4,1003813,link,link 2454,24.3932219,89.9951663,77.0,A,LRP082b,Bridge end
N4,1003814,link,link 2455,24.3989719,89.9920552,807.0,A,LRP083,Km post missing
N4,1003815,link,link 2456,24.4081389,89.9912497,929.0,A,LRP084,Mumensing 71km
N4,1003816,bridge,bridge 1274,24.4134167,89.9916663,3.0,A,LRP084a,BAMON SO SAN BOX CULVERT
N4,1003817,bridge,bridge 1275,24.4154722,89.9917774,17.5,C,LRP084b,BONDGRAM
N4,1003818,link,link 2457,24.4169993,89.9914441,176.0,A,LRP085,Km post missing
N4,1003819,bridge,bridge 1276,24.424666,89.9897774,3.0,A,LRP085a,OMALIPUR CULVERT
N4,1003820,link,link 2458,24.424666,89.9896663,35.0,A,LRP085b,Bridge end
N4,1003821,link,link 2459,24.425658261022043,89.98945825140281,115.0,A,LRP086,Km post missing
N4,1003822,bridge,bridge 1277,24.4332771,89.9878608,18.3,C,LRP086a,DOPAGONI BRIDGE
N4,1003823,link,link 2460,24.4351663,89.9874719,147.0,A,LRP087,Mohupur 22 km
N4,1003824,link,link 2461,24.4430274,89.9829438,1005.0,A,LRP088,Mymensing 67km
N4,1003825,link,link 2462,24.445333,89.9819438,282.0,A,LRP088a,Box Culvert
N4,1003826,link,link 2463,24.4503611,89.9796938,612.0,A,LRP088b,Bridge start
N4,1003827,link,link 2464,24.4505556,89.9796104,26.0,A,LRP088c,Bridge end
N4,1003828,link,link 2465,24.4513333,89.9792771,80.0,A,LRP089,Modhupur 20 km
N4,1003829,link,link 2466,24.4571944,89.978416,623.0,A,LRP089a,Box culvert
N4,1003830,link,link 2467,24.4601667,89.9774438,377.0,A,LRP090,Mymensing 65 km
N4,1003831,bridge,bridge 1278,24.4667216,89.975166,33.0,C,LRP090a,BANIAPARA BOX CULVERT
N4,1003832,link,link 2468,24.4668604,89.9751104,20.0,A,LRP090b,Bridge end
N4,1003833,link,link 2469,24.4687493,89.9745827,212.0,A,LRP091,Modhupur 17 km
N4,1003834,link,link 2470,24.4717771,89.9738604,351.0,A,LRP091a,Bridge start
N4,1003835,link,link 2471,24.4718882,89.9738049,10.0,A,LRP091b,Bridge end
N4,1003836,link,link 2472,24.4776382,89.973416,639.0,A,LRP092,Km post missing
N4,1003837,bridge,bridge 1279,24.47818772871287,89.9734391029703,4.0,A,LRP092a,PORABARI CULVERT
N4,1003838,link,link 2473,24.4868886,89.9738049,950.0,A,LRP093,Modhupur 15 km
N4,1003839,link,link 2474,24.495833,89.9743604,1000.0,A,LRP094,Modhupur 14 km
N4,1003840,link,link 2475,24.4999441,89.974416,467.0,A,LRP094a,Bridge start
N4,1003841,link,link 2476,24.5003333,89.9745271,45.0,A,LRP094b,Bridge end
N4,1003842,link,link 2477,24.5041667,89.9759438,448.0,A,LRP095,Km post broken
N4,1003843,link,link 2478,24.5129167,89.9780827,1000.0,A,LRP096,Km post missing
N4,1003844,link,link 2479,24.514,89.9782493,119.0,A,LRP096a,Road to Jagannathgonj (Z4017)
N4,1003845,link,link 2480,24.5193049,89.9799716,599.0,A,LRP096b,Box Culvert
N4,1003846,link,link 2481,24.521666,89.9799716,292.0,A,LRP097,Modhupur 11km
N4,1003847,link,link 2482,24.5309438,89.9816938,1000.0,A,LRP098,Modhupur 10 km
N4,1003848,link,link 2483,24.5394997,89.9901386,1000.0,A,LRP099,Modhupur 9 km
N4,1003849,link,link 2484,24.547833,89.988083,1000.0,A,LRP100,Modhupur 8 km
N4,1003850,link,link 2485,24.5479719,89.9882219,30.0,A,LRP100a,Bridge start
N4,1003851,link,link 2486,24.5481108,89.9883608,13.0,A,LRP100b,Bridge end
N4,1003852,link,link 2487,24.5546389,89.9950552,967.0,A,LRP101,Info missing
N4,1003853,bridge,bridge 1280,24.5595278,90.0007222,4.5,A,LRP101a,.
N4,1003854,link,link 2488,24.56075,90.0022222,201.0,A,LRP102,Modhupur 6 km
N4,1003855,link,link 2489,24.5605556,90.0022222,999.0,A,LRP103,Modhupur 5 km
N4,1003856,bridge,bridge 1281,24.568416,90.0079722,43.5,B,LRP103a,MODHUPUR BUSSTAND
N4,1003857,link,link 2490,24.574916,90.0130556,944.0,A,LRP104,Modhupur 4 km
N4,1003858,link,link 2491,24.581416,90.0183882,950.0,A,LRP104a,Box Culvert
N4,1003859,link,link 2492,24.5818882,90.0188049,50.0,A,LRP105,Km post missnig
N4,1003860,link,link 2493,24.590083,90.0208604,1000.0,A,LRP106,Modhupur 2 km
N4,1003861,link,link 2494,24.5974441,90.0258049,980.0,A,LRP107,Info missing
N4,1003862,intersection,intersection 67,24.6059167,90.0280549,978.0,A,LRP107a,Bridge start
N4,1003863,intersection,intersection 68,24.6063333,90.0283049,50.0,A,LRP108,Km post missing
N4,1003864,intersection,intersection 69,24.6071111,90.028666,105.0,A,LRP108a,Road to Muktagacha (N401)
N4,1003865,link,link 2495,24.6091389,90.0204438,509.0,A,LRP108b,Box Culvert
N4,1003866,link,link 2496,24.6096111,90.0193049,406.0,A,LRP109,Jamalpur 41 km
N4,1003867,link,link 2497,24.6143333,90.0111111,1000.0,A,LRP110,Jamalpur 40 km
N4,1003868,bridge,bridge 1282,24.6160833,90.0079444,8.5,A,LRP110a,BAGIL C
N4,1003869,link,link 2498,24.6161389,90.0076111,41.0,A,LRP110b,Bridge end
N4,1003870,link,link 2499,24.6148333,90.0021944,1.0,A,LRP111,Jamalpur 39 km
N4,1003871,link,link 2500,24.617416,89.9936941,1000.0,A,LRP112,Jamalpur 38 km
N4,1003872,bridge,bridge 1283,24.620416,89.9915274,30.1,C,LRP112a,CHARAVANGA
N4,1003873,link,link 2501,24.624166,89.985583,737.0,A,LRP113,Jamalpur 37 km
N4,1003874,link,link 2502,24.6296382,89.9779438,1000.0,A,LRP114,Km post missing
N4,1003875,bridge,bridge 1284,24.6305827,89.9767771,3.0,A,LRP114a,HARZAKBARI CULVERT
N4,1003876,link,link 2503,24.6372774,89.9727493,851.0,A,LRP115,Jamalpur 35 km
N4,1003877,link,link 2504,24.6449441,89.9676382,1000.0,A,LRP116,Jamalpur 34 km
N4,1003878,link,link 2505,24.6500278,89.9660278,596.0,A,LRP116a,Bridge start
N4,1003879,link,link 2506,24.6503056,89.9660278,30.0,A,LRP116b,Bridge end
N4,1003880,link,link 2507,24.6533889,89.9645833,374.0,A,LRP117,Jamalpur 33 km
N4,1003881,link,link 2508,24.6619722,89.9617222,1000.0,A,LRP118,Jamalpur 32 km
N4,1003882,bridge,bridge 1285,24.6631389,89.9614167,28.8,C,LRP118a,ROPSHANTI BRIDGE
N4,1003883,link,link 2509,24.6692493,89.9565556,857.0,A,LRP119,Jamalpur 31 km
N4,1003884,link,link 2510,24.6713882,89.9548333,300.0,A,LRP119a,Box Culvert
N4,1003885,link,link 2511,24.677166,89.9521111,700.0,A,LRP120,Km post missing
N4,1003886,link,link 2512,24.6791382,89.9523333,240.0,A,LRP120a,Box Culvert
N4,1003887,link,link 2513,24.6832771,89.9527778,460.0,A,LRP120b,Box Culvert
N4,1003888,link,link 2514,24.6861108,89.9532778,300.0,A,LRP121,Jamalpur 29 km
N4,1003889,bridge,bridge 1286,24.6892219,89.9536111,3.0,A,LRP121a,BANZAN CULVERT
N4,1003890,link,link 2515,24.695083,89.9538889,650.0,A,LRP122,Jamalpur 28 km
N4,1003891,bridge,bridge 1287,24.6975274,89.9532778,0.85,B,LRP122a,BELTIA CULVRT
N4,1003892,link,link 2516,24.6977774,89.9531944,41.0,A,LRP122b,Bridge end
N4,1003893,link,link 2517,24.7028889,89.9496386,694.0,A,LRP123,Jamalpur 27 km
N4,1003894,bridge,bridge 1288,24.7047778,89.9491663,3.0,A,LRP123a,NANIYANZAN (C)
N4,1003895,link,link 2518,24.7086111,89.9472497,483.0,A,LRP123b,Box Culvert
N4,1003896,link,link 2519,24.7111944,89.9459719,309.0,A,LRP124,Jamalpur 26 km
N4,1003897,link,link 2520,24.7114167,89.9459719,29.0,A,LRP124a,Box Culvert
N4,1003898,link,link 2521,24.7199716,89.9451386,971.0,A,LRP125,Jamalpur 25 km
N4,1003899,bridge,bridge 1289,24.726666,89.9411108,35.0,C,LRP125a,NOTORPARA CONDBARI
N4,1003900,link,link 2522,24.7278604,89.9404163,49.0,A,LRP126,Km post broken
N4,1003901,link,link 2523,24.7317493,89.9381386,1.0,A,LRP126a,Box Culvert
N4,1003902,link,link 2524,24.7359163,89.9359997,999.0,A,LRP127,Km post missing
N4,1003903,link,link 2525,24.7379441,89.9352219,244.0,A,LRP127a,Box Culvert
N4,1003904,link,link 2526,24.7444997,89.9366108,751.0,A,LRP128,Jamalpur 22 km
N4,1003905,link,link 2527,24.75025,89.936333,686.0,A,LRP128a,Box Culvert
N4,1003906,link,link 2528,24.7528333,89.9348608,314.0,A,LRP129,Jamalpur 21 km
N4,1003907,bridge,bridge 1290,24.7570278,89.9325549,3.0,A,LRP129a,RAGHUNATHPUR
N4,1003908,bridge,bridge 1291,24.7573333,89.932416,3.0,A,LRP129b,ROGHUNATHPUR CULVERT
N4,1003909,link,link 2529,24.7604167,89.9297493,805.0,A,LRP130,Km post missing
N4,1003910,bridge,bridge 1292,24.7647222,89.9251938,24.0,B,LRP130a,ROGHUNATHPUR BRIDGE
N4,1003911,link,link 2530,24.7679993,89.9263882,302.0,A,LRP131,Jamalpur 19 km
N4,1003912,link,link 2531,24.7763049,89.9291938,1000.0,A,LRP132,Jamalpur 18 km
N4,1003913,link,link 2532,24.7838608,89.9331938,1000.0,A,LRP133,Km post missing
N4,1003914,bridge,bridge 1293,24.7890274,89.9346663,36.8,B,LRP133a,NARAYANPUR BAZAR
N4,1003915,link,link 2533,24.7927497,89.9356941,405.0,A,LRP133b,Box Culvert
N4,1003916,link,link 2534,24.7932774,89.9358608,35.0,A,LRP134,Jamalpur 16 km
N4,1003917,link,link 2535,24.7978886,89.9368608,525.0,A,LRP134a,Bridge start
N4,1003918,link,link 2536,24.7981663,89.9369441,34.0,A,LRP134b,Bridge end
N4,1003919,link,link 2537,24.8019444,89.9384719,441.0,A,LRP135,Jamalpur 15 km
N4,1003920,bridge,bridge 1294,24.8084722,89.9399997,3.0,B,LRP135a,TETEEPULA CULVERT
N4,1003921,link,link 2538,24.8108889,89.9395552,246.0,A,LRP136,Jamalpur 14 km
N4,1003922,link,link 2539,24.8143333,89.9384997,412.0,A,LRP136a,Box Culvert
N4,1003923,link,link 2540,24.8010556,89.9374441,425.0,A,LRP136b,Box Culvert
N4,1003924,link,link 2541,24.8025556,89.9359719,163.0,A,LRP137,Km post missing
N4,1003925,link,link 2542,24.8255271,89.9378608,748.0,A,LRP137a,Bridge start
N4,1003926,link,link 2543,24.8258604,89.9378052,38.0,A,LRP137b,Bridge end
N4,1003927,link,link 2544,24.8280549,89.9385274,219.0,A,LRP138,Jamalpur 12 km
N4,1003928,link,link 2545,24.8370274,89.9396386,1000.0,A,LRP139,Jamalpur 11km
N4,1003929,link,link 2546,24.8377219,89.9397774,84.0,A,LRP139a,Box Culvert
N4,1003930,link,link 2547,24.8446663,89.940833,787.0,A,LRP139b,Box Culvert
N4,1003931,link,link 2548,24.8457774,89.9411663,129.0,A,LRP140,Km post missing
N4,1003932,link,link 2549,24.8549167,89.9434719,1010.0,A,LRP141,Jamalpur 9 km
N4,1003933,link,link 2550,24.8654722,89.9450274,1150.0,A,LRP142,Jamalpur 8 km
N4,1003934,bridge,bridge 1295,24.8747493,89.9459163,3.1,C,LRP142a,BISIC JAM
N4,1003935,link,link 2551,24.874416,89.9457497,20.0,A,LRP143,Jamalpur 7 km
N4,1003936,link,link 2552,24.8837774,89.9443052,1010.0,A,LRP144,Jamalpur 6 km
N4,1003937,link,link 2553,24.8876108,89.9444441,450.0,A,LRP144a,Road to Tarakandi (Z4025)
N4,1003938,link,link 2554,24.890583,89.9470274,400.0,A,LRP144b,Pipe Culvert
N4,1003939,link,link 2555,24.8914997,89.9478886,160.0,A,LRP145,Jamalpur 5 km
N4,1003940,link,link 2556,24.8929997,89.9485552,192.0,A,LRP145a,Box Culvert
N4,1003941,link,link 2557,24.8991386,89.9500833,719.0,A,LRP145b,Box Culvert
N4,1003942,link,link 2558,24.8999163,89.9501389,89.0,A,LRP146,Km post missing
N4,1003943,link,link 2559,24.9041944,89.9500833,490.0,A,LRP146a,Box Culvert
N4,1003944,link,link 2560,24.9088056,89.95,510.0,A,LRP147,Km post missing
N4,1003945,link,link 2561,24.9159722,89.9509167,832.0,A,LRP147a,Rail road crossing
N4,1003946,link,link 2562,24.9162778,89.9509167,18.0,A,LRP147b,Drain Culvert
N4,1003947,link,link 2563,24.9169993,89.9509722,115.0,A,LRP147c,Road to Madangonj (Z4022)
N4,1003948,link,link 2564,24.9173327,89.9509444,35.0,A,LRP148,Km post missing
N4,1003949,link,link 2565,24.9187493,89.9510556,160.0,A,LRP148a,Drain Culvert
N4,1003950,link,link 2566,24.9227216,89.9505,440.0,A,LRP148b,Drain Culvert
N4,1003951,sourcesink,sourcesink 22,24.9230549,89.9501667,73.0,A,LRPE,End of road Jamalpur Muktagacha round Intersection with Z4021
N401,1003952,sourcesink,sourcesink 23,24.6071667,90.0287493,0.0,A,LRPS,Road Start from N4 at Madhupur
N401,1003953,intersection,intersection 70,24.6108333,90.0311104,490.0,A,LRPSa,Box Culvert
N401,1003954,intersection,intersection 71,24.6128333,90.0324438,273.0,A,LRPSb,Box Culvert
N401,1003955,intersection,intersection 72,24.6144722,90.0343052,247.0,A,LRP001,Rosulpur 14 km
N401,1003956,link,link 2567,24.6186382,90.0363886,518.0,A,LRP001a,Box culvert
N401,1003957,bridge,bridge 1296,24.620416,90.040333,4.2,C,LRP001b,CHARNGHNIBK
N401,1003958,link,link 2568,24.6205271,90.040583,22.0,A,LRP002,Km post missing
N401,1003959,link,link 2569,24.6238327,90.0497774,1000.0,A,LRP003,Rosulpur 12 km
N401,1003960,bridge,bridge 1297,24.625437264359352,90.05580161870397,30.5,C,LRP003a,CARKATEBRI
N401,1003961,link,link 2570,24.6255271,90.0561389,36.0,A,LRP003b,Bridge end
N401,1003962,link,link 2571,24.6270549,90.0588333,321.0,A,LRP004,Rosulpur 11 km
N401,1003963,link,link 2572,24.6320549,90.067166,1005.0,A,LRP005,Rosulpur 10 km
N401,1003964,link,link 2573,24.6379997,90.0737771,990.0,A,LRP006,Rosulpur 9 km
N401,1003965,link,link 2574,24.6459163,90.0784716,995.0,A,LRP007,Rosulpur 8 km
N401,1003966,link,link 2575,24.6536389,90.0836108,1005.0,A,LRP008,Rosulpur 7 km
N401,1003967,link,link 2576,24.6606667,90.0884719,985.0,A,LRP008a,Pipe Culvert
N401,1003968,link,link 2577,24.6612778,90.0889441,20.0,A,LRP009,Rosulpur 6 km
N401,1003969,link,link 2578,24.6642778,90.0915274,570.0,A,LRP009a,Pipe Culvert
N401,1003970,link,link 2579,24.6672493,90.0961663,430.0,A,LRP010,Km post missing
N401,1003971,link,link 2580,24.6702216,90.1054444,1000.0,A,LRP011,Rosulpur 4 km
N401,1003972,link,link 2581,24.6736938,90.1142222,985.0,A,LRP011a,Box culvert
N401,1003973,link,link 2582,24.6738327,90.1144444,15.0,A,LRP012,Rosulpur 3 km
N401,1003974,link,link 2583,24.6746938,90.1240827,1000.0,A,LRP013,Rosulpur 2 km
N401,1003975,bridge,bridge 1298,24.6753604,90.1245271,5.8,A,LRP013a,RASULPUR CULVERT
N401,1003976,link,link 2584,24.6777493,90.1268882,300.0,A,LRP013b,Box culvert
N401,1003977,link,link 2585,24.6804716,90.1282216,393.0,A,LRP013c,Box culvert
N401,1003978,link,link 2586,24.6819993,90.1294438,214.0,A,LRP014,Mymensingh 33 km
N401,1003979,link,link 2587,24.6876941,90.1368886,960.0,A,LRP015,Mymensingh 32 km  /Start of Mymensingh Road Division / Mymensingh 32 km  /Start of Mymensingh Road Division
N401,1003980,link,link 2588,24.6904163,90.1423886,681.0,A,LRP015a,Box culvert
N401,1003981,link,link 2589,24.6928052,90.1451663,444.0,A,LRP016,Mymensingh 31 km
N401,1003982,bridge,bridge 1299,24.6933886,90.1456108,1.8,A,LRP016a,HORINATOLA CULVERT
N401,1003983,link,link 2590,24.6999163,90.1502222,891.0,A,LRP017,Km post missing
N401,1003984,bridge,bridge 1300,24.6999719,90.1503889,34.0,C,LRP017a,BASORI BRIDGE OVER
N401,1003985,link,link 2591,24.7001111,90.1507222,40.0,A,LRP017b,Bridge end
N401,1003986,link,link 2592,24.7045278,90.1545278,632.0,A,LRP017c,Box culvert
N401,1003987,link,link 2593,24.7070278,90.1568056,341.0,A,LRP018,Mymensingh 29 km
N401,1003988,bridge,bridge 1301,24.7092222,90.1592222,4.4,C,LRP018a,CHARRAR CULVERT
N401,1003989,link,link 2594,24.7129722,90.1641111,677.0,A,LRP019,Mymensingh 28 km
N401,1003990,bridge,bridge 1302,24.7146111,90.1666389,2.0,B,LRP019a,PAROLITOLACULVERT
N401,1003991,link,link 2595,24.7168049,90.1717216,576.0,A,LRP020,Mymensingh 27 km
N401,1003992,bridge,bridge 1303,24.7195549,90.1781382,2.0,A,LRP020a,RAMRAFPUR CULVERT
N401,1003993,link,link 2596,24.7217216,90.1809993,365.0,A,LRP021,Mymensingh 26 km
N401,1003994,bridge,bridge 1304,24.7257771,90.184833,3.5,C,LRP021a,GOGA CULVRT
N401,1003995,link,link 2597,24.7286104,90.1870274,383.0,A,LRP022,Mymensingh 25 km
N401,1003996,link,link 2598,24.7316938,90.1911386,542.0,A,LRP022a,Box culvert
N401,1003997,link,link 2599,24.7341941,90.1948886,468.0,A,LRP023,Mymensingh 24 km
N401,1003998,bridge,bridge 1305,24.7366386,90.1984997,9.0,C,LRP023a,NEMORIA3
N401,1003999,bridge,bridge 1306,24.7387497,90.2008611,4.4,D,LRP023b,LIMORIYA 2
N401,1004000,link,link 2600,24.7401386,90.2017222,170.0,A,LRP023c,Box culvert
N401,1004001,link,link 2601,24.7401386,90.20175,5.0,A,LRP024,Mymensingh 24 km
N401,1004002,bridge,bridge 1307,24.7419441,90.2026944,7.8,B,LRP024a,LIMORIYA 1
N401,1004003,link,link 2602,24.7420274,90.2027222,10.0,A,LRP024b,Bridge end
N401,1004004,link,link 2603,24.7474719,90.2073333,765.0,A,LRP025,Mymensingh 22  km
N401,1004005,bridge,bridge 1308,24.748583,90.2086111,7.5,C,LRP025a,LANGER BAZAR
N401,1004006,link,link 2604,24.7526667,90.21525,814.0,A,LRP026,Dhaka 145 km
N401,1004007,bridge,bridge 1309,24.7533333,90.2163056,1.0,B,LRP026a,JOYDAKAMAR PARA
N401,1004008,link,link 2605,24.7561111,90.224416,878.0,A,LRP027,Mymensingh 20 km
N401,1004009,bridge,bridge 1310,24.75775,90.2253604,2.1,A,LRP027a,DAMRABIL SLABCULVERT
N401,1004010,link,link 2606,24.7580278,90.2299993,509.0,A,LRP027b,Box culvert
N401,1004011,link,link 2607,24.7599444,90.2329438,380.0,A,LRP028,Mymensingh 19 km
N401,1004012,link,link 2608,24.76075,90.234583,187.0,A,LRP028a,Z4101(Jamalpur-Muktagacha road)
N401,1004013,link,link 2609,24.7621667,90.242833,843.0,A,LRP029,Mymensingh 18 km
N401,1004014,link,link 2610,24.7639444,90.2524444,995.0,A,LRP030,Dhaka 137 km
N401,1004015,link,link 2611,24.7644444,90.2561111,274.0,A,LRP030a,Z4104 to Piairpur bazar
N401,1004016,link,link 2612,24.7646389,90.2561944,117.0,A,LRP030b,"Z4105,(Muktagacha-Fulbaria road)"
N401,1004017,link,link 2613,24.7640556,90.2620556,609.0,A,LRP031,Mymensingh 16 km
N401,1004018,link,link 2614,24.7640556,90.2623333,235.0,A,LRP031a,Box Culvert
N401,1004019,link,link 2615,24.7615833,90.2709993,755.0,A,LRP032,Mymensingh 15 km
N401,1004020,bridge,bridge 1311,24.7623056,90.2716382,23.7,C,LRP032a,MUKIAGASA NEW
N401,1004021,link,link 2616,24.7624167,90.2717493,17.0,A,LRP032b,Bridge end
N401,1004022,link,link 2617,24.7617778,90.2796938,884.0,A,LRP033,Mymensingh 14 km
N401,1004023,link,link 2618,24.7644167,90.2887219,1000.0,A,LRP034,Mymensingh 13 km
N401,1004024,link,link 2619,24.7674716,90.2964441,858.0,A,LRP034a,Box culvert
N401,1004025,link,link 2620,24.7681104,90.2976941,137.0,A,LRP035,Mymensingh 12 km
N401,1004026,link,link 2621,24.7722771,90.3064444,1000.0,A,LRP036,Mymensingh 11 km
N401,1004027,bridge,bridge 1312,24.7749438,90.3116389,69.6,C,LRP036a,Sutia bridge
N401,1004028,link,link 2622,24.7754993,90.3120556,77.0,A,LRP036b,Bridge end
N401,1004029,link,link 2623,24.7770827,90.3146944,313.0,A,LRP037,Mymensingh 10 km
N401,1004030,bridge,bridge 1313,24.7777216,90.3166938,1.0,D,LRP037a,MAISBARIES ARCH
N401,1004031,link,link 2624,24.7783604,90.3221382,558.0,A,LRP037b,Box culvert
N401,1004032,link,link 2625,24.7785827,90.3244993,223.0,A,LRP038,Km post missing
N401,1004033,link,link 2626,24.7800271,90.3334719,920.0,A,LRP039,Information missing
N401,1004034,bridge,bridge 1314,24.7809716,90.3379719,3.0,C,LRP039a,MARICH BARI CULVERT
N401,1004035,link,link 2627,24.7823604,90.3440274,627.0,A,LRP040,Mymensingh 7 km
N401,1004036,bridge,bridge 1315,24.7824993,90.3442219,1.5,D,LRP040a,KHAKDOR ARCL MAS
N401,1004037,bridge,bridge 1316,24.7827771,90.3461663,1.5,C,LRP040b,KHAKDOR 1 ARCH
N401,1004038,link,link 2628,24.7826104,90.3506111,450.0,A,LRP040c,Rail road crossing
N401,1004039,link,link 2629,24.7823882,90.3527778,220.0,A,LRP041,Mymensingh 6 km
N401,1004040,link,link 2630,24.7804993,90.3621944,981.0,A,LRP041a,Box culvert
N401,1004041,link,link 2631,24.780416,90.3625,19.0,A,LRP042,Km post missing
N401,1004042,link,link 2632,24.7770549,90.3553056,1020.0,A,LRP043,Mymensingh 4 km
N401,1004043,link,link 2633,24.775166,90.3815549,1000.0,A,LRP044,Mymensingh 3 km
N401,1004044,link,link 2634,24.772916,90.3844997,396.0,A,LRP044a,Box culvert
N401,1004045,link,link 2635,24.7694716,90.3890274,599.0,A,LRP045,Mymensingh 2 km
N401,1004046,bridge,bridge 1317,24.7668604,90.392083,4.85,C,LRP045a,KASIJOLIARCH MOSONRY
N401,1004047,link,link 2636,24.7641389,90.3968608,566.0,A,LRP046,Mymensingh 1 km
N401,1004048,link,link 2637,24.7626111,90.40225,601.0,A,LRP046a,"Z 3035, Mymensingh-Fulbaria road"
N401,1004049,sourcesink,sourcesink 24,24.7636667,90.4060278,439.0,A,LRPE,Road End with Mymensingh Zero Point at Kacharir more and connecting R370.
N402,1004050,sourcesink,sourcesink 25,24.9718049,90.1785549,0.0,A,LRPS,Road Start from R371 at Nakla.
N402,1004051,link,link 2638,24.9730827,90.1786104,140.0,A,LRPSa,Bridge start
N402,1004052,link,link 2639,24.9734993,90.1784993,60.0,A,LRPSb,Bridge end
N402,1004053,link,link 2640,24.977416,90.1773327,429.0,A,LRPSc,Box Culvert
N402,1004054,link,link 2641,24.978166,90.1771382,93.0,A,LRPSd,Box Culvert
N402,1004055,link,link 2642,24.9791938,90.176916,166.0,A,LRPSe,Z4610 to Lava
N402,1004056,link,link 2643,24.980666,90.1765827,112.0,A,LRP001,Km post missing
N402,1004057,link,link 2644,24.982166,90.1762493,180.0,A,LRP001a,Z4609 to Shibbari
N402,1004058,link,link 2645,24.9868608,90.1752216,531.0,A,LRP001b,Box Culvert
N402,1004059,link,link 2646,24.9894719,90.1748882,284.0,A,LRP001c,Z4610 to Tarakandi
N402,1004060,link,link 2647,24.9894997,90.1748882,5.0,A,LRP002,Km post missing
N402,1004061,link,link 2648,24.9919163,90.1754993,276.0,A,LRP002a,Box Culvert
N402,1004062,link,link 2649,24.9979441,90.1775827,724.0,A,LRP003,Km post missing
N402,1004063,link,link 2650,25.0046944,90.1785549,760.0,A,LRP003a,Bridge Start
N402,1004064,link,link 2651,25.0053611,90.1786382,75.0,A,LRP003b,Bridge end
N402,1004065,link,link 2652,25.0068333,90.1779993,165.0,A,LRP004,Km post missing
N402,1004066,link,link 2653,25.0150833,90.1740549,1000.0,A,LRP005,Km post missing
N402,1004067,link,link 2654,25.0203882,90.171666,640.0,A,LRP005a,Box Culvert
N402,1004068,link,link 2655,25.0232771,90.1703604,160.0,A,LRP005b,Box Culvert
N402,1004069,link,link 2656,25.0249438,90.1695827,200.0,A,LRP006,Km post missing
N402,1004070,link,link 2657,25.0317493,90.1675549,1000.0,A,LRP007,Km post missing
N402,1004071,link,link 2658,25.0334997,90.1671938,190.0,A,LRP007a,Bridge start
N402,1004072,link,link 2659,25.034280580612243,90.16721533979592,95.0,A,LRP007b,Bridge end
N402,1004073,link,link 2660,25.0375274,90.1673049,395.0,A,LRP007c,Box Culvert
N402,1004074,link,link 2661,25.0401663,90.1679993,320.0,A,LRP008,Km post missing
N402,1004075,link,link 2662,25.0488052,90.171166,1000.0,A,LRP009,Km post missing / Box Culvert
N402,1004076,link,link 2663,25.0490552,90.1712493,30.0,A,LRP009b,Box Culvert
N402,1004077,link,link 2664,25.0518889,90.171916,320.0,A,LRP009c,Box Culvert
N402,1004078,link,link 2665,25.0573889,90.1734993,650.0,A,LRP010,Km post missing
N402,1004079,link,link 2666,25.0608889,90.1784438,710.0,A,LRP010a,R.C.C Bridge
N402,1004080,link,link 2667,25.06175,90.1785271,98.0,A,LRP010b,R.C.C Bridge
N402,1004081,link,link 2668,25.0626111,90.1786382,100.0,A,LRP010c,Box Culvert
N402,1004082,link,link 2669,25.0645833,90.1789993,92.0,A,LRP011,Information missing
N402,1004083,link,link 2670,25.0696938,90.1804438,720.0,A,LRP011a,Box culvert
N402,1004084,link,link 2671,25.0732216,90.1815271,280.0,A,LRP012,Km post missing
N402,1004085,link,link 2672,25.074958410526317,90.18271145263158,270.0,A,LRP012a,Box culvert
N402,1004086,link,link 2673,25.0768882,90.1840274,300.0,A,LRP012b,Box culvert
N402,1004087,link,link 2674,25.077416,90.1849997,20.0,A,LRP012c,Box culvert
N402,1004088,link,link 2675,25.0791382,90.1875274,410.0,A,LRP013,Information missing
N402,1004089,link,link 2676,25.0875552,90.1904163,1000.0,A,LRP014,Km post missing
N402,1004090,link,link 2677,25.0915552,90.1919719,540.0,A,LRP014a,"Left Turn Bangoan, Right  Haluaghat"
N402,1004091,link,link 2678,25.0942497,90.1884441,460.0,A,LRP015,Km post missing
N402,1004092,link,link 2679,25.0970552,90.1887219,410.0,A,LRP015a,Box Culvert
N402,1004093,link,link 2680,25.0991108,90.1889441,220.0,A,LRP015b,Box Culvert
N402,1004094,link,link 2681,25.101081745945944,90.1891318027027,250.0,A,LRP015c,Box Culvert
N402,1004095,link,link 2682,25.1020278,90.1892219,120.0,A,LRP016,Information missing
N402,1004096,link,link 2683,25.1042778,90.1893886,190.0,A,LRP016a,Pipe Drain
N402,1004097,link,link 2684,25.1065278,90.1896386,30.0,A,LRP016b,Bridge start
N402,1004098,link,link 2685,25.1066944,90.1895552,240.0,A,LRP016c,Bridge end
N402,1004099,link,link 2686,25.1096944,90.1899441,360.0,A,LRP016d,Box Culvert
N402,1004100,link,link 2687,25.111,90.1900552,180.0,A,LRP017,Km post missing
N402,1004101,link,link 2688,25.1157778,90.1904997,490.0,A,LRP017a,Box culvert
N402,1004102,link,link 2689,25.1201104,90.1909163,510.0,A,LRP018,Information missing
N402,1004103,link,link 2690,25.1235827,90.191333,380.0,A,LRP018a,Box culvert
N402,1004104,link,link 2691,25.1293604,90.191833,620.0,A,LRP019,Information missing
N402,1004105,link,link 2692,25.1358052,90.1929997,790.0,A,LRP019a,Box culvert
N402,1004106,link,link 2693,25.1370274,90.1938052,210.0,A,LRP020,Information missing
N402,1004107,link,link 2694,25.1380552,90.1944441,990.0,A,LRP020a,Pipe Drain
N402,1004108,link,link 2695,25.145083,90.1988052,10.0,A,LRP021,Information missing
N402,1004109,link,link 2696,25.1545556,90.2017778,1000.0,A,LRP022,Information missing
N402,1004110,link,link 2697,25.1601111,90.20325,720.0,A,LRP022a,Box Culvert
N402,1004111,link,link 2698,25.1633611,90.2035278,280.0,A,LRP023,Km post missing
N402,1004112,link,link 2699,25.167416,90.2061944,650.0,A,LRP023a,Box culvert
N402,1004113,link,link 2700,25.1711938,90.2073333,350.0,A,LRP024,Km post missing
N402,1004114,link,link 2701,25.1712771,90.2073611,120.0,A,LRP024a,Box culvert
N402,1004115,link,link 2702,25.177166,90.2088056,650.0,A,LRP024b,Box culvert
N402,1004116,link,link 2703,25.1800549,90.2094722,230.0,A,LRP025,Km post missing
N402,1004117,link,link 2704,25.1867774,90.2121944,950.0,A,LRP025a,Box Culvert
N402,1004118,link,link 2705,25.1882219,90.2130833,50.0,A,LRP026,Km post missing
N402,1004119,link,link 2706,25.1906941,90.2145833,440.0,A,LRP026a,Left Z2834
N402,1004120,link,link 2707,25.1929719,90.2155556,280.0,A,LRP026b,Right to Bhogai Bridge
N402,1004121,link,link 2708,25.1956108,90.2183049,280.0,A,LRP027,Km post missing
N402,1004122,link,link 2709,25.1999441,90.2237216,870.0,A,LRP027a,Nakugaon Border
N402,1004123,sourcesink,sourcesink 26,25.2005556,90.2242493,130.0,A,LRPE,End of road at Boarder Pillar.
N5,1004124,sourcesink,sourcesink 27,23.7837774,90.3364163,0.0,A,LRPS,Road Start From Mirpur Bridge Gabtoli
N5,1004125,bridge,bridge 1318,23.7846663,90.3341386,251.2,B,LRPSa,Mirpur Bridge
N5,1004126,link,link 2710,23.7872497,90.3279438,705.0,A,LRP001,"Paturia 78 km,Nabinagar 21 km"
N5,1004127,bridge,bridge 1319,23.7900274,90.3218049,51.0,B,LRP001a,BRIDGE OVER TURAG RIVER(R)
N5,1004128,bridge,bridge 1320,23.7899997,90.3212771,51.7,A,LRP001b,Salehpur Bridge(right)
N5,1004129,link,link 2711,23.7897774,90.3192771,210.0,A,LRP002,"Paturia 77 km,Nabinagar 20 km"
N5,1004130,link,link 2712,23.7901108,90.3126944,635.0,A,LRP002a,Z5069
N5,1004131,link,link 2713,23.7906663,90.30975,345.0,A,LRP003,"Paturia 76 km,Nabinagar 19 km"
N5,1004132,bridge,bridge 1321,23.7913886,90.3071944,5.0,B,LRP003a,ZARFUL BOX CULVERT
N5,1004133,link,link 2714,23.7927497,90.3000833,750.0,A,LRP004,"Paturia 75 km,Nabinagar 18 km"
N5,1004134,bridge,bridge 1322,23.7942774,90.2944997,19.3,C,LRP004a,BOYLAPUR BOX CULVERT(L)
N5,1004135,link,link 2715,23.794333,90.2943052,20.0,A,LRP004b,Bridge end
N5,1004136,link,link 2716,23.7951108,90.2906386,385.0,A,LRP005,Km post missing
N5,1004137,bridge,bridge 1323,23.795085038666667,90.28384270466668,41.65,C,LRP005a,ZADIR CHAR BRIDGE(R)
N5,1004138,bridge,bridge 1324,23.795083,90.2833049,41.6,B,LRP005b,Zadir Char Bridge(Right)
N5,1004139,link,link 2717,23.794833,90.2810549,230.0,A,LRP006,"Paturia 73 km,Nabinagar 16 km"
N5,1004140,link,link 2718,23.7931663,90.2715271,1000.0,A,LRP007,"Paturia 72 km,Nabinagar 15 km"
N5,1004141,link,link 2719,23.7931663,90.2713049,20.0,A,LRP007a,R504 to Manikganj
N5,1004142,link,link 2720,23.7984997,90.2633056,1040.0,A,LRP008,"Paturia 71 km,Nabinagar 14 km"
N5,1004143,bridge,bridge 1325,23.8005278,90.2628056,20.5,C,LRP008a,GWRPUL BRIDGE(R)
N5,1004144,bridge,bridge 1326,23.8008333,90.2627778,20.6,B,LRP008b,Jorpul Bridge(Right)
N5,1004145,link,link 2721,23.8065278,90.2603056,685.0,A,LRP009,"Paturia 70 km,Nabinagar 13 km"
N5,1004146,link,link 2722,23.8148611,90.2571944,1000.0,A,LRP010,"Paturia 69 km,Nabinagar 12 km"
N5,1004147,bridge,bridge 1327,23.8175827,90.2573056,120.0,C,LRP010a,FULBARIA BRIDGE(R)
N5,1004148,bridge,bridge 1328,23.8188049,90.2573611,126.0,A,LRP010b,Fulbaria Bridge(Right)
N5,1004149,bridge,bridge 1329,23.822416,90.2575556,76.0,A,LRP010c,"P,C GIRDER BODDER PARA BRIDGE(R)"
N5,1004150,bridge,bridge 1330,23.823166,90.2576389,75.7,A,LRP010d,Bank Town Bridge(right)
N5,1004151,link,link 2723,23.8238049,90.25775,72.0,A,LRP011,"Paturia 68 km,Nabinagar 11 km"
N5,1004152,link,link 2724,23.832666,90.2588889,1000.0,A,LRP012,"Paturia 67 km,Nabinagar 10km"
N5,1004153,link,link 2725,23.839333,90.2570556,1000.0,A,LRP013,"Paturia 66 km,Nabinagar 09 km"
N5,1004154,link,link 2726,23.8499719,90.2581111,1000.0,A,LRP014,Km post missing
N5,1004155,link,link 2727,23.8581111,90.2619722,1000.0,A,LRP015,Km post missing
N5,1004156,link,link 2728,23.8637222,90.2679438,885.0,A,LRP016,"Paturia 63 km,Nabinagar 6 km"
N5,1004157,link,link 2729,23.8711382,90.2727771,995.0,A,LRP017,"Paturia 62 km,Nabinagar 5 km"
N5,1004158,link,link 2730,23.8805271,90.2727771,1030.0,A,LRP018,"Paturia 61 km,Nabinagar 4 km"
N5,1004159,link,link 2731,23.8895274,90.2720549,1000.0,A,LRP019,"Paturia 60 km,Nabinagar 3 km"
N5,1004160,bridge,bridge 1331,23.8929441,90.2716382,2.55,B,LRP019a,BIS MILE BOX CULVERT
N5,1004161,link,link 2732,23.898583,90.269916,638.0,A,LRP020,"Paturia 59 km,Nabinagar 2 km"
N5,1004162,link,link 2733,23.90642332,90.26615664,960.0,A,LRP020a,Start of Manikganj Road Division
N5,1004163,link,link 2734,23.90675,90.266,40.0,A,LRP021,Km post missing
N5,1004164,link,link 2735,23.9129167,90.2590278,1000.0,A,LRP022,Km post missing
N5,1004165,link,link 2736,23.9132778,90.2584722,478.0,A,LRP022a,"N540, Nabinagar- Chandra Road/Dhaka Road Division End; Manikganj Road Division Start / N540, Nabinagar- Chandra Road/Dhaka Road Division End; Manikganj Road Division Start"
N5,1004166,link,link 2737,23.9172216,90.2505833,522.0,A,LRP023,Km post missing
N5,1004167,link,link 2738,23.9173327,90.2408886,1000.0,A,LRP024,Km post missing
N5,1004168,bridge,bridge 1332,23.9157778,90.2365274,13.0,C,LRP024a,Bridge Over Zugi Zangle
N5,1004169,link,link 2739,23.9126944,90.2339441,438.0,A,LRP024b,Bridge start
N5,1004170,link,link 2740,23.9123889,90.2333608,72.0,A,LRP025,Km post missing
N5,1004171,bridge,bridge 1333,23.9123056,90.2333049,192.4,C,LRP025a,Nayarhat bridge
N5,1004172,link,link 2741,23.9113889,90.2306382,290.0,A,LRP025b,Bridge start
N5,1004173,link,link 2742,23.9108611,90.2288327,197.0,A,LRP025c,Bridge end
N5,1004174,link,link 2743,23.9086111,90.223666,557.0,A,LRP026,"Manikgonj 26 km,Aricha 50 km"
N5,1004175,bridge,bridge 1334,23.9085278,90.2231938,19.0,B,LRP026a,KAGLRGARG RCC GIDER BRIDGE
N5,1004176,link,link 2744,23.9085,90.2229993,22.0,A,LRP026b,Bridge end
N5,1004177,link,link 2745,23.9079167,90.2138056,928.0,A,LRP027,"Manikgonj 25 km,Aricha 49 km"
N5,1004178,link,link 2746,23.9078611,90.2121944,160.0,A,LRP027a,"R315, Mawna- Nabinagar (Dulivita) Road"
N5,1004179,bridge,bridge 1335,23.9078333,90.2088056,52.8,A,LRP027b,BRIDGE OVER DULIMARA
N5,1004180,link,link 2747,23.9077778,90.20825,58.0,A,LRP027c,Bridge end
N5,1004181,link,link 2748,23.9073611,90.2043333,395.0,A,LRP027d,Road safety start
N5,1004182,link,link 2749,23.9073889,90.2028333,15.0,A,LRP028,Faridpur 105 km
N5,1004183,link,link 2750,23.9075,90.2024722,255.0,A,LRP028a,Road safety end
N5,1004184,link,link 2751,23.9097222,90.1952774,755.0,A,LRP029,Paturia 49 km
N5,1004185,bridge,bridge 1336,23.9098889,90.1944997,151.0,B,LRP029a,KALIABULA PARA BRIDGE
N5,1004186,link,link 2752,23.9101944,90.1930274,153.0,A,LRP029b,Bridge end
N5,1004187,bridge,bridge 1337,23.9110278,90.1889163,12.6,C,LRP029c,KADAPARA BRIDGE
N5,1004188,link,link 2753,23.9110556,90.1887774,10.0,A,LRP029d,Bridge end
N5,1004189,link,link 2754,23.9117222,90.185083,384.0,A,LRP030,Barisal 235 km
N5,1004190,bridge,bridge 1338,23.91275,90.1790827,16.9,D,LRP030a,JOYPARA CULVERT
N5,1004191,link,link 2755,23.9138056,90.1755271,385.0,A,LRP031,Paturia 47 km
N5,1004192,bridge,bridge 1339,23.9143333,90.1737771,149.0,B,LRP031a,Bhaiduvi Bridge
N5,1004193,link,link 2756,23.9146389,90.1723049,150.0,A,LRP031b,Bridge end
N5,1004194,link,link 2757,23.9157222,90.1659167,665.0,A,LRP032,Kushtia 233 km
N5,1004195,bridge,bridge 1340,23.9169716,90.1584722,11.5,B,LRP032a,KALAMPUR BRIDGE
N5,1004196,link,link 2758,23.9169993,90.1583333,15.0,A,LRP032b,Bridge end
N5,1004197,link,link 2759,23.9174438,90.1562778,215.0,A,LRP033,Dhaka 41 km
N5,1004198,link,link 2760,23.9179716,90.1545833,265.0,A,LRP033a,Z5061
N5,1004199,link,link 2761,23.9205549,90.147083,735.0,A,LRP034,Manikganj 19 km
N5,1004200,bridge,bridge 1341,23.9207771,90.1465552,13.0,C,LRP034a,Kalampur Bridge
N5,1004201,link,link 2762,23.9208327,90.1464441,12.0,A,LRP034b,Bridge end
N5,1004202,bridge,bridge 1342,23.9213049,90.1451663,91.5,A,LRP034c,SMALL KALAM PUR CULVERT
N5,1004203,link,link 2763,23.9216382,90.1443052,95.0,A,LRP034d,Bridge end
N5,1004204,bridge,bridge 1343,23.9219716,90.1431386,13.1,C,LRP034e,Kalampur- 2 Bridge
N5,1004205,link,link 2764,23.9219993,90.1429997,11.0,A,LRP034f,Bridge end
N5,1004206,link,link 2765,23.9223049,90.1411386,289.0,A,LRP034g,Road safety start
N5,1004207,link,link 2766,23.9223049,90.13902539245284,160.0,A,LRP034h,Road safety end
N5,1004208,link,link 2767,23.9223049,90.1376386,105.0,A,LRP035,Paturia 43 km
N5,1004209,bridge,bridge 1344,23.921916,90.1355552,48.82,B,LRP035a,Suthi Para Bridge
N5,1004210,link,link 2768,23.9217771,90.1350274,50.0,A,LRP035b,Bridge end
N5,1004211,bridge,bridge 1345,23.920416,90.1283882,48.36,B,LRP035c,Srirampur Bridge
N5,1004212,link,link 2769,23.92035931632653,90.12811891428572,25.0,A,LRP036,Jessore 226 km
N5,1004213,bridge,bridge 1346,23.9203049,90.1278604,18.95,D,LRP036a,Srirampur- 2 Bridge
N5,1004214,link,link 2770,23.9195271,90.1239716,409.0,A,LRP036b,Bridge start
N5,1004215,bridge,bridge 1347,23.9194993,90.1237493,30.7,A,LRP036c,SRIRAM PUR CULVERT
N5,1004216,link,link 2771,23.9190271,90.1212493,265.0,A,LRP036d,Bridge start
N5,1004217,link,link 2772,23.9189716,90.1209438,33.0,A,LRP036e,Bridge end
N5,1004218,link,link 2773,23.9187493,90.1194716,254.0,A,LRP037,Paturia 41 km
N5,1004219,bridge,bridge 1348,23.918416,90.1149444,13.25,C,LRP037a,Balitha Bridge
N5,1004220,link,link 2774,23.9183882,90.1148611,12.0,A,LRP037b,Bridge end
N5,1004221,link,link 2775,23.918166,90.1111389,378.0,A,LRP037c,Box Culvert
N5,1004222,link,link 2776,23.9180549,90.1088611,227.0,A,LRP037d,Box Culvert
N5,1004223,link,link 2777,23.9180271,90.1076111,206.0,A,LRP038,Benapole 245 km
N5,1004224,bridge,bridge 1349,23.9175827,90.1018056,48.5,A,LRP038a,KANA BOX CULVERT
N5,1004225,link,link 2778,23.9175549,90.1017222,11.0,A,LRP038b,Bridge end
N5,1004226,link,link 2779,23.9166111,90.0983608,292.0,A,LRP039,Paturia 39 km
N5,1004227,bridge,bridge 1350,23.9159722,90.0901386,13.4,B,LRP039a,Bathuli Bridge
N5,1004228,link,link 2780,23.9159444,90.0896663,90.0,A,LRP040,Khulna 313 km
N5,1004229,bridge,bridge 1351,23.9155556,90.084583,7.8,C,LRP040a,Bathuli- 2 Bridge
N5,1004230,link,link 2781,23.9147778,90.0794993,395.0,A,LRP041,Paturia 37 km
N5,1004231,link,link 2782,23.91225,90.0729716,1000.0,A,LRP042,Manikganj 11 km
N5,1004232,bridge,bridge 1352,23.9099444,90.0667216,12.6,A,LRP042a,KRISRAPUR CULVERT
N5,1004233,link,link 2783,23.9095278,90.0656111,120.0,A,LRP042b,Bridge end
N5,1004234,link,link 2784,23.9083889,90.0616944,422.0,A,LRP042c,Bridge start
N5,1004235,link,link 2785,23.9083611,90.0616111,15.0,A,LRP042d,Bridge end
N5,1004236,link,link 2786,23.90825,90.0612222,35.0,A,LRP043,Paturia 35 km
N5,1004237,bridge,bridge 1353,23.9069444,90.0536389,113.1,B,LRP043a,Gazi Khali Bridge
N5,1004238,link,link 2787,23.9068889,90.0533889,27.0,A,LRP043b,Bridge end
N5,1004239,link,link 2788,23.9062222,90.0516667,187.0,A,LRP044,Rajbari 65 km
N5,1004240,bridge,bridge 1354,23.9056389,90.0451386,25.95,C,LRP044a,Noyadingi Bridge
N5,1004241,link,link 2789,23.9054722,90.0443052,289.0,A,LRP044b,Road safety start
N5,1004242,link,link 2790,23.9041389,90.0424163,45.0,A,LRP045,Paturia 33 km
N5,1004243,bridge,bridge 1355,23.9048333,90.0430552,13.2,C,LRP045a,Golora- 3 Bridge
N5,1004244,link,link 2791,23.9022222,90.0403886,205.0,A,LRP045b,Bridge Start / Bridge end
N5,1004245,link,link 2792,23.9001389,90.0388886,293.0,A,LRP045d,Z5063
N5,1004246,link,link 2793,23.8983052,90.0379997,230.0,A,LRP045e,Bridge Start
N5,1004247,link,link 2794,23.8978608,90.0377774,52.0,A,LRP045f,Bridge end
N5,1004248,link,link 2795,23.8966941,90.0373052,135.0,A,LRP046,Faridpur 87 km
N5,1004249,link,link 2796,23.8882774,90.033583,1000.0,A,LRP047,Paturia 31 km
N5,1004250,link,link 2797,23.8806382,90.0311938,825.0,A,LRP047a,Road safety start
N5,1004251,link,link 2798,23.8812216,90.0292771,180.0,A,LRP048,Barisal 217 km
N5,1004252,link,link 2799,23.8810549,90.0284993,7.0,A,LRP048a,Bridge start
N5,1004253,link,link 2800,23.8812493,90.0293882,143.0,A,LRP048b,Road safety end
N5,1004254,link,link 2801,23.8802771,90.0236938,352.0,A,LRP048c,Bridge end
N5,1004255,link,link 2802,23.8793882,90.0208604,313.0,A,LRP048d,Bridge Start
N5,1004256,link,link 2803,23.879306517297294,90.02071746216217,17.0,A,LRP048e,Bridge end
N5,1004257,link,link 2804,23.8784993,90.0193049,168.0,A,LRP049,Paturia 29 km
N5,1004258,bridge,bridge 1356,23.8743327,90.0144722,492.45,C,LRP049a,Dhaleswary Bridge
N5,1004259,link,link 2805,23.8742771,90.0143889,11.0,A,LRP049b,Bridge end
N5,1004260,link,link 2806,23.8730271,90.0116944,314.0,A,LRP050,Kushtia 215 km
N5,1004261,bridge,bridge 1357,23.8736382,90.0137222,13.4,C,LRP050a,Uchotia Bridge
N5,1004262,link,link 2807,23.8731104,90.0120556,180.0,A,LRP050b,Road safety end
N5,1004263,link,link 2808,23.871916,90.0053889,434.0,A,LRP050c,Culvert
N5,1004264,link,link 2809,23.8716382,90.00375,356.0,A,LRP051,Paturia 27 km
N5,1004265,bridge,bridge 1358,23.8706938,89.9988052,48.6,B,LRP051a,JORAMOZA BOX CULVERT
N5,1004266,link,link 2810,23.8701382,89.9957219,320.0,A,LRP051b,Bridge start
N5,1004267,link,link 2811,23.8700827,89.9953052,43.0,A,LRP051c,Bridge end
N5,1004268,link,link 2812,23.869916,89.9942774,312.0,A,LRP052,Jessore 210 km
N5,1004269,link,link 2813,23.8716382,89.983833,885.0,A,LRP052a,Bridge start
N5,1004270,bridge,bridge 1359,23.871666,89.9835552,39.0,C,LRP052b,SHEATA BRIDGE
N5,1004271,link,link 2814,23.8718049,89.9827493,80.0,A,LRP053,Paturia 25 km
N5,1004272,link,link 2815,23.8722493,89.9722493,1000.0,A,LRP054,Benapole 247 km
N5,1004273,link,link 2816,23.8713327,89.9692771,400.0,A,LRP054a,Bridge start
N5,1004274,link,link 2817,23.8713049,89.9691938,12.0,A,LRP054b,Bridge end
N5,1004275,link,link 2818,23.8707216,89.9671382,228.0,A,LRP054c,Road safety start
N5,1004276,link,link 2819,23.869666,89.9655833,200.0,A,LRP054d,Road safety end
N5,1004277,link,link 2820,23.8683882,89.9648333,160.0,A,LRP055,Paturia 23 km
N5,1004278,bridge,bridge 1360,23.8642778,89.9624444,12.8,C,LRP055a,Muljan Bridge
N5,1004279,link,link 2821,23.8641944,89.9623889,15.0,A,LRP055b,Bridge end
N5,1004280,link,link 2822,23.8630833,89.96175,300.0,A,LRP056,Khulna 297 km
N5,1004281,bridge,bridge 1361,23.8616389,89.9608889,12.7,C,LRP056a,Tara Small (East) Bridge
N5,1004282,link,link 2823,23.8565,89.9576944,660.0,A,LRP056b,Bridge end
N5,1004283,bridge,bridge 1362,23.854,89.9558611,646.0,C,LRP056c,KALIGONGA BRIDGE
N5,1004284,link,link 2824,23.8538333,89.95575,22.0,A,LRP056d,Bridge end
N5,1004285,link,link 2825,23.8525278,89.9549444,120.0,A,LRP057,Paturia 21 km
N5,1004286,link,link 2826,23.8495552,89.9523611,445.0,A,LRP057a,Z5064 Baniajuri- Zitka- Harirampur Road
N5,1004287,bridge,bridge 1363,23.8491941,89.9518333,19.0,B,LRP057b,TOROL BRIDGE
N5,1004288,link,link 2827,23.849083,89.9515278,30.0,A,LRP057c,Bridge end
N5,1004289,link,link 2828,23.8490274,89.9477497,450.0,A,LRP058,Rajbari 51 km
N5,1004290,link,link 2829,23.849083,89.9466108,48.0,A,LRP058a,Bridge start
N5,1004291,bridge,bridge 1364,23.849083,89.9464997,27.8,B,LRP058b,COROS BRIDGE
N5,1004292,link,link 2830,23.8493052,89.9446663,260.0,A,LRP058c,Road safety start
N5,1004293,link,link 2831,23.8503611,89.9413886,340.0,A,LRP058d,Road safety end
N5,1004294,link,link 2832,23.8505,89.9406386,20.0,A,LRP058e,Bridge start
N5,1004295,link,link 2833,23.8505278,89.9405274,12.0,A,LRP058f,Bridge end
N5,1004296,link,link 2834,23.8509444,89.937583,308.0,A,LRP059,Paturia 19 km
N5,1004297,bridge,bridge 1365,23.8514167,89.9354719,11.65,C,LRP059a,NOWADHRA BRIDGE
N5,1004298,link,link 2835,23.8514167,89.9353608,12.0,A,LRP059b,Bridge end
N5,1004299,bridge,bridge 1366,23.8517222,89.9340274,12.2,C,LRP059c,BANIA GURI BRIDGE
N5,1004300,link,link 2836,23.8528889,89.9291104,623.0,A,LRP060,Faridpur 73 km
N5,1004301,bridge,bridge 1367,23.853977874407583,89.92631374407583,11.6,C,LRP060a,BOGADOR BRIDGE
N5,1004302,link,link 2837,23.8541111,89.9259716,23.0,A,LRP060b,Bridge end
N5,1004303,bridge,bridge 1368,23.8545833,89.9252216,25.0,C,LRP060c,BOGADOR CULVERT
N5,1004304,link,link 2838,23.8549722,89.9232493,210.0,A,LRP060d,Road safety end
N5,1004305,link,link 2839,23.8549167,89.9196938,297.0,A,LRP060e,Bridge start
N5,1004306,link,link 2840,23.8549167,89.9195549,13.0,A,LRP060f,Bridge end
N5,1004307,link,link 2841,23.8547778,89.918416,85.0,A,LRP061,Paturia 17 km
N5,1004308,bridge,bridge 1369,23.8543889,89.9151944,13.0,B,LRP061a,JOKA SLAB CULVERT
N5,1004309,link,link 2842,23.8543889,89.9150833,13.0,A,LRP061b,Bridge end
N5,1004310,link,link 2843,23.8525278,89.90975,635.0,A,LRP062,Barisal 203 km
N5,1004311,bridge,bridge 1370,23.8522778,89.9085556,12.6,D,LRP062a,PUKHURIA RCC GIDER BRIDGE
N5,1004312,link,link 2844,23.8522222,89.9082778,31.0,A,LRP062b,Bridge end
N5,1004313,link,link 2845,23.8510833,89.9031111,545.0,A,LRP062c,Bridge start
N5,1004314,link,link 2846,23.8510556,89.9029444,18.0,A,LRP062d,Bridge end
N5,1004315,link,link 2847,23.8503611,89.8996386,335.0,A,LRP063,Paturia 15 km
N5,1004316,bridge,bridge 1371,23.8494997,89.8934163,30.5,B,LRP063a,PUKURIA CULVERT
N5,1004317,link,link 2848,23.8492219,89.8918886,200.0,A,LRP063b,Road safety end
N5,1004318,link,link 2849,23.8490274,89.8899719,85.0,A,LRP064,Kushtia 207 km
N5,1004319,link,link 2850,23.8487774,89.8879997,208.0,A,LRP064a,Bridge start
N5,1004320,link,link 2851,23.8486941,89.8875552,48.0,A,LRP064b,Bridge end
N5,1004321,link,link 2852,23.8476386,89.8790549,744.0,A,LRP065,Paturia 13 km
N5,1004322,bridge,bridge 1372,23.8348886,89.8720827,50.0,D,LRP065a,MOHADEVPUR RCC GIDER BRIDGE
N5,1004323,link,link 2853,23.8349163,89.8715549,65.0,A,LRP065b,Bridge start
N5,1004324,link,link 2854,23.8348886,89.8713604,17.0,A,LRP065c,Bridge end
N5,1004325,link,link 2855,23.8346663,89.8685271,58.0,A,LRP066,Jessore 196 km
N5,1004326,link,link 2856,23.8342774,89.8668327,410.0,A,LRP066a,Bridge start
N5,1004327,bridge,bridge 1373,23.8342497,89.8666111,18.0,C,LRP066b,BOROND GIL RCC GIDER BRIDGE
N5,1004328,link,link 2857,23.8498052,89.8611111,558.0,A,LRP067,Paturia 11 km
N5,1004329,bridge,bridge 1374,23.848583,89.8536944,36.0,C,LRP067a,CHUNGI CULVERT
N5,1004330,link,link 2858,23.848580776,89.853676624,2.0,A,LRP067b,Road safety start
N5,1004331,link,link 2859,23.8485274,89.85325,48.0,A,LRP067c,Bridge end
N5,1004332,link,link 2860,23.8479441,89.8508056,118.0,A,LRP067d,Road safety end
N5,1004333,link,link 2861,23.8472774,89.848833,57.0,A,LRP068,Benapole 233 km
N5,1004334,bridge,bridge 1375,23.845833,89.8432219,49.0,B,LRP068a,FAL SADIA BRIDGE
N5,1004335,link,link 2862,23.845833,89.843083,18.0,A,LRP068b,Bridge end
N5,1004336,link,link 2863,23.8456941,89.8404719,102.0,A,LRP069,Paturia 9 km
N5,1004337,link,link 2864,23.8459163,89.8320271,1000.0,A,LRP070,Khulna 283 km
N5,1004338,link,link 2865,23.845583,89.8228882,1000.0,A,LRP071,"Aricha 8 km,Paturia 8 km"
N5,1004339,link,link 2866,23.8454719,89.8196382,300.0,A,LRP071a,Bridge Start
N5,1004340,link,link 2867,23.8454441,89.8191382,50.0,A,LRP071b,Bridge end
N5,1004341,link,link 2868,23.844287710769237,89.81325170384616,615.0,A,LRP071c,Road safety start
N5,1004342,link,link 2869,23.8442219,89.8129167,35.0,A,LRP072,Rajbari 37 km
N5,1004343,bridge,bridge 1376,23.8433052,89.8115833,49.2,C,LRP072a,UTOLI BRIDGE
N5,1004344,link,link 2870,23.8436386,89.8115,95.0,A,LRP072b,N503
N5,1004345,link,link 2871,23.8393886,89.8123889,485.0,A,LRP072c,Box culvert
N5,1004346,link,link 2872,23.8359163,89.8131389,395.0,A,LRP072d,Box Culvert
N5,1004347,link,link 2873,23.834833,89.8133611,80.0,A,LRP073,Paturia 5 km
N5,1004348,link,link 2874,23.8301382,89.8142222,530.0,A,LRP073a,Box culvert
N5,1004349,link,link 2875,23.8258882,89.8148889,470.0,A,LRP074,Faridpur 59 km
N5,1004350,bridge,bridge 1377,23.8247771,89.8150556,6.15,A,LRP074a,CULVERT OVERUT HOLI (1)
N5,1004351,link,link 2876,23.8206104,89.8149722,487.0,A,LRP074b,Bridge start
N5,1004352,link,link 2877,23.820416,89.8148611,28.0,A,LRP074c,Bridge end
N5,1004353,link,link 2878,23.8171104,89.8133056,380.0,A,LRP075,Paturia 3 km
N5,1004354,bridge,bridge 1378,23.8121389,89.8109167,6.1,A,LRP075a,PURBO ARPARA
N5,1004355,bridge,bridge 1379,23.8128056,89.8112778,25.3,A,LRP075b,RCC BRIDGE
N5,1004356,link,link 2879,23.8105833,89.8105556,60.0,A,LRP075c,Road safety end
N5,1004357,link,link 2880,23.8097778,89.8104722,230.0,A,LRP076,Barisal 189 km
N5,1004358,bridge,bridge 1380,23.8053889,89.8104444,6.2,A,LRP076a,CULVERT OVERT RESADI
N5,1004359,link,link 2881,23.8010556,89.8103889,483.0,A,LRP076b,Box culvert
N5,1004360,link,link 2882,23.799833,89.8103889,128.0,A,LRP077,Paturia 1 km
N5,1004361,bridge,bridge 1381,23.7976386,89.8103889,24.9,C,LRP077a,KASDHA BRIDGE
N5,1004362,link,link 2883,23.7953886,89.8104722,242.0,A,LRP077b,"Z5066, Shibalay- Harirampur (Jhitka) Road"
N5,1004363,link,link 2884,23.7917497,89.8115278,420.0,A,LRP077c,Box culvert
N5,1004364,link,link 2885,23.7910274,89.8116667,80.0,A,LRP078,Km post missing
N5,1004365,bridge,bridge 1382,23.7893052,89.8101944,4.6,A,LRP078a,NOBOGRAM CULVERT
N5,1004366,link,link 2886,23.8986941,89.6600556,20692.0,A,LRP098a,Start RHD Pabna / Ferry ghat (Natakhola)
N5,1004367,link,link 2887,23.898333,89.6598056,50.0,A,LRP099,Km post missing
N5,1004368,bridge,bridge 1383,23.892833,89.6532222,13.45,A,LRP099a,.
N5,1004369,link,link 2888,23.8927219,89.6531944,17.0,A,LRP099b,Box Culvert 2vent
N5,1004370,link,link 2889,23.8924997,89.6530556,23.0,A,LRP099c,Left N505
N5,1004371,link,link 2890,23.8925552,89.6530278,10.0,A,LRP100,Km post missing
N5,1004372,link,link 2891,23.894174944,89.648522348,490.0,A,LRP100a,Left N513
N5,1004373,link,link 2892,23.8958608,89.643833,510.0,A,LRP101,Km post missing
N5,1004374,link,link 2893,23.8966663,89.6419441,205.0,A,LRP101a,Left R601
N5,1004375,link,link 2894,23.8974719,89.6406386,167.0,A,LRP101b,Box Culvert
N5,1004376,link,link 2895,23.9031389,89.6328604,990.0,A,LRP102,Kashinathpur 7 km
N5,1004377,bridge,bridge 1384,23.9035556,89.6324993,19.6,C,LRP102a,Kadomtali Bridge
N5,1004378,link,link 2896,23.9036667,89.6323604,54.0,A,LRP102b,End of bridge R C C
N5,1004379,bridge,bridge 1385,23.9078889,89.6292493,6.85,A,LRP102c,.
N5,1004380,link,link 2897,23.9106944,89.627416,370.0,A,LRP103,Kashinathpur 6 km
N5,1004381,bridge,bridge 1386,23.9137778,89.6246382,3.6,B,LRP103a,.
N5,1004382,link,link 2898,23.917916,89.6218327,548.0,A,LRP104,Kashinathpur 5 km
N5,1004383,link,link 2899,23.9253327,89.6163056,1000.0,A,LRP105,Km post missing
N5,1004384,bridge,bridge 1387,23.9254993,89.6161667,3.65,B,LRP105a,.
N5,1004385,link,link 2900,23.9328327,89.6112778,965.0,A,LRP106,Kashinathpur 3 km
N5,1004386,link,link 2901,23.930999438039677,89.60694016231038,1010.0,A,LRP107,Kashinathpur 2 km
N5,1004387,bridge,bridge 1388,23.9297216,89.6039167,5.25,B,LRP107a,.
N5,1004388,link,link 2902,23.949083,89.6040556,296.0,A,LRP108,Kasshinathpur 1 km
N5,1004389,intersection,intersection 73,23.9575,89.6068333,1000.0,A,LRP109,Km post missing
N5,1004390,intersection,intersection 74,23.9578611,89.6068889,25.0,A,LRP109a,N6 to Pabna / N504 to Nagarbari
N5,1004391,link,link 2903,23.9678604,89.6002778,1332.0,A,LRP110,Bogra 108 km
N5,1004392,link,link 2904,23.9712771,89.5997774,371.0,A,LRP110a,Box Culvert
N5,1004393,link,link 2905,23.9767771,89.5988608,639.0,A,LRP111,Rangpur 213 km
N5,1004394,bridge,bridge 1389,23.9792771,89.5984719,3.0,A,LRP111a,.
N5,1004395,link,link 2906,23.9841386,89.5988886,523.0,A,LRP111b,Box Culvert
N5,1004396,link,link 2907,23.9857497,89.5991386,180.0,A,LRP112,Bogra 105 km
N5,1004397,link,link 2908,23.9946941,89.6005,1000.0,A,LRP113,Bogra 106 km
N5,1004398,link,link 2909,23.9988052,89.6011389,467.0,A,LRP113a,Masonry Culvert
N5,1004399,link,link 2910,23.9989441,89.6011111,15.0,A,LRP113b,Masonry Culvert
N5,1004400,link,link 2911,24.0029722,89.60175,457.0,A,LRP113c,Box Culvert
N5,1004401,link,link 2912,24.0038333,89.6018611,61.0,A,LRP114,Bogra 107 km
N5,1004402,bridge,bridge 1390,24.0056111,89.6021667,12.8,C,LRP114a,.
N5,1004403,link,link 2913,24.0105556,89.6028889,566.0,A,LRP114b,Box Culvert
N5,1004404,link,link 2914,24.0125556,89.6031667,244.0,A,LRP115,Rangpur 209 km
N5,1004405,bridge,bridge 1391,24.0190827,89.6042778,11.5,C,LRP115a,.
N5,1004406,link,link 2915,24.0192493,89.6041667,19.0,A,LRP115b,End of Bridge R C C
N5,1004407,link,link 2916,24.0214993,89.6045556,243.0,A,LRP116,Bogra 102 km
N5,1004408,link,link 2917,24.0303882,89.6043889,1020.0,A,LRP117,Bogra 101 km
N5,1004409,link,link 2918,24.0321938,89.6041389,210.0,A,LRP117a,Start of Bridge (P.C.Girder)
N5,1004410,link,link 2919,24.0331104,89.60425,90.0,A,LRP117b,End of Bridge (P.C.Girder)
N5,1004411,link,link 2920,24.0385274,89.6020833,700.0,A,LRP118,Km post missing
N5,1004412,bridge,bridge 1392,24.0456386,89.6041944,81.28,B,LRP118a,.
N5,1004413,link,link 2921,24.0460274,89.6043056,40.0,A,LRP118b,End of bridge(P.C.Girder)
N5,1004414,link,link 2922,24.0472219,89.6046111,140.0,A,LRP119,Km post missing
N5,1004415,bridge,bridge 1393,24.049833,89.6053056,44.58,C,LRP119a,.
N5,1004416,link,link 2923,24.0501944,89.6053889,44.0,A,LRP119b,End of bridge (P.C. Girder)
N5,1004417,link,link 2924,24.0558333,89.6069444,694.0,A,LRP120,Bogra 98 km
N5,1004418,link,link 2925,24.0646389,89.6096111,1000.0,A,LRP121,Bogra 97 km
N5,1004419,link,link 2926,24.073416,89.6109722,1000.0,A,LRP122,Bogra 96 km
N5,1004420,bridge,bridge 1394,24.0763882,89.6091667,4.6,B,LRP122a,.
N5,1004421,link,link 2927,24.0787771,89.6074167,341.0,A,LRP122b,Start of Bridge (P.C.Girder)
N5,1004422,link,link 2928,24.0797216,89.6066389,135.0,A,LRP122c,End of Bridge (P.C.Girder)
N5,1004423,link,link 2929,24.0808049,89.6055556,158.0,A,LRP123,Rangpur 201 km
N5,1004424,link,link 2930,24.086083,89.61425,1000.0,A,LRP124,Bogra 94 km
N5,1004425,link,link 2931,24.0868886,89.5966663,133.0,A,LRP124a,Box culvert (3 Vent)
N5,1004426,link,link 2932,24.0869719,89.5965274,17.0,A,LRP124b,Box Culvert (3 Vent)
N5,1004427,link,link 2933,24.0919441,89.590083,850.0,A,LRP125,Bogra 93 km
N5,1004428,bridge,bridge 1395,24.0929441,89.5887774,13.4,B,LRP125a,.
N5,1004429,link,link 2934,24.0933608,89.5882219,82.0,A,LRP125b,End of Bridge (P.C Girder)
N5,1004430,link,link 2935,24.099333,89.5847497,743.0,A,LRP126,Bogra 92 km
N5,1004431,bridge,bridge 1396,24.1063611,89.5814716,76.6,C,LRP126a,.
N5,1004432,link,link 2936,24.1066667,89.5813327,35.0,A,LRP126b,Start of bridge
N5,1004433,link,link 2937,24.107,89.5813327,45.0,A,LRP126c,End of Bridge
N5,1004434,link,link 2938,24.1071944,89.5810827,20.0,A,LRP126d,End RHD Pabna / End RHD Pabna
N5,1004435,link,link 2939,24.1075833,89.5808882,40.0,A,LRP127,Rangpur 197 km
N5,1004436,bridge,bridge 1397,24.1086389,89.5803604,43.8,D,LRP127a,.
N5,1004437,link,link 2940,24.109,89.5801938,44.0,A,LRP127b,End of bridge
N5,1004438,link,link 2941,24.1158056,89.5769716,828.0,A,LRP128,Bogra 90 km
N5,1004439,bridge,bridge 1398,24.1176938,89.5765549,43.5,D,LRP128a,Goilhar Bridge
N5,1004440,link,link 2942,24.1223604,89.577666,557.0,A,LRP128b,Start of bridge
N5,1004441,link,link 2943,24.1224716,89.5777216,20.0,A,LRP128c,End of Bridge
N5,1004442,link,link 2944,24.124416,89.5787771,238.0,A,LRP129,Bogra 89 km
N5,1004443,bridge,bridge 1399,24.1276938,89.5806104,10.6,C,LRP129a,.
N5,1004444,bridge,bridge 1400,24.1283327,89.5808327,18.8,D,LRP129b,.
N5,1004445,link,link 2945,24.1292771,89.5815271,170.0,A,LRP130,"Bogra 90 km,Rangpur 196 km"
N5,1004446,bridge,bridge 1401,24.1300271,89.581916,2.8,A,LRP130a,.
N5,1004447,link,link 2946,24.1345552,89.584583,586.0,A,LRP130b,End of Bagabari Bridge
N5,1004448,link,link 2947,24.1413052,89.5871941,773.0,A,LRP131,Bogra 87 km
N5,1004449,bridge,bridge 1402,24.141583,89.5871941,573.47,C,LRP131a,Baral Bridge
N5,1004450,link,link 2948,24.1418886,89.5871941,33.0,A,LRP131b,End of Bridge
N5,1004451,link,link 2949,24.1458052,89.5869163,444.0,A,LRP131c,Start of Bridge
N5,1004452,link,link 2950,24.1459719,89.5868886,20.0,A,LRP131d,End of Bridge
N5,1004453,link,link 2951,24.1503333,89.5864719,480.0,A,LRP132,Bogra 86 km
N5,1004454,link,link 2952,24.1509722,89.5864719,70.0,A,LRP132a,Start of bridge(R.C.C )
N5,1004455,link,link 2953,24.1513889,89.5864163,41.0,A,LRP132b,End of bridge (R.C.C)
N5,1004456,link,link 2954,24.1593333,89.585833,909.0,A,LRP133,Rangpur 192 km
N5,1004457,bridge,bridge 1403,24.162,89.5859719,32.0,A,LRP133a,.
N5,1004458,link,link 2955,24.1619444,89.5859163,30.0,A,LRP133b,End of bridge
N5,1004459,bridge,bridge 1404,24.1660556,89.5860274,25.0,A,LRP133c,.
N5,1004460,link,link 2956,24.1663056,89.5860552,38.0,A,LRP133d,End of Bridge
N5,1004461,link,link 2957,24.1683327,89.5861386,228.0,A,LRP134,Bogra 84 km
N5,1004462,bridge,bridge 1405,24.1699993,89.5862497,46.05,C,LRP134a,Nukali Bridge
N5,1004463,link,link 2958,24.1702493,89.5862497,27.0,A,LRP134b,End of bridge
N5,1004464,link,link 2959,24.1733327,89.5863886,343.0,A,LRP134c,Right Z 5410
N5,1004465,link,link 2960,24.1769438,89.5870552,405.0,A,LRP134d,Start of Bridge (R.C.C)
N5,1004466,link,link 2961,24.1772216,89.5871941,33.0,A,LRP134e,End of Bridge (R.C.C)
N5,1004467,link,link 2962,24.177666,89.5874997,10.0,A,LRP135,Bogra 83 km
N5,1004468,link,link 2963,24.1830827,89.5945552,1030.0,A,LRP136,Rangpur 188 km
N5,1004469,bridge,bridge 1406,24.1888052,89.5946386,25.6,A,LRP136a,.
N5,1004470,link,link 2964,24.189083,89.5949441,31.0,A,LRP136b,End of Bridge (R.C.C)
N5,1004471,link,link 2965,24.1916663,89.5935274,315.0,A,LRP137,Bogra 81 km
N5,1004472,link,link 2966,24.1939997,89.5929163,280.0,A,LRP137a,Masonry Culvert
N5,1004473,link,link 2967,24.1974163,89.591833,401.0,A,LRP137b,Box Culvert
N5,1004474,link,link 2968,24.2003056,89.5909997,319.0,A,LRP138,Bogra 80 km
N5,1004475,bridge,bridge 1407,24.2019722,89.5899163,32.0,A,LRP138a,.
N5,1004476,link,link 2969,24.2023889,89.5896663,46.0,A,LRP138b,End of Bridge
N5,1004477,link,link 2970,24.206,89.5865274,512.0,A,LRP138c,Box Culvert
N5,1004478,link,link 2971,24.2073889,89.5849441,226.0,A,LRP139,Bogra 79 km
N5,1004479,link,link 2972,24.2138333,89.5781382,1000.0,A,LRP140,Rangpur 184 km
N5,1004480,bridge,bridge 1408,24.2143333,89.5778882,53.4,C,LRP140a,Jugnidaha Bridge
N5,1004481,link,link 2973,24.2223882,89.5750271,948.0,A,LRP141,Bogra 77 km
N5,1004482,link,link 2974,24.2308882,89.5743604,949.0,A,LRP141a,Start of Bridge
N5,1004483,link,link 2975,24.2313049,89.5743604,51.0,A,LRP141b,End of Bridge
N5,1004484,link,link 2976,24.2313604,89.5742771,10.0,A,LRP142,Km post missing
N5,1004485,bridge,bridge 1409,24.239333,89.5736104,7.27,A,LRP142a,.
N5,1004486,link,link 2977,24.2394441,89.5736104,16.0,A,LRP142b,End of Bridge
N5,1004487,link,link 2978,24.2404441,89.5737771,85.0,A,LRP143,Bogra 75 km
N5,1004488,link,link 2979,24.249083,89.5749716,1000.0,A,LRP144,Rangpur 180 km
N5,1004489,link,link 2980,24.2575556,89.5716938,1000.0,A,LRP145,Bogra 73 km
N5,1004490,link,link 2981,24.2590278,89.5713604,170.0,A,LRP145a,Start of Bridge (P.C Girder)
N5,1004491,link,link 2982,24.2595,89.5712216,56.0,A,LRP145b,End of Bridge (P.C. Girder)
N5,1004492,link,link 2983,24.2627222,89.5707493,364.0,A,LRP145c,Start of Bridge
N5,1004493,link,link 2984,24.2629722,89.5708049,28.0,A,LRP145d,End of Bridge
N5,1004494,link,link 2985,24.2663889,89.5718327,382.0,A,LRP146,Bogra 72 km
N5,1004495,link,link 2986,24.2744438,89.573416,918.0,A,LRP146a,Box Culvert
N5,1004496,link,link 2987,24.2752216,89.5734993,82.0,A,LRP147,Bogra 71 km
N5,1004497,bridge,bridge 1410,24.2771104,89.5758327,53.95,A,LRP147a,.
N5,1004498,link,link 2988,24.2827216,89.5761938,669.0,A,LRP148,Rangpur 176 km
N5,1004499,link,link 2989,24.2913052,89.5743327,1000.0,A,LRP149,Km post missing
N5,1004500,link,link 2990,24.2914997,89.5741938,29.0,A,LRP149a,Ullahpara Rail Crossing
N5,1004501,link,link 2991,24.2926108,89.5732216,168.0,A,LRP149b,Box Culvert
N5,1004502,link,link 2992,24.2984719,89.5689438,803.0,A,LRP150,Bogra 68 km
N5,1004503,link,link 2993,24.2989163,89.568666,46.0,A,LRP150a,Start of Bridge
N5,1004504,link,link 2994,24.2989997,89.5686104,20.0,A,LRP150b,End of Bridge
N5,1004505,link,link 2995,24.30325,89.566,534.0,A,LRP150c,Slab Culvert
N5,1004506,link,link 2996,24.3050556,89.5651111,190.0,A,LRP150d,N 520
N5,1004507,link,link 2997,24.3065278,89.5640833,220.0,A,LRP151,Bogra 67 km
N5,1004508,link,link 2998,24.3066389,89.5639722,20.0,A,LRP151a,Box culvert (2 Vent)
N5,1004509,bridge,bridge 1411,24.3066944,89.5639167,4.6,A,LRP151b,.
N5,1004510,link,link 2999,24.3075,89.5633333,118.0,A,LRP151c,Left Z 5048
N5,1004511,link,link 3000,24.3154722,89.5635833,870.0,A,LRP152,Rangpur 172 km
N5,1004512,bridge,bridge 1412,24.3192216,89.5635556,13.1,A,LRP152a,.
N5,1004513,link,link 3001,24.3244438,89.5627222,573.0,A,LRP153,Km post missing
N5,1004514,bridge,bridge 1413,24.3245549,89.5626944,10.8,A,LRP153a,.
N5,1004515,link,link 3002,24.3249993,89.5625,18.0,A,LRP153b,Left Z 5046
N5,1004516,link,link 3003,24.3298049,89.5626944,552.0,A,LRP154,Rangpur 170 km
N5,1004517,link,link 3004,24.3330271,89.562,381.0,A,LRP154a,Start of Bridge
N5,1004518,link,link 3005,24.3332493,89.5618889,45.0,A,LRP154b,End of Bridge
N5,1004519,link,link 3006,24.3387497,89.5608611,574.0,A,LRP155,Km post missing
N5,1004520,link,link 3007,24.3452219,89.5613333,711.0,A,LRP155a,Road to Kamarkanda (Z5403)
N5,1004521,link,link 3008,24.3468608,89.5606667,239.0,A,LRP156,Bogra 62 km
N5,1004522,bridge,bridge 1414,24.346833,89.5604167,43.91,B,LRP156a,.
N5,1004523,link,link 3009,24.3471663,89.5596389,80.0,A,LRP156b,End of Bridge
N5,1004524,link,link 3010,24.3537778,89.5570278,892.0,A,LRP157,Km post missing
N5,1004525,link,link 3011,24.3559722,89.55575,283.0,A,LRP157a,Start of Bridge
N5,1004526,link,link 3012,24.3561667,89.5556389,23.0,A,LRP157b,End of bridge
N5,1004527,link,link 3013,24.3593889,89.5538611,404.0,A,LRP157c,Start of bridge
N5,1004528,link,link 3014,24.3595556,89.5537778,220.0,A,LRP157d,End of Bridge
N5,1004529,link,link 3015,24.36175,89.5525556,70.0,A,LRP158,Bogra 60 km
N5,1004530,bridge,bridge 1415,24.3636111,89.5515,77.83,B,LRP158a,.
N5,1004531,link,link 3016,24.3638056,89.5513889,28.0,A,LRP158b,End of bridge
N5,1004532,link,link 3017,24.3642778,89.5511389,56.0,A,LRP158c,Start of bridge
N5,1004533,link,link 3018,24.3644444,89.5510278,24.0,A,LRP158d,End of bridge
N5,1004534,link,link 3019,24.3662778,89.5500278,230.0,A,LRP158e,Box Culvert
N5,1004535,link,link 3020,24.3693049,89.5487219,360.0,A,LRP158f,Start of Bridge
N5,1004536,link,link 3021,24.3698327,89.5484997,70.0,A,LRP158g,End of Bridge / Km post missing
N5,1004537,bridge,bridge 1416,24.3730827,89.5472497,25.2,A,LRP159a,.
N5,1004538,link,link 3022,24.3736382,89.5470274,62.0,A,LRP159b,End of bridge
N5,1004539,bridge,bridge 1417,24.3783604,89.5451386,19.15,A,LRP159c,.
N5,1004540,link,link 3023,24.3785549,89.5451386,25.0,A,LRP159d,End of bridge
N5,1004541,link,link 3024,24.3786104,89.5450552,10.0,A,LRP160,Bogra 58 km
N5,1004542,bridge,bridge 1418,24.3839163,89.5452219,21.7,A,LRP160a,.
N5,1004543,link,link 3025,24.3840274,89.5452497,10.0,A,LRP160b,Box culvert (2 Vent)
N5,1004544,link,link 3026,24.3873052,89.5464163,368.0,A,LRP161,Km post missing
N5,1004545,bridge,bridge 1419,24.3896108,89.5472497,63.4,A,LRP161a,.
N5,1004546,link,link 3027,24.3897774,89.547333,22.0,A,LRP161b,End of Bridge
N5,1004547,bridge,bridge 1420,24.391583,89.5480552,25.45,A,LRP161c,.
N5,1004548,link,link 3028,24.3958052,89.5488886,485.0,A,LRP162,Bogra 56 km
N5,1004549,bridge,bridge 1421,24.4007222,89.5497219,11.0,A,LRP162a,.
N5,1004550,link,link 3029,24.4008889,89.5497497,16.0,A,LRP162b,End of bridge
N5,1004551,link,link 3030,24.4047222,89.55075,424.0,A,LRP163,Km post missing
N5,1004552,bridge,bridge 1422,24.4118889,89.5510833,19.1,A,LRP163a,.
N5,1004553,link,link 3031,24.4120556,89.5510833,20.0,A,LRP163b,End of bridge
N5,1004554,link,link 3032,24.4136389,89.5508611,170.0,A,LRP164,Rangpur 160 km
N5,1004555,bridge,bridge 1423,24.416666,89.5525,19.15,A,LRP164a,.
N5,1004556,intersection,intersection 75,24.416916,89.5525,23.0,A,LRP164b,End of bridge
N5,1004557,intersection,intersection 76,24.4189716,89.5518333,265.0,A,LRP164c,Road to Jamuna bridge (N405) / Road to Bonpara (N507)
N5,1004558,intersection,intersection 77,24.4217493,89.5505556,330.0,A,LRP165,Km post missing
N5,1004559,bridge,bridge 1424,24.4221382,89.5503611,10.7,A,LRP165a,.
N5,1004560,intersection,intersection 78,24.4223604,89.55025,25.0,A,LRP165b,End of bridge
N5,1004561,link,link 3033,24.4303049,89.5471663,922.0,A,LRP166,Km post missing
N5,1004562,bridge,bridge 1425,24.4346386,89.5471663,25.4,A,LRP166a,.
N5,1004563,link,link 3034,24.4349719,89.5471941,37.0,A,LRP166b,End of bridge
N5,1004564,link,link 3035,24.4435552,89.5471108,466.0,A,LRP167,Km post missing
N5,1004565,bridge,bridge 1426,24.4392497,89.5465552,25.3,A,LRP167a,.
N5,1004566,link,link 3036,24.4477219,89.5464719,66.0,A,LRP167b,End of bridge
N5,1004567,link,link 3037,24.4484163,89.546333,60.0,A,LRP168,Infor.missing
N5,1004568,link,link 3038,24.4571944,89.5439441,1000.0,A,LRP169,Km post missing
N5,1004569,link,link 3039,24.4625,89.5366108,1000.0,A,LRP170,Bogra 48 km
N5,1004570,bridge,bridge 1427,24.4627222,89.5360552,10.9,A,LRP170a,.
N5,1004571,link,link 3040,24.4628889,89.5356941,47.0,A,LRP170b,End of Bridge
N5,1004572,link,link 3041,24.4669438,89.5323327,602.0,A,LRP170c,Start of Bridge
N5,1004573,link,link 3042,24.4671382,89.5322771,24.0,A,LRP170d,End of Bridge
N5,1004574,link,link 3043,24.4695271,89.5318604,253.0,A,LRP171,Km post missing
N5,1004575,bridge,bridge 1428,24.4740271,89.5286104,14.6,A,LRP171a,.
N5,1004576,link,link 3044,24.4742216,89.5284438,25.0,A,LRP171b,End of bridge
N5,1004577,link,link 3045,24.4767216,89.5258049,376.0,A,LRP172,Bogra 46 km
N5,1004578,bridge,bridge 1429,24.4803604,89.5214438,43.35,B,LRP172a,Bridge on Hurge river
N5,1004579,link,link 3046,24.4810827,89.5205549,126.0,A,LRP172b,End of Bridge
N5,1004580,link,link 3047,24.4825549,89.5182216,269.0,A,LRP173,Km post missing
N5,1004581,link,link 3048,24.4892219,89.5122778,1000.0,A,LRP174,Rangpur 150 km
N5,1004582,bridge,bridge 1430,24.4906941,89.51025,5.5,A,LRP174a,.
N5,1004583,bridge,bridge 1431,24.4910274,89.5096111,117.6,C,LRP174b,.
N5,1004584,link,link 3049,24.4941941,89.5079167,464.0,A,LRP174c,Left Z 5041
N5,1004585,link,link 3050,24.4966108,89.5086111,198.0,A,LRP175,Km post missing
N5,1004586,bridge,bridge 1432,24.5024444,89.5088056,5.3,A,LRP175a,.
N5,1004587,link,link 3051,24.5026111,89.5087778,20.0,A,LRP175b,End of bridge
N5,1004588,link,link 3052,24.5048056,89.5090556,319.0,A,LRP176,Bogra 42 km
N5,1004589,link,link 3053,24.5136944,89.5115556,1000.0,A,LRP177,Km post missing
N5,1004590,bridge,bridge 1433,24.5151111,89.51175,18.63,C,LRP177a,.
N5,1004591,link,link 3054,24.5156111,89.5118056,56.0,A,LRP177b,End of Bridge
N5,1004592,link,link 3055,24.5225271,89.51175,765.0,A,LRP178,Bogra 40 km
N5,1004593,link,link 3056,24.524666,89.5116111,221.0,A,LRP178a,Start of bridge
N5,1004594,link,link 3057,24.5246382,89.5115556,18.0,A,LRP178b,End of bridge
N5,1004595,link,link 3058,24.5315549,89.5113611,761.0,A,LRP179,Km post missing
N5,1004596,bridge,bridge 1434,24.5399997,89.5111111,55.4,C,LRP179a,.
N5,1004597,link,link 3059,24.5404719,89.5107222,50.0,A,LRP180,Bogra 38 km
N5,1004598,link,link 3060,24.5485274,89.50625,1000.0,A,LRP181,Km post missing
N5,1004599,bridge,bridge 1435,24.5511667,89.5055556,7.1,A,LRP181a,.
N5,1004600,bridge,bridge 1436,24.5513056,89.5054167,10.9,A,LRP181b,.
N5,1004601,bridge,bridge 1437,24.5557222,89.5015833,3.55,A,LRP181c,.
N5,1004602,link,link 3061,24.55625,89.5010833,65.0,A,LRP182,Naogaon 86 km
N5,1004603,bridge,bridge 1438,24.5580556,89.499583,10.7,A,LRP182a,.
N5,1004604,link,link 3062,24.5601944,89.4967497,371.0,A,LRP182b,Box Culvert
N5,1004605,bridge,bridge 1439,24.5601944,89.4966941,10.6,A,LRP182c,.
N5,1004606,link,link 3063,24.5612778,89.4942219,270.0,A,LRP183,Bogra 35 km
N5,1004607,bridge,bridge 1440,24.5658611,89.4872774,19.0,C,LRP183a,.
N5,1004608,link,link 3064,24.5660556,89.4871108,25.0,A,LRP183b,End of Bridge
N5,1004609,link,link 3065,24.5669438,89.4860552,140.0,A,LRP184,Bogra 32 km
N5,1004610,bridge,bridge 1441,24.5670827,89.4858886,6.75,C,LRP184a,.
N5,1004611,link,link 3066,24.5704716,89.4771938,1007.0,A,LRP185,Natore 96 km
N5,1004612,bridge,bridge 1442,24.5713604,89.4742771,5.44,A,LRP185a,.
N5,1004613,bridge,bridge 1443,24.5713882,89.474166,26.2,B,LRP185b,.
N5,1004614,link,link 3067,24.5732493,89.4681938,640.0,A,LRP186,Rangpur 136 km
N5,1004615,bridge,bridge 1444,24.5733049,89.4665278,10.6,A,LRP186a,.
N5,1004616,link,link 3068,24.5733049,89.4660278,49.0,A,LRP186b,End of bridge
N5,1004617,link,link 3069,24.5794993,89.46275,864.0,A,LRP187,Bogra 31 km
N5,1004618,bridge,bridge 1445,24.5817216,89.4599167,13.2,C,LRP187a,.
N5,1004619,link,link 3070,24.5817771,89.4598333,20.0,A,LRP187b,End of bridge
N5,1004620,link,link 3071,24.5858608,89.4561111,580.0,A,LRP188,Naogaon 80 km
N5,1004621,bridge,bridge 1446,24.5881941,89.4549444,49.44,B,LRP188a,.
N5,1004622,link,link 3072,24.5937219,89.4522222,690.0,A,LRP189,Bogra 29 km
N5,1004623,link,link 3073,24.6007778,89.4467219,980.0,A,LRP190,Natore 91 km
N5,1004624,link,link 3074,24.6088611,89.4419997,1020.0,A,LRP191,Rangpur 132 km
N5,1004625,link,link 3075,24.617416,89.4399997,980.0,A,LRP192,Bogra 24 km
N5,1004626,link,link 3076,24.626666,89.4369441,960.0,A,LRP192a,Left Z 5049
N5,1004627,link,link 3077,24.6259993,89.4371663,40.0,A,LRP193,Naogaon 75 km
N5,1004628,link,link 3078,24.6347497,89.4355274,980.0,A,LRP193a,Pipe Culvert
N5,1004629,link,link 3079,24.6348052,89.4354997,20.0,A,LRP194,Rangpur 128 km
N5,1004630,bridge,bridge 1447,24.6431386,89.4309993,2.0,A,LRP194a,.
N5,1004631,link,link 3080,24.6503333,89.4258604,1010.0,A,LRP196,Naogaon 72 km
N5,1004632,link,link 3081,24.6588611,89.4226104,1030.0,A,LRP197,Natore 84 km
N5,1004633,link,link 3082,24.6630556,89.4202771,500.0,A,LRP197a,Right Z5401
N5,1004634,link,link 3083,24.6633056,89.4200827,60.0,A,LRP197b,Dual Carriage way Start
N5,1004635,link,link 3084,24.6668882,89.4182216,440.0,A,LRP198,Bogra 20 km
N5,1004636,link,link 3085,24.6694438,89.4168882,304.0,A,LRP198a,Left Z5034
N5,1004637,link,link 3086,24.6718327,89.4156111,306.0,A,LRP198b,Dual Carriage way end
N5,1004638,link,link 3087,24.6750827,89.4137778,420.0,A,LRP199,Rangpur 124 km
N5,1004639,link,link 3088,24.6832771,89.41025,1000.0,A,LRP200,Bogra 18 km
N5,1004640,link,link 3089,24.6906663,89.407,900.0,A,LRP201,Rangpur 122 km
N5,1004641,link,link 3090,24.6983052,89.4025,960.0,A,LRP202,Dinajpur 199 km
N5,1004642,link,link 3091,24.7058611,89.3966941,1040.0,A,LRP203,Bogra 15 km
N5,1004643,link,link 3092,24.7156111,89.395083,1060.0,A,LRP204,Natore 77 km
N5,1004644,link,link 3093,24.7231938,89.3959997,860.0,A,LRP205,Natore 76 km
N5,1004645,link,link 3094,24.7328882,89.3968886,1100.0,A,LRP206,Bogra 12 km
N5,1004646,link,link 3095,24.7416108,89.3974163,980.0,A,LRP207,Rangpur 116 km
N5,1004647,link,link 3096,24.751,89.3971941,1060.0,A,LRP208,Bogra 10 km
N5,1004648,link,link 3097,24.7598056,89.3964441,1000.0,A,LRP209,Dinajpur 192 km
N5,1004649,link,link 3098,24.7676938,89.3958608,875.0,A,LRP209a,Sluice gate
N5,1004650,link,link 3099,24.769166,89.3962774,185.0,A,LRP210,Dinajpur 191 km
N5,1004651,link,link 3100,24.7774438,89.3942497,940.0,A,LRP211,Natore 70 km
N5,1004652,link,link 3101,24.7862774,89.3910274,1030.0,A,LRP212,Dinajpur 189 km
N5,1004653,link,link 3102,24.7944997,89.3869719,1000.0,A,LRP213,Bogra 5 km
N5,1004654,link,link 3103,24.7960274,89.3867497,180.0,A,LRP213a,Start of Bridge
N5,1004655,link,link 3104,24.7961941,89.3867219,20.0,A,LRP213b,End of Bridge
N5,1004656,link,link 3105,24.8031111,89.3854163,790.0,A,LRP214,Rangpur 110 km
N5,1004657,link,link 3106,24.8058889,89.3837497,330.0,A,LRP214a,Bogra 2nd Town By pass (N515)
N5,1004658,link,link 3107,24.8083333,89.3824993,330.0,A,LRP214b,Right Z 5040
N5,1004659,link,link 3108,24.8106944,89.3810827,290.0,A,LRP215,Naogaon 53 km
N5,1004660,bridge,bridge 1448,24.815,89.3797216,18.55,A,LRP215a,.
N5,1004661,link,link 3109,24.8176382,89.3758327,500.0,A,LRP216,Km post missing
N5,1004662,link,link 3110,24.817666,89.3758049,10.0,A,LRP216a,Box Culvert
N5,1004663,link,link 3111,24.8208604,89.3665278,990.0,A,LRP217,Km post missing
N5,1004664,intersection,intersection 79,24.8219438,89.3625,432.0,A,LRP217a,Left N502
N5,1004665,intersection,intersection 80,24.8237493,89.3591389,418.0,A,LRP217b,N 502 (Link)
N5,1004666,bridge,bridge 1449,24.82393078,89.35892408666668,7.1,C,LRP217c,.
N5,1004667,link,link 3112,24.8251104,89.3575278,130.0,A,LRP218,Km post missing
N5,1004668,link,link 3113,24.8313604,89.3504722,1000.0,A,LRP219,Km post missing
N5,1004669,link,link 3114,24.8394163,89.3466386,1000.0,A,LRP220,Km post missing
N5,1004670,link,link 3115,24.8418608,89.3470552,292.0,A,LRP220a,N-510 to Bogra town / Z 5053 to Khalu
N5,1004671,link,link 3116,24.8419719,89.3471108,19.0,A,LRP220c,Slab Culvert
N5,1004672,link,link 3117,24.8421108,89.3471108,13.0,A,LRP220d,Rail road crossing
N5,1004673,link,link 3118,24.848083,89.3483608,676.0,A,LRP221,Km post missing
N5,1004674,link,link 3119,24.8516389,89.3491108,900.0,A,LRP221a,Box Culvert
N5,1004675,link,link 3120,24.8569722,89.3502222,100.0,A,LRP222,Km post missing
N5,1004676,link,link 3121,24.8583333,89.3506111,150.0,A,LRP222a,R 545
N5,1004677,bridge,bridge 1450,24.8636111,89.3515833,2.1,A,LRP222b,.
N5,1004678,link,link 3122,24.8660833,89.3520556,239.0,A,LRP223,Km post missing
N5,1004679,bridge,bridge 1451,24.869666,89.3523611,2.1,C,LRP223a,.
N5,1004680,link,link 3123,24.8748882,89.3519722,574.0,A,LRP224,Rangpur 100 km
N5,1004681,link,link 3124,24.880666,89.3526944,651.0,A,LRP224a,Left Z 5039
N5,1004682,link,link 3125,24.883166,89.3549444,349.0,A,LRP225,Km post missing
N5,1004683,bridge,bridge 1452,24.8840552,89.3558333,6.8,B,LRP225a,.
N5,1004684,link,link 3126,24.8841386,89.3558889,11.0,A,LRP225b,End of Bridge
N5,1004685,link,link 3127,24.8853052,89.3569167,70.0,A,LRP225c,Slab Culvert
N5,1004686,link,link 3128,24.8889997,89.3601944,620.0,A,LRP225d,"Right N514,N515"
N5,1004687,link,link 3129,24.8901108,89.3600556,150.0,A,LRP226,Km post missing
N5,1004688,link,link 3130,24.8963886,89.3588889,713.0,A,LRP226a,Box culvert
N5,1004689,link,link 3131,24.8985274,89.3577222,287.0,A,LRP227,Km post missing
N5,1004690,link,link 3132,24.9069722,89.3541667,1000.0,A,LRP228,Thakurgaon 200 km
N5,1004691,link,link 3133,24.9155278,89.3514167,1000.0,A,LRP229,Km post missing
N5,1004692,link,link 3134,24.923916,89.348583,980.0,A,LRP229a,Masonry Culvert / Km post missing
N5,1004693,link,link 3135,24.9331938,89.3477497,1020.0,A,LRP231,Km post missing
N5,1004694,link,link 3136,24.9421663,89.3464719,990.0,A,LRP232,Rangpur 90 km
N5,1004695,link,link 3137,24.9501667,89.3494441,940.0,A,LRP232a,Left Z 5505
N5,1004696,link,link 3138,24.9505278,89.3499719,60.0,A,LRP233,Km post missing
N5,1004697,bridge,bridge 1453,24.9539722,89.35225,1.9,A,LRP233a,.
N5,1004698,link,link 3139,24.9545833,89.3525833,78.0,A,LRP233b,End of Bridge
N5,1004699,link,link 3140,24.9576667,89.3556389,458.0,A,LRP234,Kurigram 138 km
N5,1004700,link,link 3141,24.9651944,89.3608889,1000.0,A,LRP235,Km post missing
N5,1004701,bridge,bridge 1454,24.9672771,89.3616944,77.2,D,LRP235a,Mohasthan Bridge
N5,1004702,link,link 3142,24.9720827,89.36625,740.0,A,LRP236,Km post missing
N5,1004703,link,link 3143,24.9806104,89.3698882,1000.0,A,LRP237,Km post missing
N5,1004704,link,link 3144,24.9898052,89.3708882,1000.0,A,LRP238,Km post missing
N5,1004705,bridge,bridge 1455,24.9963608,89.3719993,6.8,A,LRP238a,.
N5,1004706,link,link 3145,24.9964163,89.3719716,4.0,A,LRP238b,End of Bridge
N5,1004707,link,link 3146,24.9973886,89.3719438,115.0,A,LRP238c,Right Z 5072
N5,1004708,link,link 3147,24.9981941,89.3721104,127.0,A,LRP239,Km post missing
N5,1004709,link,link 3148,25.0071389,89.3698882,1000.0,A,LRP240,Rangpur 82 km
N5,1004710,bridge,bridge 1456,25.0130556,89.3688882,6.75,A,LRP240a,.
N5,1004711,link,link 3149,25.016,89.3689716,345.0,A,LRP241,Km post missing
N5,1004712,bridge,bridge 1457,25.0169438,89.3688882,2.1,A,LRP241a,.
N5,1004713,link,link 3150,25.0240549,89.3689993,790.0,A,LRP241b,Left Z 5507
N5,1004714,link,link 3151,25.0250549,89.3689993,110.0,A,LRP242,Lalmonirhat 124 km
N5,1004715,link,link 3152,25.0294716,89.368916,490.0,A,LRP242a,Box culvert
N5,1004716,link,link 3153,25.0341663,89.3683327,510.0,A,LRP243,Km post missing
N5,1004717,link,link 3154,25.043083,89.3669993,1000.0,A,LRP244,Gaibandha 52 km
N5,1004718,link,link 3155,25.0522222,89.3683604,1000.0,A,LRP245,Km post missing
N5,1004719,link,link 3156,25.0538056,89.3684993,20.0,A,LRP245a,Box culvert
N5,1004720,link,link 3157,25.0606944,89.3706382,980.0,A,LRP246,Panchagarh 246 km
N5,1004721,link,link 3158,25.0670549,89.3723882,740.0,A,LRP246a,Thanks Bogra / Thanks Bogra
N5,1004722,link,link 3159,25.069166,89.3730549,260.0,A,LRP247,Km post missing
N5,1004723,link,link 3160,25.0732216,89.3750827,470.0,A,LRP247a,Start of Bridge
N5,1004724,link,link 3161,25.0733604,89.3751382,20.0,A,LRP247b,End of Bridge
N5,1004725,link,link 3162,25.0777216,89.376916,510.0,A,LRP248,Rangpur 76 km
N5,1004726,link,link 3163,25.0864441,89.3799993,1000.0,A,LRP249,Km post missing
N5,1004727,link,link 3164,25.0951386,89.3821104,1000.0,A,LRP250,Rangpur 74 km
N5,1004728,link,link 3165,25.0876663,89.3819993,1000.0,A,LRP251,Km post missing
N5,1004729,link,link 3166,25.1127778,89.384333,1000.0,A,LRP252,Rangpur 72 km
N5,1004730,link,link 3167,25.1221104,89.386333,2000.0,A,LRP253,Km post missing / Km post missing
N5,1004731,bridge,bridge 1458,25.1363886,89.3872219,5.1,A,LRP254a,.
N5,1004732,link,link 3168,25.1393608,89.3874719,325.0,A,LRP255,Km post missing
N5,1004733,link,link 3169,25.1481663,89.3888608,1000.0,A,LRP256,Rangpur 68 km
N5,1004734,link,link 3170,25.1511111,89.3894441,330.0,A,LRP256a,Right Z 5554
N5,1004735,link,link 3171,25.1527778,89.3897774,186.0,A,LRP256b,Box Culvert
N5,1004736,link,link 3172,25.1573056,89.3888886,484.0,A,LRP257,Km post missing
N5,1004737,link,link 3173,25.166,89.3886663,1000.0,A,LRP258,Rangpur 66 km
N5,1004738,link,link 3174,25.1723882,89.389333,715.0,A,LRP258a,Start of Bridge
N5,1004739,bridge,bridge 1459,25.1736104,89.3889441,6.4,A,LRP258b,.
N5,1004740,link,link 3175,25.174916,89.3885274,263.0,A,LRP259,Km post missing
N5,1004741,link,link 3176,25.183833,89.388583,860.0,A,LRP260,Rangpur 64 km
N5,1004742,bridge,bridge 1460,25.1846108,89.3886386,9.9,A,LRP260a,.
N5,1004743,bridge,bridge 1461,25.1851663,89.3886663,162.5,C,LRP260b,Katakhali Bridge
N5,1004744,link,link 3177,25.1917774,89.3889441,760.0,A,LRP260c,Start of Bridge
N5,1004745,link,link 3178,25.1921386,89.3889441,40.0,A,LRP260d,End of Bridge
N5,1004746,link,link 3179,25.1927497,89.3888886,60.0,A,LRP261,Km post missing
N5,1004747,bridge,bridge 1462,25.2005833,89.3869719,10.7,A,LRP261a,.
N5,1004748,link,link 3180,25.2014167,89.386583,77.0,A,LRP262,Rangpur 62 km
N5,1004749,bridge,bridge 1463,25.2040833,89.3849441,40.07,A,LRP262a,.
N5,1004750,link,link 3181,25.2085833,89.3805271,657.0,A,LRP263,Km post missing
N5,1004751,bridge,bridge 1464,25.2099444,89.3793604,9.95,A,LRP263a,.
N5,1004752,link,link 3182,25.2101667,89.3791938,34.0,A,LRP263b,End of Bridge
N5,1004753,link,link 3183,25.2131389,89.3765549,431.0,A,LRP263c,Box culvert(3 vent)
N5,1004754,link,link 3184,25.2131944,89.3765271,15.0,A,LRP263d,Box culvert(3 Vent)
N5,1004755,link,link 3185,25.2160833,89.3754716,320.0,A,LRP264,Rangpur 60 km
N5,1004756,bridge,bridge 1465,25.2243882,89.3731938,10.5,A,LRP264a,.
N5,1004757,link,link 3186,25.2245271,89.3731104,15.0,A,LRP264b,Box culvert (2 Vent)
N5,1004758,link,link 3187,25.2251104,89.3728327,20.0,A,LRP265,Km post missing
N5,1004759,bridge,bridge 1466,25.227916,89.3710827,42.2,D,LRP265a,Bupinath Bridge
N5,1004760,link,link 3188,25.2322493,89.3676382,590.0,A,LRP266,Rangpur 58 km
N5,1004761,link,link 3189,25.2403886,89.3636944,1000.0,A,LRP267,Km post missing
N5,1004762,bridge,bridge 1467,25.2411663,89.3635556,4.05,A,LRP267a,.
N5,1004763,link,link 3190,25.2474163,89.3631111,713.0,A,LRP267b,Start of Bridge
N5,1004764,link,link 3191,25.2476941,89.3631389,32.0,A,LRP267c,End of Bridge
N5,1004765,link,link 3192,25.2494997,89.3631111,195.0,A,LRP268,Rangpur 56 km
N5,1004766,link,link 3193,25.2559167,89.3618889,721.0,A,LRP268a,Start of bridge
N5,1004767,link,link 3194,25.2561389,89.3618333,34.0,A,LRP268b,End of bridge
N5,1004768,link,link 3195,25.2582778,89.3613611,245.0,A,LRP269,Km post missing
N5,1004769,bridge,bridge 1468,25.2633889,89.3601389,5.1,A,LRP269a,.
N5,1004770,bridge,bridge 1469,25.2663056,89.3589722,29.4,B,LRP269b,.
N5,1004771,link,link 3196,25.2670271,89.3586667,89.0,A,LRP270,Rangpur 54 km
N5,1004772,link,link 3197,25.2756104,89.3551111,1000.0,A,LRP271,Km post missing
N5,1004773,bridge,bridge 1470,25.2809716,89.3532222,4.05,A,LRP271a,.
N5,1004774,link,link 3198,25.2812493,89.3532222,16.0,A,LRP271b,Right R555
N5,1004775,link,link 3199,25.2839997,89.352,334.0,A,LRP272,Km post missing
N5,1004776,link,link 3200,25.292833,89.3489163,1000.0,A,LRP273,Km post missing
N5,1004777,link,link 3201,25.3008611,89.3453052,1000.0,A,LRP274,Rangpur 50 km
N5,1004778,link,link 3202,25.30925,89.3418886,1000.0,A,LRP275,Km post missing
N5,1004779,bridge,bridge 1471,25.3120556,89.3415552,5.1,A,LRP275a,.
N5,1004780,link,link 3203,25.3175827,89.3408886,636.0,A,LRP275b,Box culvert
N5,1004781,link,link 3204,25.3182216,89.340833,72.0,A,LRP276,Rangpur 48 km
N5,1004782,link,link 3205,25.3228604,89.3402774,504.0,A,LRP276a,Box culvert
N5,1004783,link,link 3206,25.3273604,89.340083,496.0,A,LRP277,Km post missing
N5,1004784,bridge,bridge 1472,25.3292216,89.3406663,4.07,A,LRP277a,.
N5,1004785,bridge,bridge 1473,25.3293882,89.3407497,3.6,A,LRP277b,.
N5,1004786,link,link 3207,25.332416,89.3417497,351.0,A,LRP277c,Box culvert
N5,1004787,link,link 3208,25.3325271,89.3417774,11.0,A,LRP277d,Box culvert
N5,1004788,link,link 3209,25.3359441,89.3424719,366.0,A,LRP278,Rangpur 46 km
N5,1004789,bridge,bridge 1474,25.3386108,89.342333,4.07,B,LRP278a,.
N5,1004790,link,link 3210,25.3408052,89.3421941,253.0,A,LRP278b,Pipe Culvert
N5,1004791,link,link 3211,25.3421663,89.342083,150.0,A,LRP278c,Pipe Culvert
N5,1004792,link,link 3212,25.3449997,89.3420274,307.0,A,LRP279,Km post missing
N5,1004793,bridge,bridge 1475,25.3465552,89.3425552,16.45,C,LRP279a,.
N5,1004794,link,link 3213,25.3495552,89.3419441,384.0,A,LRP279b,End RHD Gaibandha
N5,1004795,link,link 3214,25.3524444,89.3389997,439.0,A,LRP280,Rangpur 44 km
N5,1004796,bridge,bridge 1476,25.3538889,89.3379719,4.07,A,LRP280a,.
N5,1004797,bridge,bridge 1477,25.354,89.3378886,1.8,A,LRP280b,.
N5,1004798,link,link 3215,25.3602222,89.333333,792.0,A,LRP281,Km post missing
N5,1004799,bridge,bridge 1478,25.3624722,89.331666,3.55,A,LRP281a,.
N5,1004800,link,link 3216,25.3683604,89.3302216,668.0,A,LRP282,Rangpur 42 km
N5,1004801,link,link 3217,25.3776382,89.3282771,1000.0,A,LRP283,Km post missing
N5,1004802,link,link 3218,25.3864719,89.3264438,1000.0,A,LRP284,Km post missing
N5,1004803,link,link 3219,25.3951941,89.3249438,1000.0,A,LRP285,Km post missing
N5,1004804,link,link 3220,25.4039722,89.3235827,1000.0,A,LRP286,Km post missing
N5,1004805,bridge,bridge 1479,25.4045,89.3234993,5.1,C,LRP286a,.
N5,1004806,bridge,bridge 1480,25.4113056,89.3225271,5.1,A,LRP286b,.
N5,1004807,link,link 3221,25.4114722,89.3224993,20.0,A,LRP286c,End of Bridge
N5,1004808,link,link 3222,25.4128056,89.3222216,159.0,A,LRP287,Km post missing
N5,1004809,bridge,bridge 1481,25.4138889,89.3213327,5.05,A,LRP287a,.
N5,1004810,link,link 3223,25.4173604,89.3161389,655.0,A,LRP287b,Z 5075
N5,1004811,link,link 3224,25.418916,89.3148333,204.0,A,LRP288,Rangpur 36 km
N5,1004812,bridge,bridge 1482,25.4261938,89.31025,5.18,A,LRP288a,.
N5,1004813,link,link 3225,25.4266938,89.3098889,59.0,A,LRP289,Rangpur 35 km
N5,1004814,bridge,bridge 1483,25.4286104,89.3087222,4.1,A,LRP289a,.
N5,1004815,link,link 3226,25.429166,89.3083611,80.0,A,LRP289b,Box Culvert
N5,1004816,link,link 3227,25.4348608,89.3047778,686.0,A,LRP290,Km post missing
N5,1004817,link,link 3228,25.4412497,89.3004167,873.0,A,LRP290a,Wazed Mia Toron
N5,1004818,link,link 3229,25.4424441,89.3001667,127.0,A,LRP291,Rangpur 33 km
N5,1004819,link,link 3230,25.4511944,89.298083,1000.0,A,LRP292,Saidpur 74 km
N5,1004820,link,link 3231,25.4600278,89.2963052,1000.0,A,LRP293,Rangpur 31 km
N5,1004821,link,link 3232,25.4689438,89.2949441,990.0,A,LRP294,Rangpur 30 km
N5,1004822,link,link 3233,25.4695549,89.294833,74.0,A,LRP294a,Box Culvert
N5,1004823,link,link 3234,25.4778604,89.2936386,926.0,A,LRP295,Lalmonirhat 75 km
N5,1004824,link,link 3235,25.4790827,89.2934441,137.0,A,LRP295a,Box Culvert
N5,1004825,link,link 3236,25.486833,89.2922774,863.0,A,LRP296,Rangpur 28 km
N5,1004826,link,link 3237,25.491583,89.2915552,542.0,A,LRP296a,Box Culvert
N5,1004827,link,link 3238,25.4957497,89.2908886,458.0,A,LRP297,Dinajpur 109 km
N5,1004828,link,link 3239,25.5046111,89.2893886,1000.0,A,LRP298,Km post missing
N5,1004829,bridge,bridge 1484,25.5099722,89.2884441,2.8,A,LRP298a,.
N5,1004830,link,link 3240,25.5132222,89.2878608,400.0,A,LRP299,Km post missing
N5,1004831,link,link 3241,25.5225271,89.286333,1000.0,A,LRP300,Thakurgaon 136 km
N5,1004832,link,link 3242,25.523416,89.2861941,110.0,A,LRP300a,Box Culvert
N5,1004833,link,link 3243,25.531416,89.2847219,910.0,A,LRP301,Rangpur 23 km
N5,1004834,link,link 3244,25.5404163,89.282916,1000.0,A,LRP302,Km post missing
N5,1004835,link,link 3245,25.5491941,89.2812216,1000.0,A,LRP303,Rangpur 21 km
N5,1004836,link,link 3246,25.5579444,89.2790549,1000.0,A,LRP304,Tetulia 208 km
N5,1004837,bridge,bridge 1485,25.5601944,89.2780271,5.4,A,LRP304a,.
N5,1004838,link,link 3247,25.56625,89.2753882,729.0,A,LRP305,Rangpur 19 km
N5,1004839,link,link 3248,25.5751382,89.2744993,990.0,A,LRP306,Rangpur 18 km
N5,1004840,bridge,bridge 1486,25.5802771,89.2733327,4.8,A,LRP306a,.
N5,1004841,link,link 3249,25.5820549,89.2731104,210.0,A,LRP306b,Box Culvert
N5,1004842,link,link 3250,25.5839997,89.2727216,225.0,A,LRP307,Dinajpur 99 km
N5,1004843,link,link 3251,25.5929163,89.2709438,1000.0,A,LRP308,Km post missing
N5,1004844,link,link 3252,25.6017778,89.2691938,1000.0,A,LRP309,Rangpur 15 km
N5,1004845,link,link 3253,25.6041111,89.268916,264.0,A,LRP309a,Box Culvert
N5,1004846,link,link 3254,25.6108056,89.2690271,736.0,A,LRP310,Panchagarh 162 km
N5,1004847,bridge,bridge 1487,25.6191382,89.2691382,5.45,A,LRP310a,.
N5,1004848,link,link 3255,25.6198049,89.269166,68.0,A,LRP311,Saidpur 55 km
N5,1004849,bridge,bridge 1488,25.6249438,89.2691938,5.4,A,LRP311a,.
N5,1004850,link,link 3256,25.6288049,89.2692493,440.0,A,LRP312,Thakurgaon 124 km
N5,1004851,bridge,bridge 1489,25.6328049,89.2695549,6.0,A,LRP312a,.
N5,1004852,link,link 3257,25.6379719,89.2703049,550.0,A,LRP313,Km post missing
N5,1004853,bridge,bridge 1490,25.6411941,89.2707493,2.8,A,LRP313a,.
N5,1004854,link,link 3258,25.6467219,89.271916,600.0,A,LRP314,Lalmonirhat 56 km
N5,1004855,bridge,bridge 1491,25.6472497,89.2720549,6.0,A,LRP314a,.
N5,1004856,link,link 3259,25.6556389,89.2728882,933.0,A,LRP315,Rangpur 9 km
N5,1004857,bridge,bridge 1492,25.66425,89.2731938,3.8,A,LRP315a,.
N5,1004858,link,link 3260,25.6645278,89.2732216,31.0,A,LRP315b,End of Bridge
N5,1004859,link,link 3261,25.6647778,89.273166,29.0,A,LRP316,Tentulia 116 km
N5,1004860,bridge,bridge 1493,25.6712216,89.2737216,5.4,A,LRP316a,.
N5,1004861,link,link 3262,25.6736938,89.2739716,278.0,A,LRP317,Rangpur 7 km
N5,1004862,bridge,bridge 1494,25.6791938,89.2737771,31.8,A,LRP317a,.
N5,1004863,link,link 3263,25.6797216,89.2735827,164.0,A,LRP317b,End of Bridge
N5,1004864,link,link 3264,25.6823327,89.2723327,214.0,A,LRP318,Kurigram 56 km
N5,1004865,link,link 3265,25.6908886,89.2687771,1000.0,A,LRP319,Rangpur 5 km
N5,1004866,link,link 3266,25.6992219,89.2653056,980.0,A,LRP320,Nilphamari 66 km
N5,1004867,link,link 3267,25.7073611,89.2619167,964.0,A,LRP320a,Start of Bridge
N5,1004868,link,link 3268,25.7075833,89.2618611,27.0,A,LRP320b,End of Bridge
N5,1004869,link,link 3269,25.7076944,89.2617778,9.0,A,LRP321,Saidpur 47 km
N5,1004870,link,link 3270,25.7095,89.2609444,230.0,A,LRP321a,N 517
N5,1004871,link,link 3271,25.7098889,89.2605556,57.0,A,LRP321b,"Sahid Smriti Stombho Arjan,Rangpur / Dual Carriageway start"
N5,1004872,link,link 3272,25.7103611,89.2585556,222.0,A,LRP321d,Box Culvert
N5,1004873,link,link 3273,25.7121944,89.2535833,491.0,A,LRP322,Km post missing
N5,1004874,link,link 3274,25.7148889,89.2477219,690.0,A,LRP323,Saidpur 49 km
N5,1004875,link,link 3275,25.7151667,89.2474163,38.0,A,LRP323a,Box Culvert
N5,1004876,link,link 3276,25.7180827,89.2451663,404.0,A,LRP323b,Box Culvert
N5,1004877,link,link 3277,25.722166,89.2425274,539.0,A,LRP323c,Rail road crossing
N5,1004878,link,link 3278,25.7225827,89.242333,19.0,A,LRP324,Km post missing
N5,1004879,link,link 3279,25.7250271,89.2411108,330.0,A,LRP324a,Box culvert
N5,1004880,link,link 3280,25.7307216,89.2384441,670.0,A,LRP325,Km post missing
N5,1004881,bridge,bridge 1495,25.7359441,89.2359719,2.0,A,LRP325a,.
N5,1004882,link,link 3281,25.7389441,89.2346386,337.0,A,LRP326,Km post missing
N5,1004883,bridge,bridge 1496,25.7423608,89.2330827,3.6,A,LRP326a,.
N5,1004884,link,link 3282,25.7459997,89.2313604,419.0,A,LRP326b,Slab Culvert
N5,1004885,link,link 3283,25.7472497,89.230916,136.0,A,LRP327,Km post missing
N5,1004886,bridge,bridge 1497,25.7515,89.2312216,3.6,A,LRP327a,.
N5,1004887,link,link 3284,25.7562222,89.2313882,495.0,A,LRP328,Km post missing
N5,1004888,link,link 3285,25.76025,89.2313882,472.0,A,LRP328a,Box culvert
N5,1004889,bridge,bridge 1498,25.7604167,89.2313882,2.0,A,LRP328b,.
N5,1004890,bridge,bridge 1499,25.7648333,89.2313327,2.0,A,LRP328c,.
N5,1004891,link,link 3286,25.7663333,89.2304716,184.0,A,LRP328d,Dual Carriageway end
N5,1004892,link,link 3287,25.7684438,89.2294438,256.0,A,LRP329,Saidpur 36 km
N5,1004893,link,link 3288,25.7759438,89.223166,1080.0,A,LRP330,Saidpur 35 km
N5,1004894,bridge,bridge 1500,25.7813049,89.2175827,6.8,A,LRP330a,.
N5,1004895,link,link 3289,25.7813049,89.2171938,11.0,A,LRP330b,Box culvert
N5,1004896,link,link 3290,25.7818049,89.2167493,70.0,A,LRP331,Saidpur 34 km
N5,1004897,link,link 3291,25.7878052,89.2094167,1000.0,A,LRP332,Saidpur 33 km
N5,1004898,bridge,bridge 1501,25.7913052,89.2040833,10.8,A,LRP332a,.
N5,1004899,link,link 3292,25.7913608,89.2039444,14.0,A,LRP332b,Box Culvert (3 Vent)
N5,1004900,link,link 3293,25.7931386,89.2013333,323.0,A,LRP333,Dinajpur 75 km
N5,1004901,link,link 3294,25.7983052,89.1931941,995.0,A,LRP334,Saidpur 31 km
N5,1004902,bridge,bridge 1502,25.8006389,89.1895274,14.45,A,LRP334a,.
N5,1004903,link,link 3295,25.8014167,89.1873052,211.0,A,LRP334b,Box Culvert
N5,1004904,link,link 3296,25.8016111,89.1851941,215.0,A,LRP334c,Start of Bridge
N5,1004905,link,link 3297,25.8016944,89.184583,65.0,A,LRP334d,End of Bridge
N5,1004906,link,link 3298,25.80175,89.1841941,34.0,A,LRP335,Saidpur 30 km
N5,1004907,link,link 3299,25.8042222,89.1763049,852.0,A,LRP336,Panchagarh 135 km
N5,1004908,bridge,bridge 1503,25.8057222,89.1696382,7.4,A,LRP336a,.
N5,1004909,link,link 3300,25.8066667,89.1651111,460.0,A,LRP337,Dinajpur 71 km
N5,1004910,link,link 3301,25.8077778,89.1601944,511.0,A,LRP337a,Box Culvert
N5,1004911,link,link 3302,25.80875,89.1553889,489.0,A,LRP338,Saidpur 27 km
N5,1004912,bridge,bridge 1504,25.8111944,89.1470552,4.5,A,LRP338a,.
N5,1004913,link,link 3303,25.8115,89.1458886,110.0,A,LRP339,Km post broken
N5,1004914,bridge,bridge 1505,25.8116389,89.1361108,6.6,A,LRP339a,.
N5,1004915,link,link 3304,25.8116389,89.1359997,20.0,A,LRP340,Saidpur 25 km
N5,1004916,link,link 3305,25.8116389,89.1267216,910.0,A,LRP340a,Box Culvert
N5,1004917,link,link 3306,25.8116111,89.1259993,80.0,A,LRP341,Dinajpur 67 km
N5,1004918,bridge,bridge 1506,25.8116111,89.1225271,3.6,A,LRP341a,.
N5,1004919,link,link 3307,25.8116111,89.1224438,12.0,A,LRP341b,Box Culvert
N5,1004920,link,link 3308,25.8116389,89.1160556,646.0,A,LRP342,Saidpur 23 km
N5,1004921,bridge,bridge 1507,25.8116389,89.1111667,6.6,A,LRP342a,.
N5,1004922,link,link 3309,25.8116389,89.1106389,55.0,A,LRP342b,End of Bridge
N5,1004923,link,link 3310,25.8116111,89.1075556,311.0,A,LRP342c,Start of Bridge
N5,1004924,link,link 3311,25.8116111,89.1073056,28.0,A,LRP342d,End of Bridge
N5,1004925,link,link 3312,25.8116111,89.1060556,122.0,A,LRP343,Saidpur 22 km
N5,1004926,bridge,bridge 1508,25.8116389,89.097333,10.35,A,LRP343a,.
N5,1004927,link,link 3313,25.8115556,89.0961108,124.0,A,LRP344,Saidpur 21 km
N5,1004928,bridge,bridge 1509,25.8115556,89.0943608,51.61,A,LRP344a,.
N5,1004929,link,link 3314,25.8115278,89.0861108,838.0,A,LRP345,Dinajpur 33 km
N5,1004930,bridge,bridge 1510,25.8115278,89.0831382,6.6,A,LRP345a,.
N5,1004931,link,link 3315,25.8115278,89.0761382,704.0,A,LRP346,Saidpur 19 km
N5,1004932,link,link 3316,25.8114722,89.0661667,1000.0,A,LRP347,Saidpur 18 km
N5,1004933,link,link 3317,25.8113889,89.0561944,1000.0,A,LRP348,Saidpur 17 km
N5,1004934,link,link 3318,25.8113611,89.0468052,945.0,A,LRP348a,Start of Bridge
N5,1004935,link,link 3319,25.8113333,89.0454719,132.0,A,LRP348b,End of Bridge
N5,1004936,link,link 3320,25.8113333,89.0451386,33.0,A,LRP349,Saidpur 14 km
N5,1004937,link,link 3321,25.8112778,89.0362497,890.0,A,LRP350,Saidpur 15 km
N5,1004938,link,link 3322,25.8112222,89.0262771,1000.0,A,LRP351,Saidpur 14 km
N5,1004939,link,link 3323,25.8112222,89.0244993,167.0,A,LRP351a,Box Culvert
N5,1004940,link,link 3324,25.8111944,89.0157222,833.0,A,LRP352,Km post missing
N5,1004941,link,link 3325,25.8111667,89.0139167,232.0,A,LRP352a,Start of Bridge
N5,1004942,link,link 3326,25.8111667,89.0131944,39.0,A,LRP352b,End of Bridge
N5,1004943,link,link 3327,25.8111389,89.0060833,729.0,A,LRP353,Km post missing
N5,1004944,link,link 3328,25.8111111,89.0061111,8.0,A,LRP353a,Z 5015
N5,1004945,link,link 3329,25.8110556,88.9963608,992.0,A,LRP354,Saidpur 11 km
N5,1004946,bridge,bridge 1511,25.8110278,88.9894163,70.78,A,LRP354a,.
N5,1004947,link,link 3330,25.8110278,88.9891663,20.0,A,LRP354b,End of bridge
N5,1004948,link,link 3331,25.8109722,88.986333,286.0,A,LRP355,Saidpur 10 km
N5,1004949,link,link 3332,25.8086944,88.9768327,1000.0,A,LRP356,Saidpur 09 km
N5,1004950,link,link 3333,25.8038889,88.9683882,1010.0,A,LRP357,Dinajpur 51 km
N5,1004951,link,link 3334,25.80225,88.9654444,355.0,A,LRP357a,Start of Bridge
N5,1004952,link,link 3335,25.8022222,88.9653611,10.0,A,LRP357b,End of Bridge
N5,1004953,link,link 3336,25.8013611,88.9640556,149.0,A,LRP357c,Start of Bridge
N5,1004954,link,link 3337,25.8012778,88.9638889,14.0,A,LRP357d,End of Bridge
N5,1004955,link,link 3338,25.7989719,88.9600278,472.0,A,LRP358,Saidpur 07 km
N5,1004956,link,link 3339,25.7964163,88.95575,508.0,A,LRP358a,Start of Bridge
N5,1004957,link,link 3340,25.7961941,88.9553333,50.0,A,LRP358b,End of Bridge
N5,1004958,link,link 3341,25.7961941,88.95525,2.0,A,LRP358c,Start RHD Nilphamari / Start RHD Nilphamari
N5,1004959,link,link 3342,25.7941386,88.9518056,423.0,A,LRP358d,Box Culvert
N5,1004960,link,link 3343,25.7940552,88.9516667,17.0,A,LRP359,Saidpur 6 km
N5,1004961,bridge,bridge 1512,25.7904997,88.9456663,10.3,A,LRP359a,.
N5,1004962,bridge,bridge 1513,25.7896941,88.9442497,18.4,C,LRP359b,.
N5,1004963,link,link 3344,25.7891386,88.9433052,107.0,A,LRP360,Saidpur 5 km
N5,1004964,bridge,bridge 1514,25.785583,88.9370274,49.4,C,LRP360a,Chikly Bridge.
N5,1004965,link,link 3345,25.7846108,88.9346386,256.0,A,LRP361,Dinajpur 47 km
N5,1004966,bridge,bridge 1515,25.7828882,88.9280549,9.8,B,LRP361a,.
N5,1004967,bridge,bridge 1516,25.7828604,88.9279993,5.1,A,LRP361b,.
N5,1004968,link,link 3346,25.7823049,88.9250549,296.0,A,LRP362,Saidpur 03 km
N5,1004969,bridge,bridge 1517,25.7811104,88.9194716,7.0,B,LRP362a,.
N5,1004970,link,link 3347,25.7808049,88.9161111,352.0,A,LRP362b,Left N 518
N5,1004971,link,link 3348,25.7818049,88.9153611,130.0,A,LRP363,Dinajpur 45 km
N5,1004972,bridge,bridge 1518,25.7868052,88.9119444,10.4,C,LRP363a,.
N5,1004973,link,link 3349,25.7891663,88.9109722,242.0,A,LRP364,Dinajpur 44 km
N5,1004974,link,link 3350,25.7969719,88.9053889,1000.0,A,LRP365,Thakurgaon 73 km
N5,1004975,link,link 3351,25.8031389,88.9003056,867.0,A,LRP365a,Box Culvert
N5,1004976,link,link 3352,25.8039444,88.899333,143.0,A,LRP366,Dinajpur 42 km
N5,1004977,link,link 3353,25.8061111,88.8966386,360.0,A,LRP366a,Box Culvert
N5,1004978,link,link 3354,25.807,88.895083,195.0,A,LRP366b,Start of Bridge
N5,1004979,link,link 3355,25.807,88.8949719,11.0,A,LRP366c,End of Bridge
N5,1004980,link,link 3356,25.8070556,88.8910552,394.0,A,LRP367,Dinajpur 41 km
N5,1004981,bridge,bridge 1519,25.8063889,88.8862497,3.33,A,LRP367a,.
N5,1004982,link,link 3357,25.8057222,88.8828604,342.0,A,LRP367b,Rail road crossing
N5,1004983,link,link 3358,25.804,88.8813604,285.0,A,LRP368,Panchagarh 104 km
N5,1004984,bridge,bridge 1520,25.8029167,88.8811104,2.7,A,LRP368a,.
N5,1004985,link,link 3359,25.7957497,88.8794438,838.0,A,LRP369,Dinajpur 39 km
N5,1004986,link,link 3360,25.786583,88.8790549,1030.0,A,LRP370,Panchagar 102 km
N5,1004987,bridge,bridge 1521,25.7828327,88.879166,7.1,A,LRP370a,.
N5,1004988,link,link 3361,25.7744438,88.8773327,968.0,A,LRP370b,Start of Bridge
N5,1004989,link,link 3362,25.7739993,88.8769716,66.0,A,LRP370c,End of Bridge
N5,1004990,link,link 3363,25.773916,88.8768882,16.0,A,LRP371,Banglabandha 153 km
N5,1004991,link,link 3364,25.7733882,88.8762771,88.0,A,LRP371a,Left N 518 to Saidpur
N5,1004992,link,link 3365,25.7729993,88.8754993,67.0,A,LRP371b,End RHD Nilphamari / End RHD Nilphamari
N5,1004993,link,link 3366,25.7716104,88.8696104,645.0,A,LRP371c,Box Culvert
N5,1004994,link,link 3367,25.7712493,88.867166,200.0,A,LRP372,Km post missing
N5,1004995,bridge,bridge 1522,25.7698604,88.8571389,10.75,A,LRP372a,.
N5,1004996,link,link 3368,25.7697771,88.8563889,70.0,A,LRP373,Dinajpur 33 km
N5,1004997,bridge,bridge 1523,25.7689716,88.8499441,59.13,A,LRP373a,.
N5,1004998,link,link 3369,25.7688882,88.8496663,101.0,A,LRP373b,Start of bridge
N5,1004999,link,link 3370,25.7687771,88.8487497,17.0,A,LRP373c,End of Bridge
N5,1005000,link,link 3371,25.7683882,88.8466386,212.0,A,LRP373d,Box Culvert
N5,1005001,link,link 3372,25.7683604,88.8465552,10.0,A,LRP374,Km post missing
N5,1005002,bridge,bridge 1524,25.7677771,88.8438052,3.5,A,LRP374a,.
N5,1005003,link,link 3373,25.7665556,88.8368886,690.0,A,LRP375,Thakurgaon 60 km
N5,1005004,link,link 3374,25.7665556,88.8332771,364.0,A,LRP375a,Start of Bridge
N5,1005005,link,link 3375,25.7666111,88.8327493,55.0,A,LRP375b,End of Bridge
N5,1005006,link,link 3376,25.7672771,88.8266938,581.0,A,LRP376,Km post missing
N5,1005007,bridge,bridge 1525,25.7671938,88.825666,12.25,A,LRP376a,.
N5,1005008,bridge,bridge 1526,25.7678882,88.8205827,12.25,A,LRP376b,.
N5,1005009,link,link 3377,25.7684438,88.8170549,360.0,A,LRP377,Km post missing
N5,1005010,bridge,bridge 1527,25.7692216,88.8112222,1.65,C,LRP377a,.
N5,1005011,link,link 3378,25.7692216,88.8110556,18.0,A,LRP377b,End of Bridge
N5,1005012,link,link 3379,25.7698604,88.8070556,382.0,A,LRP378,Km post missing
N5,1005013,bridge,bridge 1528,25.7707216,88.8031111,53.65,C,LRP378a,Gaudangi Bridge
N5,1005014,link,link 3380,25.7714993,88.80075,245.0,A,LRP378b,Box Culvert
N5,1005015,link,link 3381,25.7719716,88.7995274,131.0,A,LRP378c,Masonry Culvert
N5,1005016,link,link 3382,25.772416,88.7979441,184.0,A,LRP379,Thakurgaon 58 km
N5,1005017,bridge,bridge 1529,25.7735271,88.7938052,1.7,C,LRP379a,.
N5,1005018,bridge,bridge 1530,25.7736382,88.7932497,3.5,A,LRP379b,.
N5,1005019,link,link 3383,25.7737771,88.7911108,227.0,A,LRP379c,Box Culvert
N5,1005020,link,link 3384,25.7740271,88.7879441,278.0,A,LRP380,Km post missing
N5,1005021,bridge,bridge 1531,25.7743882,88.7844441,19.52,A,LRP380a,.
N5,1005022,link,link 3385,25.773916,88.7782493,630.0,A,LRP381,Dinajpur 28 km
N5,1005023,bridge,bridge 1532,25.773166,88.773416,6.5,A,LRP381a,.
N5,1005024,bridge,bridge 1533,25.7730271,88.769916,3.05,A,LRP381b,.
N5,1005025,bridge,bridge 1534,25.7730549,88.7698327,5.1,A,LRP381c,.
N5,1005026,link,link 3386,25.7733604,88.7682216,136.0,A,LRP382,Km post missing
N5,1005027,bridge,bridge 1535,25.7737216,88.7653889,55.1,D,LRP382a,Ichamoti Bridge
N5,1005028,link,link 3387,25.7737216,88.7652222,21.0,A,LRP382b,End of bridge
N5,1005029,bridge,bridge 1536,25.774166,88.7622778,6.7,A,LRP382c,.
N5,1005030,link,link 3388,25.7742771,88.7615,22.0,A,LRP382d,Pipe Culvert
N5,1005031,link,link 3389,25.7739993,88.7587778,310.0,A,LRP383,New km post
N5,1005032,bridge,bridge 1537,25.7736938,88.7570278,3.65,A,LRP383a,.
N5,1005033,link,link 3390,25.7734438,88.7523611,453.0,A,LRP383b,Box Culvert
N5,1005034,link,link 3391,25.7733604,88.7491663,336.0,A,LRP383c,Box Culvert
N5,1005035,link,link 3392,25.7734993,88.7483608,74.0,A,LRP384,Dinajpur 24 km
N5,1005036,bridge,bridge 1538,25.7724716,88.7402497,3.55,B,LRP384a,.
N5,1005037,bridge,bridge 1539,25.772791,88.73991635,9.9,A,LRP384b,.
N5,1005038,link,link 3393,25.7731104,88.739583,30.0,A,LRP385,Km post missing
N5,1005039,bridge,bridge 1540,25.7742771,88.7347219,13.08,A,LRP385a,.
N5,1005040,link,link 3394,25.7719438,88.7326938,342.0,A,LRP385b,Start of bridge
N5,1005041,link,link 3395,25.771416,88.7322216,48.0,A,LRP386,Km Within bridge
N5,1005042,bridge,bridge 1541,25.7701104,88.7312216,2.7,C,LRP386a,.
N5,1005043,link,link 3396,25.7641389,88.7282216,750.0,A,LRP387,Dinajpur 22 km
N5,1005044,bridge,bridge 1542,25.7583611,88.722916,54.39,A,LRP387a,.
N5,1005045,link,link 3397,25.7583056,88.7228604,12.0,A,LRP387b,End of bridge
N5,1005046,link,link 3398,25.75725,88.7209438,138.0,A,LRP388,Km post missing
N5,1005047,bridge,bridge 1543,25.7534444,88.7136667,3.5,A,LRP388a,.
N5,1005048,bridge,bridge 1544,25.7534167,88.7136667,246.85,C,LRP388b,Atrai Bridge.
N5,1005049,link,link 3399,25.7531667,88.7128333,70.0,A,LRP389,Thakurgaon 48 km
N5,1005050,link,link 3400,25.7526944,88.7049167,822.0,A,LRP389a,Start of Bridge
N5,1005051,link,link 3401,25.75275,88.7041667,1.0,A,LRP389b,End of Bridge
N5,1005052,link,link 3402,25.7528889,88.7030278,177.0,A,LRP390,Km post missing
N5,1005053,link,link 3403,25.7536944,88.6931941,1000.0,A,LRP391,Dinajpur 18 km
N5,1005054,bridge,bridge 1545,25.7540833,88.6889997,10.1,A,LRP391a,.
N5,1005055,link,link 3404,25.7540833,88.6889441,12.0,A,LRP391b,End of Bridge
N5,1005056,link,link 3405,25.7550556,88.6830549,567.0,A,LRP392,Km post missing
N5,1005057,bridge,bridge 1546,25.7554722,88.6803604,77.34,C,LRP392a,Gabura Bridge
N5,1005058,link,link 3406,25.7565,88.6738049,670.0,A,LRP392b,N 508 to Dinajpur
N5,1005059,link,link 3407,25.7570833,88.6737216,20.0,A,LRP393,Km post missing
N5,1005060,link,link 3408,25.7659444,88.6737216,1000.0,A,LRP394,Km post missing
N5,1005061,link,link 3409,25.7735549,88.6723604,950.0,A,LRP395,Thakurgaon 39 km
N5,1005062,bridge,bridge 1547,25.779166,88.6738604,6.72,A,LRP395a,.
N5,1005063,link,link 3410,25.7833049,88.6746938,350.0,A,LRP396,Km post missing
N5,1005064,link,link 3411,25.7874719,88.6762216,584.0,A,LRP396a,Start of Bridge
N5,1005065,link,link 3412,25.7877219,88.6763049,32.0,A,LRP396b,End of Bridge
N5,1005066,link,link 3413,25.7911663,88.6777216,414.0,A,LRP397,Panchagarh 75 km
N5,1005067,link,link 3414,25.7977774,88.6775549,770.0,A,LRP397a,Box Culvert
N5,1005068,link,link 3415,25.8001111,88.6770827,230.0,A,LRP398,Km post missing
N5,1005069,link,link 3416,25.8089444,88.6762216,1000.0,A,LRP399,Thakurgaon 35 km
N5,1005070,bridge,bridge 1548,25.8138056,88.6747493,25.43,A,LRP399a,.
N5,1005071,link,link 3417,25.8141389,88.6738882,93.0,A,LRP399b,End of bridge
N5,1005072,link,link 3418,25.8153889,88.6708882,286.0,A,LRP400,Km post missing
N5,1005073,bridge,bridge 1549,25.8155,88.6706104,6.5,A,LRP400a,.
N5,1005074,link,link 3419,25.8209716,88.6644444,930.0,A,LRP401,Panchagrah 7 km
N5,1005075,link,link 3420,25.8296382,88.6615833,1000.0,A,LRP402,Km post missing
N5,1005076,bridge,bridge 1550,25.8346386,88.6611111,93.21,B,LRP402a,Dipa Bridge
N5,1005077,link,link 3421,25.838333,88.6596944,49.0,A,LRP403,Thakurgaon 31 km
N5,1005078,link,link 3422,25.846333,88.6556111,1000.0,A,LRP404,Km post missing
N5,1005079,link,link 3423,25.8546944,88.6552222,940.0,A,LRP404a,Left Z 5007
N5,1005080,link,link 3424,25.8566111,88.6551111,150.0,A,LRP405,Km post broken
N5,1005081,bridge,bridge 1551,25.8607778,88.6548056,3.25,A,LRP405a,.
N5,1005082,link,link 3425,25.8623056,88.6543056,178.0,A,LRP405b,Right Z 5008
N5,1005083,link,link 3426,25.864,88.6513333,360.0,A,LRP406,Km post missing
N5,1005084,link,link 3427,25.8656667,88.6477774,410.0,A,LRP406a,Box Culvert
N5,1005085,link,link 3428,25.8659722,88.6466386,90.0,A,LRP406b,Turn off left
N5,1005086,link,link 3429,25.8685827,88.6445274,390.0,A,LRP407,Thakurgaon 27 km
N5,1005087,link,link 3430,25.875666,88.6386663,1000.0,A,LRP408,Km post missing
N5,1005088,link,link 3431,25.8820827,88.6317771,1020.0,A,LRP409,Panchagarh 62 km
N5,1005089,link,link 3432,25.888083,88.6238049,1000.0,A,LRP410,Km post missing
N5,1005090,link,link 3433,25.8940552,88.6167771,990.0,A,LRP411,Thakurgaon 23 km
N5,1005091,link,link 3434,25.896083,88.6144167,347.0,A,LRP411a,Masonry Culvert
N5,1005092,link,link 3435,25.8999719,88.6097222,653.0,A,LRP412,Km post missing
N5,1005093,link,link 3436,25.9043056,88.6012222,1020.0,A,LRP413,Km post Broken
N5,1005094,link,link 3437,25.9046667,88.5989163,235.0,A,LRP413a,Box Culvert
N5,1005095,link,link 3438,25.9065,88.5914719,765.0,A,LRP414,Km post missing
N5,1005096,bridge,bridge 1552,25.9076389,88.5877774,3.4,A,LRP414a,.
N5,1005097,link,link 3439,25.9081944,88.5828604,508.0,A,LRP414b,Box Culvert
N5,1005098,link,link 3440,25.9082222,88.5817493,107.0,A,LRP415,Thakurgaon 19 km
N5,1005099,link,link 3441,25.9083611,88.5797493,201.0,A,LRP415a,Start of Bridge
N5,1005100,link,link 3442,25.9083611,88.5796382,13.0,A,LRP415b,End of Bridge
N5,1005101,link,link 3443,25.9104167,88.5720549,786.0,A,LRP416,Km post missing
N5,1005102,bridge,bridge 1553,25.911,88.5649444,2.35,A,LRP416a,.
N5,1005103,link,link 3444,25.9109167,88.5645278,47.0,A,LRP416b,End of Bridge
N5,1005104,link,link 3445,25.9104167,88.5624444,199.0,A,LRP417,Km post missing
N5,1005105,link,link 3446,25.9151667,88.5565833,1000.0,A,LRP418,Km post missing
N5,1005106,bridge,bridge 1554,25.9202493,88.5558333,11.1,A,LRP418a,.
N5,1005107,link,link 3447,25.9239993,88.5544444,450.0,A,LRP419,Thakurgaon 15 km
N5,1005108,bridge,bridge 1555,25.9313882,88.5505556,41.08,A,LRP419a,Start of bridge
N5,1005109,link,link 3448,25.9314716,88.5505,10.0,A,LRP419b,End of bridge
N5,1005110,link,link 3449,25.9321382,88.5501389,68.0,A,LRP420,Km post missing
N5,1005111,link,link 3450,25.9399441,88.5454997,1000.0,A,LRP421,Panchagarh 50 km
N5,1005112,bridge,bridge 1556,25.9474441,88.5414997,2.32,A,LRP421a,.
N5,1005113,link,link 3451,25.9479163,88.541083,50.0,A,LRP422,Km post missing
N5,1005114,bridge,bridge 1557,25.95175,88.5371386,9.82,A,LRP422a,.
N5,1005115,link,link 3452,25.9546389,88.534833,390.0,A,LRP422b,Masonry Culvert
N5,1005116,link,link 3453,25.9547222,88.5346386,20.0,A,LRP423,Thakurgaon 11 km
N5,1005117,link,link 3454,25.9611389,88.5274993,1000.0,A,LRP424,Km post missing
N5,1005118,link,link 3455,25.9671938,88.5204438,1000.0,A,LRP425,Km post missing
N5,1005119,link,link 3456,25.974416,88.5145,1000.0,A,LRP426,Km post missing
N5,1005120,link,link 3457,25.9749993,88.5138611,130.0,A,LRP426a,Masonry Culvert
N5,1005121,link,link 3458,25.9786104,88.5098056,570.0,A,LRP426b,Box Culvert
N5,1005122,link,link 3459,25.980916,88.5075833,330.0,A,LRP427,Thakurgaon 7 km
N5,1005123,bridge,bridge 1558,25.9835274,88.5052778,6.55,A,LRP427a,.
N5,1005124,link,link 3460,25.9882774,88.50075,685.0,A,LRP428,Km post missing
N5,1005125,link,link 3461,25.995083,88.4951663,1080.0,A,LRP429,Panchagarh 42 km
N5,1005126,link,link 3462,26.0026111,88.4896663,1000.0,A,LRP430,Km post missing
N5,1005127,bridge,bridge 1559,26.0063889,88.4858052,4.45,A,LRP430a,.
N5,1005128,link,link 3463,26.0090556,88.4828049,405.0,A,LRP431,Thakurgaon 03 km
N5,1005129,link,link 3464,26.0136111,88.4777771,730.0,A,LRP431a,Box Culvert
N5,1005130,link,link 3465,26.0150833,88.4751938,270.0,A,LRP432,Km post missing
N5,1005131,link,link 3466,26.0196938,88.4689716,1000.0,A,LRP433,Km post missing
N5,1005132,bridge,bridge 1560,26.0197493,88.4689993,3.5,B,LRP433a,.
N5,1005133,link,link 3467,26.0199993,88.4692771,38.0,A,LRP433b,End of Bridge
N5,1005134,link,link 3468,26.0262216,88.4759716,952.0,A,LRP434,Km post missing
N5,1005135,bridge,bridge 1561,26.0280271,88.4777493,2.35,C,LRP434a,.
N5,1005136,link,link 3469,26.0285549,88.4784993,80.0,A,LRP434b,R-587 to Thakurgaon
N5,1005137,link,link 3470,26.0329716,88.4828049,630.0,A,LRP435,Km post missing
N5,1005138,link,link 3471,26.0387497,88.4906386,1000.0,A,LRP436,Km post missing
N5,1005139,link,link 3472,26.0397497,88.4919997,192.0,A,LRP436a,Box Culvert
N5,1005140,link,link 3473,26.0441941,88.4983052,808.0,A,LRP437,Panchagarh 38 km
N5,1005141,link,link 3474,26.0516667,88.5039167,1000.0,A,LRP438,Km post missing
N5,1005142,bridge,bridge 1562,26.0564167,88.5073333,1.87,A,LRP438a,.
N5,1005143,link,link 3475,26.05925,88.5088333,350.0,A,LRP439,Tetulia 73 km
N5,1005144,link,link 3476,26.068166,88.5113889,1000.0,A,LRP440,Km post missing
N5,1005145,bridge,bridge 1563,26.0760827,88.5136389,2.2,A,LRP440a,.
N5,1005146,link,link 3477,26.0768882,88.5138056,60.0,A,LRP441,Km post missing
N5,1005147,bridge,bridge 1564,26.0775271,88.5140278,2.35,A,LRP441a,.
N5,1005148,link,link 3478,26.0775549,88.5139722,17.0,A,LRP441b,End of Bridge
N5,1005149,link,link 3479,26.0852774,88.5170827,890.0,A,LRP442,Km post missing
N5,1005150,link,link 3480,26.0933608,88.521416,1020.0,A,LRP443,Tetulia 69 km
N5,1005151,bridge,bridge 1565,26.0977774,88.5237771,3.45,A,LRP443a,.
N5,1005152,link,link 3481,26.0991108,88.5244716,175.0,A,LRP443b,Box Culvert
N5,1005153,link,link 3482,26.1015556,88.5258049,275.0,A,LRP444,Km post missing
N5,1005154,bridge,bridge 1566,26.1053333,88.5278049,3.38,A,LRP444a,.
N5,1005155,link,link 3483,26.1097778,88.5295827,527.0,A,LRP445,Panchagarh 26 km
N5,1005156,link,link 3484,26.1110278,88.5299716,146.0,A,LRP445a,Box Culvert
N5,1005157,link,link 3485,26.1116389,88.5301382,68.0,A,LRP445b,Start of Bridge
N5,1005158,link,link 3486,26.1118889,88.5302216,30.0,A,LRP445c,End of Bridge
N5,1005159,link,link 3487,26.1186938,88.5322771,756.0,A,LRP446,Km post missing
N5,1005160,bridge,bridge 1567,26.122166,88.5332771,3.95,A,LRP446a,.
N5,1005161,bridge,bridge 1568,26.125916,88.5345552,2.68,B,LRP446b,.
N5,1005162,link,link 3488,26.1265827,88.5347497,64.0,A,LRP446c,End of Bridge
N5,1005163,link,link 3489,26.1282216,88.5351108,170.0,A,LRP447,Tetulia 65 km
N5,1005164,bridge,bridge 1569,26.1297771,88.5355552,4.5,A,LRP447a,.
N5,1005165,link,link 3490,26.1369719,88.5369997,800.0,A,LRP448,Km post missing
N5,1005166,bridge,bridge 1570,26.1441663,88.5371663,3.35,A,LRP448a,.
N5,1005167,link,link 3491,26.1449997,88.5373608,120.0,A,LRP449,Panchagarh 22 km
N5,1005168,link,link 3492,26.1540556,88.5393052,1000.0,A,LRP450,Km post missing
N5,1005169,bridge,bridge 1571,26.1542222,88.539333,3.38,A,LRP450a,.
N5,1005170,link,link 3493,26.1545833,88.5394163,40.0,A,LRP450b,End of Bridge
N5,1005171,link,link 3494,26.1554444,88.5396386,100.0,A,LRP450c,Pipe Culvert
N5,1005172,link,link 3495,26.1627222,88.5411941,848.0,A,LRP451,Tetulia 61 km
N5,1005173,bridge,bridge 1572,26.1672216,88.5424997,4.45,A,LRP451a,.
N5,1005174,link,link 3496,26.1673327,88.5425274,19.0,A,LRP451b,Start of Bridge
N5,1005175,link,link 3497,26.1676104,88.5431941,34.0,A,LRP451c,End of Bridge
N5,1005176,link,link 3498,26.1713327,88.5438886,436.0,A,LRP452,Km post missing
N5,1005177,link,link 3499,26.1713049,88.5439163,10.0,A,LRP452a,Box Culvert
N5,1005178,link,link 3500,26.1766104,88.5456941,610.0,A,LRP452b,Box Culvert
N5,1005179,link,link 3501,26.179666,88.5466663,353.0,A,LRP452c,Start RHD Panchagarh / Start RHD Panchagarh
N5,1005180,link,link 3502,26.1800549,88.546833,47.0,A,LRP453,Panchagarh 18 km
N5,1005181,bridge,bridge 1573,26.1881663,88.5495552,39.15,A,LRP453a,.
N5,1005182,link,link 3503,26.1886941,88.5497497,50.0,A,LRP454,Km post missing
N5,1005183,bridge,bridge 1574,26.1961663,88.5522222,5.8,A,LRP454a,.
N5,1005184,link,link 3504,26.1972219,88.5529444,119.0,A,LRP455,Km post missing
N5,1005185,bridge,bridge 1575,26.1973886,88.5534444,2.35,A,LRP455a,.
N5,1005186,link,link 3505,26.1974719,88.5536389,30.0,A,LRP455b,End of Bridge
N5,1005187,link,link 3506,26.1976108,88.5540833,30.0,A,LRP455c,Right Z 5003
N5,1005188,link,link 3507,26.2051667,88.5544722,875.0,A,LRP456,Km post missing
N5,1005189,bridge,bridge 1576,26.2055278,88.5544722,2.35,A,LRP456a,.
N5,1005190,link,link 3508,26.2086389,88.5545,370.0,A,LRP456b,Box Culvert
N5,1005191,link,link 3509,26.2141111,88.5551111,600.0,A,LRP457,Panchagarh 14 km
N5,1005192,bridge,bridge 1577,26.2204716,88.55575,3.95,A,LRP457a,.
N5,1005193,link,link 3510,26.2232493,88.5560556,264.0,A,LRP458,Km post missing
N5,1005194,bridge,bridge 1578,26.2297216,88.5573056,31.52,C,LRP458a,Box Culvert
N5,1005195,link,link 3511,26.2317771,88.5571944,230.0,A,LRP459,Tetulia 53 km
N5,1005196,bridge,bridge 1579,26.2366386,88.5577222,3.4,A,LRP459a,.
N5,1005197,bridge,bridge 1580,26.2402219,88.5585278,2.83,A,LRP459b,.
N5,1005198,link,link 3512,26.2406941,88.5586944,23.0,A,LRP460,Km post missing
N5,1005199,link,link 3513,26.2496663,88.5590556,1030.0,A,LRP461,Panchagarh 10 km
N5,1005200,link,link 3514,26.2586667,88.5574167,1000.0,A,LRP462,Km post missing
N5,1005201,link,link 3515,26.2674993,88.5571667,1000.0,A,LRP463,Tetulia 49 km
N5,1005202,link,link 3516,26.2678049,88.5572222,46.0,A,LRP463a,Box Culvert
N5,1005203,link,link 3517,26.2763604,88.5589722,954.0,A,LRP464,Km post missing
N5,1005204,link,link 3518,26.2788327,88.5595556,308.0,A,LRP464a,Start of Bridge
N5,1005205,link,link 3519,26.2789438,88.5596111,17.0,A,LRP464b,End of Bridge
N5,1005206,link,link 3520,26.2852219,88.5594167,695.0,A,LRP465,Panchagarh 6 km
N5,1005207,link,link 3521,26.288333,88.5591111,347.0,A,LRP465a,Slab Culvert
N5,1005208,link,link 3522,26.2942219,88.55825,653.0,A,LRP466,Km post missing
N5,1005209,bridge,bridge 1581,26.2941386,88.55825,4.87,A,LRP466a,.
N5,1005210,link,link 3523,26.3013611,88.5575,790.0,A,LRP466b,Box Culvert
N5,1005211,link,link 3524,26.3031111,88.5570278,220.0,A,LRP467,Tetulia 45 km
N5,1005212,link,link 3525,26.3119167,88.5545278,1000.0,A,LRP468,Km post missing
N5,1005213,bridge,bridge 1582,26.3193604,88.5536111,3.5,A,LRP468a,.
N5,1005214,link,link 3526,26.3208327,88.5535833,150.0,A,LRP469,Panchagarh 2 km
N5,1005215,bridge,bridge 1583,26.3210827,88.5535278,1.85,A,LRP469a,.
N5,1005216,link,link 3527,26.3212771,88.5535833,37.0,A,LRP469b,Right Z 5021
N5,1005217,link,link 3528,26.3265549,88.5499163,792.0,A,LRP469c,Box Culvert
N5,1005218,link,link 3529,26.3268049,88.549333,68.0,A,LRP469d,Left Z 5001
N5,1005219,link,link 3530,26.326916,88.5493052,5.0,A,LRP469e,Turn off Right
N5,1005220,link,link 3531,26.3268327,88.55,65.0,A,LRP470,Km post missing
N5,1005221,link,link 3532,26.3298049,88.5526389,383.0,A,LRP470a,Start of Bridge
N5,1005222,link,link 3533,26.3313604,88.5545833,265.0,A,LRP470b,End of Bridge
N5,1005223,link,link 3534,26.3316382,88.5548611,42.0,A,LRP470c,Shahid Minner
N5,1005224,link,link 3535,26.3341386,88.55475,310.0,A,LRP471,Km post missing
N5,1005225,link,link 3536,26.3409441,88.5562222,820.0,A,LRP472,Banglabandha 52 km
N5,1005226,bridge,bridge 1584,26.3419441,88.5565278,3.5,A,LRP472a,.
N5,1005227,link,link 3537,26.3453608,88.5574444,401.0,A,LRP472b,Box Culvert
N5,1005228,link,link 3538,26.3496108,88.5587778,489.0,A,LRP473,Tetulia 37 km
N5,1005229,link,link 3539,26.3583889,88.5609444,1000.0,A,LRP474,Tetulia 36 km
N5,1005230,link,link 3540,26.3673327,88.5628611,1000.0,A,LRP475,Banglabandha 49 km
N5,1005231,bridge,bridge 1585,26.3748049,88.5632222,1.95,A,LRP475a,.
N5,1005232,link,link 3541,26.3762493,88.5631667,176.0,A,LRP476,Bhojanpur 19 km
N5,1005233,link,link 3542,26.3793327,88.5629722,366.0,A,LRP476a,Box Culvert
N5,1005234,link,link 3543,26.3853052,88.5629167,654.0,A,LRP477,Jogdal 3 km
N5,1005235,link,link 3544,26.3864441,88.563,116.0,A,LRP477a,Box Culvert
N5,1005236,link,link 3545,26.3941108,88.5620556,894.0,A,LRP478,Banglabandha 46 km
N5,1005237,link,link 3546,26.4030278,88.5599722,1000.0,A,LRP479,Tetulia 31 km
N5,1005238,link,link 3547,26.4124444,88.5589167,1110.0,A,LRP480,Tetulia 30 km
N5,1005239,bridge,bridge 1586,26.4135833,88.5594444,3.5,A,LRP480a,.
N5,1005240,link,link 3548,26.4200549,88.5623889,772.0,A,LRP481,Banglabandha 43 km
N5,1005241,link,link 3549,26.4249438,88.5647778,608.0,A,LRP481a,Box Culvert
N5,1005242,link,link 3550,26.4286938,88.5650833,402.0,A,LRP482,Tetulia 28 km
N5,1005243,bridge,bridge 1587,26.4288049,88.5650833,3.45,A,LRP482a,.
N5,1005244,link,link 3551,26.4376108,88.5655278,965.0,A,LRP483,Tetulia 27 km
N5,1005245,bridge,bridge 1588,26.4384719,88.5654444,3.53,A,LRP483a,.
N5,1005246,link,link 3552,26.4447774,88.5656389,689.0,A,LRP483b,Box Culvert
N5,1005247,link,link 3553,26.4466108,88.56575,215.0,A,LRP484,Banglabandha 40 km
N5,1005248,link,link 3554,26.4526111,88.5612222,1010.0,A,LRP485,Bhojanpur 10 km
N5,1005249,bridge,bridge 1589,26.4526944,88.5603611,6.85,A,LRP485a,.
N5,1005250,link,link 3555,26.4527778,88.5598611,50.0,A,LRP485b,End of Bridge
N5,1005251,link,link 3556,26.4584167,88.5555833,866.0,A,LRP486,Infor.missing
N5,1005252,link,link 3557,26.4641389,88.5477774,1000.0,A,LRP487,Banglabandha  37 km
N5,1005253,link,link 3558,26.4692771,88.5406386,932.0,A,LRP487a,Box Culvert
N5,1005254,link,link 3559,26.4695271,88.5402497,38.0,A,LRP488,Banglabandha 36 km
N5,1005255,bridge,bridge 1590,26.4749438,88.532666,48.71,B,LRP488a,Chawai Bridge
N5,1005256,link,link 3560,26.4754716,88.5319438,92.0,A,LRP489,Tetulia 21 km
N5,1005257,link,link 3561,26.4804716,88.5241938,960.0,A,LRP489a,Box Culvert (2 Vent)
N5,1005258,link,link 3562,26.4803882,88.5241382,10.0,A,LRP489b,Box Culvert (2 Vent)
N5,1005259,link,link 3563,26.4803327,88.5238604,30.0,A,LRP490,Bhajanpur 5 km
N5,1005260,link,link 3564,26.4798049,88.519416,447.0,A,LRP490a,Box culvert
N5,1005261,link,link 3565,26.4792771,88.5155556,391.0,A,LRP490b,Box Culvert
N5,1005262,link,link 3566,26.4790271,88.5141667,142.0,A,LRP491,Banglabandha 33 km
N5,1005263,bridge,bridge 1591,26.4773604,88.5071389,6.8,A,LRP491a,.
N5,1005264,link,link 3567,26.4766938,88.5044722,290.0,A,LRP492,Tetulia 18 km
N5,1005265,bridge,bridge 1592,26.4765271,88.5035833,3.5,A,LRP492a,.
N5,1005266,link,link 3568,26.4762216,88.5026389,140.0,A,LRP492b,Box Culvert
N5,1005267,link,link 3569,26.4736382,88.4964719,674.0,A,LRP492c,Box Culvert
N5,1005268,link,link 3570,26.4728604,88.4956386,130.0,A,LRP493,Banglabandha 31 km
N5,1005269,bridge,bridge 1593,26.4702216,88.4912774,3.4,A,LRP493a,.
N5,1005270,link,link 3571,26.4682493,88.4888886,315.0,A,LRP494,Banglabandha 30 km
N5,1005271,bridge,bridge 1594,26.4683604,88.4864163,3.5,A,LRP494a,.
N5,1005272,bridge,bridge 1595,26.4693604,88.485583,3.05,A,LRP494b,.
N5,1005273,link,link 3572,26.4706382,88.4786382,715.0,A,LRP495,Tetulia 15 km
N5,1005274,bridge,bridge 1596,26.470916,88.4728327,3.47,A,LRP495a,.
N5,1005275,link,link 3573,26.4711938,88.4684438,422.0,A,LRP496,Tetulia 14 km
N5,1005276,bridge,bridge 1597,26.4718327,88.4594167,3.44,A,LRP496a,.
N5,1005277,link,link 3574,26.4718882,88.4591111,38.0,A,LRP496b,End of Bridge
N5,1005278,link,link 3575,26.4719716,88.4585278,44.0,A,LRP497,Shipaipara 22 km
N5,1005279,bridge,bridge 1598,26.4750827,88.4498052,134.7,B,LRP497a,Bhajanpur Bridge
N5,1005280,link,link 3576,26.4752771,88.4494441,58.0,A,LRP498,Ronchondi 14 km
N5,1005281,bridge,bridge 1599,26.4763882,88.4433886,3.5,A,LRP498a,.
N5,1005282,link,link 3577,26.4763604,88.4397774,362.0,A,LRP499,Banglabandha 25 km
N5,1005283,bridge,bridge 1600,26.4787771,88.435583,31.3,A,LRP499a,.
N5,1005284,link,link 3578,26.4791938,88.4351386,120.0,A,LRP499b,End of bridge
N5,1005285,link,link 3579,26.4808049,88.4310271,382.0,A,LRP500,Tetulia 10 km
N5,1005286,link,link 3580,26.4832771,88.421916,980.0,A,LRP501,Tirroyhat 15 km
N5,1005287,bridge,bridge 1601,26.4837497,88.4187493,1.7,A,LRP501a,.
N5,1005288,link,link 3581,26.4851386,88.4120278,680.0,A,LRP502,Banglabandha 22 km
N5,1005289,bridge,bridge 1602,26.4864163,88.4086389,65.46,B,LRP502a,Box Culvert
N5,1005290,link,link 3582,26.4873886,88.4024167,627.0,A,LRP503,Tetulia 7 km
N5,1005291,link,link 3583,26.4876108,88.4015278,100.0,A,LRP503a,Box Culvert
N5,1005292,link,link 3584,26.4884997,88.3924997,900.0,A,LRP504,Banglabandha 20 km
N5,1005293,bridge,bridge 1603,26.488583,88.3916386,3.0,A,LRP504a,.
N5,1005294,link,link 3585,26.4885552,88.3825271,901.0,A,LRP505,Tetulia 5 km
N5,1005295,bridge,bridge 1604,26.488833,88.3786104,4.45,C,LRP505a,.
N5,1005296,bridge,bridge 1605,26.4888886,88.3772493,3.53,A,LRP505b,.
N5,1005297,link,link 3586,26.489333,88.3743882,290.0,A,LRP505c,Box Culvert
N5,1005298,link,link 3587,26.4906108,88.3694716,513.0,A,LRP505d,Box Culvert
N5,1005299,link,link 3588,26.4907497,88.368916,57.0,A,LRP505e,Start of bridge
N5,1005300,link,link 3589,26.4909997,88.3678604,116.0,A,LRP505f,End of Bridge
N5,1005301,link,link 3590,26.493083,88.3637222,494.0,A,LRP506,Banglabandha 17 km
N5,1005302,bridge,bridge 1606,26.4936386,88.3634722,6.7,A,LRP506a,.
N5,1005303,link,link 3591,26.4951941,88.3628611,180.0,A,LRP506b,Box Culvert
N5,1005304,link,link 3592,26.4984719,88.3615556,390.0,A,LRP506c,Box Culvert
N5,1005305,link,link 3593,26.5010833,88.3605833,290.0,A,LRP506d,Start of bridge
N5,1005306,link,link 3594,26.5011667,88.3605,20.0,A,LRP506e,End of Bridge
N5,1005307,link,link 3595,26.5015833,88.3603333,60.0,A,LRP507,Banglabandha 16 km
N5,1005308,bridge,bridge 1607,26.5056389,88.35875,4.62,A,LRP507a,.
N5,1005309,link,link 3596,26.5094444,88.3572778,440.0,A,LRP507b,Box Culvert
N5,1005310,link,link 3597,26.5096111,88.3571944,20.0,A,LRP507c,Box Culvert
N5,1005311,link,link 3598,26.5100833,88.357,60.0,A,LRP508,Banglabandha 15 km
N5,1005312,bridge,bridge 1608,26.513,88.3558889,3.4,A,LRP508a,.
N5,1005313,link,link 3599,26.5131111,88.3558056,10.0,A,LRP508b,Pipe Culvert
N5,1005314,link,link 3600,26.5156944,88.3550278,310.0,A,LRP508c,Side road left Z5080
N5,1005315,link,link 3601,26.5184438,88.3568333,400.0,A,LRP510,Ronchondi 2 km
N5,1005316,bridge,bridge 1609,26.5254993,88.3608889,24.9,A,LRP510a,.
N5,1005317,link,link 3602,26.5263604,88.3614167,120.0,A,LRP511,Triyarhat 5 km
N5,1005318,bridge,bridge 1610,26.5328049,88.3642778,25.0,A,LRP511a,.
N5,1005319,link,link 3603,26.5332216,88.3644167,47.0,A,LRP511b,End of Bridge
N5,1005320,link,link 3604,26.53467391680815,88.36271258421053,178.0,A,LRP512,Km post missing
N5,1005321,link,link 3605,26.54280915840408,88.36874484210526,1000.0,A,LRP513,Banglabandha 11 km
N5,1005322,link,link 3606,26.5509444,88.3747771,1000.0,A,LRP514,Banglabandha 10 km
N5,1005323,link,link 3607,26.5588056,88.3790549,1000.0,A,LRP515,Tirroyhat 1 km
N5,1005324,link,link 3608,26.5641944,88.3819438,678.0,A,LRP515a,Masonry Culvert
N5,1005325,link,link 3609,26.5669716,88.3834163,322.0,A,LRP516,Banglabandha 8 km
N5,1005326,bridge,bridge 1611,26.5681382,88.384083,3.67,A,LRP516a,.
N5,1005327,link,link 3610,26.5684993,88.3842774,44.0,A,LRP516b,End of Bridge
N5,1005328,link,link 3611,26.5750827,88.3878608,812.0,A,LRP517,Sttiporipara 2 km
N5,1005329,bridge,bridge 1612,26.582666,88.3920552,42.95,A,LRP517a,.
N5,1005330,link,link 3612,26.5832216,88.3922774,500.0,A,LRP518,Banglabandha 6 km
N5,1005331,link,link 3613,26.5896108,88.3957497,789.0,A,LRP518a,Box Culvert
N5,1005332,link,link 3614,26.591333,88.3966941,211.0,A,LRP519,Banglabandha  5 km
N5,1005333,link,link 3615,26.5994719,88.401,1000.0,A,LRP520,Banglabandha 4 km
N5,1005334,link,link 3616,26.6001667,88.4013889,63.0,A,LRP520a,Box Culvert
N5,1005335,link,link 3617,26.6076667,88.4054722,937.0,A,LRP521,Banglabandha 3 km
N5,1005336,bridge,bridge 1613,26.6146111,88.4090556,3.65,A,LRP521a,.
N5,1005337,link,link 3618,26.6159444,88.4094167,151.0,A,LRP522,Banglabandha  2 km
N5,1005338,link,link 3619,26.62465621818182,88.41211028585859,1000.0,A,LRP523,Banglabandha  1 km
N5,1005339,link,link 3620,26.6331938,88.41475,980.0,A,LRP524,Banglabandha 0 km
N5,1005340,sourcesink,sourcesink 28,26.6332216,88.4148333,20.0,A,LRPE,"End at N5 at Banglabandha Zero Point ,India Bangladesh Barder."
N502,1005341,sourcesink,sourcesink 29,24.821916,89.36275,0.0,A,LRPS,Road start from N 5 at Jahangirabad Bogra
N502,1005342,intersection,intersection 81,24.8218882,89.3626389,10.0,A,LRP001,Nababgonj 159 lm
N502,1005343,bridge,bridge 1614,24.8200271,89.35925,4.2,A,LRP001a,.
N502,1005344,intersection,intersection 82,24.8151667,89.3576111,550.0,A,LRP002,Rajshshi 113 km
N502,1005345,bridge,bridge 1615,24.8105,89.3565833,7.25,A,LRP002a,.
N502,1005346,link,link 3621,24.8063056,89.3561667,463.0,A,LRP003,Km post Broken
N502,1005347,bridge,bridge 1616,24.8016667,89.3554722,8.65,A,LRP003a,.
N502,1005348,link,link 3622,24.7974163,89.3545,468.0,A,LRP004,Natore 60 km
N502,1005349,link,link 3623,24.7928608,89.3534444,522.0,A,LRP004a,Box Culvert
N502,1005350,link,link 3624,24.7888052,89.3525833,468.0,A,LRP005,Nababgonj 155 km
N502,1005351,link,link 3625,24.7799993,89.3505278,1000.0,A,LRP006,LRP 005 R C C post
N502,1005352,link,link 3626,24.7717493,89.3486663,934.0,A,LRP006a,Brick Machinary Culvert
N502,1005353,link,link 3627,24.7709438,89.3484719,86.0,A,LRP007,Pabna 117 km
N502,1005354,link,link 3628,24.76225,89.3464441,1000.0,A,LRP008,Km post missing
N502,1005355,link,link 3629,24.7541111,89.344583,916.0,A,LRP008a,Brick Manory Culvert
N502,1005356,link,link 3630,24.7533333,89.344333,84.0,A,LRP009,Nawabganj 151 km
N502,1005357,link,link 3631,24.7461663,89.3383886,1000.0,A,LRP010,Km post missing
N502,1005358,link,link 3632,24.7448886,89.3371108,217.0,A,LRP010a,Brick Masonry Culvert
N502,1005359,link,link 3633,24.7394997,89.331916,783.0,A,LRP011,Pabna 113 km
N502,1005360,link,link 3634,24.7326382,89.3253049,1000.0,A,LRP012,Natore 52 km
N502,1005361,link,link 3635,24.7290827,89.3212771,600.0,A,LRP012a,Start of Bridge
N502,1005362,link,link 3636,24.7289438,89.3211104,20.0,A,LRP012b,End of Bridge
N502,1005363,link,link 3637,24.7263882,89.3182493,380.0,A,LRP013,Info missing
N502,1005364,link,link 3638,24.7183327,89.3145833,1000.0,A,LRP014,Km post missing
N502,1005365,bridge,bridge 1617,24.7146667,89.3143611,4.0,C,LRP014a,.
N502,1005366,link,link 3639,24.7095278,89.3130833,598.0,A,LRP015,Pabna 109 km
N502,1005367,bridge,bridge 1618,24.7066944,89.3106944,5.85,C,LRP015a,.
N502,1005368,link,link 3640,24.7024722,89.3068889,588.0,A,LRP016,Natore 48 km
N502,1005369,link,link 3641,24.7023333,89.3067222,22.0,A,LRP016a,Brick Masonry Culvert
N502,1005370,link,link 3642,24.695485833802817,89.3005649919517,988.0,A,LRP017,Nababgonj 143 km
N502,1005371,link,link 3643,24.6885552,89.294333,1000.0,A,LRP018,Rajshahi 97 km
N502,1005372,link,link 3644,24.6816382,89.288083,1000.0,A,LRP019,Pabna 105 km
N502,1005373,link,link 3645,24.6747493,89.281666,1000.0,A,LRP020,Natore 44 km
N502,1005374,link,link 3646,24.668666,89.2756382,906.0,A,LRP020a,side road right  Z 5207
N502,1005375,link,link 3647,24.6681104,89.2750549,94.0,A,LRP021,Nababgonj 139 km
N502,1005376,link,link 3648,24.6614167,89.2683604,990.0,A,LRP022,Info missing
N502,1005377,link,link 3649,24.6546111,89.2618611,1000.0,A,LRP023,Pabna 101 km
N502,1005378,link,link 3650,24.6508889,89.2583333,536.0,A,LRP023a,Side road left Z 5034
N502,1005379,link,link 3651,24.6474441,89.2560556,464.0,A,LRP024,Km post missing
N502,1005380,link,link 3652,24.6395552,89.2511944,1000.0,A,LRP025,Nabagonj 135 km
N502,1005381,link,link 3653,24.6482774,89.2463886,1000.0,A,LRP026,Info missing
N502,1005382,link,link 3654,24.6242216,89.241833,1000.0,A,LRP027,Km post missing
N502,1005383,link,link 3655,24.61475,89.240833,1010.0,A,LRP028,Info missing
N502,1005384,link,link 3656,24.6061667,89.240083,1000.0,A,LRP029,Km post missing
N502,1005385,link,link 3657,24.5968886,89.2380552,1000.0,A,LRP030,Rajshahi 85 km
N502,1005386,link,link 3658,24.5966108,89.2379441,70.0,A,LRP030a,Start of Bridge
N502,1005387,link,link 3659,24.596583,89.2379163,10.0,A,LRP030b,End of Bridge
N502,1005388,link,link 3660,24.5917497,89.2358608,575.0,A,LRP030c,Start of Bridge
N502,1005389,link,link 3661,24.5916663,89.235833,10.0,A,LRP030d,End of Bridge
N502,1005390,link,link 3662,24.5891386,89.2332216,335.0,A,LRP031,Pabna 93 km
N502,1005391,link,link 3663,24.5824993,89.2265271,1000.0,A,LRP032,Km post broken
N502,1005392,bridge,bridge 1619,24.5802771,89.2242493,6.7,A,LRP032a,.
N502,1005393,link,link 3664,24.5758327,89.2198049,517.0,A,LRP033,Km post Broken
N502,1005394,bridge,bridge 1620,24.5736104,89.2175549,5.2,A,LRP033a,.
N502,1005395,link,link 3665,24.5715271,89.2154444,323.0,A,LRP033b,Brick Masonry Culvert
N502,1005396,link,link 3666,24.5693604,89.2128889,322.0,A,LRP034,Km post missing
N502,1005397,bridge,bridge 1621,24.5649722,89.2077778,3.75,A,LRP034a,.
N502,1005398,link,link 3667,24.5635278,89.2060278,228.0,A,LRP035,Km post missing
N502,1005399,bridge,bridge 1622,24.5578333,89.2159444,38.12,C,LRP035a,Jamtala Bridge
N502,1005400,link,link 3668,24.5571667,89.2150833,96.0,A,LRP036,Natore 28 km
N502,1005401,bridge,bridge 1623,24.5559167,89.1969719,13.2,B,LRP036a,.
N502,1005402,link,link 3669,24.5556944,89.1967219,40.0,A,LRP036b,End of bridge
N502,1005403,link,link 3670,24.5552778,89.1963886,70.0,A,LRP036c,Side road
N502,1005404,link,link 3671,24.5506944,89.1916941,680.0,A,LRP037,Nababgonj 123 km
N502,1005405,bridge,bridge 1624,24.5495552,89.1908608,36.49,C,LRP037a,Hurmuter Bridge
N502,1005406,link,link 3672,24.5494719,89.1908052,15.0,A,LRP037b,End of bridge
N502,1005407,link,link 3673,24.5431941,89.1862497,805.0,A,LRP038,Rajshahi 77 km
N502,1005408,bridge,bridge 1625,24.5431663,89.1695271,49.21,C,LRP038a,.
N502,1005409,link,link 3674,24.5428886,89.1693327,40.0,A,LRP038b,End of bridge
N502,1005410,link,link 3675,24.5357774,89.1806104,945.0,A,LRP039,Info missing
N502,1005411,bridge,bridge 1626,24.5334997,89.1784438,75.55,A,LRP039a,Jolarbata Bridge
N502,1005412,link,link 3676,24.533166,89.1781382,60.0,A,LRP039b,End of bridge
N502,1005413,link,link 3677,24.5290549,89.1741104,580.0,A,LRP040,Natore 24 km
N502,1005414,bridge,bridge 1627,24.5272493,89.1724438,75.94,C,LRP040a,Faliar Bridge
N502,1005415,link,link 3678,24.5267493,89.1719438,70.0,A,LRP040b,End of bridge
N502,1005416,link,link 3679,24.5223327,89.1677216,645.0,A,LRP041,Km post missing
N502,1005417,bridge,bridge 1628,24.5181104,89.1636389,75.93,B,LRP041a,Jolabata Bridge
N502,1005418,link,link 3680,24.5175827,89.1631389,80.0,A,LRP041b,End of bridge
N502,1005419,link,link 3681,24.5157778,89.1613889,275.0,A,LRP042,Km post missing
N502,1005420,bridge,bridge 1629,24.5146944,89.1603333,76.51,C,LRP042a,Baisar Bridge
N502,1005421,link,link 3682,24.5141667,89.1598889,80.0,A,LRP042b,Endof bridge
N502,1005422,link,link 3683,24.50875,89.1546389,760.0,A,LRP043,Start of bridge
N502,1005423,bridge,bridge 1630,24.5083889,89.1542778,16.25,A,LRP043a,.
N502,1005424,link,link 3684,24.5078889,89.1538333,90.0,A,LRP043b,Start of bridge
N502,1005425,link,link 3685,24.5022778,89.1484163,815.0,A,LRP044,Km post missing
N502,1005426,bridge,bridge 1631,24.50221484,89.14835704666666,124.43,C,LRP044a,Singra Bridge
N502,1005427,link,link 3686,24.5018056,89.1479719,65.0,A,LRP044b,Start of bridge
N502,1005428,link,link 3687,24.5017222,89.1478886,10.0,A,LRP044c,End of Bridge
N502,1005429,link,link 3688,24.5013333,89.147583,80.0,A,LRP044d,Road to Tarash Z 5208
N502,1005430,link,link 3689,24.4999719,89.1428886,510.0,A,LRP044e,Road to Chatmohor Z 5209
N502,1005431,link,link 3690,24.4998886,89.1399441,310.0,A,LRP045,Nababgonj 115 km
N502,1005432,link,link 3691,24.4999163,89.1397219,20.0,A,LRP045a,Start of Atrai river bridge
N502,1005433,bridge,bridge 1632,24.4998886,89.1385274,12.4,C,LRP045b,Nirgunpara Bridge
N502,1005434,link,link 3692,24.4996663,89.1299438,855.0,A,LRP046,Km post missing
N502,1005435,bridge,bridge 1633,24.4989441,89.1251382,16.6,A,LRP046a,.
N502,1005436,link,link 3693,24.4983886,89.1216104,360.0,A,LRP046b,Start of bridge
N502,1005437,link,link 3694,24.4983608,89.1214993,15.0,A,LRP046c,end of Bridge
N502,1005438,link,link 3695,24.4982497,89.1202493,130.0,A,LRP047,Km post missing
N502,1005439,bridge,bridge 1634,24.4977497,89.1173049,26.15,A,LRP047a,.
N502,1005440,link,link 3696,24.4977219,89.117166,10.0,A,LRP047b,End of bridge
N502,1005441,link,link 3697,24.496833,89.1105556,680.0,A,LRP048,Km post missing
N502,1005442,link,link 3698,24.4949997,89.1041944,685.0,A,LRP048a,Start of bridge
N502,1005443,bridge,bridge 1635,24.4948608,89.1039722,56.28,C,LRP048b,Sherkol Bridge
N502,1005444,link,link 3699,24.4927497,89.1016667,295.0,A,LRP049,Nababgonj 111 km
N502,1005445,bridge,bridge 1636,24.4912497,89.1006944,19.7,A,LRP049a,.
N502,1005446,link,link 3700,24.4896663,89.1001111,185.0,A,LRP049b,Start of bridge
N502,1005447,link,link 3701,24.4891663,89.0998886,50.0,A,LRP049c,End of bridge
N502,1005448,link,link 3702,24.4845274,89.0977497,510.0,A,LRP050,Rajshahi 65 km
N502,1005449,bridge,bridge 1637,24.4839163,89.0972774,7.0,A,LRP050a,.
N502,1005450,link,link 3703,24.4837774,89.0971663,40.0,A,LRP050b,End of Bridge
N502,1005451,link,link 3704,24.479166,89.0901386,830.0,A,LRP051,Km post missing
N502,1005452,link,link 3705,24.4755549,89.0837497,793.0,A,LRP051a,Box culvert
N502,1005453,link,link 3706,24.4743882,89.0816938,217.0,A,LRP052,Km post missing
N502,1005454,link,link 3707,24.4684993,89.0733882,1000.0,A,LRP053,Km post broken
N502,1005455,bridge,bridge 1638,24.4679993,89.0701104,11.2,C,LRP053a,Bandar Amtala Bridge
N502,1005456,link,link 3708,24.4679716,89.0700549,12.0,A,LRP053b,End of bridge
N502,1005457,link,link 3709,24.4655556,89.065,558.0,A,LRP054,Rajshahi 61 km
N502,1005458,bridge,bridge 1639,24.4646111,89.0629444,12.37,A,LRP054a,.
N502,1005459,link,link 3710,24.4645556,89.0628611,8.0,A,LRP054b,End of bridge
N502,1005460,link,link 3711,24.4614167,89.0561944,737.0,A,LRP055,Km post broken
N502,1005461,bridge,bridge 1640,24.4558611,89.0527778,6.98,A,LRP055a,.
N502,1005462,link,link 3712,24.4556667,89.0527222,18.0,A,LRP055b,Sluice gate end
N502,1005463,link,link 3713,24.4536944,89.0527222,190.0,A,LRP056,Info missing
N502,1005464,link,link 3714,24.4487219,89.0472774,852.0,A,LRP056a,Box Culvert
N502,1005465,link,link 3715,24.448083,89.0456386,148.0,A,LRP057,Km post missing
N502,1005466,link,link 3716,24.4477219,89.0449163,120.0,A,LRP057a,Side road left Gurudaspur Z 5211
N502,1005467,bridge,bridge 1641,24.445833,89.0404997,12.36,A,LRP057b,Nowapara Bridge
N502,1005468,link,link 3717,24.4457850825,89.04035594999999,10.0,A,LRP057c,End of Bridge
N502,1005469,link,link 3718,24.4439163,89.0347497,390.0,A,LRP058,Km post missing
N502,1005470,bridge,bridge 1642,24.4436663,89.0337497,12.54,B,LRP058a,Haguria Bridge
N502,1005471,link,link 3719,24.4436386,89.0336386,15.0,A,LRP058b,End of bridge
N502,1005472,link,link 3720,24.4416663,89.0273327,640.0,A,LRP059,Pabna 65 km
N502,1005473,bridge,bridge 1643,24.4414719,89.0266382,3.7,A,LRP059a,.
N502,1005474,link,link 3721,24.4414163,89.0265827,12.0,A,LRP059b,End of Bridge
N502,1005475,link,link 3722,24.4379441,89.0198327,788.0,A,LRP059c,Start of Bridge
N502,1005476,link,link 3723,24.4379163,89.0197216,10.0,A,LRP059d,End of bridge
N502,1005477,link,link 3724,24.4375274,89.0184716,85.0,A,LRP060,Natore 4 km
N502,1005478,bridge,bridge 1644,24.4365274,89.0134167,12.02,C,LRP060a,Vatodara Bridge
N502,1005479,link,link 3725,24.435083,89.0091389,434.0,A,LRP061,Nababgonj 99 km
N502,1005480,bridge,bridge 1645,24.4349997,89.0088611,4.5,A,LRP061a,.
N502,1005481,link,link 3726,24.434083,89.00825,100.0,A,LRP061b,Start of Bridge
N502,1005482,link,link 3727,24.4340274,89.0082222,10.0,A,LRP061c,End of bridge
N502,1005483,link,link 3728,24.430666,89.0059167,437.0,A,LRP061d,Box Culvert
N502,1005484,link,link 3729,24.427916,89.0039167,353.0,A,LRP062,Km post missing
N502,1005485,link,link 3730,24.4202493,89.0011111,936.0,A,LRP062a,Box Culvert
N502,1005486,link,link 3731,24.4194993,89.0004167,64.0,A,LRP063,Km post missing
N502,1005487,intersection,intersection 83,24.4124167,88.9963608,935.0,A,LRP063a,Madrasha more lsland
N502,1005488,intersection,intersection 84,24.4119444,88.9961108,335.0,A,LRP064,Natore 0 km
N502,1005489,sourcesink,sourcesink 30,24.4118889,88.9961108,10.0,A,LRPE,"End at Madrasha more,Natore."
N506,1005490,sourcesink,sourcesink 31,25.7161111,89.2623056,0.0,A,LRPS,"Start from N517 at park and more , Rangpur."
N506,1005491,link,link 3732,25.7161944,89.2624444,28.0,A,LRP001,"Kurigram 50 km,Burangamari 89 km"
N506,1005492,bridge,bridge 1646,25.7169438,89.2635833,2.0,A,LRP001a,.
N506,1005493,link,link 3733,25.7211104,89.2706382,863.0,A,LRP002,"Kurigram 49 km,chilmari 79 km"
N506,1005494,bridge,bridge 1647,25.7225827,89.2724716,3.65,A,LRP002a,.
N506,1005495,link,link 3734,25.7271382,89.278166,752.0,A,LRP003,Km post broken
N506,1005496,bridge,bridge 1648,25.7279716,89.2791938,3.62,A,LRP003a,.
N506,1005497,bridge,bridge 1649,25.7312493,89.2833886,14.17,B,LRP003b,.
N506,1005498,link,link 3735,25.7313049,89.2834441,20.0,A,LRP003c,End of bridge
N506,1005499,link,link 3736,25.7329993,89.2856108,288.0,A,LRP004,"Kurigram 47 km,nagesshori 69 km"
N506,1005500,link,link 3737,25.7333049,89.2859997,51.0,A,LRP004a,Box culvert
N506,1005501,link,link 3738,25.7342497,89.2872219,169.0,A,LRP004b,Right Z 5010
N506,1005502,bridge,bridge 1650,25.7344441,89.2893886,2.07,B,LRP004c,.
N506,1005503,link,link 3739,25.7341386,89.291333,233.0,A,LRP004d,.
N506,1005504,link,link 3740,25.7337219,89.2949441,340.0,A,LRP005,"Lalmonirhat 40 km,Burungamari 86 km"
N506,1005505,bridge,bridge 1651,25.7333886,89.2981386,5.2,B,LRP005a,.
N506,1005506,bridge,bridge 1652,25.7345274,89.3016389,6.9,A,LRP005b,.
N506,1005507,link,link 3741,25.7349163,89.3046389,294.0,A,LRP006,"Patgram 123 km,nagesshori 57 km"
N506,1005508,link,link 3742,25.7360552,89.3145556,1000.0,A,LRP007,"Kurigram 44 km,lalmonirhat 38 km"
N506,1005509,link,link 3743,25.7409719,89.321666,1000.0,A,LRP008,"Varungamari 82 km,Chilmari 73 km"
N506,1005510,bridge,bridge 1653,25.744083,89.3231938,3.7,A,LRP008a,.
N506,1005511,link,link 3744,25.748083,89.327416,619.0,A,LRP009,"Lalmonirhat 36 km,patgram 120 km"
N506,1005512,bridge,bridge 1654,25.7517778,89.3314716,29.2,D,LRP009a,Burail Bridge
N506,1005513,link,link 3745,25.7519722,89.3317216,31.0,A,LRP009b,End of bridge R C C
N506,1005514,link,link 3746,25.7545,89.3344719,394.0,A,LRP010,"Kurigram 41 km,nagesshori 63 km"
N506,1005515,link,link 3747,25.7585556,89.3431941,1000.0,A,LRP011,"Patgram 118 km,vurungamari 79 km"
N506,1005516,bridge,bridge 1655,25.7591111,89.3462219,3.7,B,LRP011a,.
N506,1005517,link,link 3748,25.7590556,89.3531389,687.0,A,LRP012,"Kurigram 39 km,Patgram 117 km"
N506,1005518,bridge,bridge 1656,25.7602222,89.3574722,5.2,B,LRP012a,.
N506,1005519,link,link 3749,25.76125,89.3628333,550.0,A,LRP013,"Kurigram 38 km,nagesshori 60 km"
N506,1005520,bridge,bridge 1657,25.7622222,89.3663889,2.05,B,LRP013a,.
N506,1005521,link,link 3750,25.7636944,89.3723882,599.0,A,LRP014,"Lalmonirhat 31 km,Vurungamari 76 km"
N506,1005522,bridge,bridge 1658,25.7661111,89.3806938,1.95,B,LRP014a,.
N506,1005523,bridge,bridge 1659,25.7661667,89.3809993,32.03,B,LRP014b,Manash Bridge
N506,1005524,link,link 3751,25.7665,89.3820827,89.0,A,LRP015,Km post missing
N506,1005525,link,link 3752,25.7666389,89.3917497,990.0,A,LRP016,"Chilmari 65 km,Nagesshori 67 km"
N506,1005526,bridge,bridge 1660,25.7673327,89.4009444,5.2,B,LRP016a,.
N506,1005527,link,link 3753,25.767416,89.4015,68.0,A,LRP017,"Kurigram 34 km,Vurungamari 73 km"
N506,1005528,link,link 3754,25.7684438,89.4115,1000.0,A,LRP018,Cilmari 63 km Pathgram 111 km
N506,1005529,link,link 3755,25.7684716,89.4118333,37.0,A,LRP018a,Rail road crossing
N506,1005530,bridge,bridge 1661,25.7687771,89.4143889,3.65,B,LRP018b,.
N506,1005531,link,link 3756,25.7697771,89.4213882,716.0,A,LRP019,"Kurigram 32 km,patgram 110 km"
N506,1005532,link,link 3757,25.7763604,89.428166,1000.0,A,LRP020,"Lalmonirhat 26 km,nagesshori 53 km"
N506,1005533,bridge,bridge 1662,25.7803604,89.4323327,5.07,D,LRP020a,.
N506,1005534,bridge,bridge 1663,25.7819438,89.4345274,12.15,B,LRP020b,.
N506,1005535,link,link 3758,25.7826938,89.4353886,120.0,A,LRP021,"Kurigram 30 km,patgram 108 km"
N506,1005536,link,link 3759,25.7848052,89.4367497,270.0,A,LRP021a,Box Culvert
N506,1005537,bridge,bridge 1664,25.7873052,89.4381663,642.6,C,LRP021b,Tista Bridge
N506,1005538,link,link 3760,25.790833,89.4401663,420.0,A,LRP022,Km post missing
N506,1005539,bridge,bridge 1665,25.793333,89.4416108,6.67,B,LRP022a,Teesta Bridge / End RHD Rangpur/Start RHD Lalmonirhat / End RHD Rangpur/Start RHD Lalmonirhat
N506,1005540,link,link 3761,25.795333,89.4426663,254.0,A,LRP022c,Over pass
N506,1005541,link,link 3762,25.7982497,89.444333,375.0,A,LRP022d,Box Culvert
N506,1005542,link,link 3763,25.798583,89.4445552,40.0,A,LRP023,"Lalmonirhat 23 km,nagesshori 50 km"
N506,1005543,link,link 3764,25.8031667,89.4456663,262.0,A,LRP023a,Box culvert
N506,1005544,bridge,bridge 1666,25.8031667,89.4462219,19.8,A,LRP023b,.
N506,1005545,link,link 3765,25.8058333,89.4466108,300.0,A,LRP024,Kurigram 27 km
N506,1005546,bridge,bridge 1667,25.8063889,89.4466663,6.73,B,LRP024a,.
N506,1005547,link,link 3766,25.8074167,89.446833,120.0,A,LRP024b,Start of bridge R C C
N506,1005548,link,link 3767,25.8075833,89.4468886,20.0,A,LRP024c,End of bridge R C C
N506,1005549,link,link 3768,25.8131389,89.4477219,630.0,A,LRP024d,Box culvert
N506,1005550,link,link 3769,25.8133056,89.4477497,30.0,A,LRP024e,Rail road crossing
N506,1005551,link,link 3770,25.813402816,89.44776136200001,7.0,A,LRP024f,Pipe Culvert
N506,1005552,link,link 3771,25.8146944,89.4479163,93.0,A,LRP025,Km post broken
N506,1005553,bridge,bridge 1668,25.8204438,89.4487774,3.6,B,LRP025a,.
N506,1005554,link,link 3772,25.8231938,89.45,300.0,A,LRP026,Kurigram 25 km
N506,1005555,bridge,bridge 1669,25.8235271,89.4505278,3.55,D,LRP026a,.
N506,1005556,link,link 3773,25.828416,89.4581667,950.0,A,LRP027,Kurigram 24 km
N506,1005557,link,link 3774,25.8311104,89.4618333,519.0,A,LRP027a,Box culvert
N506,1005558,link,link 3775,25.8319716,89.4629167,153.0,A,LRP027b,Box culvert
N506,1005559,link,link 3776,25.8336941,89.4655556,278.0,A,LRP028,Kurigram 23 km
N506,1005560,bridge,bridge 1670,25.8338608,89.4659444,10.2,A,LRP028a,.
N506,1005561,link,link 3777,25.8339997,89.4661111,14.0,A,LRP028b,End of bridge
N506,1005562,link,link 3778,25.8387774,89.474416,934.0,A,LRP029,Kurigram 22 km
N506,1005563,bridge,bridge 1671,25.8430274,89.4801382,2.9,A,LRP029a,.
N506,1005564,link,link 3779,25.843083,89.4802216,10.0,A,LRP029b,Box culvert end
N506,1005565,link,link 3780,25.8446108,89.4818882,188.0,A,LRP030,Kurigram 21 km
N506,1005566,bridge,bridge 1672,25.8498052,89.4866663,14.63,B,LRP030a,.
N506,1005567,link,link 3781,25.8516111,89.4881941,194.0,A,LRP031,Km post broken
N506,1005568,link,link 3782,25.8538889,89.4900552,390.0,A,LRP031a,Start of bridge R C C
N506,1005569,link,link 3783,25.8540278,89.4901941,16.0,A,LRP031b,End of bridge R C C
N506,1005570,link,link 3784,25.8590556,89.4938886,621.0,A,LRP032,Kurigram 19 km
N506,1005571,link,link 3785,25.864,89.4999163,849.0,A,LRP032a,Box culvert
N506,1005572,link,link 3786,25.862600660696096,89.50124090840407,151.0,A,LRP033,Km post broken
N506,1005573,link,link 3787,25.8533943357587,89.51038426135504,1027.0,A,LRP033a,N 509
N506,1005574,link,link 3788,25.8532778,89.5105,13.0,A,LRP034,Km post broken
N506,1005575,link,link 3789,25.8724993,89.5155556,656.0,A,LRP034a,Barobarihat shahid sriti shoudha
N506,1005576,link,link 3790,25.8727493,89.5189716,294.0,A,LRP035,Kurigram 16 km
N506,1005577,link,link 3791,25.869916,89.5283049,1000.0,A,LRP036,Kurigram 15 km
N506,1005578,bridge,bridge 1673,25.8681382,89.5304993,3.65,B,LRP036a,.
N506,1005579,link,link 3792,25.8645833,89.5361941,700.0,A,LRP037,Km post Broken
N506,1005580,link,link 3793,25.8635278,89.5400552,426.0,A,LRP037a,Box culvert
N506,1005581,link,link 3794,25.8621944,89.545583,574.0,A,LRP038,Kurigram 13 km
N506,1005582,link,link 3795,25.86,89.5508889,598.0,A,LRP038a,Box culvert
N506,1005583,link,link 3796,25.86,89.5509167,2.0,A,LRP038b,End RHD Lalmonirhat/Start RHD Kurigram / End RHD Lalmonirhat/Start RHD Kurigram
N506,1005584,link,link 3797,25.8578889,89.5544444,430.0,A,LRP039,Kurigram 12 km
N506,1005585,link,link 3798,25.8573333,89.5556944,140.0,A,LRP039a,Box Culvert
N506,1005586,link,link 3799,25.8559444,89.5637778,860.0,A,LRP040,Kurigram 11 km
N506,1005587,link,link 3800,25.8536667,89.5732493,1000.0,A,LRP041,Kurigram 10 km
N506,1005588,link,link 3801,25.8498608,89.5823882,1020.0,A,LRP042,Kurigram 09 km
N506,1005589,link,link 3802,25.8439997,89.589833,1000.0,A,LRP043,Kurigram 08 km
N506,1005590,link,link 3803,25.8430552,89.5941663,439.0,A,LRP043a,Start of Bridge R C C
N506,1005591,link,link 3804,25.8429997,89.5945274,32.0,A,LRP043b,End of Bridge R C C
N506,1005592,link,link 3805,25.8419163,89.5994997,559.0,A,LRP044,Kurigram 07 km
N506,1005593,link,link 3806,25.8365552,89.5905274,1000.0,A,LRP045,Kurigram 06 km
N506,1005594,link,link 3807,25.8344441,89.6090556,285.0,A,LRP045a,Staer of bridge R C C
N506,1005595,link,link 3808,25.8343608,89.6090556,13.0,A,LRP045b,End of Bridge R C C
N506,1005596,link,link 3809,25.8282493,89.6118056,762.0,A,LRP046,Kurigram 5 km
N506,1005597,link,link 3810,25.8189716,89.6116111,1000.0,A,LRP047,Km post missing
N506,1005598,link,link 3811,25.8188604,89.6115833,68.0,A,LRP047a,Box Culvert 2 vent
N506,1005599,link,link 3812,25.8188049,89.6115833,10.0,A,LRP047b,Box Culvert 2 vent
N506,1005600,link,link 3813,25.8148056,89.6126667,470.0,A,LRP047c,Box Culvert
N506,1005601,link,link 3814,25.8115833,89.6146111,415.0,A,LRP047d,Z 5614 Rajarhat right
N506,1005602,link,link 3815,25.8111667,89.6150278,37.0,A,LRP048,Km post missing
N506,1005603,link,link 3816,25.8094722,89.6244716,1000.0,A,LRP049,Km post broken
N506,1005604,link,link 3817,25.8109167,89.6323049,850.0,A,LRP050,Kurigram 1 km
N506,1005605,link,link 3818,25.81275,89.642833,920.0,A,LRP050b,Box Culvert
N506,1005606,link,link 3819,25.8130278,89.642833,80.0,A,LRP051,Kurigram 00 km
N506,1005607,sourcesink,sourcesink 32,25.8130278,89.643333,160.0,A,LRPE,End at kurigram Shapla chattor and Meet with Z 5622 & Z 5621
N507,1005608,sourcesink,sourcesink 33,24.4192216,89.5518056,0.0,A,LRPS,Start from N 5 at Hatikamrul Round about
N507,1005609,intersection,intersection 85,24.4188604,89.5505,140.0,A,LRP001,Natore 68 km Rajshahi 116 km
N507,1005610,link,link 3820,24.4164722,89.5420552,895.0,A,LRP002,Natore 67km   Rajshahi 115km
N507,1005611,bridge,bridge 1674,24.4163889,89.5417497,10.0,A,LRP002a,.
N507,1005612,bridge,bridge 1675,24.4146667,89.5358052,6.73,A,LRP002b,.
N507,1005613,link,link 3821,24.4136111,89.5325271,325.0,A,LRP002c,Box Culvert
N507,1005614,link,link 3822,24.4136944,89.5327216,10.0,A,LRP003,Natore 66km   Pabna 92km
N507,1005615,bridge,bridge 1676,24.4126667,89.5296382,13.25,A,LRP003a,.
N507,1005616,bridge,bridge 1677,24.4124722,89.5290271,60.06,C,LRP003b,1No.Churiokandi Bridge
N507,1005617,link,link 3823,24.4108333,89.5244438,468.0,A,LRP003c,Box Culvert
N507,1005618,link,link 3824,24.4105278,89.5234716,135.0,A,LRP004,Natore  65km  Rajshahi 113km
N507,1005619,bridge,bridge 1678,24.4102778,89.5220271,6.73,A,LRP004a,.
N507,1005620,bridge,bridge 1679,24.4101667,89.5213882,13.5,A,LRP004b,.
N507,1005621,bridge,bridge 1680,24.4100556,89.5163889,6.75,A,LRP004c,.
N507,1005622,link,link 3825,24.4098056,89.5136667,294.0,A,LRP005,Natore 64km   Rajshahi 112km
N507,1005623,bridge,bridge 1681,24.4094167,89.5115556,90.1,A,LRP005a,2 No. Bridge
N507,1005624,link,link 3826,24.4093056,89.5106944,96.0,A,LRP005b,End of bridge
N507,1005625,bridge,bridge 1682,24.4095,89.5077778,10.0,A,LRP005c,.
N507,1005626,bridge,bridge 1683,24.4083333,89.5063889,10.0,A,LRP005d,.
N507,1005627,link,link 3827,24.4068333,89.5046667,267.0,A,LRP006,Natore 63km  Kustia 120km
N507,1005628,bridge,bridge 1684,24.4042778,89.5006944,10.2,A,LRP006a,.
N507,1005629,bridge,bridge 1685,24.4029722,89.4969441,10.29,A,LRP006b,.
N507,1005630,link,link 3828,24.4026111,89.4959997,163.0,A,LRP007,Natore 62km  Kustia 119km
N507,1005631,bridge,bridge 1686,24.4020278,89.4941663,13.76,A,LRP007a,.
N507,1005632,link,link 3829,24.3994441,89.4868052,806.0,A,LRP008,Natore 61km  Rajshahi 109 km
N507,1005633,bridge,bridge 1687,24.3969441,89.4783327,10.2,A,LRP008a,.
N507,1005634,link,link 3830,24.3966386,89.477416,98.0,A,LRP009,Natore 60 km  Pabna 86 km
N507,1005635,bridge,bridge 1688,24.3961386,89.4761104,13.5,A,LRP009a,.
N507,1005636,bridge,bridge 1689,24.3970274,89.473666,10.2,A,LRP009b,.
N507,1005637,link,link 3831,24.3932497,89.4681938,597.0,A,LRP010,Natore 59km  Rajshahi 107 km
N507,1005638,bridge,bridge 1690,24.3917774,89.4626111,10.0,A,LRP010a,.
N507,1005639,bridge,bridge 1691,24.3909719,89.4598056,10.3,A,LRP010b,.
N507,1005640,link,link 3832,24.3906663,89.4588889,103.0,A,LRP011,Natore 58 km Rajshahi 106 km
N507,1005641,bridge,bridge 1692,24.3902774,89.4578333,10.3,A,LRP011a,.
N507,1005642,link,link 3833,24.3875274,89.4496386,981.0,A,LRP012,Natore 57 km Pabna 83 km
N507,1005643,bridge,bridge 1693,24.3859719,89.4449997,10.4,A,LRP012a,.
N507,1005644,bridge,bridge 1694,24.3853608,89.4431663,10.4,A,LRP012b,.
N507,1005645,bridge,bridge 1695,24.3847497,89.4413052,59.76,A,LRP012c,3 No. Bridge
N507,1005646,link,link 3834,24.3845552,89.4407774,60.0,A,LRP012d,End of Bridge
N507,1005647,link,link 3835,24.38386517984887,89.43930246801007,170.0,A,LRP013,Natore 56 km Rajshahi 104 km
N507,1005648,bridge,bridge 1696,24.3829438,89.437333,10.2,A,LRP013a,.
N507,1005649,bridge,bridge 1697,24.3824993,89.4361386,6.9,A,LRP013b,.
N507,1005650,link,link 3836,24.382416,89.4310271,534.0,A,LRP014,Natore 55 km Rajshahi 103 km
N507,1005651,bridge,bridge 1698,24.3818604,89.4288882,60.01,A,LRP014a,4 No. Bridge
N507,1005652,link,link 3837,24.3816938,89.4283049,60.0,A,LRP014b,End of bridge
N507,1005653,bridge,bridge 1699,24.3804438,89.4228604,6.75,A,LRP014c,.
N507,1005654,link,link 3838,24.3803934,89.42150068776978,126.0,A,LRP014d,Box Culvert
N507,1005655,link,link 3839,24.3803882,89.4213604,13.0,A,LRP015,Natore 54 km Pabna 80 km
N507,1005656,bridge,bridge 1700,24.3801382,89.4183327,6.9,A,LRP015a,.
N507,1005657,bridge,bridge 1701,24.3799716,89.4152778,7.0,A,LRP015b,.
N507,1005658,bridge,bridge 1702,24.3798882,89.4147222,60.06,A,LRP015c,.
N507,1005659,link,link 3840,24.3797216,89.4126111,186.0,A,LRP015d,Box Culvert
N507,1005660,bridge,bridge 1703,24.3796382,89.4122778,13.5,A,LRP015e,.
N507,1005661,link,link 3841,24.3795549,89.4116111,70.0,A,LRP016,Natore 53 km Rajshahi 101 km
N507,1005662,bridge,bridge 1704,24.3784716,89.4063333,6.85,A,LRP016a,.
N507,1005663,bridge,bridge 1705,24.3778049,89.4025,6.9,A,LRP016b,.
N507,1005664,link,link 3842,24.3776382,89.4016667,42.0,A,LRP017,Natore 52 km Rajshahi 100km
N507,1005665,bridge,bridge 1706,24.3770271,89.3990274,10.3,A,LRP017a,.
N507,1005666,bridge,bridge 1707,24.3761104,89.3942219,10.3,A,LRP017b,.
N507,1005667,link,link 3843,24.3757493,89.3924163,188.0,A,LRP018,Natore 51km Kustia 108 km
N507,1005668,bridge,bridge 1708,24.3755827,89.3916663,10.35,A,LRP018a,.
N507,1005669,bridge,bridge 1709,24.3751104,89.3891663,10.35,A,LRP018b,.
N507,1005670,link,link 3844,24.3738882,89.3829716,585.0,A,LRP019,Natore 50 km Rajshahi 98 km
N507,1005671,link,link 3845,24.3729716,89.3804438,347.0,A,LRP019a,Box Culvert
N507,1005672,bridge,bridge 1710,24.3702216,89.374916,10.3,A,LRP019b,.
N507,1005673,bridge,bridge 1711,24.3699993,89.3743882,60.06,B,LRP019c,6 No.Bridge
N507,1005674,link,link 3846,24.3695549,89.3732216,110.0,A,LRP020,Natore 49km Rajshahi 97 km
N507,1005675,bridge,bridge 1712,24.3688882,89.3709716,60.06,C,LRP020a,7 No. Bridge
N507,1005676,link,link 3847,24.3688049,89.370416,170.0,A,LRP020b,End of bridge
N507,1005677,link,link 3848,24.367416,89.3643611,615.0,A,LRP021,Natore 48km Kustia 105 km
N507,1005678,bridge,bridge 1713,24.3671104,89.3623611,10.3,A,LRP021a,.
N507,1005679,link,link 3849,24.365657179503103,89.35470737329193,795.0,A,LRP022,Natore 47 km Rajshahi 95 km
N507,1005680,bridge,bridge 1714,24.3656389,89.3546111,10.4,A,LRP022a,.
N507,1005681,bridge,bridge 1715,24.3647778,89.3525278,10.47,A,LRP022b,.
N507,1005682,link,link 3850,24.3643889,89.3463886,609.0,A,LRP022c,Box Culvert
N507,1005683,link,link 3851,24.3641667,89.3449719,168.0,A,LRP023,Natore 46 km Rajshahi 94 km
N507,1005684,bridge,bridge 1716,24.3630833,89.3381386,150.12,C,LRP023a,8 No. Bridge
N507,1005685,link,link 3852,24.3628611,89.3366108,150.0,A,LRP023b,End of bridge
N507,1005686,link,link 3853,24.3558889,89.3355552,140.0,A,LRP024,Km post missing
N507,1005687,bridge,bridge 1717,24.35875,89.3299993,150.16,B,LRP024a,9 No. Bridge
N507,1005688,link,link 3854,24.3578056,89.3289438,135.0,A,LRP024b,End of bridge
N507,1005689,link,link 3855,24.3573056,89.3284438,160.0,A,LRP025,Km post missing
N507,1005690,link,link 3856,24.3508056,89.3205271,1014.0,A,LRP025a,Natore RHD start / Natore RHD start
N507,1005691,link,link 3857,24.3508333,89.3205549,6.0,A,LRP026,Natore 43km Rajshahi 91 km
N507,1005692,bridge,bridge 1718,24.3508611,89.31625,7.34,A,LRP026a,.
N507,1005693,bridge,bridge 1719,24.3510278,89.3141667,149.82,B,LRP026b,10 No. Atrai Bridge
N507,1005694,link,link 3858,24.3511111,89.3126389,155.0,A,LRP026c,End of Bridge
N507,1005695,link,link 3859,24.3512222,89.3107222,200.0,A,LRP027,Inf missing
N507,1005696,bridge,bridge 1720,24.3514444,89.3086389,13.76,A,LRP027a,.
N507,1005697,bridge,bridge 1721,24.3522778,89.3056111,15.75,A,LRP027b,.
N507,1005698,bridge,bridge 1722,24.35225,89.3019444,10.0,A,LRP027c,.
N507,1005699,link,link 3860,24.352,89.3011667,102.0,A,LRP028,Inf missing
N507,1005700,bridge,bridge 1723,24.3511111,89.2986941,6.9,A,LRP028a,.
N507,1005701,bridge,bridge 1724,24.3492219,89.2944441,10.2,A,LRP028b,.
N507,1005702,link,link 3861,24.3481108,89.2931663,198.0,A,LRP028c,Right to Gurudaspur Z 5209 left to Chatmohar
N507,1005703,link,link 3862,24.3472497,89.2920552,100.0,A,LRP029,Natore 40 km Kustia 97 km
N507,1005704,bridge,bridge 1725,24.3462219,89.2884163,6.9,A,LRP029a,.
N507,1005705,link,link 3863,24.3454997,89.2832216,523.0,A,LRP030,Natore 39 km Rajshahi 87 km
N507,1005706,bridge,bridge 1726,24.3451108,89.280166,10.2,A,LRP030a,.
N507,1005707,bridge,bridge 1727,24.3447497,89.2774993,9.2,A,LRP030b,.
N507,1005708,link,link 3864,24.3441941,89.2734438,403.0,A,LRP031,Inf missing
N507,1005709,bridge,bridge 1728,24.3436108,89.2688882,6.9,A,LRP031a,.
N507,1005710,bridge,bridge 1729,24.3427219,89.26425,6.9,A,LRP031b,.
N507,1005711,link,link 3865,24.342583,89.2638056,52.0,A,LRP032,Natore 37 km Pabna 63 km
N507,1005712,bridge,bridge 1730,24.3415552,89.2605556,6.94,A,LRP032a,.
N507,1005713,bridge,bridge 1731,24.339833,89.2550556,7.84,A,LRP032b,.
N507,1005714,link,link 3866,24.3396386,89.2544444,62.0,A,LRP033,Natore 36 km  Rajshahi 84 km
N507,1005715,bridge,bridge 1732,24.338333,89.2519722,7.08,A,LRP033a,.
N507,1005716,bridge,bridge 1733,24.3363608,89.2489441,7.05,A,LRP033b,.
N507,1005717,link,link 3867,24.3347774,89.2461941,294.0,A,LRP034,Natore 35 km Kustia 92 km
N507,1005718,link,link 3868,24.3334997,89.238333,805.0,A,LRP034a,Box Culvert
N507,1005719,link,link 3869,24.333166,89.2364997,195.0,A,LRP035,Natore 34 km Kustia 91 km
N507,1005720,bridge,bridge 1734,24.3325271,89.2317216,6.94,A,LRP035a,.
N507,1005721,link,link 3870,24.3317216,89.2267493,488.0,A,LRP036,Natore 33km
N507,1005722,bridge,bridge 1735,24.3315271,89.224916,34.95,A,LRP036a,11 No. Airmari Bridge
N507,1005723,link,link 3871,24.3314716,89.2245827,30.0,A,LRP036b,End of bridge
N507,1005724,bridge,bridge 1736,24.3306382,89.219166,6.93,A,LRP036c,.
N507,1005725,link,link 3872,24.3303049,89.2170549,200.0,A,LRP037,Natore 32 km  Rajshahi 80 km
N507,1005726,bridge,bridge 1737,24.3293882,89.2135278,6.94,A,LRP037a,.
N507,1005727,bridge,bridge 1738,24.3275827,89.2088333,8.44,A,LRP037b,.
N507,1005728,link,link 3873,24.3271938,89.2078611,106.0,A,LRP038,Natore 31 km Rajshahi 79 km
N507,1005729,bridge,bridge 1739,24.3255549,89.2034444,6.9,A,LRP038a,.
N507,1005730,link,link 3874,24.3237493,89.1987219,495.0,A,LRP039,Natore 30 km Rajshahi 78 km
N507,1005731,bridge,bridge 1740,24.3222216,89.1946386,6.9,A,LRP039a,.
N507,1005732,bridge,bridge 1741,24.3211938,89.1918608,6.74,A,LRP039b,.
N507,1005733,link,link 3875,24.3208049,89.1899163,204.0,A,LRP040,Km post missing
N507,1005734,link,link 3876,24.32095500115607,89.19093993583814,85.0,A,LRP040a,Z 6015
N507,1005735,bridge,bridge 1742,24.321067564937977,89.18987003318543,8.26,A,LRP040b,.
N507,1005736,link,link 3877,24.3221382,89.1796938,837.0,A,LRP041,Natore 28 km Rajshahi 76 km
N507,1005737,bridge,bridge 1743,24.321666,89.1772493,3.44,A,LRP041a,.
N507,1005738,link,link 3878,24.3187493,89.1708049,738.0,A,LRP042,Banpara 10 km
N507,1005739,bridge,bridge 1744,24.318245091525423,89.16633937457627,3.52,A,LRP042a,.
N507,1005740,link,link 3879,24.318166,89.1656389,80.0,A,LRP042b,Box Culvert
N507,1005741,link,link 3880,24.3193049,89.1616944,410.0,A,LRP043,Natore 26 km Kustia 83 km
N507,1005742,bridge,bridge 1745,24.3194438,89.1610833,5.14,A,LRP043a,.
N507,1005743,bridge,bridge 1746,24.3194438,89.1586667,3.45,A,LRP043b,.
N507,1005744,bridge,bridge 1747,24.3194438,89.1584722,3.45,A,LRP043c,.
N507,1005745,bridge,bridge 1748,24.3183882,89.1536111,1.44,A,LRP043d,.
N507,1005746,link,link 3881,24.3174438,89.1518056,225.0,A,LRP044,Km post missing
N507,1005747,link,link 3882,24.3170827,89.1511667,130.0,A,LRP044a,Z 6015
N507,1005748,bridge,bridge 1749,24.3161111,89.1480552,3.46,A,LRP044b,.
N507,1005749,bridge,bridge 1750,24.3160833,89.1437219,30.0,A,LRP044c,Baral Bridge (12no)
N507,1005750,link,link 3883,24.3160833,89.1434719,35.0,A,LRP044d,Ends of Bridge
N507,1005751,link,link 3884,24.3105278,89.1431941,237.0,A,LRP045,Km post missing
N507,1005752,link,link 3885,24.3146944,89.1328327,1010.0,A,LRP046,Natore 23 km Rajshahi 71 km
N507,1005753,bridge,bridge 1751,24.3141667,89.1317216,6.94,A,LRP046a,.
N507,1005754,link,link 3886,24.3107222,89.1239716,817.0,A,LRP047,Natore 22km Pabna 48 km
N507,1005755,bridge,bridge 1752,24.3105556,89.1235549,6.8,A,LRP047a,.
N507,1005756,bridge,bridge 1753,24.3083333,89.1189993,9.96,A,LRP047b,.
N507,1005757,link,link 3887,24.30675,89.1151389,360.0,A,LRP048,Natore 21km Rajshahi69 km
N507,1005758,bridge,bridge 1754,24.3064444,89.1144722,6.74,A,LRP048a,.
N507,1005759,bridge,bridge 1755,24.3036389,89.1080556,6.76,A,LRP048b,.
N507,1005760,link,link 3888,24.3027778,89.1063056,530.0,A,LRP049,Inf missing
N507,1005761,bridge,bridge 1756,24.3012222,89.1028889,6.76,A,LRP049a,.
N507,1005762,link,link 3889,24.2984163,89.0990552,442.0,A,LRP050,Natore 19 km Rajshahi 67 km
N507,1005763,bridge,bridge 1757,24.298083,89.0986663,3.43,A,LRP050a,.
N507,1005764,bridge,bridge 1758,24.2969719,89.0935552,1.44,A,LRP050b,.
N507,1005765,intersection,intersection 86,24.2984719,89.0806382,405.0,A,LRP051,Natore 18 km Kushtia 74 km
N507,1005766,sourcesink,sourcesink 34,24.2984163,89.0797771,1010.0,A,LRPE,End at Banpara Round about. & Connect with N 6
N509,1005767,sourcesink,sourcesink 35,25.8698049,89.51025,0.0,A,LRPS,"Start at Simultola Barobari from N 506, Lalmonirhat"
N509,1005768,link,link 3890,25.8699716,89.5102222,22.0,A,LRP001,Burimary 105 km
N509,1005769,link,link 3891,25.8724993,89.5019444,1000.0,A,LRP002,Km post misasing
N509,1005770,bridge,bridge 1759,25.8724438,89.50475,5.1,B,LRP002a,.
N509,1005771,link,link 3892,25.8719438,89.4944441,57.0,A,LRP002b,Masonry Culvert
N509,1005772,link,link 3893,25.8716938,89.4919441,240.0,A,LRP003,Lalmonirhat 10 km
N509,1005773,bridge,bridge 1760,25.8714716,89.488583,2.15,A,LRP003a,.
N509,1005774,link,link 3894,25.8703327,89.4817493,666.0,A,LRP004,Km post missing
N509,1005775,link,link 3895,25.8702216,89.4797771,242.0,A,LRP004a,Box Culvert
N509,1005776,link,link 3896,25.8706382,89.4734438,634.0,A,LRP004b,Bridge start
N509,1005777,link,link 3897,25.8706104,89.4733882,14.0,A,LRP004c,Bridge end
N509,1005778,link,link 3898,25.8709438,89.4722771,110.0,A,LRP005,Patgram 88 km
N509,1005779,link,link 3899,25.8741104,89.4629444,1000.0,A,LRP006,Km post missing
N509,1005780,link,link 3900,25.874666,89.4549444,840.0,A,LRP006a,Box Culvert
N509,1005781,link,link 3901,25.8754716,89.4534167,160.0,A,LRP007,Lalmonirhat 6 km
N509,1005782,bridge,bridge 1761,25.8750549,89.45125,1.6,A,LRP007a,.
N509,1005783,bridge,bridge 1762,25.874857223745817,89.44863021137124,2.0,A,LRP007b,.
N509,1005784,link,link 3902,25.8748327,89.4483052,33.0,A,LRP007c,Rail road crossing
N509,1005785,link,link 3903,25.8761104,89.4458886,483.0,A,LRP008,Km post missing
N509,1005786,bridge,bridge 1763,25.8782216,89.4464997,6.0,B,LRP008a,.
N509,1005787,bridge,bridge 1764,25.8826938,89.4469163,2.4,C,LRP008b,.
N509,1005788,link,link 3904,25.8848052,89.4460552,272.0,A,LRP009,Burimary 97 km
N509,1005789,bridge,bridge 1765,25.8869719,89.4423052,2.6,D,LRP009a,.
N509,1005790,link,link 3905,25.887833,89.4393886,328.0,A,LRP009b,Pipe Culvert
N509,1005791,link,link 3906,25.8894997,89.4381663,218.0,A,LRP009c,Masonry Culvert
N509,1005792,link,link 3907,25.8895274,89.4382774,100.0,A,LRP010,Km post missing
N509,1005793,link,link 3908,25.8954719,89.4337497,910.0,A,LRP011,Lamonirhat 2 km
N509,1005794,link,link 3909,25.9034444,89.4318049,1000.0,A,LRP012,Km post missing
N509,1005795,link,link 3910,25.9053889,89.4331938,267.0,A,LRP012a,Bridge start R.C.C
N509,1005796,bridge,bridge 1766,25.9053611,89.4332493,3.6,A,LRP012b,.
N509,1005797,link,link 3911,25.9071111,89.433583,263.0,A,LRP012c,Dual carriage way start
N509,1005798,link,link 3912,25.9114167,89.433833,428.0,A,LRP013,Hatibandha 51 km
N509,1005799,link,link 3913,25.9118056,89.433833,50.0,A,LRP013a,Right Road to Phulbari (Z 5901)
N509,1005800,link,link 3914,25.91181881904762,89.43373243809525,10.0,A,LRP013b,Dual carriage way End
N509,1005801,link,link 3915,25.9119444,89.4327771,95.0,A,LRP013c,Box culvert
N509,1005802,link,link 3916,25.9118333,89.4298604,290.0,A,LRP013d,"Mlkijoddasriti stombho ,Lalmonirhat"
N509,1005803,link,link 3917,25.9113889,89.4283327,165.0,A,LRP013e,Sritishoudha Lalmonirhat
N509,1005804,link,link 3918,25.9105833,89.4242216,390.0,A,LRP014,Km post missing
N509,1005805,link,link 3919,25.90847317871287,89.41675714702971,825.0,A,LRP014a,Road to Mogalhat ( Z  5907)
N509,1005806,link,link 3920,25.908,89.4150833,185.0,A,LRP015,Aditmari 8 km
N509,1005807,link,link 3921,25.90325,89.4065,1000.0,A,LRP016,Km post missing
N509,1005808,bridge,bridge 1767,25.9000556,89.3993886,3.63,B,LRP016a,.
N509,1005809,link,link 3922,25.9000556,89.3992497,10.0,A,LRP016b,Bridge end R.C.C
N509,1005810,link,link 3923,25.899333,89.3974441,185.0,A,LRP017,Burimary 87 km
N509,1005811,bridge,bridge 1768,25.8989719,89.3970552,3.7,B,LRP017a,.
N509,1005812,link,link 3924,25.8978608,89.396083,157.0,A,LRP017b,Road to Haragaccha (Z 5902)
N509,1005813,link,link 3925,25.8996663,89.3921386,468.0,A,LRP017c,Box Culvert
N509,1005814,link,link 3926,25.9003333,89.3892774,310.0,A,LRP018,Km post missing
N509,1005815,link,link 3927,25.9021944,89.3850274,460.0,A,LRP018a,Box Culvert
N509,1005816,link,link 3928,25.9036111,89.379916,540.0,A,LRP019,Patgram 74 km
N509,1005817,link,link 3929,25.9080556,89.3710827,1000.0,A,LRP020,Km post missing
N509,1005818,link,link 3930,25.9093611,89.3660278,520.0,A,LRP020a,Baily Bridge start
N509,1005819,link,link 3931,25.9095556,89.3655278,58.0,A,LRP020b,Baily Bridge end
N509,1005820,link,link 3932,25.91175,89.3625278,392.0,A,LRP021,Burimary 85 km
N509,1005821,link,link 3933,25.9175549,89.3543889,1000.0,A,LRP022,Km post missing
N509,1005822,link,link 3934,25.9238049,89.3490552,930.0,A,LRP023,Kaliganj 19 km
N509,1005823,bridge,bridge 1769,25.9250827,89.3459719,2.48,D,LRP023a,.
N509,1005824,link,link 3935,25.9272493,89.3398886,608.0,A,LRP024,Km post missing
N509,1005825,link,link 3936,25.9276382,89.3391108,135.0,A,LRP024a,Box Culvert
N509,1005826,link,link 3937,25.9291382,89.3302493,925.0,A,LRP025,Hatibandha 39 km
N509,1005827,bridge,bridge 1770,25.929416,89.3283882,2.0,A,LRP025a,.
N509,1005828,link,link 3938,25.9321382,89.3221382,816.0,A,LRP026,Km post missing
N509,1005829,link,link 3939,25.9337497,89.3138056,930.0,A,LRP026a,Pipe Culvert
N509,1005830,link,link 3940,25.933833,89.3131111,50.0,A,LRP027,Kaliganj 15 km
N509,1005831,link,link 3941,25.9336663,89.3033889,1000.0,A,LRP028,Km post missing
N509,1005832,bridge,bridge 1771,25.9305549,89.2965274,37.65,A,LRP028a,.
N509,1005833,link,link 3942,25.9297493,89.2947497,189.0,A,LRP029,Km post missing
N509,1005834,link,link 3943,25.9282771,89.2913886,385.0,A,LRP029a,Bridge start R.C.C
N509,1005835,link,link 3944,25.9279438,89.2911386,38.0,A,LRP029b,Bridge end R C  C
N509,1005836,link,link 3945,25.923916,89.2874719,577.0,A,LRP030,Km post missing
N509,1005837,bridge,bridge 1772,25.9213327,89.2854719,3.65,B,LRP030a,.
N509,1005838,link,link 3946,25.9193049,89.2803882,619.0,A,LRP031,Kaliganj 11 km
N509,1005839,bridge,bridge 1773,25.9193882,89.279166,2.07,A,LRP031a,.
N509,1005840,link,link 3947,25.9183327,89.2706382,891.0,A,LRP032,Km post missing
N509,1005841,bridge,bridge 1774,25.9183327,89.2703327,2.1,B,LRP032a,.
N509,1005842,link,link 3948,25.9198049,89.2603056,1043.0,A,LRP033,Patgram 60 km
N509,1005843,bridge,bridge 1775,25.9233049,89.2550833,3.55,A,LRP033a,.
N509,1005844,link,link 3949,25.925166,89.2550556,208.0,A,LRP034,Km post missing
N509,1005845,bridge,bridge 1776,25.9284993,89.2548889,3.7,A,LRP034a,.
N509,1005846,link,link 3950,25.9295827,89.2548611,126.0,A,LRP034b,Box culvert
N509,1005847,link,link 3951,25.9323604,89.2547778,305.0,A,LRP035,Kaliganj 7 km
N509,1005848,link,link 3952,25.9378052,89.2536944,633.0,A,LRP035a,Slab culvert
N509,1005849,link,link 3953,25.940833,89.2517778,367.0,A,LRP036,Km post missing
N509,1005850,link,link 3954,25.9481941,89.2460552,1000.0,A,LRP037,Burimary 69 km
N509,1005851,link,link 3955,25.9529722,89.2423608,670.0,A,LRP037a,Pipe  Culvert
N509,1005852,link,link 3956,25.9556111,89.2404441,330.0,A,LRP038,Km post missing
N509,1005853,bridge,bridge 1777,25.9564444,89.2405274,5.1,A,LRP038a,.
N509,1005854,link,link 3957,25.96175,89.2341108,916.0,A,LRP039,Hatibandha 25 km
N509,1005855,link,link 3958,25.9665556,89.2282771,850.0,A,LRP039a,Masonry Culvert
N509,1005856,link,link 3959,25.96708853243243,89.22707965405405,150.0,A,LRP040,Km post missing
N509,1005857,link,link 3960,25.9704993,89.219416,960.0,A,LRP041,Burimary 65 km
N509,1005858,link,link 3961,25.9691382,89.2095833,1000.0,A,LRP042,Km post missing
N509,1005859,link,link 3962,25.9681382,89.2038056,585.0,A,LRP042a,"Sritishoudha, Kaliganj"
N509,1005860,bridge,bridge 1778,25.9692216,89.2009444,2.0,A,LRP042b,.
N509,1005861,link,link 3963,25.9691104,89.2001389,109.0,A,LRP043,Hatibandha 21 km
N509,1005862,link,link 3964,25.9688327,89.1999441,38.0,A,LRP043a,Rail Road Crossing
N509,1005863,link,link 3965,25.9679993,89.1994719,103.0,A,LRP043b,Box Culvert
N509,1005864,link,link 3966,25.9649167,89.1946941,802.0,A,LRP043c,R.C.C  Culvert start
N509,1005865,link,link 3967,25.9649722,89.1946386,10.0,A,LRP043d,R.C.C Culvert end
N509,1005866,link,link 3968,25.9652778,89.1942774,47.0,A,LRP044,Km post missing
N509,1005867,link,link 3969,25.972416,89.1889163,1000.0,A,LRP045,Patgram 48 km
N509,1005868,link,link 3970,25.9805549,89.1840274,1000.0,A,LRP046,Km post missing
N509,1005869,link,link 3971,25.9882497,89.1788327,1000.0,A,LRP047,Km post missing
N509,1005870,link,link 3972,25.9910552,89.1774438,336.0,A,LRP047a,Masonry  Culvert
N509,1005871,link,link 3973,25.9967219,89.1754438,664.0,A,LRP048,Km post missing
N509,1005872,link,link 3974,26.0009722,89.1734716,522.0,A,LRP048a,Rail Road crossing
N509,1005873,link,link 3975,26.0064167,89.171916,648.0,A,LRP049,Burimary 57 km
N509,1005874,link,link 3976,26.0151944,89.168916,1000.0,A,LRP050,Km post missing
N509,1005875,link,link 3977,26.0209993,89.1663333,740.0,A,LRP050a,Bridge start
N509,1005876,link,link 3978,26.0210827,89.16625,14.0,A,LRP050b,Bridge end
N509,1005877,link,link 3979,26.0231938,89.1650278,256.0,A,LRP051,Hatibandha 13 km
N509,1005878,link,link 3980,26.0239993,89.1642222,142.0,A,LRP051a,Rail Road Crossing
N509,1005879,link,link 3981,26.0298882,89.1611389,858.0,A,LRP052,Km post missing
N509,1005880,link,link 3982,26.0398608,89.1618333,1150.0,A,LRP053,Burimary 53 km
N509,1005881,link,link 3983,26.0441386,89.1585833,563.0,A,LRP053a,R.C C culvert
N509,1005882,link,link 3984,26.0447774,89.15675,215.0,A,LRP053b,Masonry Culvert
N509,1005883,link,link 3985,26.0466663,89.1560556,222.0,A,LRP054,Km post missing
N509,1005884,link,link 3986,26.0531389,89.1520833,830.0,A,LRP054a,Masonry Culvert
N509,1005885,link,link 3987,26.0539167,89.1514444,70.0,A,LRP055,Hatibandha 09 km
N509,1005886,link,link 3988,26.0607222,89.1448608,1000.0,A,LRP056,Km post missing
N509,1005887,link,link 3989,26.0685827,89.1404441,970.0,A,LRP057,Patgram 36 km
N509,1005888,link,link 3990,26.0758327,89.1367497,1000.0,A,LRP058,Km post missing
N509,1005889,link,link 3991,26.0841941,89.1353608,1000.0,A,LRP059,Hatibandha 05 km
N509,1005890,link,link 3992,26.0928608,89.1377774,1000.0,A,LRP060,Km post missing
N509,1005891,link,link 3993,26.10125,89.1405552,1000.0,A,LRP061,Burimary 45 km
N509,1005892,link,link 3994,26.1101944,89.1422497,1000.0,A,LRP062,Km post missing
N509,1005893,link,link 3995,26.1138889,89.1431386,395.0,A,LRP062a,Rail Road Crossing
N509,1005894,link,link 3996,26.1183882,89.1422774,515.0,A,LRP063,Hatibandha 1 km
N509,1005895,link,link 3997,26.121166,89.1413886,316.0,A,LRP063a,Round about
N509,1005896,link,link 3998,26.1231938,89.1431941,304.0,A,LRP063b,Bridgr start R.C.C
N509,1005897,link,link 3999,26.1232771,89.1431663,10.0,A,LRP063c,Bridge end R CC
N509,1005898,link,link 4000,26.1258604,89.1408052,370.0,A,LRP064,Km post missing
N509,1005899,link,link 4001,26.1338886,89.1377497,990.0,A,LRP065,Burimary 41 km
N509,1005900,link,link 4002,26.1423886,89.1344441,1000.0,A,LRP066,Km post missing
N509,1005901,link,link 4003,26.1515278,89.1315549,1070.0,A,LRP067,Patgram 26 km
N509,1005902,link,link 4004,26.1604167,89.1284716,1000.0,A,LRP068,Km post missing
N509,1005903,link,link 4005,26.1684993,89.1253604,1000.0,A,LRP069,Burimary 37 km
N509,1005904,link,link 4006,26.1694716,89.1250549,112.0,A,LRP069a,Pipe Culvert
N509,1005905,link,link 4007,26.1772493,89.1227216,888.0,A,LRP070,Km post missing
N509,1005906,link,link 4008,26.1856663,89.1196382,1000.0,A,LRP071,Patgram 22 km
N509,1005907,link,link 4009,26.1874719,89.1188882,190.0,A,LRP071a,Box culvert
N509,1005908,link,link 4010,26.1938608,89.1155278,805.0,A,LRP071b,Box culvert
N509,1005909,link,link 4011,26.1939163,89.1155278,5.0,A,LRP072,Km post missing
N509,1005910,link,link 4012,26.1976386,89.1136944,442.0,A,LRP072a,Rail Road Crossing
N509,1005911,link,link 4013,26.2018611,89.1110278,558.0,A,LRP073,Km post missing
N509,1005912,bridge,bridge 1779,26.2056944,89.1079722,3.6,A,LRP073a,.
N509,1005913,link,link 4014,26.2084167,89.1045278,450.0,A,LRP073b,R 560
N509,1005914,link,link 4015,26.2085556,89.1044444,20.0,A,LRP074,Km post missing
N509,1005915,link,link 4016,26.2085833,89.1044444,15.0,A,LRP074a,Box Culvert
N509,1005916,link,link 4017,26.2154444,89.0988052,985.0,A,LRP075,Patgram 18 km
N509,1005917,link,link 4018,26.223166,89.0919719,1000.0,A,LRP076,Km post missing
N509,1005918,link,link 4019,26.226416,89.0893608,550.0,A,LRP076a,Box Culvert
N509,1005919,link,link 4020,26.2298882,89.0869719,450.0,A,LRP077,Km post missing
N509,1005920,link,link 4021,26.2385552,89.0850552,1000.0,A,LRP078,Km post missing
N509,1005921,link,link 4022,26.2408886,89.0868886,322.0,A,LRP078a,Rail Road Crossing
N509,1005922,link,link 4023,26.2409441,89.0870552,20.0,A,LRP078b,Box Culvert
N509,1005923,link,link 4024,26.2434441,89.0862774,291.0,A,LRP078c,Box Culvert 2 vent
N509,1005924,link,link 4025,26.2436941,89.0856108,95.0,A,LRP078d,Rail Road Crossing
N509,1005925,link,link 4026,26.2437774,89.084583,102.0,A,LRP079,Patgram 14 km
N509,1005926,link,link 4027,26.2502778,89.0791104,1000.0,A,LRP080,Km post missing
N509,1005927,link,link 4028,26.2544444,89.0727771,1020.0,A,LRP081,Burimary 25 km
N509,1005928,link,link 4029,26.26275,89.0690271,1000.0,A,LRP082,Km post missing
N509,1005929,bridge,bridge 1780,26.2664444,89.0674993,3.6,A,LRP082a,.
N509,1005930,link,link 4030,26.2699438,89.0644167,503.0,A,LRP083,Patgram 10 km
N509,1005931,link,link 4031,26.2712493,89.0643611,153.0,A,LRP083a,Box Culvert
N509,1005932,link,link 4032,26.2785271,89.063,847.0,A,LRP084,Km post missing
N509,1005933,link,link 4033,26.2870274,89.0608611,1030.0,A,LRP085,Burimary 21 km
N509,1005934,link,link 4034,26.2956108,89.0590833,1000.0,A,LRP086,Km post missing
N509,1005935,link,link 4035,26.3021111,89.0535833,950.0,A,LRP087,Patgram 6 km
N509,1005936,link,link 4036,26.3095278,89.0483886,1000.0,A,LRP088,Km post missing
N509,1005937,link,link 4037,26.3178327,89.0450552,1010.0,A,LRP089,Dhahogram 18 km
N509,1005938,link,link 4038,26.3260827,89.0410552,1000.0,A,LRP090,Km post missing
N509,1005939,link,link 4039,26.3324993,89.0344441,980.0,A,LRP091,Patgram 2 km
N509,1005940,link,link 4040,26.3384163,89.026916,1000.0,A,LRP092,Km post missing
N509,1005941,link,link 4041,26.3397497,89.0253327,193.0,A,LRP092a,Patgram by pass road ( Z 5904)
N509,1005942,link,link 4042,26.3403608,89.0246382,97.0,A,LRP092b,Slab  Culvert
N509,1005943,bridge,bridge 1781,26.341333,89.0240549,2.0,A,LRP092c,.
N509,1005944,link,link 4043,26.3414719,89.024166,22.0,A,LRP092d,Box Culvert
N509,1005945,link,link 4044,26.344333,89.0219438,435.0,A,LRP092e,Box Culvert
N509,1005946,link,link 4045,26.3455552,89.0218049,120.0,A,LRP093,Burimary 13 km
N509,1005947,link,link 4046,26.3463886,89.0219993,74.0,A,LRP093a,Road to Angorpota ( Z 5903)
N509,1005948,link,link 4047,26.3463886,89.0252216,360.0,A,LRP093b,Turn off right
N509,1005949,link,link 4048,26.3473052,89.0250549,61.0,A,LRP093c,Box Culvert
N509,1005950,link,link 4049,26.3494163,89.022416,505.0,A,LRP094,Km post missing
N509,1005951,bridge,bridge 1782,26.3518611,89.0297216,5.2,A,LRP094a,.
N509,1005952,link,link 4050,26.3531944,89.01075,290.0,A,LRP095,Burimary 11 km
N509,1005953,link,link 4051,26.3551111,89.007,425.0,A,LRP095a,Box Culvert
N509,1005954,link,link 4052,26.35775,89.0021389,575.0,A,LRP096,Km post missing
N509,1005955,link,link 4053,26.3621111,88.993333,990.0,A,LRP097,Burimany 09 km
N509,1005956,link,link 4054,26.3640556,88.9897774,410.0,A,LRP097a,Masonry  Culvert
N509,1005957,link,link 4055,26.3692216,88.986333,590.0,A,LRP098,Km post missing
N509,1005958,link,link 4056,26.3744716,88.9794438,1000.0,A,LRP099,Burimary 07 km
N509,1005959,link,link 4057,26.3749993,88.9785827,110.0,A,LRP099a,Bridge start R.C.C
N509,1005960,link,link 4058,26.3749993,88.9783604,10.0,A,LRP099b,Bridge end R.C.C
N509,1005961,link,link 4059,26.3786938,88.9705827,880.0,A,LRP100,Km post missing
N509,1005962,link,link 4060,26.3826938,88.9616111,1000.0,A,LRP101,Km post missing
N509,1005963,bridge,bridge 1783,26.3838052,88.9593611,2.9,A,LRP101a,.
N509,1005964,link,link 4061,26.3869719,88.9528056,770.0,A,LRP102,Km post missing
N509,1005965,link,link 4062,26.389083,88.9484997,455.0,A,LRP102a,Box culvert
N509,1005966,link,link 4063,26.391833,88.9438608,545.0,A,LRP103,Km post missing
N509,1005967,link,link 4064,26.3967774,88.9354441,1000.0,A,LRP104,Km post missing
N509,1005968,link,link 4065,26.4023333,88.9277771,1010.0,A,LRP105,Burimary 1 km
N509,1005969,sourcesink,sourcesink 36,26.4069444,88.9238327,690.0,A,LRPE,"End at BurimaryBorder, Burimary zero point India Bangladesh Border."
N6,1005970,sourcesink,sourcesink 37,23.9578056,89.6068889,0.0,A,LRPS,Start of road from Kashinathpur more.Left -Nazirganj.
N6,1005971,bridge,bridge 1784,23.9585833,89.6056111,70.1,C,LRPSa,Kashinathpur Bridge
N6,1005972,link,link 4066,23.9588889,89.6049722,70.0,A,LRPSb,P.C.Girder Bridge end
N6,1005973,link,link 4067,23.9604167,89.5981663,753.0,A,LRP001,Pabna 44 km
N6,1005974,link,link 4068,23.9611389,89.5883886,1017.0,A,LRP002,Rajshahi 150 km
N6,1005975,link,link 4069,23.9621111,89.5786104,989.0,A,LRP003,Natore 100 km
N6,1005976,link,link 4070,23.9642778,89.5691104,997.0,A,LRP004,Rajshahi 148 km
N6,1005977,link,link 4071,23.9661389,89.5588889,998.0,A,LRP005,Pabna 40 km
N6,1005978,link,link 4072,23.9664444,89.549583,996.0,A,LRP006,Natore 97 km
N6,1005979,link,link 4073,23.9642778,89.5433608,800.0,A,LRP006a,Z6028
N6,1005980,link,link 4074,23.9629722,89.5407219,195.0,A,LRP007,Pabna 38 km
N6,1005981,link,link 4075,23.9581111,89.5323327,997.0,A,LRP008,Natore 95 km
N6,1005982,link,link 4076,23.9546389,89.5234993,1000.0,A,LRP009,Km post missing
N6,1005983,bridge,bridge 1785,23.9578889,89.5170827,3.82,A,LRP009a,.
N6,1005984,link,link 4077,23.959,89.5153056,237.0,A,LRP010,Iswardi 53 km
N6,1005985,link,link 4078,23.9606944,89.5059167,998.0,A,LRP011,Pabna 34 km
N6,1005986,link,link 4079,23.9615278,89.4962497,995.0,A,LRP012,Ishwardi 51 km
N6,1005987,link,link 4080,23.9616944,89.4958886,90.0,A,LRP012a,Z6017
N6,1005988,link,link 4081,23.9620833,89.4944997,100.0,A,LRP012b,Z 6024
N6,1005989,link,link 4082,23.9687493,89.4911941,807.0,A,LRP013,Pabna 32 km
N6,1005990,bridge,bridge 1786,23.9730549,89.4894441,4.82,A,LRP013a,.
N6,1005991,link,link 4083,23.977166,89.4878052,495.0,A,LRP014,Rajshahi 138 km
N6,1005992,bridge,bridge 1787,23.9780549,89.4874997,5.4,A,LRP014a,.
N6,1005993,link,link 4084,23.9853608,89.4837497,912.0,A,LRP015,Pabna 30 km
N6,1005994,link,link 4085,23.992833,89.4783327,995.0,A,LRP016,Rajshahi 136 km
N6,1005995,link,link 4086,23.9996386,89.4731938,993.0,A,LRP017,Natore 86 km
N6,1005996,link,link 4087,24.0084722,89.4723049,998.0,A,LRP018,Pabna 27 km
N6,1005997,link,link 4088,24.016916,89.4690271,997.0,A,LRP019,Natore 84 km
N6,1005998,bridge,bridge 1788,24.0192216,89.466,3.4,A,LRP019a,.
N6,1005999,bridge,bridge 1789,24.0218604,89.4623056,6.43,A,LRP019b,.
N6,1006000,link,link 4089,24.022416,89.4613333,118.0,A,LRP020,Pabna 25 km
N6,1006001,link,link 4090,24.0280549,89.4531389,1040.0,A,LRP021,Natore 82 km
N6,1006002,bridge,bridge 1790,24.0292771,89.4521944,29.14,A,LRP021a,.
N6,1006003,link,link 4091,24.0294438,89.452,24.0,A,LRP021b,End of Bridge
N6,1006004,link,link 4092,24.0334441,89.4454163,780.0,A,LRP022,Km post missing
N6,1006005,link,link 4093,24.0337497,89.4414997,627.0,A,LRP022a,Z 6026 (Madhupur-Sathia-Bera road)
N6,1006006,link,link 4094,24.0338886,89.4359719,369.0,A,LRP023,Pabna 22 km
N6,1006007,bridge,bridge 1791,24.0330549,89.4330549,10.83,A,LRP023a,.
N6,1006008,link,link 4095,24.0333049,89.426166,698.0,A,LRP024,Natore 79 km
N6,1006009,bridge,bridge 1792,24.0333608,89.424166,10.58,A,LRP024a,0
N6,1006010,link,link 4096,24.0331938,89.4164444,783.0,A,LRP025,Km post missing
N6,1006011,link,link 4097,24.0317216,89.4113611,548.0,A,LRP025a,Z 6030 (To Sujanagar)
N6,1006012,link,link 4098,24.0328604,89.4071667,448.0,A,LRP026,Pabna 19 km
N6,1006013,link,link 4099,24.033333,89.397083,999.0,A,LRP027,Ishwardi 36 km
N6,1006014,bridge,bridge 1793,24.0336108,89.3927774,6.8,A,LRP027a,0
N6,1006015,link,link 4100,24.0346108,89.3869997,550.0,A,LRP028,Km post missing
N6,1006016,link,link 4101,24.035333,89.377916,996.0,A,LRP029,Chapainawabganj 172 km
N6,1006017,bridge,bridge 1794,24.0359997,89.373666,8.01,A,LRP029a,0
N6,1006018,link,link 4102,24.0364163,89.3681938,560.0,A,LRP030,Pabna 15 km
N6,1006019,link,link 4103,24.036833,89.3584167,995.0,A,LRP030a,Box culvert
N6,1006020,link,link 4104,24.036833,89.3583889,3.0,A,LRP031,Rajshahi 121 km
N6,1006021,link,link 4105,24.0364719,89.3476941,1000.0,A,LRP032,Km post missing
N6,1006022,bridge,bridge 1795,24.0364997,89.3477497,10.74,A,LRP032a,.
N6,1006023,link,link 4106,24.035833,89.3442219,353.0,A,LRP032b,Box culvert
N6,1006024,link,link 4107,24.0347219,89.3389719,629.0,A,LRP033,Pabna 12 km
N6,1006025,link,link 4108,24.0329716,89.3293882,997.0,A,LRP034,Natore 69 km
N6,1006026,link,link 4109,24.0299993,89.3200271,998.0,A,LRP035,Pabna 10 km
N6,1006027,bridge,bridge 1796,24.0286938,89.3151389,8.02,A,LRP035a,.
N6,1006028,link,link 4110,24.0271938,89.3106111,440.0,A,LRP036,Natore 67 km
N6,1006029,link,link 4111,24.0245549,89.3013056,998.0,A,LRP037,Pabna 8 km
N6,1006030,link,link 4112,24.0211382,89.3088333,1000.0,A,LRP038,Natore 65 km
N6,1006031,link,link 4113,24.0202771,89.2898052,250.0,A,LRP038a,Box culvert
N6,1006032,link,link 4114,24.0175271,89.2831382,749.0,A,LRP039,Rajshahi 113 km
N6,1006033,bridge,bridge 1797,24.0169438,89.2819438,4.13,A,LRP039a,.
N6,1006034,bridge,bridge 1798,24.015,89.279166,4.13,A,LRP039b,.
N6,1006035,link,link 4115,24.0119722,89.274416,497.0,A,LRP040,Km post broken
N6,1006036,bridge,bridge 1799,24.0102778,89.2697216,4.06,A,LRP040a,.
N6,1006037,link,link 4116,24.0088056,89.2660833,398.0,A,LRP041,Kushtia 68 km
N6,1006038,link,link 4117,24.0075,89.2586111,820.0,A,LRP041a,Towards Left Pabna N 604
N6,1006039,link,link 4118,24.0090833,89.2573333,202.0,A,LRP042,Chapainawabganj 159 km
N6,1006040,link,link 4119,24.0170271,89.2527222,1000.0,A,LRP043,Km post missing
N6,1006041,bridge,bridge 1800,24.0239716,89.248083,65.67,A,LRP043a,Shingra Bridge
N6,1006042,bridge,bridge 1801,24.0243882,89.2476108,6.6,A,LRP043b,RANIHAT ARCH MASONARY
N6,1006043,link,link 4120,24.0246104,89.2474163,12.0,A,LRP044,Rajshahi 108 km
N6,1006044,link,link 4121,24.0278049,89.2384997,997.0,A,LRP045,Natore 58 km
N6,1006045,link,link 4122,24.030916,89.2289716,1000.0,A,LRP046,Km post missing
N6,1006046,link,link 4123,24.0318327,89.2261382,320.0,A,LRP046a,Towards left Pabna (N604)
N6,1006047,bridge,bridge 1802,24.035833,89.2222216,10.6,A,LRP046b,.
N6,1006048,link,link 4124,24.0363052,89.2216104,63.0,A,LRP047,Ishwardi 20 km
N6,1006049,bridge,bridge 1803,24.0392219,89.2186104,8.2,A,LRP047a,0
N6,1006050,bridge,bridge 1804,24.0424441,89.2155,4.75,A,LRP047b,.
N6,1006051,bridge,bridge 1805,24.0424719,89.2152778,38.12,A,LRP047c,.
N6,1006052,link,link 4125,24.0430552,89.2150556,56.0,A,LRP048,Natore 55 km
N6,1006053,bridge,bridge 1806,24.0486108,89.2097222,8.0,A,LRP048a,.
N6,1006054,link,link 4126,24.0496108,89.2084167,196.0,A,LRP049,Rajshahi 103 km
N6,1006055,bridge,bridge 1807,24.0541667,89.2066667,13.3,A,LRP049a,.
N6,1006056,link,link 4127,24.0582778,89.2068611,497.0,A,LRP050,Kushtia 59 km
N6,1006057,bridge,bridge 1808,24.0613889,89.2072222,5.4,A,LRP050a,.
N6,1006058,link,link 4128,24.0677493,89.2075833,700.0,A,LRP051,Km post missing
N6,1006059,link,link 4129,24.0714438,89.2078611,410.0,A,LRP051a,R 604
N6,1006060,link,link 4130,24.0739716,89.2025556,585.0,A,LRP052,Km post missing
N6,1006061,bridge,bridge 1809,24.0738882,89.2029167,7.14,A,LRP052a,.
N6,1006062,bridge,bridge 1810,24.076666,89.1963886,7.35,A,LRP052b,.
N6,1006063,link,link 4131,24.0771938,89.1933052,250.0,A,LRP053,Natore 50 km
N6,1006064,link,link 4132,24.0789993,89.1839163,995.0,A,LRP054,Rajshahi 98 km
N6,1006065,bridge,bridge 1811,24.0808327,89.1802771,6.25,A,LRP054a,.
N6,1006066,link,link 4133,24.0825271,89.1755827,390.0,A,LRP055,Kushtia 56 km
N6,1006067,link,link 4134,24.0872219,89.1683604,950.0,A,LRP056,Natore 47 km
N6,1006068,link,link 4135,24.091833,89.1598611,1050.0,A,LRP057,Infor.not clear
N6,1006069,link,link 4136,24.0954719,89.1503611,1000.0,A,LRP058,Km post missing
N6,1006070,bridge,bridge 1812,24.0976941,89.1468608,5.5,A,LRP058a,.
N6,1006071,link,link 4137,24.1001944,89.1421663,557.0,A,LRP059,Infor.not clear
N6,1006072,bridge,bridge 1813,24.1016667,89.1391663,7.9,A,LRP059a,.
N6,1006073,link,link 4138,24.1061389,89.1303049,1000.0,A,LRP060,Natore 43 km
N6,1006074,bridge,bridge 1814,24.1066667,89.1299993,2.85,A,LRP060a,.
N6,1006075,intersection,intersection 87,24.1116389,89.1228604,400.0,A,LRP061,Km post missing
N6,1006076,intersection,intersection 88,24.1126389,89.1216104,100.0,A,LRP061a,N 704 (Towards Paksey)
N6,1006077,link,link 4139,24.1174993,89.1174993,723.0,A,LRP062,Natore 40 km
N6,1006078,bridge,bridge 1815,24.1224993,89.1272216,2.87,A,LRP062a,.
N6,1006079,bridge,bridge 1816,24.1252771,89.1286104,2.45,A,LRP062b,.
N6,1006080,link,link 4140,24.1253049,89.1286938,13.0,A,LRP063,Rajshahi 88 km
N6,1006081,bridge,bridge 1817,24.128166,89.1299993,4.64,A,LRP063a,.
N6,1006082,bridge,bridge 1818,24.129666,89.1303882,2.25,A,LRP063b,.
N6,1006083,link,link 4141,24.1338886,89.1319716,633.0,A,LRP064,Muladoli 4 km
N6,1006084,bridge,bridge 1819,24.1345274,89.1314993,2.88,A,LRP064a,.
N6,1006085,bridge,bridge 1820,24.1372774,89.1318327,2.87,A,LRP064b,.
N6,1006086,bridge,bridge 1821,24.1408608,89.1324716,2.3,A,LRP064c,.
N6,1006087,link,link 4142,24.1428886,89.133166,217.0,A,LRP065,Chapainawabganj 131 km
N6,1006088,bridge,bridge 1822,24.1435552,89.1167216,2.35,A,LRP065a,.
N6,1006089,link,link 4143,24.1515833,89.1189716,921.0,A,LRP066,Sanamoszid 165 km
N6,1006090,link,link 4144,24.1600833,89.1389997,1000.0,A,LRP067,Rajshahi 84 km
N6,1006091,link,link 4145,24.1636111,89.1406663,437.0,A,LRP067a,Rail road crossing
N6,1006092,bridge,bridge 1823,24.1679438,89.1423052,8.82,A,LRP067b,.
N6,1006093,link,link 4146,24.1680271,89.1421941,30.0,A,LRP067c,Box culvert
N6,1006094,link,link 4147,24.1680549,89.1421108,82.0,A,LRP067d,Start of Natore road Division / Start of Natore road Division
N6,1006095,link,link 4148,24.1686938,89.1413608,16.0,A,LRP068,Natore 34 km
N6,1006096,link,link 4149,24.1692493,89.1383608,480.0,A,LRP068a,Right Turn
N6,1006097,link,link 4150,24.1759993,89.1379719,540.0,A,LRP069,Bogra 102 km
N6,1006098,bridge,bridge 1824,24.1802493,89.1384163,6.58,A,LRP069a,.
N6,1006099,link,link 4151,24.1878052,89.1381108,540.0,A,LRP070,Bonpara 13 km
N6,1006100,link,link 4152,24.1936663,89.1359441,990.0,A,LRP071,Chapainawabganj 125 km
N6,1006101,link,link 4153,24.2025833,89.1339719,1020.0,A,LRP072,Rajshahi 78 km
N6,1006102,bridge,bridge 1825,24.203,89.1338886,6.5,A,LRP072a,.
N6,1006103,bridge,bridge 1826,24.21,89.1323327,3.4,A,LRP072b,.
N6,1006104,link,link 4154,24.2113611,89.1318327,155.0,A,LRP073,Bonpara 10 km
N6,1006105,bridge,bridge 1827,24.2161111,89.1283604,13.14,A,LRP073a,.
N6,1006106,link,link 4155,24.2216938,89.1262493,330.0,A,LRP074,Bogra 97 km
N6,1006107,bridge,bridge 1828,24.222666,89.1239993,25.7,A,LRP074a,.
N6,1006108,link,link 4156,24.226666,89.1216382,510.0,A,LRP075,Sonamoszid 155 km
N6,1006109,bridge,bridge 1829,24.231166,89.1194993,83.82,B,LRP075a,Dhanaidah Bridge
N6,1006110,link,link 4157,24.2319438,89.1196938,90.0,A,LRP075b,P.C.Girder Bridge end
N6,1006111,link,link 4158,24.2340552,89.1176938,360.0,A,LRP076,Natore 26 km
N6,1006112,link,link 4159,24.2386386,89.1092222,1000.0,A,LRP077,Rajshahi 73 km
N6,1006113,bridge,bridge 1830,24.240583,89.1056944,12.9,A,LRP077a,.
N6,1006114,link,link 4160,24.24324868,89.10081696909091,580.0,A,LRP078,Chapainawabganj 116 km
N6,1006115,link,link 4161,24.2456386,89.0964441,520.0,A,LRP078a,Z 6022
N6,1006116,link,link 4162,24.2492497,89.0943886,480.0,A,LRP079,Sonamoszid 151 km
N6,1006117,bridge,bridge 1831,24.2515833,89.0937219,6.75,A,LRP079a,.
N6,1006118,link,link 4163,24.2581944,89.0926108,740.0,A,LRP080,Natore 22 km
N6,1006119,link,link 4164,24.2672771,89.0909719,1010.0,A,LRP081,Rajshahi 69 km
N6,1006120,bridge,bridge 1832,24.2731104,89.0895552,19.6,A,LRP081a,.
N6,1006121,link,link 4165,24.2756382,89.0881663,410.0,A,LRP082,Bogra 88 km
N6,1006122,bridge,bridge 1833,24.2768049,89.0874997,12.85,A,LRP082a,.
N6,1006123,link,link 4166,24.283583,89.0836108,840.0,A,LRP083,Rangpur 194 km
N6,1006124,link,link 4167,24.2859163,89.0823049,300.0,A,LRP083a,Z 6014
N6,1006125,bridge,bridge 1834,24.291583,89.0811938,13.2,A,LRP083b,.
N6,1006126,link,link 4168,24.2922219,89.0810549,60.0,A,LRP084,Natore 18 km
N6,1006127,intersection,intersection 89,24.2984441,89.0798327,700.0,A,LRP084a,N 507 (Towaeds Sirajganj)
N6,1006128,intersection,intersection 90,24.3011111,89.0793604,300.0,A,LRP085,Rajshahi 65 km
N6,1006129,link,link 4169,24.31,89.078666,1010.0,A,LRP086,Chapainawabganj 110 km
N6,1006130,link,link 4170,24.3187493,89.0766382,1010.0,A,LRP087,Sonamosjid 143 km
N6,1006131,bridge,bridge 1835,24.3205827,89.0762216,17.15,A,LRP087a,.
N6,1006132,link,link 4171,24.3248049,89.0752771,475.0,A,LRP087b,Box culvert
N6,1006133,link,link 4172,24.327666,89.074666,330.0,A,LRP088,Bogra 82 km
N6,1006134,bridge,bridge 1836,24.3298604,89.0742216,12.94,A,LRP088a,.
N6,1006135,link,link 4173,24.333333,89.0734716,400.0,A,LRP088b,Box culvert
N6,1006136,link,link 4174,24.3364997,89.0727493,738.0,A,LRP089,Rajshahi 61 km
N6,1006137,link,link 4175,24.3443052,89.0705827,490.0,A,LRP089a,Z 6015 (Right side Gurudaspur)
N6,1006138,link,link 4176,24.3451663,89.0701382,113.0,A,LRP090,Km post broken
N6,1006139,bridge,bridge 1837,24.3496108,89.0678882,106.96,D,LRP090a,Ahmedabad Bridge
N6,1006140,link,link 4177,24.3496386,89.0668604,100.0,A,LRP090b,PC Girder Bridge end
N6,1006141,link,link 4178,24.35075,89.0647222,275.0,A,LRP091,Natore 11 km
N6,1006142,link,link 4179,24.3581389,89.0593889,1000.0,A,LRP092,Rajshahi 58 km
N6,1006143,link,link 4180,24.3661389,89.0548611,1000.0,A,LRP093,Sonamosjid 137 km
N6,1006144,bridge,bridge 1838,24.3704993,89.0492497,13.0,A,LRP093a,.
N6,1006145,link,link 4181,24.3718882,89.0472774,265.0,A,LRP094,Chapinawabganj 102 km
N6,1006146,bridge,bridge 1839,24.3792493,89.0419719,17.2,A,LRP094a,.
N6,1006147,link,link 4182,24.3793882,89.0419163,5.0,A,LRP095,Rajshahi 55 km
N6,1006148,link,link 4183,24.3872774,89.0371663,1000.0,A,LRP096,Bogra 74 km
N6,1006149,bridge,bridge 1840,24.3918608,89.0344441,8.65,A,LRP096a,.
N6,1006150,link,link 4184,24.3951663,89.0324716,440.0,A,LRP097,Natore 5 km
N6,1006151,bridge,bridge 1841,24.3991941,89.0311104,30.74,C,LRP097a,Dattapara Bridge
N6,1006152,link,link 4185,24.3994997,89.0311104,1.0,A,LRP097b,Bridge end
N6,1006153,link,link 4186,24.4033333,89.029166,509.0,A,LRP098,Sonamosjid 132 km
N6,1006154,bridge,bridge 1842,24.4064722,89.0203049,3.4,A,LRP098a,.
N6,1006155,link,link 4187,24.4065,89.0201938,15.0,A,LRP099,Rajshahi 51 km
N6,1006156,bridge,bridge 1843,24.4090556,89.0122222,3.4,A,LRP099a,.
N6,1006157,link,link 4188,24.4095,89.0105556,140.0,A,LRP100,Km post missing
N6,1006158,link,link 4189,24.4103889,89.0076389,380.0,A,LRP100a,N602 at Sohid Zakir Chattor
N6,1006159,bridge,bridge 1844,24.4071667,89.0039167,35.71,A,LRP100b,Harishpur R amaigachi
N6,1006160,intersection,intersection 91,24.4069167,89.0036389,30.0,A,LRP100c,P.C.Girder Bridge end
N6,1006161,intersection,intersection 92,24.4064444,89.0031667,60.0,A,LRP101,Rajshahi 49 km
N6,1006162,bridge,bridge 1845,24.4054444,88.9993608,4.5,A,LRP101a,.
N6,1006163,link,link 4190,24.4052222,88.9936108,585.0,A,LRP102,"Rajshahi 47 km,N.Ganj 93 km"
N6,1006164,link,link 4191,24.4039167,88.9847497,905.0,A,LRP102a,Z 6011
N6,1006165,link,link 4192,24.4036389,88.9839719,95.0,A,LRP103,Rajshahi 46 km
N6,1006166,bridge,bridge 1846,24.4018333,88.9805549,4.65,A,LRP103a,.
N6,1006167,bridge,bridge 1847,24.4010556,88.9750271,5.1,A,LRP103b,.
N6,1006168,link,link 4193,24.4011111,88.9745827,5.0,A,LRP104,Km post missing
N6,1006169,bridge,bridge 1848,24.4020278,88.9687771,36.05,B,LRP104a,Tebaria Bridge
N6,1006170,link,link 4194,24.4020833,88.968416,45.0,A,LRP104b,P.C.Girder Bridge end
N6,1006171,link,link 4195,24.4024167,88.9654722,275.0,A,LRP104c,"Ishwardi ,Saidpur Rail"
N6,1006172,link,link 4196,24.4025556,88.9651389,60.0,A,LRP105,"N.Ganj 90 km,Rajshahi 40 km"
N6,1006173,bridge,bridge 1849,24.4028611,88.9628889,4.5,A,LRP105a,.
N6,1006174,bridge,bridge 1850,24.4035833,88.9598056,4.55,A,LRP105b,.
N6,1006175,link,link 4197,24.4063889,88.9570556,430.0,A,LRP105c,N 602 (Bus stand-Harishpur road)
N6,1006176,link,link 4198,24.4063889,88.9565556,10.0,A,LRP106,Km post missing
N6,1006177,bridge,bridge 1851,24.4035833,88.9500833,1.3,A,LRP106a,.
N6,1006178,link,link 4199,24.4026111,88.9482774,230.0,A,LRP107,"Rajshahi 43 km,N Ganj 89 km"
N6,1006179,link,link 4200,24.3979441,88.9400552,980.0,A,LRP108,"Rajshahi 42 km,N Ganj 88 km"
N6,1006180,link,link 4201,24.3979163,88.9399997,1.0,A,LRP108a,Slab Culvert
N6,1006181,link,link 4202,24.393083,88.9315549,1019.0,A,LRP109,"Rajshahi 41 km, Shibganj 109 km"
N6,1006182,link,link 4203,24.3882497,88.9231104,1000.0,A,LRP110,"Rajshahi 40 km, Shibganj 108 km"
N6,1006183,link,link 4204,24.3838052,88.9145556,1010.0,A,LRP111,"Rajshahi 39 km,Sonamoszid 119 km"
N6,1006184,bridge,bridge 1852,24.3818882,88.9123056,6.55,A,LRP111a,.
N6,1006185,link,link 4205,24.3759716,88.9059444,690.0,A,LRP112,Rajshahi 38 km
N6,1006186,link,link 4206,24.3734993,88.9045556,415.0,A,LRP112a,Box Culvert
N6,1006187,link,link 4207,24.372666,88.8995274,605.0,A,LRP113,Rajshahi 37 km
N6,1006188,link,link 4208,24.3722493,88.8945274,510.0,A,LRP113a,RHD Rajshahi / RHD Rajshahi
N6,1006189,link,link 4209,24.372416,88.8893886,490.0,A,LRP114,"Rajshahi 36 km,Godagari 67 km"
N6,1006190,link,link 4210,24.3718327,88.8803882,970.0,A,LRP115,"Rajshahi 35 km,N.Ganj 81 km"
N6,1006191,link,link 4211,24.3683604,88.8701938,1000.0,A,LRP116,Km post missing
N6,1006192,bridge,bridge 1853,24.368306943396227,88.8694747471698,37.9,C,LRP116a,Jhalmalia Bridge
N6,1006193,link,link 4212,24.367075395977217,88.86110598668564,1020.0,A,LRP117a,R.C.C Girder Bridge start
N6,1006194,link,link 4213,24.3670271,88.8607778,40.0,A,LRP117b,R.C.C Girder Bridge end
N6,1006195,link,link 4214,24.3683882,88.8523056,910.0,A,LRP118,"Rajshahi 32 km,Shibganj 100 km"
N6,1006196,link,link 4215,24.3713049,88.8428052,1000.0,A,LRP119,Km post missing
N6,1006197,link,link 4216,24.371666,88.8414997,160.0,A,LRP119a,Z 6004
N6,1006198,link,link 4217,24.3721382,88.8391663,240.0,A,LRP119b,Z 6019
N6,1006199,link,link 4218,24.3728049,88.8333049,610.0,A,LRP120,"Rajshahi 30 km,Sonamosjid 110 km"
N6,1006200,link,link 4219,24.3734438,88.8235549,1000.0,A,LRP121,"Rajshahi 29 km,Sonamosjid 109 km"
N6,1006201,bridge,bridge 1854,24.3739716,88.8208604,37.66,A,LRP121a,.
N6,1006202,link,link 4220,24.3756104,88.8140278,720.0,A,LRP122,"Rajshahi 28 km,N.Ganj 74 km"
N6,1006203,bridge,bridge 1855,24.3778327,88.8061667,59.2,A,LRP122a,.
N6,1006204,link,link 4221,24.3783049,88.8046667,160.0,A,LRP123,"Rajshahi 27 km,Shibganj 95 km"
N6,1006205,link,link 4222,24.3794438,88.8008889,400.0,A,LRP123a,P.C Girder Bridge start
N6,1006206,link,link 4223,24.3795827,88.8003333,60.0,A,LRP123b,P.C Girder Bridge end
N6,1006207,link,link 4224,24.3803327,88.795083,540.0,A,LRP124,Km post missing
N6,1006208,link,link 4225,24.3808327,88.7852774,1010.0,A,LRP125,"Rajshahi 25 km,Sonamosjid 105 km"
N6,1006209,bridge,bridge 1856,24.3819438,88.7826382,2.8,A,LRP125a,.
N6,1006210,link,link 4226,24.3821938,88.7760271,690.0,A,LRP126,Km post broken
N6,1006211,bridge,bridge 1857,24.3824438,88.7751382,3.4,A,LRP126a,.
N6,1006212,link,link 4227,24.3813882,88.7702771,510.0,A,LRP126b,"Z-6005,Durgapur"
N6,1006213,link,link 4228,24.3798882,88.7662222,370.0,A,LRP127,Km post missing
N6,1006214,link,link 4229,24.3741382,88.7605556,1100.0,A,LRP128,"Rajshahi 22 km,N.Gani 68 km"
N6,1006215,link,link 4230,24.366666,88.7559722,1010.0,A,LRP129,"Rajshahi 21 km,Godaganj 52 km"
N6,1006216,bridge,bridge 1858,24.3667216,88.7550556,3.35,A,LRP129a,.
N6,1006217,link,link 4231,24.3690549,88.747083,858.0,A,LRP129b,Box culvert
N6,1006218,link,link 4232,24.3690549,88.7466941,46.0,A,LRP130,Rajshahi 20 km
N6,1006219,link,link 4233,24.3667493,88.7371941,1000.0,A,LRP131,"Rajshahi 19 km,Naogan 93 km"
N6,1006220,link,link 4234,24.3667216,88.7367774,52.0,A,LRP131a,Box culvert
N6,1006221,bridge,bridge 1859,24.3666389,88.7299993,60.1,B,LRP131b,Jotvagirotpur Bridge
N6,1006222,link,link 4235,24.3663889,88.7275271,247.0,A,LRP132,"Rajshahi 18 km,Naogan 92 km"
N6,1006223,link,link 4236,24.3661944,88.7261104,165.0,A,LRP132a,N 603 (Rajshahi By pass)
N6,1006224,link,link 4237,24.3655556,88.7238327,230.0,A,LRP132b,Rajshahi Rail
N6,1006225,link,link 4238,24.3651389,88.7208604,309.0,A,LRP132c,P.C Girder Bridge start
N6,1006226,link,link 4239,24.3650278,88.7202493,62.0,A,LRP132d,P.C Girder Bridge end
N6,1006227,link,link 4240,24.3644167,88.7179716,244.0,A,LRP133,Rajshahi 17 km
N6,1006228,link,link 4241,24.3618889,88.7252216,1000.0,A,LRP134,Rajshahi 16 km
N6,1006229,link,link 4242,24.3597222,88.6986108,1000.0,A,LRP135,Infor.missing
N6,1006230,bridge,bridge 1860,24.3606944,88.6956108,12.8,A,LRP135a,.
N6,1006231,link,link 4243,24.3624722,88.6891663,630.0,A,LRP136,Km post missing
N6,1006232,bridge,bridge 1861,24.3625278,88.6888886,9.9,A,LRP136a,.
N6,1006233,link,link 4244,24.3647778,88.6801938,910.0,A,LRP137,Rajshahi 13 km
N6,1006234,link,link 4245,24.3654167,88.6742771,630.0,A,LRP137a,Box Culvert
N6,1006235,link,link 4246,24.3653056,88.670416,380.0,A,LRP138,"Rajshahi 12 km,N.Ganj 58 km"
N6,1006236,link,link 4247,24.366579601892745,88.66076957602523,1010.0,A,LRP139,"Rajshahi 11 km,Naogaon 85 km"
N6,1006237,link,link 4248,24.3673049,88.6552778,575.0,A,LRP139a,Box culvert
N6,1006238,link,link 4249,24.3677216,88.6508333,425.0,A,LRP140,"Rajshahi 10 km,Naogaon 84 km"
N6,1006239,link,link 4250,24.366666,88.6413052,1000.0,A,LRP141,Km post missing
N6,1006240,link,link 4251,24.3642222,88.6322216,1000.0,A,LRP142,Km post missing
N6,1006241,bridge,bridge 1862,24.3634444,88.6307493,1.6,A,LRP142a,.
N6,1006242,link,link 4252,24.3628333,88.6296104,110.0,A,LRP142b,Z 6010
N6,1006243,link,link 4253,24.3603889,88.6242216,640.0,A,LRP142c,Box Culvert
N6,1006244,link,link 4254,24.3600833,88.6237216,70.0,A,LRP143,Rajshahi 7 km
N6,1006245,link,link 4255,24.3616944,88.6138333,1000.0,A,LRP144,Km post missing
N6,1006246,link,link 4256,24.3635,88.6043889,1000.0,A,LRP145,Km post missing
N6,1006247,link,link 4257,24.3663889,88.5954163,1000.0,A,LRP146,Km post missing
N6,1006248,link,link 4258,24.3678327,88.5851386,1000.0,A,LRP147,Km post missing
N6,1006249,link,link 4259,24.3680549,88.5834163,260.0,A,LRP147a,Box Culvert
N6,1006250,link,link 4260,24.3683882,88.581416,270.0,A,LRP147b,Box Culvert
N6,1006251,link,link 4261,24.369666,88.5721938,950.0,A,LRP148,"Rajshahi 1 km,N.Ganj 49 km"
N6,1006252,link,link 4262,24.3731382,88.5636944,1020.0,A,LRP149a,Rajshahi Infront of Life Care Farmacy Intersection at N6 &
N6,1006253,link,link 4263,24.3736938,88.5619444,270.0,A,LRP149b,Cross Drain
N6,1006254,link,link 4264,24.3756938,88.55475,812.0,A,LRP150a,Box Culvert
N6,1006255,link,link 4265,24.3767493,88.5484719,660.0,A,LRP150b,Box Culvert
N6,1006256,link,link 4266,24.3830271,88.5450552,843.0,A,LRP151a,Kasia Danga More (N603)
N6,1006257,link,link 4267,24.3832216,88.5446663,50.0,A,LRP151b,Amnura road (Z6809)
N6,1006258,link,link 4268,24.3830271,88.5433608,141.0,A,LRP151c,Box Culvert
N6,1006259,link,link 4269,24.3821104,88.5407497,314.0,A,LRP152,Nowabganj 43 km
N6,1006260,link,link 4270,24.3808327,88.5313049,1000.0,A,LRP153,Sona Moszid 78 km
N6,1006261,link,link 4271,24.3818882,88.5215549,1000.0,A,LRP154,Km post broken
N6,1006262,link,link 4272,24.3790549,88.51225,1000.0,A,LRP155,Km post broken
N6,1006263,link,link 4273,24.3783327,88.5079444,457.0,A,LRP155a,Box Culvert
N6,1006264,link,link 4274,24.3773327,88.5026111,543.0,A,LRP156,Sona Moszid 75 km
N6,1006265,link,link 4275,24.377166,88.5006389,216.0,A,LRP156a,Box Culvert
N6,1006266,link,link 4276,24.3770827,88.4929163,784.0,A,LRP157,Nowabganj 38 km
N6,1006267,link,link 4277,24.3753049,88.4909163,422.0,A,LRP157a,Box Culvert
N6,1006268,link,link 4278,24.3764438,88.4837774,578.0,A,LRP158,Sona Moszid 73 km
N6,1006269,link,link 4279,24.3799438,88.4801104,460.0,A,LRP158a,Box Culvert
N6,1006270,link,link 4280,24.3788327,88.4784993,352.0,A,LRP158b,Box Culvert
N6,1006271,link,link 4281,24.3824993,88.4766104,188.0,A,LRP159,Nowabganj 36 km
N6,1006272,link,link 4282,24.3867219,88.467916,1000.0,A,LRP160,Godagari 18 km
N6,1006273,link,link 4283,24.3911663,88.4596667,1000.0,A,LRP161,Sona Moszid 70 km
N6,1006274,link,link 4284,24.395083,88.4509167,1000.0,A,LRP162,Nowabganj 33 km
N6,1006275,link,link 4285,24.3976663,88.4454441,486.0,A,LRP162a,Premtoli road (R681) Bijoynagar to Uzanpara
N6,1006276,link,link 4286,24.3997219,88.4424997,514.0,A,LRP163,Sonamoszid 68 km
N6,1006277,link,link 4287,24.4058333,88.4353052,1000.0,A,LRP164,Nowabganj 31 km
N6,1006278,link,link 4288,24.4100556,88.4286938,831.0,A,LRP164a,Box Culvert
N6,1006279,link,link 4289,24.4111111,88.4273604,169.0,A,LRP165,Sonamoszid 66 km
N6,1006280,link,link 4290,24.4178049,88.4207493,1000.0,A,LRP166,Nowabganj 29 km
N6,1006281,link,link 4291,24.4237216,88.4134444,1000.0,A,LRP167,Godagari 11 km
N6,1006282,link,link 4292,24.4239993,88.4131111,35.0,A,LRP167a,Kakonhat road (Z6855)
N6,1006283,link,link 4293,24.4273882,88.4045,960.0,A,LRP168,Sonamoszid 63 km
N6,1006284,link,link 4294,24.4306938,88.395333,1005.0,A,LRP169,Nowabganj 26 km
N6,1006285,link,link 4295,24.4334719,88.3859441,1000.0,A,LRP170,Sonamoszid 61 km
N6,1006286,link,link 4296,24.4339719,88.3839163,217.0,A,LRP170a,Box Culvert
N6,1006287,link,link 4297,24.4357774,88.3764438,783.0,A,LRP171,Nowabganj 24 km
N6,1006288,link,link 4298,24.4381108,88.3668604,1000.0,A,LRP172,Godagari 6 km
N6,1006289,link,link 4299,24.4382219,88.3661667,48.0,A,LRP172a,Box Culvert
N6,1006290,link,link 4300,24.4402774,88.3578333,899.0,A,LRP172b,Box Culvert
N6,1006291,link,link 4301,24.4404163,88.3569444,53.0,A,LRP173,Km post missing
N6,1006292,link,link 4302,24.4449163,88.3489163,1000.0,A,LRP174,Nowabganj 21 km
N6,1006293,link,link 4303,24.446083,88.3476386,190.0,A,LRP174a,Uzanpara by pass (R681)
N6,1006294,link,link 4304,24.4525,88.3438886,810.0,A,LRP175,Sonamoszid 56 km
N6,1006295,link,link 4305,24.4541667,88.3394441,482.0,A,LRP175a,Box Culvert
N6,1006296,link,link 4306,24.4566111,88.335083,518.0,A,LRP176,Godagari 2 km
N6,1006297,link,link 4307,24.4576944,88.3336663,93.0,A,LRP176a,Box Culvert
N6,1006298,link,link 4308,24.4604167,88.3304716,562.0,A,LRP176b,Box Culvert
N6,1006299,link,link 4309,24.463,88.3286104,340.0,A,LRP177,Nowabganj 18 km
N6,1006300,link,link 4310,24.4684993,88.3237493,800.0,A,LRP177a,Godagari (Z6813) to Niametpur
N6,1006301,link,link 4311,24.4700827,88.3225271,195.0,A,LRP177b,Box Culvert
N6,1006302,link,link 4312,24.4702216,88.3223882,5.0,A,LRP178,Sonamoszid 53 km
N6,1006303,link,link 4313,24.472416,88.3206938,315.0,A,LRP178a,Box Culvert
N6,1006304,link,link 4314,24.4773049,88.3168882,685.0,A,LRP179,Km post missing
N6,1006305,link,link 4315,24.478166,88.3162222,130.0,A,LRP179a,Bridge start
N6,1006306,link,link 4316,24.4782771,88.3161389,20.0,A,LRP179b,Bridge end
N6,1006307,link,link 4317,24.486083,88.3141944,855.0,A,LRP180,Sonamoszid 51 km
N6,1006308,link,link 4318,24.4862219,88.3141667,18.0,A,LRP180a,Slab Culvert
N6,1006309,link,link 4319,24.4947497,88.3150278,884.0,A,LRP180b,Box Culvert
N6,1006310,link,link 4320,24.4948886,88.3124722,98.0,A,LRP181,Nowanganj 14 km
N6,1006311,link,link 4321,24.5035833,88.3136667,1000.0,A,LRP182,Sonamoszid 49 km
N6,1006312,link,link 4322,24.5070278,88.3153056,417.0,A,LRP182a,Box Culvert
N6,1006313,link,link 4323,24.5111111,88.3173604,486.0,A,LRP182b,Box Culvert
N6,1006314,link,link 4324,24.5118333,88.317666,102.0,A,LRP183,Nowabganj 12 km
N6,1006315,link,link 4325,24.5150278,88.3169438,410.0,A,LRP183a,Baily Bridge start
N6,1006316,link,link 4326,24.5151944,88.3168049,20.0,A,LRP183b,Baily Bridge end
N6,1006317,link,link 4327,24.5197771,88.3150556,565.0,A,LRP184,Sonamoszid 47 km
N6,1006318,link,link 4328,24.5288049,88.31475,1000.0,A,LRP185,Nowabganj 10 km
N6,1006319,link,link 4329,24.5352219,88.3146111,725.0,A,LRP185a,Box Culvert
N6,1006320,link,link 4330,24.5377774,88.3140833,275.0,A,LRP186,Sonamoszid 45 km
N6,1006321,link,link 4331,24.538833,88.3134722,148.0,A,LRP186a,Box Culvert
N6,1006322,link,link 4332,24.5426386,88.3112222,484.0,A,LRP186b,R.C.C Culvert
N6,1006323,link,link 4333,24.5456941,88.3093889,378.0,A,LRP187,Nowabganj 8 km
N6,1006324,link,link 4334,24.5485274,88.3077778,363.0,A,LRP187a,Box Culvert
N6,1006325,link,link 4335,24.5541389,88.3063333,627.0,A,LRP188,Sonamoszid 43 km
N6,1006326,link,link 4336,24.5584167,88.3051944,490.0,A,LRP188a,Side road right (Z6814)
N6,1006327,link,link 4337,24.5629722,88.3041944,520.0,A,LRP189,Nowabganj 6 km
N6,1006328,link,link 4338,24.5631111,88.3041944,10.0,A,LRP189a,Nowabganj RHD Start / Nowabganj RHD Start
N6,1006329,link,link 4339,24.5699438,88.3027778,800.0,A,LRP189b,Box Culvert
N6,1006330,link,link 4340,24.5713327,88.3013611,200.0,A,LRP190,Sonamoszid 41 km
N6,1006331,link,link 4341,24.572666,88.2973886,440.0,A,LRP190a,Box Culvert
N6,1006332,link,link 4342,24.5765271,88.2938886,570.0,A,LRP190b,Bridge start
N6,1006333,link,link 4343,24.5764901,88.29377746666667,10.0,A,LRP190c,Bridge end
N6,1006334,link,link 4344,24.5764716,88.2937219,5.0,A,LRP191,Nowabganj 4 km
N6,1006335,link,link 4345,24.5836108,88.2877774,981.0,A,LRP191a,Box Culvert
N6,1006336,link,link 4346,24.5911108,88.2821938,1024.0,A,LRP193,Nowabganj 2 km
N6,1006337,link,link 4347,24.5915552,88.2820271,50.0,A,LRP193a,"Bisaw road more, Bus Terminal"
N6,1006338,link,link 4348,24.5899163,88.2723882,1000.0,A,LRP194,Sonamoszid 34 km
N6,1006339,link,link 4349,24.590524489473683,88.27061055789473,200.0,A,LRP194a,Santir Mohr
N6,1006340,link,link 4350,24.5928052,88.2639444,750.0,A,LRP195,Infor.missing
N6,1006341,link,link 4351,24.5958608,88.2577778,730.0,A,LRP195a,Box Culvert
N6,1006342,link,link 4352,24.5977497,88.2556944,320.0,A,LRP196,Shibganj 16 km
N6,1006343,link,link 4353,24.5983608,88.2555,60.0,A,LRP196a,Mohanonda Bridge start
N6,1006344,link,link 4354,24.6020833,88.2539722,540.0,A,LRP196b,Mohanonda Bridge end
N6,1006345,link,link 4355,24.6027222,88.2534167,150.0,A,LRP196c,Baroghoria More
N6,1006346,link,link 4356,24.6015,88.2517778,230.0,A,LRP197,Infor.mising
N6,1006347,link,link 4357,24.60125,88.2466663,340.0,A,LRP197a,Box Culvert
N6,1006348,link,link 4358,24.6018611,88.2401663,680.0,A,LRP198,Kansat 19 km
N6,1006349,link,link 4359,24.6016944,88.2306104,1000.0,A,LRP199,Ranihati 5 km
N6,1006350,link,link 4360,24.6051111,88.2217771,1000.0,A,LRP200,Sonamoszid 28 km
N6,1006351,link,link 4361,24.6103056,88.2137778,1020.0,A,LRP201,Shibganj 11 km
N6,1006352,link,link 4362,24.6158889,88.2061944,990.0,A,LRP202,Ranihati 2 km
N6,1006353,link,link 4363,24.6217493,88.2012778,860.0,A,LRP202a,Two Box culvert
N6,1006354,link,link 4364,24.6230549,88.2004167,170.0,A,LRP203,Kansat 14 km
N6,1006355,link,link 4365,24.6309438,88.1958886,1010.0,A,LRP204,Sibganj 11 km
N6,1006356,link,link 4366,24.6332493,88.1923886,440.0,A,LRP204a,Box culvert
N6,1006357,link,link 4367,24.6357497,88.1875274,570.0,A,LRP205,Sonamoszid 23 km
N6,1006358,link,link 4368,24.6384719,88.1777216,980.0,A,LRP206,Kansat 11 km
N6,1006359,link,link 4369,24.6462774,88.1749993,1130.0,A,LRP207,Shibganj 5 km
N6,1006360,link,link 4370,24.6517778,88.1688882,1010.0,A,LRP208,Shibganj 4 km
N6,1006361,link,link 4371,24.6522222,88.1683327,70.0,A,LRP208a,Box culvert
N6,1006362,link,link 4372,24.6588889,88.1636944,900.0,A,LRP209,Kansat 8 km
N6,1006363,link,link 4373,24.6591944,88.1635556,400.0,A,LRP209a,Side road Z6816
N6,1006364,link,link 4374,24.665721583950617,88.1641190345679,620.0,A,LRP210,Sonamoszid 18 km
N6,1006365,link,link 4375,24.6762493,88.1650278,1000.0,A,LRP211,Kansat 6 km
N6,1006366,link,link 4376,24.6846108,88.1661667,950.0,A,LRP211a,Box Culvert
N6,1006367,link,link 4377,24.685030061682244,88.16603300373832,50.0,A,LRP212,Km post missing
N6,1006368,link,link 4378,24.693583,88.1633056,1020.0,A,LRP213,Sonamoszid 14 km
N6,1006369,link,link 4379,24.698583,88.1604444,640.0,A,LRP213a,Side road Z6816
N6,1006370,link,link 4380,24.702,88.1594722,400.0,A,LRP214,Kansat 3 km
N6,1006371,link,link 4381,24.7101667,88.1643611,1010.0,A,LRP215,Sonamoszid 16 km
N6,1006372,link,link 4382,24.7184993,88.1669993,1020.0,A,LRP216,Kansat 1 km
N6,1006373,link,link 4383,24.7267493,88.1702216,1000.0,A,LRP217,Sonamoszid 11 km
N6,1006374,link,link 4384,24.7269438,88.1704438,15.0,A,LRP217a,Side road right Z 6802
N6,1006375,link,link 4385,24.7335552,88.1712493,775.0,A,LRP217b,Bridge start
N6,1006376,link,link 4386,24.7339441,88.1712771,40.0,A,LRP217c,Bridge end
N6,1006377,link,link 4387,24.7357219,88.1711938,170.0,A,LRP218,Km Post Missing
N6,1006378,link,link 4388,24.7441663,88.1705549,20.0,A,LRP219,Sonamoszid 9 km
N6,1006379,link,link 4389,24.75275,88.168916,2010.0,A,LRP220,Sonamoszid 8 km
N6,1006380,link,link 4390,24.7611944,88.1655833,1010.0,A,LRP221,Sonamoszid 7 km
N6,1006381,link,link 4391,24.7688049,88.161,1010.0,A,LRP222,Sonamoszid 6 km
N6,1006382,link,link 4392,24.7732771,88.1580833,602.0,A,LRP222a,Box culvert
N6,1006383,link,link 4393,24.77636928669528,88.1559718502146,398.0,A,LRP223,Sonamoszid 5 km
N6,1006384,link,link 4394,24.7841386,88.1506667,1000.0,A,LRP224,Sonamoszid 7 km
N6,1006385,link,link 4395,24.784833,88.1500278,113.0,A,LRP224a,Box culvert
N6,1006386,link,link 4396,24.7912497,88.1446663,897.0,A,LRP225,Sonamoszid 3 km
N6,1006387,link,link 4397,24.7997219,88.142833,1000.0,A,LRP226,Sonamoszid 5 km
N6,1006388,link,link 4398,24.8086389,88.142833,1000.0,A,LRP227,Sonamoszid 1 km
N6,1006389,link,link 4399,24.8137778,88.142833,610.0,A,LRP227a,Historical Sonamoszid
N6,1006390,link,link 4400,24.8175827,88.142833,410.0,A,LRP228,Sonamoszid 3 km
N6,1006391,link,link 4401,24.8271382,88.1422497,1010.0,A,LRP229,Km post missing
N6,1006392,link,link 4402,24.8355552,88.1415552,1010.0,A,LRP230,Sonamoszid Chek Post 1 km
N6,1006393,link,link 4403,24.8413052,88.1417497,670.0,A,LRP230a,Box culvert
N6,1006394,link,link 4404,24.8416663,88.1416663,50.0,A,LRP230b,Box culvert
N6,1006395,sourcesink,sourcesink 38,24.84144964,88.14171634,30.0,A,LRPE,Road end at Balia Dighi Cheek Post Road Pav.Marking area..
N7,1006396,sourcesink,sourcesink 39,23.7689716,89.7870552,0.0,A,LRPS,Start of road from Dauladia Ferry Ghat Infront of 3NO Ghat.
N7,1006397,link,link 4405,23.7672493,89.7872497,195.0,A,LRPSa,Box Culvert
N7,1006398,link,link 4406,23.7656111,89.7852219,325.0,A,LRPSb,Box Culvert
N7,1006399,link,link 4407,23.7651389,89.7805549,480.0,A,LRP001,Km post missing
N7,1006400,link,link 4408,23.7573056,89.7757771,1000.0,A,LRP002,Km post missing
N7,1006401,link,link 4409,23.7498608,89.7699716,1000.0,A,LRP003,Km post missing
N7,1006402,link,link 4410,23.7414719,89.7663889,1000.0,A,LRP004,Km post missing
N7,1006403,link,link 4411,23.7331938,89.7625,1000.0,A,LRP005,Km post missing
N7,1006404,bridge,bridge 1863,23.7316104,89.7602778,13.1,C,LRP005a,Goalanda Bridge
N7,1006405,link,link 4412,23.7315271,89.7601667,10.0,A,LRP005b,End of Bridge
N7,1006406,link,link 4413,23.728166,89.7541944,700.0,A,LRP006,Km post Missing
N7,1006407,bridge,bridge 1864,23.726666,89.7519444,4.88,A,LRP006a,.
N7,1006408,link,link 4414,23.7226382,89.7469163,574.0,A,LRP006b,Box Culvert
N7,1006409,link,link 4415,23.7224993,89.7467497,21.0,A,LRP006c,Rail road crossing
N7,1006410,link,link 4416,23.722416,89.7466386,5.0,A,LRP007,Km post missing
N7,1006411,link,link 4417,23.7172216,89.7422497,670.0,A,LRP007a,Z7108 to Tarail
N7,1006412,bridge,bridge 1865,23.7169993,89.7421108,13.2,A,LRP007b,.
N7,1006413,link,link 4418,23.7169438,89.7420274,13.0,A,LRP007c,End of Bridge
N7,1006414,link,link 4419,23.7152222,89.7407497,219.0,A,LRP008,Km post missing
N7,1006415,bridge,bridge 1866,23.7086944,89.7359441,8.2,A,LRP008a,.
N7,1006416,link,link 4420,23.70775,89.7352774,88.0,A,LRP009,Km post missing
N7,1006417,bridge,bridge 1867,23.7058056,89.7341663,10.18,A,LRP009a,.
N7,1006418,link,link 4421,23.7032778,89.731916,379.0,A,LRP009b,Start of Bridge
N7,1006419,bridge,bridge 1868,23.7032222,89.7317771,16.58,D,LRP009c,.
N7,1006420,link,link 4422,23.7022222,89.7283882,352.0,A,LRP010,"Faridpur 24 km,Barisal 156 km"
N7,1006421,bridge,bridge 1869,23.7012222,89.7259993,8.5,A,LRP010a,.
N7,1006422,link,link 4423,23.6970274,89.7204993,726.0,A,LRP011,Km post missing
N7,1006423,bridge,bridge 1870,23.6969997,89.7204716,8.4,B,LRP011a,.
N7,1006424,bridge,bridge 1871,23.6934163,89.7152778,36.5,C,LRP011b,Khankhanapur Bridge
N7,1006425,link,link 4424,23.6933886,89.7149167,36.0,A,LRP011c,End of Bridge
N7,1006426,link,link 4425,23.6929441,89.7122222,264.0,A,LRP012,"Faridpur 22 km,Kushtia 75 km"
N7,1006427,link,link 4426,23.6928608,89.7095,288.0,A,LRP012a,Rail Road Crossing
N7,1006428,bridge,bridge 1872,23.6910274,89.7056944,13.8,A,LRP012b,.
N7,1006429,link,link 4427,23.6893608,89.704,243.0,A,LRP013,"Faridpur 21 km,Khulna 167 km"
N7,1006430,bridge,bridge 1873,23.6875274,89.7021389,6.17,A,LRP013a,.
N7,1006431,link,link 4428,23.684333,89.6989719,492.0,A,LRP013b,R710 to Rajbari
N7,1006432,link,link 4429,23.6824993,89.699833,220.0,A,LRP014,Km post missing
N7,1006433,bridge,bridge 1874,23.6769993,89.7030556,4.35,A,LRP014a,.
N7,1006434,link,link 4430,23.6753327,89.7051667,289.0,A,LRP015,Km post missing
N7,1006435,link,link 4431,23.6693049,89.7128889,1015.0,A,LRP016,"Faridpur 18 km,Barisal 150 km"
N7,1006436,bridge,bridge 1875,23.6689993,89.7131944,3.34,A,LRP016a,.
N7,1006437,link,link 4432,23.6658889,89.7160278,460.0,A,LRP016b,Rail Road Crossing
N7,1006438,link,link 4433,23.6623889,89.719166,482.0,A,LRP017,Km post missing
N7,1006439,bridge,bridge 1876,23.6605556,89.7213327,3.47,A,LRP017a,.
N7,1006440,bridge,bridge 1877,23.657,89.7259716,3.37,A,LRP017b,.
N7,1006441,link,link 4434,23.6564444,89.726666,70.0,A,LRP018,"Faridpur 16 km,Barisal 148 km"
N7,1006442,link,link 4435,23.6527778,89.731416,629.0,A,LRP018a,Start of Faridpur Road Division / Start of Faridpur Road Division
N7,1006443,link,link 4436,23.6505556,89.734083,371.0,A,LRP019,Km post missing
N7,1006444,bridge,bridge 1878,23.649583,89.7354997,58.96,A,LRP019a,.
N7,1006445,link,link 4437,23.6492497,89.7359441,58.0,A,LRP019b,End of Bridge
N7,1006446,bridge,bridge 1879,23.6448608,89.7414441,9.9,A,LRP019c,.
N7,1006447,link,link 4438,23.6447497,89.7416663,5.0,A,LRP020,"Faridpur 14 km,Barisal 140 km"
N7,1006448,link,link 4439,23.6393052,89.7495274,1000.0,A,LRP021,Km post missing
N7,1006449,link,link 4440,23.6343052,89.7576944,1000.0,A,LRP022,"Faridpur 12 km,Barisal 144 km"
N7,1006450,bridge,bridge 1880,23.6296938,89.7640278,4.94,A,LRP022a,.
N7,1006451,link,link 4441,23.6296382,89.7640556,10.0,A,LRP022b,End of Bridge
N7,1006452,link,link 4442,23.6282493,89.7649722,143.0,A,LRP023,Km post missing
N7,1006453,link,link 4443,23.6210827,89.7697771,973.0,A,LRP023a,Rail Road Crossing
N7,1006454,link,link 4444,23.6205271,89.7700827,27.0,A,LRP024,Km post missing
N7,1006455,link,link 4445,23.61275,89.7748882,1000.0,A,LRP025,Km post missing
N7,1006456,bridge,bridge 1881,23.6081111,89.7776938,27.5,C,LRP025a,Jhuldibazar Bridge
N7,1006457,link,link 4446,23.6079167,89.7778327,32.0,A,LRP025b,End of Bridge
N7,1006458,link,link 4447,23.605,89.7796382,353.0,A,LRP026,Km post missing
N7,1006459,bridge,bridge 1882,23.6007778,89.7830827,58.68,A,LRP026a,.
N7,1006460,link,link 4448,23.6004444,89.783583,59.0,A,LRP026b,End of Bridge
N7,1006461,link,link 4449,23.598583,89.7865552,376.0,A,LRP027,"Faridpur 7 km,Khulna 153 km"
N7,1006462,link,link 4450,23.5943886,89.7952774,1000.0,A,LRP028,"Faridpur 6 km,Barisal 138 km"
N7,1006463,link,link 4451,23.5905552,89.8041667,1000.0,A,LRP029,Km post missing
N7,1006464,intersection,intersection 93,23.5884997,89.8086944,500.0,A,LRP029a,N804 to Faridpur
N7,1006465,intersection,intersection 94,23.5861108,89.80525,460.0,A,LRP030,"Magura 49 km,Jessore 91 km"
N7,1006466,bridge,bridge 1883,23.5830271,89.7986941,19.6,A,LRP030a,.
N7,1006467,link,link 4452,23.5829438,89.7985274,20.0,A,LRP030b,End of Bridge
N7,1006468,link,link 4453,23.5821104,89.7963608,230.0,A,LRP031,"Magura 46 km,Jhenaidah 75 km"
N7,1006469,bridge,bridge 1884,23.5795271,89.7925552,5.36,A,LRP031a,.
N7,1006470,link,link 4454,23.5793604,89.7924719,15.0,A,LRP031b,End of Bridge
N7,1006471,link,link 4455,23.5749438,89.7917497,493.0,A,LRP032,"Magura 45 km,Khulna 148 km"
N7,1006472,bridge,bridge 1885,23.5708882,89.7922497,5.55,A,LRP032a,.
N7,1006473,link,link 4456,23.5659167,89.7916386,551.0,A,LRP033,"Magura 44 km,Jessore 88 km"
N7,1006474,bridge,bridge 1886,23.5604167,89.7876108,5.3,A,LRP033a,.
N7,1006475,link,link 4457,23.559,89.7863608,222.0,A,LRP034,"Magura 43 km, Jessore 87 km"
N7,1006476,link,link 4458,23.5520556,89.7789993,1056.0,A,LRP035,"Magura 42 km,Jessore 86 km"
N7,1006477,link,link 4459,23.5454163,89.7756382,976.0,A,LRP036,"Magura41 km, Jessore 85 km"
N7,1006478,bridge,bridge 1887,23.5406108,89.7717216,4.7,A,LRP036a,.
N7,1006479,bridge,bridge 1888,23.5399719,89.7702771,4.75,A,LRP036b,.
N7,1006480,bridge,bridge 1889,23.5390552,89.7680271,27.5,D,LRP036c,Kanaipur Bridge
N7,1006481,link,link 4460,23.5390274,89.7677771,72.0,A,LRP036d,End of Bridge
N7,1006482,link,link 4461,23.5390274,89.7675827,10.0,A,LRP037,"Magura 40 km, Jhenaidah 69 km"
N7,1006483,bridge,bridge 1890,23.5384441,89.7633333,5.45,A,LRP037a,.
N7,1006484,bridge,bridge 1891,23.5377219,89.7591667,5.85,A,LRP037b,.
N7,1006485,link,link 4462,23.5373052,89.7577778,188.0,A,LRP038,"Magura 39 km , Jessore 83 km"
N7,1006486,link,link 4463,23.5356386,89.749083,945.0,A,LRP039,"Magura 39 km , Jhenaidah 59 km"
N7,1006487,bridge,bridge 1892,23.5371386,89.7469997,51.8,C,LRP039a,.
N7,1006488,link,link 4464,23.5374441,89.7466108,50.0,A,LRP039b,End of Bridge
N7,1006489,bridge,bridge 1893,23.5404997,89.7419163,4.25,A,LRP039c,.
N7,1006490,link,link 4465,23.5406663,89.7415552,47.0,A,LRP040,Km post broken
N7,1006491,bridge,bridge 1894,23.539083,89.735583,6.75,A,LRP040a,.
N7,1006492,link,link 4466,23.5377219,89.7326104,348.0,A,LRP041,"Magura 36 km,Jessore 80 km"
N7,1006493,bridge,bridge 1895,23.5373886,89.7319716,4.3,A,LRP041a,.
N7,1006494,link,link 4467,23.5352774,89.7282216,450.0,A,LRP041b,Box culvert
N7,1006495,link,link 4468,23.5331938,89.7243882,452.0,A,LRP041c,Z 7001 to Bhatiapara
N7,1006496,link,link 4469,23.533166,89.7242493,11.0,A,LRP042,Km post missing
N7,1006497,bridge,bridge 1896,23.533583,89.7199438,6.0,A,LRP042a,.
N7,1006498,bridge,bridge 1897,23.5348052,89.7171382,4.77,A,LRP042b,.
N7,1006499,link,link 4470,23.5362219,89.7149722,250.0,A,LRP043,"Magura 34 km,Jessore 78 km"
N7,1006500,bridge,bridge 1898,23.5348886,89.7058056,9.08,A,LRP043a,.
N7,1006501,link,link 4471,23.534583,89.7051667,70.0,A,LRP044,"Magura 33 km,Khulna 136 km"
N7,1006502,bridge,bridge 1899,23.5333049,89.7025,8.8,A,LRP044a,.
N7,1006503,link,link 4472,23.5325549,89.6956941,690.0,A,LRP045,"Magura 32 km,Jessore 76 km"
N7,1006504,bridge,bridge 1900,23.5323604,89.6913608,24.75,C,LRP045a,Hatkhata
N7,1006505,link,link 4473,23.5323882,89.6911108,20.0,A,LRP045b,End of Bridge
N7,1006506,link,link 4474,23.5330271,89.6857219,538.0,A,LRP046,"Magura 31 km,Jhenaidah 52 km"
N7,1006507,bridge,bridge 1901,23.5339163,89.6777493,7.85,A,LRP046a,.
N7,1006508,link,link 4475,23.5339719,89.6762493,167.0,A,LRP047,Km post broken
N7,1006509,bridge,bridge 1902,23.5342497,89.6723882,50.14,D,LRP047a,Bimankanda bridge
N7,1006510,link,link 4476,23.5343052,89.6718882,51.0,A,LRP047b,End of Bridge
N7,1006511,link,link 4477,23.5351386,89.6664444,557.0,A,LRP048,"Magura 29 km,Jessore 73 km"
N7,1006512,bridge,bridge 1903,23.5351386,89.6660833,25.0,C,LRP048a,Brahmonkanda Bridge
N7,1006513,link,link 4478,23.5351663,89.6658056,25.0,A,LRP048b,End of Bridge
N7,1006514,link,link 4479,23.5369997,89.6564722,970.0,A,LRP049,"Magura 28 km,Jessore 72 km"
N7,1006515,bridge,bridge 1904,23.537333,89.6550278,25.45,C,LRP049a,.
N7,1006516,link,link 4480,23.5373608,89.6548056,25.0,A,LRP049b,End of Bridge
N7,1006517,link,link 4481,23.5391108,89.646583,850.0,A,LRP050,"Magura 27 km,Jhenaidah 47 km"
N7,1006518,bridge,bridge 1905,23.5389441,89.6399719,7.9,A,LRP050a,.
N7,1006519,link,link 4482,23.5399719,89.6371941,296.0,A,LRP051,"Magura 26 km,Jessore 70 km"
N7,1006520,link,link 4483,23.5422774,89.6308604,894.0,A,LRP051a,Rail road crossing
N7,1006521,link,link 4484,23.542565401554405,89.62920758031088,87.0,A,LRP052,"Magura 25 km,Jessore 69 km"
N7,1006522,bridge,bridge 1906,23.5429163,89.6271938,4.24,A,LRP052a,.
N7,1006523,bridge,bridge 1907,23.5424441,89.6239716,7.8,A,LRP052b,.
N7,1006524,link,link 4485,23.5401108,89.6206382,465.0,A,LRP052c,Box Culvert
N7,1006525,link,link 4486,23.5391663,89.6199438,113.0,A,LRP053,Km post broken
N7,1006526,bridge,bridge 1908,23.5366663,89.6180549,4.15,A,LRP053a,.
N7,1006527,bridge,bridge 1909,23.5329716,89.6154722,5.2,A,LRP053b,.
N7,1006528,link,link 4487,23.531166,89.6143333,221.0,A,LRP054,"Magura 23 km,Jessore 67 km"
N7,1006529,bridge,bridge 1910,23.5292493,89.6088611,83.9,C,LRP054a,Barashia Bridge
N7,1006530,link,link 4488,23.5291938,89.6080556,82.0,A,LRP054b,End of Bridge
N7,1006531,link,link 4489,23.5286382,89.6060278,218.0,A,LRP055,"Magura 22 km,Khulna 125 km"
N7,1006532,bridge,bridge 1911,23.5269438,89.6032778,13.25,A,LRP055a,.
N7,1006533,link,link 4490,23.526416,89.5976108,592.0,A,LRP055b,Box Culvert
N7,1006534,bridge,bridge 1912,23.5266104,89.5961108,2.94,A,LRP055c,.
N7,1006535,link,link 4491,23.5267216,89.5958608,26.0,A,LRP056,"Magura 21 km,Jessore 65 km"
N7,1006536,bridge,bridge 1913,23.5271104,89.5931941,7.95,A,LRP056a,.
N7,1006537,bridge,bridge 1914,23.5278882,89.5873886,16.4,A,LRP056b,.
N7,1006538,link,link 4492,23.528166,89.5855552,210.0,A,LRP057,"Magura 20 km,Khulna 123 km"
N7,1006539,bridge,bridge 1915,23.5282771,89.5842219,8.95,A,LRP057a,.
N7,1006540,link,link 4493,23.5291938,89.5766382,782.0,A,LRP057b,Box culvert
N7,1006541,link,link 4494,23.5292771,89.5751938,153.0,A,LRP058,"Magura 19 km,Jessore 63 km"
N7,1006542,bridge,bridge 1916,23.5295827,89.5714716,6.8,A,LRP058a,.
N7,1006543,link,link 4495,23.5298604,89.5675827,399.0,A,LRP059,"Magura 18 km,Jessore 62 km"
N7,1006544,bridge,bridge 1917,23.5298604,89.5674993,6.8,A,LRP059a,.
N7,1006545,link,link 4496,23.5312216,89.5580278,988.0,A,LRP060,"Magura 17 km,Jhenaidah 46 km"
N7,1006546,bridge,bridge 1918,23.5312771,89.5573333,9.0,A,LRP060a,.
N7,1006547,bridge,bridge 1919,23.5316104,89.55475,9.0,A,LRP060b,.
N7,1006548,link,link 4497,23.5324993,89.5481663,676.0,A,LRP061,"Magura 16 km,Jessore 60 km"
N7,1006549,link,link 4498,23.538333,89.5406663,1080.0,A,LRP062,"Magura 15 km,Jessore 59 km"
N7,1006550,bridge,bridge 1920,23.5403052,89.5380274,15.0,A,LRP062a,.
N7,1006551,link,link 4499,23.5404719,89.537833,14.0,A,LRP062b,End of Bridge
N7,1006552,link,link 4500,23.544083,89.532416,712.0,A,LRP063,Khulna 117 km
N7,1006553,link,link 4501,23.5460274,89.5241938,872.0,A,LRP064,"Magura 13 km,Jessore 57 km"
N7,1006554,bridge,bridge 1921,23.546583,89.5218604,7.05,A,LRP064a,.
N7,1006555,bridge,bridge 1922,23.5444719,89.5183327,621.0,A,LRP064b,Garai bridge.
N7,1006556,link,link 4502,23.5393052,89.5159722,622.0,A,LRP064c,End od Gorai Bridge
N7,1006557,link,link 4503,23.5389719,89.5158056,45.0,A,LRP064d,Start of Magura road Division / Start of Magura road Division
N7,1006558,link,link 4504,23.5385552,89.5156111,47.0,A,LRP065,"Magura 12 km,Khulna 115 km"
N7,1006559,link,link 4505,23.5364997,89.5127778,381.0,A,LRP065a,Box Culvert
N7,1006560,link,link 4506,23.5357774,89.5113889,160.0,A,LRP066,"Magura 11 km,Jessore 55 km"
N7,1006561,link,link 4507,23.5347774,89.5095278,240.0,A,LRP066a,Z 7008 to Sripur
N7,1006562,bridge,bridge 1923,23.5323327,89.50475,2.92,A,LRP066b,.
N7,1006563,link,link 4508,23.5313049,89.5027778,224.0,A,LRP067,"Magura 10 km,Jhenaidah 39 km"
N7,1006564,bridge,bridge 1924,23.5283327,89.497333,14.4,C,LRP067a,Kochundi Bridge
N7,1006565,link,link 4509,23.5282771,89.4972219,14.0,A,LRP067b,End of Bridge
N7,1006566,link,link 4510,23.5267771,89.4945552,330.0,A,LRP068,Km post missing
N7,1006567,bridge,bridge 1925,23.5241938,89.4861108,13.0,A,LRP068a,Ulinagar Bridge
N7,1006568,link,link 4511,23.5241938,89.4860274,14.0,A,LRP068b,End of Bridge
N7,1006569,link,link 4512,23.5240549,89.4857497,78.0,A,LRP069,Km post missing
N7,1006570,link,link 4513,23.522166,89.4762493,1000.0,A,LRP070,Km post missing
N7,1006571,bridge,bridge 1926,23.5217771,89.4745549,10.0,A,LRP070a,.
N7,1006572,link,link 4514,23.5199716,89.4703327,478.0,A,LRP070b,Z 7007 to Sripur
N7,1006573,link,link 4515,23.517916,89.467916,390.0,A,LRP071,Km post missing
N7,1006574,link,link 4516,23.5121667,89.4592222,1050.0,A,LRP072,"Magura 5 km,Jessore 49 km"
N7,1006575,link,link 4517,23.508,89.4505556,1000.0,A,LRP073,Km post missing
N7,1006576,link,link 4518,23.5036111,89.4414163,1040.0,A,LRP074,"Magura 3 km,Jessore 47 km"
N7,1006577,link,link 4519,23.4983886,89.4338052,1000.0,A,LRP075,Km post missing
N7,1006578,link,link 4520,23.4908052,89.429916,920.0,A,LRP076,"Magura 1 km,Jessore 45 km"
N7,1006579,link,link 4521,23.4907219,89.429916,15.0,A,LRP076a,Left Z7012 to Mohammadpur
N7,1006580,bridge,bridge 1927,23.4899997,89.4295271,47.39,A,LRP076b,Regulator.
N7,1006581,link,link 4522,23.4895552,89.4293327,47.0,A,LRP076c,End Sluice Gate
N7,1006582,bridge,bridge 1928,23.4890552,89.4291104,20.3,C,LRP076d,Naba Ganga Bridge
N7,1006583,link,link 4523,23.4889163,89.4290271,20.0,A,LRP076e,End Sluice Gate
N7,1006584,link,link 4524,23.4877774,89.4283882,145.0,A,LRP076f,Left R720 to Narail
N7,1006585,intersection,intersection 95,23.4859997,89.4231938,615.0,A,LRP077,Km post missing
N7,1006586,intersection,intersection 96,23.4856386,89.4190827,420.0,A,LRP077a,Left  N702 to Jessore
N7,1006587,link,link 4525,23.4853886,89.4136667,550.0,A,LRP078,"Jhenaidah 27 km,Kushtia 71 km"
N7,1006588,link,link 4526,23.4853608,89.4122778,150.0,A,LRP078a,Z 7011 to Sripur
N7,1006589,bridge,bridge 1929,23.4851941,89.4092222,3.45,A,LRP078b,.
N7,1006590,link,link 4527,23.4848886,89.4038889,538.0,A,LRP079,Km post missing
N7,1006591,bridge,bridge 1930,23.4847774,89.4029167,6.8,A,LRP079a,.
N7,1006592,bridge,bridge 1931,23.4845552,89.3978608,2.94,A,LRP079b,.
N7,1006593,link,link 4528,23.4842774,89.3932219,487.0,A,LRP080,"Jhenaidah 26 km,Kushtia 70 km"
N7,1006594,bridge,bridge 1932,23.4844441,89.3877497,15.1,A,LRP080a,.
N7,1006595,link,link 4529,23.484833,89.3837497,437.0,A,LRP081,Km post missing
N7,1006596,bridge,bridge 1933,23.4848052,89.3830827,2.9,A,LRP081a,.
N7,1006597,bridge,bridge 1934,23.4835552,89.3758049,6.77,A,LRP081b,.
N7,1006598,link,link 4530,23.4833886,89.3740271,188.0,A,LRP082,Km post missing
N7,1006599,bridge,bridge 1935,23.4887774,89.3677216,2.93,A,LRP082a,.
N7,1006600,link,link 4531,23.489583,89.3676104,92.0,A,LRP083,"Jhenaidah 23 km,Chuadanga 58 km"
N7,1006601,bridge,bridge 1936,23.4934163,89.3663056,6.8,A,LRP083a,.
N7,1006602,link,link 4532,23.496083,89.3619722,555.0,A,LRP084,Km post missing
N7,1006603,link,link 4533,23.5005,89.3535556,1000.0,A,LRP085,Km post missing
N7,1006604,link,link 4534,23.5058611,89.3454163,1030.0,A,LRP086,"Jhenaidah 20 km,Kushtia 64 km"
N7,1006605,bridge,bridge 1937,23.50725,89.3423052,6.8,A,LRP086a,.
N7,1006606,bridge,bridge 1938,23.5093889,89.3373052,2.95,A,LRP086b,.
N7,1006607,link,link 4535,23.5095556,89.3364441,81.0,A,LRP087,Km post missing
N7,1006608,link,link 4536,23.51275,89.3282493,1000.0,A,LRP088,Km post missing
N7,1006609,bridge,bridge 1939,23.5130278,89.3272216,6.8,A,LRP088a,.
N7,1006610,bridge,bridge 1940,23.5164444,89.319166,22.75,A,LRP088b,.
N7,1006611,link,link 4537,23.5165556,89.3189716,22.0,A,LRP088c,End of Bridge
N7,1006612,link,link 4538,23.5168604,89.3184716,58.0,A,LRP089,"Jhenaidah 17 km,Chuadanga 52 km"
N7,1006613,bridge,bridge 1941,23.5182771,89.3158056,5.7,A,LRP089a,.
N7,1006614,bridge,bridge 1942,23.5196104,89.3130278,5.68,A,LRP089b,.
N7,1006615,link,link 4539,23.5213049,89.3099722,362.0,A,LRP090,Km post missing
N7,1006616,bridge,bridge 1943,23.5221938,89.3087222,5.7,A,LRP090a,.
N7,1006617,link,link 4540,23.5229993,89.3076944,120.0,A,LRP090b,Start of Jhenaidah road Division / Start of Jhenaidah road Division
N7,1006618,link,link 4541,23.5261104,89.3019167,700.0,A,LRP091,Km post missing
N7,1006619,link,link 4542,23.5300271,89.2929719,1000.0,A,LRP092,Km post missing
N7,1006620,bridge,bridge 1944,23.5322771,89.2864997,3.5,A,LRP092a,.
N7,1006621,link,link 4543,23.5332493,89.283833,289.0,A,LRP093,Km post missing
N7,1006622,bridge,bridge 1945,23.5334719,89.2831382,6.8,A,LRP093a,.
N7,1006623,bridge,bridge 1946,23.5357774,89.277166,3.44,A,LRP093b,.
N7,1006624,link,link 4544,23.536583,89.2748049,230.0,A,LRP094,Km post missing
N7,1006625,bridge,bridge 1947,23.5382497,89.2670549,3.45,A,LRP094a,.
N7,1006626,link,link 4545,23.5391941,89.2650556,208.0,A,LRP095,"Jhenaidah 11 km,Jessore 56 km"
N7,1006627,link,link 4546,23.5415274,89.2563333,1000.0,A,LRP096,Km post missing
N7,1006628,link,link 4547,23.5406663,89.2466941,1000.0,A,LRP097,Km post missing
N7,1006629,bridge,bridge 1948,23.5410274,89.2436663,6.82,A,LRP097a,.
N7,1006630,bridge,bridge 1949,23.5418886,89.2371108,6.8,A,LRP097b,.
N7,1006631,link,link 4548,23.5416663,89.2364997,54.0,A,LRP098,"Jhenaidah 8 km,Khulna 114 km"
N7,1006632,link,link 4549,23.541833,89.2265827,860.0,A,LRP099,"Jhenaidah 7 km,Jessore 52 km"
N7,1006633,link,link 4550,23.540333,89.2171382,1140.0,A,LRP100,"Jhenaidah 6 km,Kushtia 50 km"
N7,1006634,bridge,bridge 1950,23.5399719,89.2083056,3.44,A,LRP100a,.
N7,1006635,link,link 4551,23.540083,89.2075,75.0,A,LRP101,"Jhenaidah 5 km,Chuadanga 40 km"
N7,1006636,link,link 4552,23.5414719,89.1976941,1000.0,A,LRP102,"Jhenaidah 4 km,Khulna 110 km"
N7,1006637,bridge,bridge 1951,23.5420552,89.1932774,7.9,A,LRP102a,.
N7,1006638,link,link 4553,23.5424441,89.190583,248.0,A,LRP102b,"N712 to Arappur,N703 to Jhenaidah town"
N7,1006639,link,link 4554,23.5422497,89.1906108,100.0,A,LRP102c,Box Culvert
N7,1006640,link,link 4555,23.5401386,89.1899163,200.0,A,LRP103,Km post missing
N7,1006641,link,link 4556,23.5398052,89.189833,38.0,A,LRP103a,Box Culvert
N7,1006642,link,link 4557,23.5374719,89.1891386,270.0,A,LRP103b,Box Culvert
N7,1006643,link,link 4558,23.5367219,89.1889163,90.0,A,LRP104,Infor .missing
N7,1006644,bridge,bridge 1952,23.5354719,89.188583,68.82,A,LRP104a,.
N7,1006645,link,link 4559,23.5334719,89.1879441,232.0,A,LRP104b,Box Culvert
N7,1006646,link,link 4560,23.531916,89.1862497,271.0,A,LRP104c,Start of Bridge
N7,1006647,link,link 4561,23.5318049,89.1858608,44.0,A,LRP104d,End of Bridge
N7,1006648,link,link 4562,23.531166,89.1839441,213.0,A,LRP104e,Box Culvert
N7,1006649,link,link 4563,23.5308049,89.1831382,97.0,A,LRP105,Infor.missing
N7,1006650,link,link 4564,23.5305549,89.1826104,60.0,A,LRP105a,Box Culvert
N7,1006651,link,link 4565,23.5294438,89.1802493,273.0,A,LRP105b,Box Culvert
N7,1006652,link,link 4566,23.5261104,89.1746938,667.0,A,LRP105c,Box Culvert
N7,1006653,link,link 4567,23.5259993,89.1745271,30.0,A,LRP106,Km post broken
N7,1006654,link,link 4568,23.5233604,89.1701104,541.0,A,LRP106a,Box Culvert
N7,1006655,link,link 4569,23.5230549,89.1696104,57.0,A,LRP106b,N712 to Jhenaidah town
N7,1006656,link,link 4570,23.5216104,89.1692216,172.0,A,LRP106c,Box Culvert
N7,1006657,link,link 4571,23.5158611,89.1676104,662.0,A,LRP107,"Kaliganj 13 km,Khulna 103 km"
N7,1006658,link,link 4572,23.5071944,89.1643056,1030.0,A,LRP108,"Khulna 102 km,Jessore 41 km"
N7,1006659,bridge,bridge 1953,23.5066667,89.1640833,6.4,C,LRP108a,.
N7,1006660,bridge,bridge 1954,23.5021667,89.1615278,3.65,A,LRP108b,.
N7,1006661,link,link 4573,23.5015278,89.1603611,142.0,A,LRP108c,Box culvert
N7,1006662,link,link 4574,23.5002222,89.159,204.0,A,LRP109,"Kaliganj 11 km,Jessore 40 km"
N7,1006663,bridge,bridge 1955,23.4962497,89.1558889,3.15,A,LRP109a,.
N7,1006664,link,link 4575,23.4931108,89.1531389,447.0,A,LRP110,"Kaliganj 10 km,Khulna 100 km"
N7,1006665,link,link 4576,23.4878052,89.1498052,694.0,A,LRP110a,Box Culvert
N7,1006666,link,link 4577,23.4851108,89.1481386,343.0,A,LRP111,"Khulna 09 km,Jessore 38 km"
N7,1006667,link,link 4578,23.4772771,89.1432774,1000.0,A,LRP112,"Jessore 37  km,Khulna 99 km"
N7,1006668,bridge,bridge 1956,23.4758882,89.1429719,3.7,A,LRP112a,.
N7,1006669,link,link 4579,23.475666,89.1428608,32.0,A,LRP112b,End of Bridge
N7,1006670,link,link 4580,23.4685827,89.1414441,807.0,A,LRP113,"Kaliganj 7 km,Khulna 27 km"
N7,1006671,bridge,bridge 1957,23.4650833,89.1411386,1.37,A,LRP113a,.
N7,1006672,link,link 4581,23.4602778,89.1412219,548.0,A,LRP113b,Box Culvert
N7,1006673,link,link 4582,23.4600556,89.1412219,10.0,A,LRP114,"Jessore 35 km,Khulna 96 km"
N7,1006674,link,link 4583,23.4575278,89.1408608,285.0,A,LRP114a,Box Culvert
N7,1006675,link,link 4584,23.4504722,89.1391663,795.0,A,LRP115,Khulna 95 km
N7,1006676,bridge,bridge 1958,23.4438052,89.1375552,31.5,A,LRP115a,.
N7,1006677,link,link 4585,23.4421386,89.1371663,193.0,A,LRP115b,Box culvert
N7,1006678,link,link 4586,23.44151521401869,89.13710897841122,69.0,A,LRP116,"Kaliganj 4 km,Jessore 33 km"
N7,1006679,link,link 4587,23.4324716,89.1362774,1001.0,A,LRP117,"Jessore 32 km,Khulna 93 km"
N7,1006680,link,link 4588,23.4301104,89.1371108,280.0,A,LRP117a,Box culvert
N7,1006681,link,link 4589,23.423666,89.1378886,730.0,A,LRP118,"Kaliganj 2 km,Jessore 31 km"
N7,1006682,link,link 4590,23.4148889,89.1352219,1040.0,A,LRP119,"Jessore 30 km,Khulna 91 km"
N7,1006683,link,link 4591,23.4140278,89.1346386,102.0,A,LRP119a,Z 7460 to Talsher Bazar
N7,1006684,link,link 4592,23.412457517535543,89.13443954786729,168.0,A,LRP119b,Start of Bridge
N7,1006685,link,link 4593,23.4120556,89.1343886,43.0,A,LRP119c,End of Bridge
N7,1006686,link,link 4594,23.4085556,89.1350552,407.0,A,LRP119d,R748 to Jibonnagar / Z 7021 to Arpara
N7,1006687,link,link 4595,23.4061944,89.1355274,265.0,A,LRP120,Km post broken
N7,1006688,bridge,bridge 1959,23.4028611,89.1361663,2.6,A,LRP120a,.
N7,1006689,link,link 4596,23.3972219,89.1367497,655.0,A,LRP121,"Jessore 28 km,Khulna 89 km"
N7,1006690,link,link 4597,23.3908052,89.1370274,731.0,A,LRP121a,Box Culvert
N7,1006691,link,link 4598,23.388333,89.1371941,269.0,A,LRP122,"Jessore 27 km,Khulna 88 km"
N7,1006692,link,link 4599,23.3873052,89.137333,118.0,A,LRP122a,Box Culvert
N7,1006693,bridge,bridge 1960,23.3842219,89.137583,42.94,C,LRP122b,.
N7,1006694,link,link 4600,23.3808327,89.1381663,368.0,A,LRP122c,Z7057 to Khajura
N7,1006695,link,link 4601,23.3794716,89.1386941,190.0,A,LRP123,"Jessore 26 km,Khulna 87 km"
N7,1006696,link,link 4602,23.3739993,89.1402497,621.0,A,LRP123a,Box culvert
N7,1006697,link,link 4603,23.3705549,89.1412219,399.0,A,LRP124,"Jessore 25 km,Khulna 86 km"
N7,1006698,bridge,bridge 1961,23.3641389,89.1416386,2.25,A,LRP124a,.
N7,1006699,link,link 4604,23.36175,89.1418052,278.0,A,LRP125,"Jessore 24 km,Khulna 85 km"
N7,1006700,bridge,bridge 1962,23.3546111,89.1427219,2.3,A,LRP125a,.
N7,1006701,link,link 4605,23.3529722,89.142833,206.0,A,LRP126,"Jessore 23 km,Khulna 84 km"
N7,1006702,bridge,bridge 1963,23.3523889,89.1428608,4.7,A,LRP126a,.
N7,1006703,link,link 4606,23.3481108,89.1427219,467.0,A,LRP126b,Box Culvert
N7,1006704,link,link 4607,23.3455552,89.1426663,292.0,A,LRP126c,Box Culvert
N7,1006705,link,link 4608,23.344333,89.1426663,141.0,A,LRP126d,Box Culvert
N7,1006706,link,link 4609,23.3438886,89.1426386,50.0,A,LRP127,"Jessore 22 km,Khulna 83 km"
N7,1006707,link,link 4610,23.341333,89.1426663,282.0,A,LRP127a,Box culvert
N7,1006708,link,link 4611,23.3349163,89.1430274,718.0,A,LRP128,"Jessore 21 km,Khulna 32 km"
N7,1006709,bridge,bridge 1964,23.3269716,89.1446108,1.9,A,LRP128a,.
N7,1006710,link,link 4612,23.3259716,89.144833,124.0,A,LRP129,"Jessore 20 km,Khulna 81 km"
N7,1006711,link,link 4613,23.3173049,89.1474441,1000.0,A,LRP130,"Jessore 19 km,Khulna 80 km"
N7,1006712,bridge,bridge 1965,23.3120556,89.1486108,4.7,C,LRP130a,.
N7,1006713,link,link 4614,23.3086944,89.15,397.0,A,LRP131,"Jessore 18 km,Khulna 79 km"
N7,1006714,bridge,bridge 1966,23.3007919545,89.15406026090001,20.0,A,LRP131a,.
N7,1006715,link,link 4615,23.3006389,89.1541389,19.0,A,LRP132,Km post missing
N7,1006716,link,link 4616,23.2920274,89.1557778,980.0,A,LRP133,"Jessore 16 km,Khulna 77 km"
N7,1006717,bridge,bridge 1967,23.2836941,89.1553889,3.0,B,LRP133a,.
N7,1006718,link,link 4617,23.2830271,89.1556389,102.0,A,LRP134,"Jessore 15 km,Khulna 76 km / Start of Jessore road Division / Start of Jessore road Division"
N7,1006719,link,link 4618,23.2743882,89.1586111,1000.0,A,LRP135,"Jessore 14 km,Benapol 52 km"
N7,1006720,link,link 4619,23.2654167,89.1615278,1030.0,A,LRP136,"Jessore 13 km,Satkhira 80 km"
N7,1006721,bridge,bridge 1968,23.2617222,89.1626389,3.25,B,LRP136a,.
N7,1006722,link,link 4620,23.2571111,89.1638056,531.0,A,LRP137,"Jessore 12 km,Satkhira 79 km"
N7,1006723,link,link 4621,23.2486663,89.1661389,970.0,A,LRP138,"Jessore 11 km,Khulna 72 km"
N7,1006724,link,link 4622,23.2418886,89.1665833,778.0,A,LRP138a,Start of Bridge
N7,1006725,link,link 4623,23.2416108,89.1665,38.0,A,LRP138b,End of Bridge
N7,1006726,link,link 4624,23.2396386,89.1659167,233.0,A,LRP139,"Jessore 10 km,Benapol 48 km"
N7,1006727,link,link 4625,23.2312771,89.1639722,962.0,A,LRP140,"Jessore 09 km,Khulna 52 km"
N7,1006728,bridge,bridge 1969,23.2261938,89.1637222,1.5,C,LRP140a,.
N7,1006729,link,link 4626,23.221916,89.1640833,483.0,A,LRP141,"Jessore 08 km,Satkhira 75 km"
N7,1006730,bridge,bridge 1970,23.2180827,89.1654444,2.25,A,LRP141a,.
N7,1006731,link,link 4627,23.214,89.1669993,630.0,A,LRP142,"Jessore 7 km,Benapol 44 km"
N7,1006732,link,link 4628,23.2061667,89.1727493,938.0,A,LRP143,"Jessore 6 km,Satkhira 73 km"
N7,1006733,link,link 4629,23.1989441,89.1775549,968.0,A,LRP144,"Jessore 5 km,Khulna 68 km"
N7,1006734,link,link 4630,23.1916386,89.183833,1040.0,A,LRP145,"Jessore 4 km,Benapol 41 km"
N7,1006735,link,link 4631,23.1909163,89.1838886,88.0,A,LRP145a,Box Culvert
N7,1006736,link,link 4632,23.1875552,89.1850274,386.0,A,LRP145b,Box Culvert
N7,1006737,link,link 4633,23.1851386,89.187083,344.0,A,LRP145c,Z 7050 to Shadhinata Sharoni
N7,1006738,link,link 4634,23.1842774,89.1879441,135.0,A,LRP146,"Jessore 3 km,Satkhira 70 km"
N7,1006739,link,link 4635,23.1810549,89.1911663,450.0,A,LRP146a,N707 to Monihar
N7,1006740,link,link 4636,23.1764716,89.1918052,550.0,A,LRP147,"Satkhira 69 km,Khulna 65 km"
N7,1006741,link,link 4637,23.1675549,89.1931941,1000.0,A,LRP148,"Benapol 38 km,Khulna 64 km"
N7,1006742,bridge,bridge 1971,23.1621944,89.1940274,2.0,A,LRP148a,.
N7,1006743,bridge,bridge 1972,23.1599167,89.1944441,2.28,A,LRP148b,.
N7,1006744,link,link 4638,23.1585556,89.1946663,155.0,A,LRP149,"Benapol 37 km,Satkhira 67 km"
N7,1006745,link,link 4639,23.1575556,89.194833,131.0,A,LRP149a,Box Culvert
N7,1006746,link,link 4640,23.1559167,89.1950552,187.0,A,LRP149b,Box Culvert
N7,1006747,link,link 4641,23.1556667,89.1951108,7.0,A,LRP149c,Rail road crossing
N7,1006748,intersection,intersection 97,23.1524167,89.195583,362.0,A,LRP149d,Box Culvert
N7,1006749,intersection,intersection 98,23.1495552,89.1959719,333.0,A,LRP150,"Benapol 36 km,Khulna 62 km"
N7,1006750,intersection,intersection 99,23.144833,89.1966108,544.0,A,LRP150a,Box Culvert
N7,1006751,intersection,intersection 100,23.1445552,89.1967219,26.0,A,LRP150b,N706 to Benapole
N7,1006752,intersection,intersection 101,23.1445274,89.1967774,101.0,A,LRP150c,Box Culvert
N7,1006753,intersection,intersection 102,23.144583,89.1971663,17.0,A,LRP150d,Box Culvert
N7,1006754,intersection,intersection 103,23.1447219,89.1979719,32.0,A,LRP150e,N706 to Jessore
N7,1006755,intersection,intersection 104,23.144833,89.198083,17.0,A,LRP151,"Jessore 3 km,Khulna 61 km"
N7,1006756,link,link 4642,23.1453886,89.2101944,1100.0,A,LRP152,"Khulna 60 km,Noapara 28 km"
N7,1006757,link,link 4643,23.1452497,89.2119722,381.0,A,LRP152a,Box Culvert
N7,1006758,link,link 4644,23.1444997,89.2170549,536.0,A,LRP152b,Box culvert
N7,1006759,link,link 4645,23.1436663,89.2197493,83.0,A,LRP153,Km post missing
N7,1006760,link,link 4646,23.1425552,89.2263604,920.0,A,LRP154,"Noapara 26 km,Khulna 58 km"
N7,1006761,link,link 4647,23.1426386,89.2286104,240.0,A,LRP154a,Box Culvert
N7,1006762,link,link 4648,23.1428052,89.2313327,270.0,A,LRP154b,Rail road crossing
N7,1006763,link,link 4649,23.1429441,89.2361386,490.0,A,LRP155,Km post missing
N7,1006764,bridge,bridge 1973,23.1431386,89.2373052,3.7,A,LRP155a,.
N7,1006765,link,link 4650,23.1420274,89.2457219,900.0,A,LRP156,"Khulna 65 km,Daulatpur 45 km"
N7,1006766,bridge,bridge 1974,23.1400274,89.2488608,3.63,A,LRP156a,.
N7,1006767,link,link 4651,23.1388608,89.25025,207.0,A,LRP156b,R755 to Satkhira
N7,1006768,link,link 4652,23.1354441,89.2518056,410.0,A,LRP157,"Khulna 54 km,Magura 71 km"
N7,1006769,bridge,bridge 1975,23.1337497,89.2541389,5.0,A,LRP157a,.
N7,1006770,link,link 4653,23.1304993,89.2597778,688.0,A,LRP158,"Khulna 53 km,Daulatpur 43 km"
N7,1006771,link,link 4654,23.1263882,89.2683604,1010.0,A,LRP159,Infor.missing
N7,1006772,link,link 4655,23.1274993,89.2774993,1000.0,A,LRP160,Km post missing
N7,1006773,link,link 4656,23.1274993,89.2868886,1000.0,A,LRP161,Km post missing
N7,1006774,link,link 4657,23.1281938,89.2963886,1000.0,A,LRP162,Km post missing
N7,1006775,link,link 4658,23.1293327,89.2987774,322.0,A,LRP162a,Box Culvert
N7,1006776,link,link 4659,23.1302216,89.3056389,688.0,A,LRP163,Km post broken
N7,1006777,bridge,bridge 1976,23.1285549,89.3145833,1.95,A,LRP163a,.
N7,1006778,link,link 4660,23.128416,89.3152778,69.0,A,LRP164,Km post missing
N7,1006779,link,link 4661,23.1282771,89.3248327,1000.0,A,LRP165,"Khulna 47 km,Daulatpur 37 km"
N7,1006780,bridge,bridge 1977,23.1280271,89.329416,1.65,C,LRP165a,.
N7,1006781,link,link 4662,23.1276104,89.3344997,534.0,A,LRP166,Km post missing
N7,1006782,link,link 4663,23.1244716,89.3424163,1000.0,A,LRP167,"Khulna 45 km,Daulatpur 35 km"
N7,1006783,link,link 4664,23.124416,89.3424163,2.0,A,LRP167a,Box Culvert
N7,1006784,link,link 4665,23.123916,89.3426108,58.0,A,LRP167b,Rail road crossing
N7,1006785,link,link 4666,23.1187493,89.3498608,940.0,A,LRP168,Km post missing
N7,1006786,bridge,bridge 1978,23.1172493,89.3525833,5.58,C,LRP168a,.
N7,1006787,link,link 4667,23.1119167,89.3544722,675.0,A,LRP169,"Khulna 43 km,Mongla 80 km"
N7,1006788,link,link 4668,23.1029722,89.3533889,1010.0,A,LRP170,"Khulna 42 km,Noapara 10 km"
N7,1006789,bridge,bridge 1979,23.1021944,89.3533889,1.55,C,LRP170a,.
N7,1006790,link,link 4669,23.097083,89.3534444,564.0,A,LRP170b,Z7049 to Bahirghat
N7,1006791,link,link 4670,23.0941108,89.3541667,350.0,A,LRP171,"Khulna 41 km,Bagerhat 61 km"
N7,1006792,link,link 4671,23.0910552,89.3556111,376.0,A,LRP171a,Z7048 to Dakuria
N7,1006793,link,link 4672,23.086583,89.3593611,624.0,A,LRP172,"Khulna 40 km, Noapara 8 km"
N7,1006794,link,link 4673,23.0830549,89.3626389,510.0,A,LRP172a,Box Culvert
N7,1006795,link,link 4674,23.0796104,89.3655556,490.0,A,LRP173,Km post missing
N7,1006796,link,link 4675,23.0716382,89.3701104,1000.0,A,LRP174,"Khulna 38 km,Mongla 75 km"
N7,1006797,link,link 4676,23.0709438,89.3704716,77.0,A,LRP174a,Box Culvert
N7,1006798,link,link 4677,23.0668604,89.3729716,525.0,A,LRP174b,Start of Bridge
N7,1006799,link,link 4678,23.0667493,89.3730271,16.0,A,LRP174c,End of Bridge
N7,1006800,link,link 4679,23.0638056,89.3748049,382.0,A,LRP175,"Khulna 37 km,Daulatpur"
N7,1006801,bridge,bridge 1980,23.0568611,89.3789716,5.33,C,LRP175a,.
N7,1006802,link,link 4680,23.058569136077057,89.37794736322242,132.0,A,LRP176,"Khulna 35 km,Mongla 77 km"
N7,1006803,link,link 4681,23.049542242858145,89.38396364879509,1010.0,A,LRP177,"Khulna 38 km,Mongla 75 km"
N7,1006804,link,link 4682,23.0406941,89.3898608,990.0,A,LRP178,"Khulna 34 km,Noapara 2 km"
N7,1006805,link,link 4683,23.0373052,89.3926108,485.0,A,LRP178a,Rail Road Crossing
N7,1006806,link,link 4684,23.0357497,89.3944719,265.0,A,LRP178b,Rail road crossing
N7,1006807,link,link 4685,23.0337774,89.3958886,260.0,A,LRP179,"Khulna 33 km,Daulatpur 23 km"
N7,1006808,link,link 4686,23.0262771,89.4024167,1000.0,A,LRP180,"Khulna 32 km,Daulatpur 22 km"
N7,1006809,link,link 4687,23.0213882,89.4069167,824.0,A,LRP180a,Box Culvert
N7,1006810,link,link 4688,23.0196104,89.4081667,134.0,A,LRP181,"Khulna 30 km,Daulatpur 20 km"
N7,1006811,link,link 4689,23.0124167,89.4141944,1020.0,A,LRP182,"Khulna 29 km,Daulatpur 19 km"
N7,1006812,link,link 4690,23.0060278,89.420666,993.0,A,LRP183,"Khulna 29 km,Daulatpur 19 km"
N7,1006813,bridge,bridge 1981,23.0010833,89.427416,4.2,C,LRP183a,.
N7,1006814,link,link 4691,23.0003889,89.4280827,102.0,A,LRP184,"Khulna 27 km,Bagerhat 48 km"
N7,1006815,link,link 4692,22.996833,89.4317493,555.0,A,LRP184a,Start of Khulna road Division
N7,1006816,link,link 4693,22.9964441,89.4321382,66.0,A,LRP184b,Box culvert
N7,1006817,link,link 4694,22.9936386,89.4344441,379.0,A,LRP185,Km post missing
N7,1006818,bridge,bridge 1982,22.9927497,89.4352219,2.0,A,LRP185a,.
N7,1006819,link,link 4695,22.9912497,89.4362497,178.0,A,LRP185b,Box culvert
N7,1006820,link,link 4696,22.991083,89.4363886,73.0,A,LRP186,Khulna 27 km
N7,1006821,bridge,bridge 1983,22.9865274,89.4414719,1.2,A,LRP186a,.
N7,1006822,link,link 4697,22.9858608,89.4429719,173.0,A,LRP187,Khulna 26 km
N7,1006823,link,link 4698,22.9848886,89.4447497,211.0,A,LRP187a,Box Culvert
N7,1006824,bridge,bridge 1984,22.9820271,89.4514722,3.2,D,LRP187b,.
N7,1006825,link,link 4699,22.9818882,89.4519167,102.0,A,LRP188,Infor.missing
N7,1006826,bridge,bridge 1985,22.9816382,89.4534167,3.78,A,LRP188a,.
N7,1006827,link,link 4700,22.9802216,89.4588889,594.0,A,LRP188b,Box Culvert
N7,1006828,link,link 4701,22.9791104,89.4616389,300.0,A,LRP189,Khulna 24 km
N7,1006829,link,link 4702,22.9773882,89.4703327,1025.0,A,LRP190,Khulna 23 km
N7,1006830,bridge,bridge 1986,22.9763049,89.471916,2.0,A,LRP190a,.
N7,1006831,link,link 4703,22.976166,89.472166,39.0,A,LRP190b,Box Culvert
N7,1006832,link,link 4704,22.9743327,89.474666,321.0,A,LRP190c,Z7043 to Dumuria
N7,1006833,link,link 4705,22.9708327,89.4762493,425.0,A,LRP191,Khulna 22 km
N7,1006834,link,link 4706,22.9686382,89.4770271,270.0,A,LRP191a,Box culvert
N7,1006835,link,link 4707,22.9668049,89.4775271,220.0,A,LRP191b,Box culvert
N7,1006836,link,link 4708,22.9620833,89.4790549,548.0,A,LRP192,Khulna 21 km
N7,1006837,link,link 4709,22.9531944,89.4797216,1010.0,A,LRP193,Khulna 20 km
N7,1006838,bridge,bridge 1987,22.9513333,89.4792771,2.95,C,LRP193a,.
N7,1006839,link,link 4710,22.9449163,89.4813882,781.0,A,LRP194,Khulna 19 km
N7,1006840,intersection,intersection 105,22.9371941,89.4870274,1030.0,A,LRP195,Khulna 18 km
N7,1006841,intersection,intersection 106,22.9357219,89.4878608,186.0,A,LRP195a,N709 to Khanjahan Ali Bridge
N7,1006842,bridge,bridge 1988,22.9352497,89.4882219,3.1,A,LRP195b,.
N7,1006843,intersection,intersection 107,22.9304716,89.4929441,721.0,A,LRP196,Khulna 17 km
N7,1006844,link,link 4711,22.926166,89.4969719,636.0,A,LRP196a,Box Culvert
N7,1006845,link,link 4712,22.9228604,89.4989163,419.0,A,LRP197,Infor.missing
N7,1006846,bridge,bridge 1989,22.9218049,89.4995274,3.1,D,LRP197a,.
N7,1006847,link,link 4713,22.9147222,89.5029444,867.0,A,LRP198,Km post missing
N7,1006848,link,link 4714,22.9073611,89.50775,965.0,A,LRP199,Khulna 14 km
N7,1006849,link,link 4715,22.8988886,89.5098611,980.0,A,LRP200,Khulna 13 km
N7,1006850,link,link 4716,22.8972774,89.5099444,195.0,A,LRP200a,Rail road crossing
N7,1006851,link,link 4717,22.8906941,89.5134722,837.0,A,LRP201,Khulna 12 km
N7,1006852,link,link 4718,22.8831382,89.5173049,925.0,A,LRP201a,Left Z7040
N7,1006853,link,link 4719,22.8824716,89.5176938,85.0,A,LRP202,Khulna 11 km
N7,1006854,link,link 4720,22.874666,89.5224438,1000.0,A,LRP203,Km post missing
N7,1006855,link,link 4721,22.8667771,89.5275549,1020.0,A,LRP204,Khulna 10 km
N7,1006856,link,link 4722,22.8588889,89.5322216,1000.0,A,LRP205,Km post missing
N7,1006857,link,link 4723,22.8554722,89.5343052,440.0,A,LRP205a,Box Culvert
N7,1006858,link,link 4724,22.8510833,89.5368052,530.0,A,LRP206,Khulna 7 km
N7,1006859,link,link 4725,22.8451108,89.538583,692.0,A,LRP206a,Box Culvert
N7,1006860,link,link 4726,22.8423608,89.5391663,318.0,A,LRP207,Khulna 6 km
N7,1006861,link,link 4727,22.8342774,89.5424997,1000.0,A,LRP208,Km post missing
N7,1006862,link,link 4728,22.8278327,89.5499441,1050.0,A,LRP209,Khulna 3 km
N7,1006863,link,link 4729,22.8209993,89.5554444,980.0,A,LRP210,Khulna 2 km
N7,1006864,link,link 4730,22.8189716,89.5581111,349.0,A,LRP210a,"Power House More, R760"
N7,1006865,link,link 4731,22.8143611,89.5605556,651.0,A,LRP211,Km post missing
N7,1006866,link,link 4732,22.8077778,89.5664722,1000.0,A,LRP212,Km post missing
N7,1006867,link,link 4733,22.8037222,89.5749438,1000.0,A,LRP213,Km post missing
N7,1006868,bridge,bridge 1990,22.8019444,89.5811104,2.0,A,LRP213a,.
N7,1006869,link,link 4734,22.8010556,89.5843886,315.0,A,LRP214,Km post missing
N7,1006870,bridge,bridge 1991,22.8006667,89.5859997,1.7,A,LRP214a,.
N7,1006871,link,link 4735,22.8005833,89.5867497,240.0,A,LRP214b,R771 to Bagerhat
N7,1006872,link,link 4736,22.8001111,89.5884441,201.0,A,LRP214c,Z7041 to Terokhada
N7,1006873,link,link 4737,22.7991108,89.5929163,474.0,A,LRP215,Km post missing
N7,1006874,link,link 4738,22.7981108,89.5973052,466.0,A,LRP216,Mongla 40 km
N7,1006875,link,link 4739,22.7931108,89.605,1010.0,A,LRP217,Mongla 39 km
N7,1006876,link,link 4740,22.7860552,89.6110556,1000.0,A,LRP218,Mongla 38 km
N7,1006877,link,link 4741,22.7786382,89.6165278,1000.0,A,LRP219,Mongla 37 km
N7,1006878,bridge,bridge 1992,22.7745271,89.6171938,2.2,A,LRP219a,.
N7,1006879,bridge,bridge 1993,22.7732493,89.6173604,1.9,A,LRP219b,.
N7,1006880,bridge,bridge 1994,22.7731382,89.617416,1.9,A,LRP219c,.
N7,1006881,intersection,intersection 108,22.7697771,89.6179993,375.0,A,LRP220,Mongla 36 km
N7,1006882,link,link 4742,22.7618333,89.6220271,1000.0,A,LRP221,Mongla 35 km
N7,1006883,link,link 4743,22.7548889,89.6283604,1000.0,A,LRP222,Mongla 34 km
N7,1006884,link,link 4744,22.7469997,89.6327771,1010.0,A,LRP223,Mongla 33 km
N7,1006885,bridge,bridge 1995,22.7448608,89.6336108,2.9,A,LRP223a,.
N7,1006886,intersection,intersection 109,22.7441663,89.6339163,50.0,A,LRP223b,End of Bridge
N7,1006887,intersection,intersection 110,22.7409163,89.6349719,376.0,A,LRP223c,N805 to Mollarhat
N7,1006888,intersection,intersection 111,22.7383886,89.6356941,285.0,A,LRP224,Mongla 32 km
N7,1006889,link,link 4745,22.7298604,89.6386108,1000.0,A,LRP225,Mongla 31 km
N7,1006890,link,link 4746,22.7214716,89.6423052,1010.0,A,LRP226,Mongla 30 km
N7,1006891,link,link 4747,22.7131111,89.6459997,1010.0,A,LRP227,Mongla 29 km
N7,1006892,link,link 4748,22.7046944,89.6496941,1000.0,A,LRP228,Mongla 28 km
N7,1006893,link,link 4749,22.6958608,89.6510833,1000.0,A,LRP229,Mongla 27 km
N7,1006894,link,link 4750,22.6868052,89.6514167,1010.0,A,LRP230,Km post broken
N7,1006895,bridge,bridge 1996,22.6811382,89.6516111,2.0,A,LRP230a,.
N7,1006896,link,link 4751,22.6807771,89.6516111,25.0,A,LRP230b,End of Bridge
N7,1006897,link,link 4752,22.6778049,89.6517222,350.0,A,LRP231,Mongla 25 km
N7,1006898,link,link 4753,22.6695271,89.6494441,1000.0,A,LRP232,Km post missing
N7,1006899,link,link 4754,22.6618611,89.6439997,1020.0,A,LRP233,Mongla 23 km
N7,1006900,link,link 4755,22.6535833,89.6411108,1000.0,A,LRP234,Mongla 22 km
N7,1006901,bridge,bridge 1997,22.6484719,89.641333,2.85,A,LRP234a,.
N7,1006902,link,link 4756,22.6445552,89.6414997,426.0,A,LRP235,Mongla 21 km
N7,1006903,link,link 4757,22.6355552,89.6418608,1000.0,A,LRP236,Infor.missing
N7,1006904,bridge,bridge 1998,22.6321382,89.6419997,2.9,A,LRP236a,.
N7,1006905,bridge,bridge 1999,22.6317493,89.6419997,2.9,A,LRP236b,.
N7,1006906,link,link 4758,22.6265271,89.6422219,575.0,A,LRP237,Mongla 19 km
N7,1006907,link,link 4759,22.6174993,89.642583,1000.0,A,LRP238,Mongla 18 km
N7,1006908,link,link 4760,22.6084444,89.6429441,2000.0,A,LRP239,Mongla 17 km
N7,1006909,link,link 4761,22.5994719,89.642833,10.0,A,LRP240,Mongla 16 km
N7,1006910,link,link 4762,22.5928608,89.636333,1000.0,A,LRP241,Mongla 15  km
N7,1006911,bridge,bridge 2000,22.5886108,89.6315549,2.5,A,LRP241a,.
N7,1006912,bridge,bridge 2001,22.5881941,89.6310827,2.5,A,LRP241b,.
N7,1006913,link,link 4763,22.5866108,89.6293049,249.0,A,LRP242,Mongla 14 km
N7,1006914,bridge,bridge 2002,22.5845274,89.6270549,1.85,A,LRP242a,.
N7,1006915,link,link 4764,22.5842219,89.6267493,42.0,A,LRP242b,End of Bridge
N7,1006916,link,link 4765,22.5801382,89.6225271,627.0,A,LRP243,Mongla 13 km
N7,1006917,link,link 4766,22.5741938,89.6153889,1000.0,A,LRP244,Infor.missing
N7,1006918,bridge,bridge 2003,22.5732771,89.6143333,31.22,A,LRP244a,Tatulia Bridge
N7,1006919,link,link 4767,22.5728049,89.6138333,74.0,A,LRP244b,End of Bridge
N7,1006920,link,link 4768,22.5677771,89.6083333,782.0,A,LRP245,Mongla 11 km
N7,1006921,link,link 4769,22.5614444,89.6014444,1000.0,A,LRP246,Mongla 10 km
N7,1006922,bridge,bridge 2004,22.5561389,89.5951386,56.43,C,LRP246a,Balai bridge.
N7,1006923,link,link 4770,22.5559167,89.5948608,38.0,A,LRP246b,End of Bridge
N7,1006924,link,link 4771,22.5553611,89.5941941,86.0,A,LRP247,Mongla 09 km
N7,1006925,link,link 4772,22.5479163,89.5899997,1000.0,A,LRP248,Mongla 8 km
N7,1006926,link,link 4773,22.5388608,89.5902219,1000.0,A,LRP249,Mongla 7 km
N7,1006927,link,link 4774,22.529916,89.5898052,1000.0,A,LRP250,Mongla 6 km
N7,1006928,sourcesink,sourcesink 40,22.5293327,89.5894441,74.0,A,LRPE,"End of road at Digraj,Mongla,Bagerhat."
N702,1006929,sourcesink,sourcesink 41,23.1665833,89.2095,0.0,A,LRPS,"Start from Daratana more Traffic Island,Intersection with N-707,Jessore."
N702,1006930,intersection,intersection 112,23.1670271,89.2095,45.0,A,LRPSa,Bhoyrab Chalttor
N702,1006931,intersection,intersection 113,23.1670549,89.2095278,2.0,A,LRP001,Info Not clear
N702,1006932,bridge,bridge 2005,23.1671104,89.2095556,3.6,A,LRP001a,.
N702,1006933,bridge,bridge 2006,23.1672771,89.2095833,3.6,A,LRP001b,.
N702,1006934,bridge,bridge 2007,23.1682216,89.2102222,3.6,A,LRP001c,.
N702,1006935,intersection,intersection 114,23.172666,89.214,780.0,A,LRP002,Info not clear
N702,1006936,link,link 4775,23.1770549,89.2142778,537.0,A,LRP002a,"N-708,Jessore town alternate road"
N702,1006937,link,link 4776,23.1810271,89.2140278,458.0,A,LRP003,Km post missng
N702,1006938,link,link 4777,23.1906941,89.2145278,1030.0,A,LRP004,"Faridpur 86 km,Kushtia 84 km"
N702,1006939,link,link 4778,23.1991941,89.2175549,1010.0,A,LRP005,"Doulotdia 117 km,Magura 40 km"
N702,1006940,link,link 4779,23.2070556,89.2198604,892.0,A,LRP005a,Box culvert
N702,1006941,link,link 4780,23.2078333,89.220166,88.0,A,LRP006,"Faridpur 84 km,Magura 39 km"
N702,1006942,link,link 4781,23.2151944,89.2259438,1005.0,A,LRP007,"Dhaka 215 km,Magura 38 km"
N702,1006943,bridge,bridge 2008,23.2185549,89.2284438,6.74,A,LRP007a,.
N702,1006944,link,link 4782,23.2233327,89.2298604,576.0,A,LRP008,"Kushtia 80 km,Simakhali 15 km"
N702,1006945,bridge,bridge 2009,23.2258604,89.2299716,3.65,A,LRP008a,.
N702,1006946,link,link 4783,23.2313049,89.2312771,620.0,A,LRP008b,Box culvert
N702,1006947,link,link 4784,23.2320827,89.2314438,75.0,A,LRP009,"Faridpur 81 km,Magura 36 km"
N702,1006948,bridge,bridge 2010,23.2398886,89.2321104,1.85,A,LRP009a,.
N702,1006949,bridge,bridge 2011,23.2398886,89.2321382,21.3,A,LRP009b,Jagla Bridge
N702,1006950,link,link 4785,23.2409719,89.2319438,120.0,A,LRP010,"Dhaka 212 km,Magura 35 km"
N702,1006951,bridge,bridge 2012,23.2424719,89.2315827,3.65,A,LRP010a,.
N702,1006952,link,link 4786,23.249083,89.232666,818.0,A,LRP011,Magura 34 km
N702,1006953,bridge,bridge 2013,23.2491941,89.2327493,6.7,A,LRP011a,.
N702,1006954,link,link 4787,23.2553889,89.2354719,773.0,A,LRP011b,Box culvert
N702,1006955,link,link 4788,23.2568056,89.2366108,203.0,A,LRP012,Kushtia 76 km
N702,1006956,bridge,bridge 2014,23.2645833,89.2402774,3.6,A,LRP012a,.
N702,1006957,link,link 4789,23.2814438,89.2403886,25.0,A,LRP013,"Doulotdia 109 km,Magura 32 km"
N702,1006958,link,link 4790,23.2727216,89.2445552,1000.0,A,LRP014,Km post broken
N702,1006959,link,link 4791,23.2747771,89.2534167,1000.0,A,LRP015,"Kushtia 73 km,Simakhali 9 km"
N702,1006960,bridge,bridge 2015,23.2756104,89.2567222,6.9,A,LRP015a,.
N702,1006961,link,link 4792,23.2783327,89.26225,636.0,A,LRP016,"Dhaka 206 km,Magura 29 km"
N702,1006962,link,link 4793,23.2836941,89.2696938,970.0,A,LRP017,"Faridpur 73 km,Simakhali 7 km"
N702,1006963,link,link 4794,23.290083,89.2765271,1020.0,A,LRP018,"Magura 27 km,Kushtia 70 km"
N702,1006964,bridge,bridge 2016,23.2948608,89.282416,5.2,A,LRP018a,.
N702,1006965,link,link 4795,23.2960274,89.2838608,192.0,A,LRP019,"Magura 26 km,Simakhali 5 km"
N702,1006966,link,link 4796,23.30225,89.2906941,1000.0,A,LRP020,Km post missing
N702,1006967,link,link 4797,23.3069444,89.2968886,850.0,A,LRP020a,Bridge start
N702,1006968,link,link 4798,23.3072222,89.2969441,10.0,A,LRP020b,Bridge end
N702,1006969,link,link 4799,23.30807437391304,89.29796877826087,140.0,A,LRP021,Km post misisng
N702,1006970,link,link 4800,23.3142222,89.3053611,1010.0,A,LRP022,"Dhaka 201 km,Simakhali 2 km"
N702,1006971,link,link 4801,23.3201938,89.3126389,1010.0,A,LRP023,"Magura 22 km,Faridpur 67 km"
N702,1006972,link,link 4802,23.3244716,89.3159444,556.0,A,LRP023a,Start of RHD Magura / Start of RHD Magura
N702,1006973,link,link 4803,23.3246938,89.3161111,24.0,A,LRP023b,Truss Bridge start
N702,1006974,link,link 4804,23.3251104,89.3165,60.0,A,LRP023c,Bridge end
N702,1006975,link,link 4805,23.3276382,89.318666,300.0,A,LRP024,Km post mising
N702,1006976,link,link 4806,23.334833,89.3253327,1050.0,A,LRP025,"Magura 20 km, Faridpur 65 km"
N702,1006977,link,link 4807,23.3402774,89.3303327,792.0,A,LRP025a,Box culvert
N702,1006978,link,link 4808,23.341333,89.3313604,228.0,A,LRP026,"Magura 19 km,Dhaka 196 km"
N702,1006979,link,link 4809,23.3484719,89.3379719,990.0,A,LRP027,Magura 18 km
N702,1006980,link,link 4810,23.3498608,89.3392219,186.0,A,LRP027a,Box culvert
N702,1006981,link,link 4811,23.3546389,89.3451663,799.0,A,LRP028,"Magura 17 km, Dhaka 194 km"
N702,1006982,link,link 4812,23.3563889,89.3473052,297.0,A,LRP028a,Box culvert
N702,1006983,link,link 4813,23.3605556,89.3525,683.0,A,LRP029,"Magura 16 km, Dhaka 193 km"
N702,1006984,link,link 4814,23.3620833,89.35475,286.0,A,LRP029a,Box culvert
N702,1006985,link,link 4815,23.3651111,89.3593889,577.0,A,LRP029b,Box culvert
N702,1006986,link,link 4816,23.3658333,89.3604722,137.0,A,LRP030,"Magura 15 km,Dhaka 192 km"
N702,1006987,link,link 4817,23.366411892,89.3613899056,112.0,A,LRP030a,Box culvert
N702,1006988,link,link 4818,23.3709993,89.368666,888.0,A,LRP031,Km post missing
N702,1006989,link,link 4819,23.3723049,89.370416,227.0,A,LRP031a,Box culvert
N702,1006990,link,link 4820,23.3756382,89.3723327,418.0,A,LRP031b,Z-7021 to Kaliganj road
N702,1006991,link,link 4821,23.3757493,89.3723882,35.0,A,LRP031c,Z-7201 to Arpara road
N702,1006992,link,link 4822,23.3762771,89.3726104,35.0,A,LRP031d,Truss Bridge start
N702,1006993,link,link 4823,23.3770271,89.3729438,90.0,A,LRP031e,Bridge end
N702,1006994,link,link 4824,23.3787771,89.3737216,195.0,A,LRP032,Km post missing
N702,1006995,bridge,bridge 2017,23.3841663,89.3753882,2.0,A,LRP032a,.
N702,1006996,link,link 4825,23.3866663,89.3769438,388.0,A,LRP033,Km post missing
N702,1006997,bridge,bridge 2018,23.393404358688525,89.3826027042623,2.0,A,LRP033a,.
N702,1006998,link,link 4826,23.3937774,89.382916,48.0,A,LRP034,"Magura 11 km, Dhaka 189 km"
N702,1006999,bridge,bridge 2019,23.3996941,89.3878052,2.0,A,LRP034a,.
N702,1007000,link,link 4827,23.4009722,89.3888886,177.0,A,LRP035,"Magura 10 km, Dhaka 188 km"
N702,1007001,bridge,bridge 2020,23.40575,89.3928608,2.0,A,LRP035a,.
N702,1007002,bridge,bridge 2021,23.4058889,89.3929719,2.0,A,LRP035b,.
N702,1007003,link,link 4828,23.4082222,89.3948608,314.0,A,LRP036,"Magura 9 km,Dhaka 187 km"
N702,1007004,bridge,bridge 2022,23.4111667,89.3971941,6.85,A,LRP036a,.
N702,1007005,link,link 4829,23.4157778,89.4002778,602.0,A,LRP037,Magura 8 km
N702,1007006,bridge,bridge 2023,23.4186104,89.4015,3.6,A,LRP037a,.
N702,1007007,link,link 4830,23.4238604,89.4031667,601.0,A,LRP037b,Box Culvert
N702,1007008,link,link 4831,23.4243327,89.4033333,67.0,A,LRP038,Km post missing
N702,1007009,bridge,bridge 2024,23.4280549,89.4045,2.0,A,LRP038a,.
N702,1007010,link,link 4832,23.4327493,89.4060278,534.0,A,LRP038b,Box culvert
N702,1007011,link,link 4833,23.4331382,89.4061111,33.0,A,LRP039,Magura 6 km
N702,1007012,link,link 4834,23.4408886,89.4084167,891.0,A,LRP040,"Magura 5 km, Dhaka 184 km"
N702,1007013,bridge,bridge 2025,23.4472497,89.4094722,2.0,A,LRP040a,.
N702,1007014,bridge,bridge 2026,23.447583,89.4095,2.0,A,LRP040b,.
N702,1007015,link,link 4835,23.4499163,89.4095833,246.0,A,LRP041,"Magura 4 km,Dhaka 189 km"
N702,1007016,bridge,bridge 2027,23.4575833,89.4115278,2.0,A,LRP041a,.
N702,1007017,link,link 4836,23.4586111,89.412,69.0,A,LRP042,Km post missing
N702,1007018,link,link 4837,23.4630278,89.4128056,510.0,A,LRP042a,Box culvert
N702,1007019,link,link 4838,23.4672493,89.4135278,472.0,A,LRP043,Magura 2 km
N702,1007020,link,link 4839,23.4723882,89.41475,579.0,A,LRP043a,Box culvert
N702,1007021,link,link 4840,23.4758882,89.4165556,401.0,A,LRP044,"Magura 1 km, Dhaka 180 km"
N702,1007022,link,link 4841,23.4788882,89.4166111,45.0,A,LRP044a,Box culvert
N702,1007023,link,link 4842,23.4788882,89.4175827,309.0,A,LRP044b,Box Culvert
N702,1007024,link,link 4843,23.4844719,89.4188882,608.0,A,LRP045,"Magura 0 km,Dhaka 179 km"
N702,1007025,sourcesink,sourcesink 42,23.4856663,89.4189716,130.0,A,LRPE,End road at Vaina more Magura &Meet with N-7
N704,1007026,sourcesink,sourcesink 43,23.5456941,89.1728604,0.0,A,LRPS,Start at post office more and intersection at N 703 & N 704 Jhenaihah .
N704,1007027,link,link 4844,23.5476663,89.1736382,233.0,A,LRPSa,R.C.C Bridge  start
N704,1007028,link,link 4845,23.5484163,89.1736382,87.0,A,LRPSb,R.C.C Bridge  end
N704,1007029,link,link 4846,23.5537222,89.1740827,602.0,A,LRPSc,N 712
N704,1007030,link,link 4847,23.5546111,89.173916,98.0,A,LRP001,Kushtia 45 km Meherpur 103 km
N704,1007031,link,link 4848,23.5618056,89.172916,813.0,A,LRP001a,R.C.C Bridge start
N704,1007032,link,link 4849,23.5620278,89.1729438,25.0,A,LRP001b,R.C.C Bridge  end
N704,1007033,link,link 4850,23.5626389,89.1730827,62.0,A,LRP002,Kushtia 44 km Pabna 107 km
N704,1007034,link,link 4851,23.568566444,89.1747167076,684.0,A,LRP002a,Box Culvert
N704,1007035,link,link 4852,23.5713049,89.1754716,316.0,A,LRP003,Kushtia 43 km Bogra 192 km
N704,1007036,bridge,bridge 2028,23.5730271,89.1759438,24.66,A,LRP003a,.
N704,1007037,link,link 4853,23.5733049,89.1760271,33.0,A,LRP003b,R.C.C Bridge end
N704,1007038,link,link 4854,23.5801938,89.176916,769.0,A,LRP004,Kushtia 42 km Rajshahi 179 km
N704,1007039,bridge,bridge 2029,23.5850274,89.1775827,17.9,C,LRP004a,.
N704,1007040,link,link 4855,23.5891108,89.1781104,468.0,A,LRP005,Kushtia 41 km Meherpur 99 km
N704,1007041,bridge,bridge 2030,23.5943886,89.1793327,30.8,C,LRP005a,.
N704,1007042,link,link 4856,23.5979163,89.1800827,396.0,A,LRP006,Kushtia 40 km Pabna 103 km
N704,1007043,link,link 4857,23.6066667,89.1819716,995.0,A,LRP007,Kushtia 39 km Bogra 188 km
N704,1007044,bridge,bridge 2031,23.60825,89.1823049,9.98,C,LRP007a,.
N704,1007045,link,link 4858,23.6155278,89.1838052,824.0,A,LRP008,Kushtia 38 km Rajshahi 175 km
N704,1007046,link,link 4859,23.6237216,89.1868608,1000.0,A,LRP009,Kushtia 37 km Meherpur 95 km
N704,1007047,bridge,bridge 2032,23.6241382,89.1871663,8.18,C,LRP009a,.
N704,1007048,link,link 4860,23.629166,89.1891108,593.0,A,LRP009b,Box Culvert
N704,1007049,link,link 4861,23.6308049,89.1895274,189.0,A,LRP009c,Box Culvert
N704,1007050,link,link 4862,23.6321938,89.1898608,166.0,A,LRP010,Kushtia 36 km pabna 99 km
N704,1007051,link,link 4863,23.632416,89.1899441,23.0,A,LRP010a,Box Culvert
N704,1007052,link,link 4864,23.6348052,89.1905552,270.0,A,LRP010b,R.C.C Culvert
N704,1007053,link,link 4865,23.6394163,89.1931663,585.0,A,LRP010c,Box Culvert
N704,1007054,link,link 4866,23.6403608,89.1937219,118.0,A,LRP011,Kushtia 35 km Bogra 184 km
N704,1007055,bridge,bridge 2033,23.6405552,89.1938608,2.83,A,LRP011a,.
N704,1007056,link,link 4867,23.648333,89.1981941,977.0,A,LRP012,Kushtia 34 km Rajshasi 171 km
N704,1007057,bridge,bridge 2034,23.6492774,89.1983886,6.81,A,LRP012a,.
N704,1007058,bridge,bridge 2035,23.6554444,89.1986386,10.0,A,LRP012b,.
N704,1007059,bridge,bridge 2036,23.6556389,89.198583,24.5,D,LRP012c,Chandi Pur Bridge
N704,1007060,link,link 4868,23.6570833,89.1979997,171.0,A,LRP013,Kushita 33 km Meherpur 91 km
N704,1007061,link,link 4869,23.6645278,89.1926941,992.0,A,LRP014,Kushtia 31 km Pabna 95 km
N704,1007062,bridge,bridge 2037,23.6666389,89.1908886,98.5,C,LRP014a,Barda Bridge
N704,1007063,link,link 4870,23.6673604,89.1902774,98.0,A,LRP014b,P.C Girder Bridge end
N704,1007064,link,link 4871,23.6714993,89.1866663,594.0,A,LRP015,Kushtia 31 km Bogra 180 km
N704,1007065,link,link 4872,23.6785827,89.1805271,1000.0,A,LRP016,Kushtia 30 km Rajshahi 168 km
N704,1007066,bridge,bridge 2038,23.6802771,89.1790549,98.5,C,LRP016a,Barda Bridge.
N704,1007067,link,link 4873,23.6855552,89.1743882,758.0,A,LRP017,Kushita 29 km Meherpur 87 km
N704,1007068,link,link 4874,23.6874997,89.1726938,282.0,A,LRP017a,R.C.c Culvert
N704,1007069,link,link 4875,23.6925274,89.1682216,718.0,A,LRP018,Kushtia 28 km Pabna 91 km
N704,1007070,bridge,bridge 2039,23.6961108,89.1650833,8.1,A,LRP018a,.
N704,1007071,link,link 4876,23.6994997,89.1620556,492.0,A,LRP019,Info missing
N704,1007072,bridge,bridge 2040,23.701,89.1607778,4.07,A,LRP019a,.
N704,1007073,link,link 4877,23.7074444,89.1580278,788.0,A,LRP020,Kushtia 26 km Rajshahi 163 km
N704,1007074,link,link 4878,23.7162222,89.1559167,996.0,A,LRP021,Kushtia 25 km Meherpur 83 km
N704,1007075,link,link 4879,23.7188882,89.1553611,292.0,A,LRP021a,Z 7405  to Sailokpa
N704,1007076,link,link 4880,23.721666,89.1546667,328.0,A,LRP021b,Kushtia Road Division Start / Kushtia Road Division Start
N704,1007077,link,link 4881,23.7229716,89.1541389,140.0,A,LRP021c,Islami university
N704,1007078,link,link 4882,23.7220549,89.15325,240.0,A,LRP022,Pabna 87 km Kushtia 24 km
N704,1007079,link,link 4883,23.7253049,89.1530556,54.0,A,LRP022a,Box Culvert
N704,1007080,link,link 4884,23.7316104,89.1475274,941.0,A,LRP023,Kushtia 23 km
N704,1007081,link,link 4885,23.7319438,89.146833,30.0,A,LRP023a,Box Culvert
N704,1007082,link,link 4886,23.7356663,89.1388052,966.0,A,LRP024,Kustia 22 km
N704,1007083,bridge,bridge 2041,23.7376941,89.1349163,3.0,A,LRP024a,.
N704,1007084,link,link 4887,23.7412219,89.1313604,554.0,A,LRP025,Km post missing
N704,1007085,bridge,bridge 2042,23.7451663,89.1289993,4.28,A,LRP025a,.
N704,1007086,link,link 4888,23.7489997,89.1267216,499.0,A,LRP026,Kushtia 20 km
N704,1007087,bridge,bridge 2043,23.7495274,89.1263882,1.45,A,LRP026a,.
N704,1007088,link,link 4889,23.757,89.1221382,936.0,A,LRP027,Kustia 19 km Bogra 168 km
N704,1007089,bridge,bridge 2044,23.7576667,89.1217771,2.0,A,LRP027a,.
N704,1007090,bridge,bridge 2045,23.7629444,89.1193882,33.95,C,LRP027b,Bittipara Bridge
N704,1007091,link,link 4890,23.7631944,89.1193049,31.0,A,LRP027c,Bridge (Broven)
N704,1007092,link,link 4891,23.7656667,89.1184438,249.0,A,LRP028,Km post missing
N704,1007093,link,link 4892,23.7738327,89.1155556,990.0,A,LRP029,Kustia 17 km Meherpur 75 km
N704,1007094,link,link 4893,23.782416,89.1128056,1000.0,A,LRP030,Kustia 16 km Pabna 49 km
N704,1007095,link,link 4894,23.783833,89.1125278,154.0,A,LRP030a,Box Culvert
N704,1007096,link,link 4895,23.7859997,89.1121111,248.0,A,LRP030b,Box Culvert
N704,1007097,link,link 4896,23.7912497,89.1111111,598.0,A,LRP031,Kustia 15 km
N704,1007098,link,link 4897,23.7989719,89.1096389,868.0,A,LRP031a,Box Culvert
N704,1007099,link,link 4898,23.8001111,89.1094444,132.0,A,LRP032,Rajshasi 151 km Kustia 14 km
N704,1007100,link,link 4899,23.8089444,89.10775,997.0,A,LRP033,Kustia 13 km
N704,1007101,bridge,bridge 2046,23.8143056,89.10675,3.83,A,LRP033a,.
N704,1007102,bridge,bridge 2047,23.81491979375,89.10664408875,26.9,C,LRP033b,Balipara Bridge
N704,1007103,link,link 4900,23.8151111,89.1066111,19.0,A,LRP033c,R.C.c Bridge end
N704,1007104,link,link 4901,23.8180271,89.1060556,310.0,A,LRP034,Km post missing
N704,1007105,link,link 4902,23.8266938,89.1044444,1000.0,A,LRP035,Kustia 11 km Bogra 160 km
N704,1007106,bridge,bridge 2048,23.8315271,89.1035278,1.97,A,LRP035a,.
N704,1007107,link,link 4903,23.835583,89.10275,460.0,A,LRP036,Kustia 10 km Rajshahi 147 km
N704,1007108,link,link 4904,23.8436108,89.0987774,995.0,A,LRP037,Kustia 9 km Meherpur 59 km
N704,1007109,bridge,bridge 2049,23.8454997,89.0973886,3.7,A,LRP037a,.
N704,1007110,link,link 4905,23.852,89.0984997,745.0,A,LRP038,Km post missing
N704,1007111,bridge,bridge 2050,23.8575833,89.0993886,1.2,A,LRP038a,.
N704,1007112,link,link 4906,23.86025,89.0979719,378.0,A,LRP039,Kustia 7 km Bogra 156 km
N704,1007113,link,link 4907,23.868416,89.094333,990.0,A,LRP040,Km post broken
N704,1007114,link,link 4908,23.872916,89.0927774,524.0,A,LRP040a,R.C.c Culvert
N704,1007115,link,link 4909,23.8770827,89.0912774,496.0,A,LRP041,Kustia 5 km Meherpur 63 km
N704,1007116,link,link 4910,23.8800827,89.0921663,344.0,A,LRP041a,R747  to Chuadanga
N704,1007117,link,link 4911,23.8803882,89.0925552,80.0,A,LRP041b,Sluice ghat
N704,1007118,link,link 4912,23.8807493,89.0931941,76.0,A,LRP041c,Box Culvert
N704,1007119,link,link 4913,23.8833049,89.0992774,660.0,A,LRP042,Kustia 4 km
N704,1007120,bridge,bridge 2051,23.8847219,89.1027778,3.45,C,LRP042a,.
N704,1007121,link,link 4914,23.8866386,89.1064167,430.0,A,LRP043,Kustia 3 km Bogra 152 km
N704,1007122,bridge,bridge 2052,23.888083,89.1078333,31.5,C,LRP043a,R.C.c Bridge start
N704,1007123,bridge,bridge 2053,23.8883052,89.1080278,4.4,A,LRP043b,.
N704,1007124,bridge,bridge 2054,23.8907219,89.1099722,3.45,A,LRP043c,.
N704,1007125,link,link 4915,23.8919163,89.1108889,155.0,A,LRP043d,Box culvert
N704,1007126,link,link 4916,23.8938608,89.1124722,273.0,A,LRP044,Km post broken
N704,1007127,link,link 4917,23.9011667,89.1179438,980.0,A,LRP045,Kustia 1 km
N704,1007128,bridge,bridge 2055,23.9086667,89.1219716,31.4,A,LRP045a,.
N704,1007129,link,link 4918,23.9087222,89.1218604,4.0,A,LRP045b,Majompur ghate
N704,1007130,link,link 4919,23.9087778,89.1211938,60.0,A,LRP046,Km post missing
N704,1007131,link,link 4920,23.9088056,89.1210271,10.0,A,LRP046a,Banghabondu Chattar
N704,1007132,link,link 4921,23.9124444,89.1134444,913.0,A,LRP046b,Box Culvert
N704,1007133,link,link 4922,23.91275,89.113,77.0,A,LRP047,Km post missing
N704,1007134,link,link 4923,23.917666,89.1060833,890.0,A,LRP047a,Box culvert
N704,1007135,link,link 4924,23.917916,89.1058056,30.0,A,LRP048,Bogra 143 km
N704,1007136,link,link 4925,23.9241104,89.0985274,1000.0,A,LRP049,Paksey 21 km
N704,1007137,bridge,bridge 2056,23.9251938,89.0972497,3.92,A,LRP049a,.
N704,1007138,link,link 4926,23.9302493,89.0912774,830.0,A,LRP050,Natore 73 km
N704,1007139,link,link 4927,23.9319716,89.0892219,280.0,A,LRP050a,R 745  to Meherpur
N704,1007140,link,link 4928,23.9334719,89.0875274,248.0,A,LRP050b,Box Culvert
N704,1007141,link,link 4929,23.9367219,89.0842497,472.0,A,LRP051,Km post missing
N704,1007142,bridge,bridge 2057,23.9373886,89.0835552,3.37,C,LRP051a,.
N704,1007143,link,link 4930,23.9439163,89.0782493,900.0,A,LRP052,Km post missing
N704,1007144,link,link 4931,23.946583,89.0774438,163.0,A,LRP052a,R.c.c culver
N704,1007145,link,link 4932,23.9516389,89.0738327,827.0,A,LRP053,Natore 70 km
N704,1007146,link,link 4933,23.9600833,89.0706382,1000.0,A,LRP054,Bogra 137 km
N704,1007147,link,link 4934,23.9643333,89.0635278,1000.0,A,LRP055,Natore 68 km
N704,1007148,link,link 4935,23.9635,89.0538056,1000.0,A,LRP056,Paksey Bridge 14 km
N704,1007149,link,link 4936,23.9650833,89.0441663,995.0,A,LRP057,Dhaka 248 km
N704,1007150,link,link 4937,23.9678049,89.0349163,1000.0,A,LRP058,Km post missing
N704,1007151,link,link 4938,23.9732771,89.0280549,970.0,A,LRP059,Natore 64 km
N704,1007152,link,link 4939,23.9798327,89.0213327,1000.0,A,LRP060,Pobna 42 km
N704,1007153,link,link 4940,23.9886108,89.0196938,1000.0,A,LRP061,Pabna 41 km
N704,1007154,link,link 4941,23.9975552,89.0181938,1020.0,A,LRP062,Pabna 40 km
N704,1007155,link,link 4942,24.0046667,89.0159722,830.0,A,LRP063,Dhaka 240 km
N704,1007156,link,link 4943,24.0135556,89.0146389,1000.0,A,LRP064,Ishurdi 23 km/Pabna Road Division Start / Ishurdi 23 km/Pabna Road Division Start
N704,1007157,link,link 4944,24.0201382,89.0156944,735.0,A,LRP064a,Z 7411 Bherammara
N704,1007158,link,link 4945,24.0224993,89.0161667,265.0,A,LRP065,Info missing
N704,1007159,link,link 4946,24.0301938,89.0170549,852.0,A,LRP065a,Box Culvert
N704,1007160,link,link 4947,24.0309438,89.0168049,104.0,A,LRP065b,Box culvert
N704,1007161,link,link 4948,24.0312771,89.016666,44.0,A,LRP066,Info missing
N704,1007162,link,link 4949,24.0323327,89.0161667,119.0,A,LRP066a,Box Culvert
N704,1007163,link,link 4950,24.0386941,89.0130278,786.0,A,LRP066b,R.c.c Bridge start
N704,1007164,link,link 4951,24.0394163,89.01275,66.0,A,LRP066c,R.C.C Bridge end
N704,1007165,link,link 4952,24.0393608,89.0126667,15.0,A,LRP066d,Rail road crossing
N704,1007166,link,link 4953,24.0399719,89.0123889,74.0,A,LRP067,Pabna 35 km Rajshahi 105 km
N704,1007167,bridge,bridge 2058,24.0404441,89.01225,2.8,A,LRP067a,.
N704,1007168,link,link 4954,24.0491108,89.0129444,948.0,A,LRP068,Km post missing
N704,1007169,bridge,bridge 2059,24.0548889,89.0140556,1.98,A,LRP068a,.
N704,1007170,link,link 4955,24.05725,89.0147222,285.0,A,LRP069,Lalon sha 1 km Pabna 33 km
N704,1007171,link,link 4956,24.0619444,89.0170549,570.0,A,LRP069a,Lalon sha Bridge Bherama portion
N704,1007172,link,link 4957,24.0625556,89.0198882,336.0,A,LRP070,Pasna32 km Rajshahi 102 km
N704,1007173,bridge,bridge 2060,24.0631667,89.021916,1.3,A,LRP070a,.
N704,1007174,bridge,bridge 2061,24.0679438,89.0389997,2.4,A,LRP071a,.
N704,1007175,link,link 4958,24.0683327,89.0404163,1.0,A,LRP072,Dasuria 10 km Lshwaridi 15 km
N704,1007176,bridge,bridge 2062,24.0704716,89.0463608,1786.0,A,LRP072a,Lalanshah Bridge
N704,1007177,link,link 4959,24.0712216,89.0493886,331.0,A,LRP073,Banpara 32 km Dhaka 230 km
N704,1007178,link,link 4960,24.0717493,89.0515556,224.0,A,LRP073a,R 603
N704,1007179,link,link 4961,24.0736382,89.0589167,790.0,A,LRP074,Natore 49 km Rajshahi 98 km
N704,1007180,link,link 4962,24.0756938,89.0661667,772.0,A,LRP074a,N 705 to lshwardi town old stion
N704,1007181,bridge,bridge 2063,24.0754438,89.0673327,1.88,A,LRP074b,.
N704,1007182,link,link 4963,24.0753604,89.0684438,108.0,A,LRP075,Bonpara 30 km Sirajganj 100 km
N704,1007183,link,link 4964,24.0753049,89.069416,102.0,A,LRP075a,Box Culvert
N704,1007184,bridge,bridge 2064,24.0753882,89.0710549,6.7,A,LRP075b,.
N704,1007185,link,link 4965,24.0789993,89.0755827,642.0,A,LRP075c,Box Culvert
N704,1007186,link,link 4966,24.07964122,89.07651140916667,118.0,A,LRP076,Rajshasi 96 km Natore 47 km
N704,1007187,bridge,bridge 2065,24.0803049,89.0774716,9.22,A,LRP076a,.
N704,1007188,link,link 4967,24.0853608,89.0845274,908.0,A,LRP077,Natore 40 km Bogra 114 km
N704,1007189,link,link 4968,24.090583,89.0921108,970.0,A,LRP078,Bonpara 27 km Sirajganj 97 km
N704,1007190,bridge,bridge 2066,24.0913608,89.0931941,1.42,A,LRP078a,.
N704,1007191,link,link 4969,24.0994719,89.0994719,836.0,A,LRP079,Bonpara 26 km Sirajganj 96 km
N704,1007192,link,link 4970,24.1021944,89.1073611,1020.0,A,LRP080,Natore 43 km Rajshasi 92 km
N704,1007193,bridge,bridge 2067,24.1039444,89.1097222,1.69,A,LRP080a,.
N704,1007194,link,link 4971,24.1082778,89.1144722,684.0,A,LRP081,Natore 42 km Dhaka 222 km
N704,1007195,bridge,bridge 2068,24.1118611,89.117666,6.7,A,LRP081a,.
N704,1007196,bridge,bridge 2069,24.1133611,89.1185827,1.42,A,LRP081b,.
N704,1007197,sourcesink,sourcesink 44,24.1121389,89.1217216,345.0,A,LRPE,End of at Dasuria more infront of Zakir motors Pabna and intersection N 6 & N 704.
N706,1007198,sourcesink,sourcesink 45,23.1665278,89.2095278,0.0,A,LRPS,"Start of Road From N707 at Daratana Traffic Island , Jessore."
N706,1007199,intersection,intersection 115,23.1664722,89.2094444,14.0,A,LRPSa,Cross drain
N706,1007200,link,link 4972,23.1584167,89.2059722,996.0,A,LRP001,"Benapole 37 km,Satkhira 67 km"
N706,1007201,link,link 4973,23.15575,89.20525,310.0,A,LRP001a,Khulna -Jessore Rail line
N706,1007202,intersection,intersection 116,23.1497774,89.2030556,690.0,A,LRP002,"Benapole 36 km,Jikargachha 12 km"
N706,1007203,intersection,intersection 117,23.1466663,89.2003889,460.0,A,LRP002a,Box culvert
N706,1007204,bridge,bridge 2070,23.1448052,89.1979997,4.2,C,LRP002b,.
N706,1007205,intersection,intersection 118,23.1442497,89.1966663,120.0,A,LRP002c,"N-7,Towards Jhenaidah"
N706,1007206,bridge,bridge 2071,23.1442219,89.1965274,3.6,A,LRP002d,.
N706,1007207,intersection,intersection 119,23.1439719,89.1958886,66.0,A,LRP003,Kolkata 118 km
N706,1007208,bridge,bridge 2072,23.1430552,89.1910552,10.18,A,LRP003a,.
N706,1007209,link,link 4974,23.141583,89.1866663,478.0,A,LRP004,"Benapole 34 km,Satkhira 64 km"
N706,1007210,link,link 4975,23.1399441,89.1770827,1000.0,A,LRP005,"Benapole 33 km,Navaron 21 km"
N706,1007211,bridge,bridge 2073,23.1350552,89.169416,3.6,A,LRP005a,.
N706,1007212,link,link 4976,23.1349163,89.1693327,3.0,A,LRP006,"Benapole 32 km,Jikorgachha 8 km"
N706,1007213,link,link 4977,23.1302216,89.1610556,1027.0,A,LRP007,"Benapole 31 km,Kolkata 115 km"
N706,1007214,bridge,bridge 2074,23.1289438,89.1553056,2.0,A,LRP007a,.
N706,1007215,link,link 4978,23.1284993,89.1514722,764.0,A,LRP008,Benapole30 km
N706,1007216,bridge,bridge 2075,23.1282493,89.1500556,2.0,A,LRP008a,.
N706,1007217,link,link 4979,23.1265549,89.1419719,861.0,A,LRP009,"Benapole 29 km,Satkhira 59 km"
N706,1007218,link,link 4980,23.1229993,89.133166,1000.0,A,LRP010,"Benapole 28 km,Navaroh 16 km"
N706,1007219,link,link 4981,23.1193327,89.125416,886.0,A,LRP010a,Benapole -Jessore Rail
N706,1007220,link,link 4982,23.1190549,89.1244716,104.0,A,LRP011,"Benapole 27 km,Jikorgachha 3 km"
N706,1007221,bridge,bridge 2076,23.1179438,89.1219993,2.13,A,LRP011a,.
N706,1007222,link,link 4983,23.1139167,89.1168604,707.0,A,LRP012,"Benapole 26 km,Kolkata 110 km"
N706,1007223,bridge,bridge 2077,23.1135833,89.1163889,3.6,A,LRP012a,.
N706,1007224,link,link 4984,23.1113056,89.1134444,398.0,A,LRP012b,Pipe Culvert
N706,1007225,link,link 4985,23.1081667,89.1093333,540.0,A,LRP013,"Benapole 25 km,Navron 13 km"
N706,1007226,link,link 4986,23.1024167,89.1018611,1000.0,A,LRP014,"Benapole 24 km,Satkhira 54 km"
N706,1007227,link,link 4987,23.10225,89.1015833,35.0,A,LRP014a,Link road of Z 7551
N706,1007228,bridge,bridge 2078,23.1004722,89.0992219,118.67,C,LRP014b,Jhikorgacha Bridge
N706,1007229,link,link 4988,23.10025,89.0989163,53.0,A,LRP014c,P.C .Girder Bridge start
N706,1007230,bridge,bridge 2079,23.0996108,89.0980552,3.6,A,LRP014d,.
N706,1007231,bridge,bridge 2080,23.0989441,89.0968052,4.6,A,LRP014e,.
N706,1007232,link,link 4989,23.0979441,89.0937497,330.0,A,LRP014f,Box Culvert
N706,1007233,link,link 4990,23.0978886,89.0935274,32.0,A,LRP015,"Benapole 23 km,Shorgha 16 km"
N706,1007234,link,link 4991,23.0956386,89.0840274,1010.0,A,LRP016,"Benapole 22 km,Satkhira 52 km"
N706,1007235,link,link 4992,23.0944997,89.0744438,1000.0,A,LRP017,"Benapole 21 km,Navaeon 9 km"
N706,1007236,link,link 4993,23.0889163,89.0667216,1050.0,A,LRP018,Benapole 20 km Kolkata 104 km
N706,1007237,link,link 4994,23.0825549,89.0604722,960.0,A,LRP019,"Benapole 19 km,Shorsha 12 km"
N706,1007238,bridge,bridge 2081,23.080166,89.0572778,3.6,A,LRP019a,.
N706,1007239,bridge,bridge 2082,23.0800271,89.0548611,6.77,C,LRP019b,.
N706,1007240,link,link 4995,23.0788049,89.0521111,304.0,A,LRP020,"Benapole 18 km,Satkhira 48 km"
N706,1007241,link,link 4996,23.0745549,89.0434441,1020.0,A,LRP021,"Benapole 17 km,Navaron 5 km"
N706,1007242,bridge,bridge 2083,23.0717216,89.036083,6.95,A,LRP021a,.
N706,1007243,link,link 4997,23.071666,89.0359719,8.0,A,LRP022,"Kolkata 100 km,Benapole 16 km"
N706,1007244,bridge,bridge 2084,23.0711382,89.0345274,3.6,A,LRP022a,.
N706,1007245,link,link 4998,23.069166,89.0291382,597.0,A,LRP022b,Box culvert
N706,1007246,link,link 4999,23.0675271,89.0249716,473.0,A,LRP023,"Benapole 15 km,Satkhira 45 km"
N706,1007247,bridge,bridge 2085,23.0665556,89.0225549,3.6,A,LRP023a,.
N706,1007248,link,link 5000,23.0635278,89.0163611,707.0,A,LRP024,"Benapole 14 km,Navaron 2 km"
N706,1007249,bridge,bridge 2086,23.0603333,89.0090833,3.62,A,LRP024a,.
N706,1007250,bridge,bridge 2087,23.0601389,89.0086389,3.6,A,LRP024b,.
N706,1007251,link,link 5001,23.0596944,89.0074722,147.0,A,LRP025,Km post missing
N706,1007252,bridge,bridge 2088,23.0579722,89.0029167,44.14,C,LRP025a,.
N706,1007253,link,link 5002,23.0580278,89.0025,40.0,A,LRP025b,P.C.Gieder Bridge end
N706,1007254,link,link 5003,23.0581111,88.9993886,320.0,A,LRP025c,"R 765, Satkhira road at Navaron"
N706,1007255,link,link 5004,23.0581111,88.998333,105.0,A,LRP026,"Benapole 12 km,Sharsha 5 km"
N706,1007256,link,link 5005,23.0573611,88.9885552,1010.0,A,LRP027,Km post broken
N706,1007257,link,link 5006,23.0566389,88.9789438,985.0,A,LRP028,"Kolkata 94 km,Benapole 10 km"
N706,1007258,link,link 5007,23.0560556,88.9691382,1015.0,A,LRP029,"Benapole 9 km,Shorsha 2 km"
N706,1007259,link,link 5008,23.0556667,88.9591389,1020.0,A,LRP030,Km post missing
N706,1007260,bridge,bridge 2089,23.0556944,88.9581944,5.9,A,LRP030a,.
N706,1007261,link,link 5009,23.0548611,88.949833,879.0,A,LRP031,Km post broken
N706,1007262,link,link 5010,23.0538611,88.9398052,22.0,A,LRP032,"Benapole 6 km,Kolkata 90 km"
N706,1007263,bridge,bridge 2090,23.0538056,88.9388886,47.2,A,LRP032a,.
N706,1007264,link,link 5011,23.05375,88.9383608,60.0,A,LRP032b,R.C.C Bridge end
N706,1007265,bridge,bridge 2091,23.0535,88.9356663,30.0,A,LRP032c,Amrakhali Bridge-2
N706,1007266,link,link 5012,23.0533889,88.9353608,40.0,A,LRP032d,R.C.C Bridge end
N706,1007267,link,link 5013,23.0519722,88.9303327,535.0,A,LRP033,"Benapole 5 km,Kolkata 89 km"
N706,1007268,bridge,bridge 2092,23.0512222,88.927666,2.27,A,LRP033a,.
N706,1007269,link,link 5014,23.0511389,88.9273882,27.0,A,LRP033b,Box Culvert
N706,1007270,link,link 5015,23.0493608,88.9214993,632.0,A,LRP034,"Benapole 4 km,Kolkata 88 km"
N706,1007271,link,link 5016,23.0477497,88.9162778,580.0,A,LRP034a,Side road left new by pass proposed
N706,1007272,link,link 5017,23.0477219,88.9162222,2.0,A,LRP034b,Pipe Culvert
N706,1007273,link,link 5018,23.0466108,88.9121667,450.0,A,LRP035,Km post broken
N706,1007274,link,link 5019,23.0462497,88.9085278,368.0,A,LRP035a,Pipe Culvert
N706,1007275,link,link 5020,23.0460274,88.9072222,145.0,A,LRP035b,Box Culvert
N706,1007276,link,link 5021,23.0450274,88.9026111,485.0,A,LRP036,Benapole 1 km Kolkata 85 km
N706,1007277,link,link 5022,23.0432774,88.8968608,643.0,A,LRP036a,"N 711, Benapole oldsec. link sec."
N706,1007278,link,link 5023,23.0416941,88.8927497,447.0,A,LRP037,Km post missing
N706,1007279,link,link 5024,23.0399441,88.8886386,500.0,A,LRP037a,"N 711, benapole old sec"
N706,1007280,sourcesink,sourcesink 46,23.0389441,88.8841663,470.0,A,LRPE,End at Benapole Bordar.
N709,1007281,sourcesink,sourcesink 47,22.935583,89.4879719,0.0,A,LRPS,Start from N 7 Afilgat Fultala Khulna
N709,1007282,intersection,intersection 120,22.9352497,89.4876108,50.0,A,LRPSa,Jessore -Khulna Rail
N709,1007283,intersection,intersection 121,22.931916,89.4868052,380.0,A,LRPSb,Box culvert
N709,1007284,intersection,intersection 122,22.9267493,89.4857219,570.0,A,LRP001,Km post missing
N709,1007285,intersection,intersection 123,22.9261104,89.4855274,130.0,A,LRP001a,Box culvert
N709,1007286,link,link 5025,22.9191382,89.4844163,750.0,A,LRP001b,Box Culvert
N709,1007287,link,link 5026,22.9178604,89.4841941,150.0,A,LRP002,"Mongla 61 km,Dhaka 209 km"
N709,1007288,link,link 5027,22.9102778,89.483333,852.0,A,LRP002a,Box culvert
N709,1007289,link,link 5028,22.9089444,89.4832771,148.0,A,LRP003,Km post missing
N709,1007290,link,link 5029,22.9074444,89.4831382,164.0,A,LRP003a,Box culvert
N709,1007291,link,link 5030,22.9016111,89.4827216,658.0,A,LRP003b,Box culvert
N709,1007292,link,link 5031,22.8998608,89.4824993,178.0,A,LRP004,"Mongla 59 km,Bagerhat 48 km"
N709,1007293,link,link 5032,22.8992497,89.4825827,125.0,A,LRP004a,Box culvert
N709,1007294,link,link 5033,22.8961386,89.4823604,285.0,A,LRP004b,Box culvert
N709,1007295,link,link 5034,22.8936941,89.482916,285.0,A,LRP004c,Box Culvert
N709,1007296,link,link 5035,22.8913608,89.484333,305.0,A,LRP005,"Mongla 58 km,Barishal 135 km"
N709,1007297,link,link 5036,22.8908608,89.484583,72.0,A,LRP005a,Box culvert
N709,1007298,link,link 5037,22.8875274,89.4866386,416.0,A,LRP005b,Box culvert
N709,1007299,link,link 5038,22.8841386,89.4888052,436.0,A,LRP005c,Box culvert
N709,1007300,link,link 5039,22.8834441,89.4892497,96.0,A,LRP006,"Mongla 57 km,Barishal 134 km"
N709,1007301,link,link 5040,22.8801104,89.4902774,390.0,A,LRP006a,Box culvert
N709,1007302,link,link 5041,22.8755549,89.491083,510.0,A,LRP006b,Box culvert
N709,1007303,link,link 5042,22.8747216,89.4912219,96.0,A,LRP007,"Mongla 56 km,Dhaka 204 km"
N709,1007304,link,link 5043,22.8706104,89.4926108,482.0,A,LRP007a,Box culvert
N709,1007305,link,link 5044,22.8679993,89.495583,431.0,A,LRP007b,Box culvert
N709,1007306,link,link 5045,22.8674438,89.4961941,87.0,A,LRP008,"Mongla 55 km,Dhaka 203 km"
N709,1007307,link,link 5046,22.86625,89.4975274,192.0,A,LRP008a,Box culvert
N709,1007308,link,link 5047,22.8620556,89.5011111,602.0,A,LRP008b,R.C.C Bridge start
N709,1007309,link,link 5048,22.8618056,89.5011667,30.0,A,LRP008c,R.C.C Bridge end
N709,1007310,link,link 5049,22.8603333,89.5015278,176.0,A,LRP009,"Mongla 54 km,Bagerhat 43 km"
N709,1007311,link,link 5050,22.8568333,89.5023333,400.0,A,LRP009a,Box culvert
N709,1007312,link,link 5051,22.8529444,89.5032778,440.0,A,LRP009b,Box culvert
N709,1007313,link,link 5052,22.8512778,89.5035278,160.0,A,LRP010,Km post missing
N709,1007314,link,link 5053,22.8482219,89.5044444,350.0,A,LRP010a,Box culvert
N709,1007315,link,link 5054,22.8459719,89.5049722,274.0,A,LRP010b,Box culvert
N709,1007316,link,link 5055,22.8429441,89.5063889,376.0,A,LRP011,"Mongla 52 km,Barishal 129 km"
N709,1007317,link,link 5056,22.8401386,89.5080278,350.0,A,LRP011a,Box culvert
N709,1007318,link,link 5057,22.8350552,89.5110556,646.0,A,LRP012,"Mongla 51 km,Barishal 128 km"
N709,1007319,link,link 5058,22.8348608,89.5111944,30.0,A,LRP012a,R.C.C Culvert
N709,1007320,link,link 5059,22.8315271,89.5131389,412.0,A,LRP012b,Box Culvert
N709,1007321,link,link 5060,22.8304993,89.5137222,120.0,A,LRP012c,Box culvert
N709,1007322,link,link 5061,22.8268882,89.5153611,443.0,A,LRP012d,Box culvert
N709,1007323,link,link 5062,22.8268604,89.5154167,5.0,A,LRP013,Mongla 50 km
N709,1007324,link,link 5063,22.8226382,89.5172493,506.0,A,LRP013a,Box culvert
N709,1007325,link,link 5064,22.8185549,89.5190827,494.0,A,LRP014,Mongla 49 km
N709,1007326,link,link 5065,22.8129722,89.5216382,658.0,A,LRP014a,Box culvert
N709,1007327,link,link 5066,22.8102778,89.522916,342.0,A,LRP015,"Mongla 48 km,Bagerhat 37 km"
N709,1007328,link,link 5067,22.8068889,89.5245271,414.0,A,LRP015a,Box culvert
N709,1007329,link,link 5068,22.8032222,89.5262771,448.0,A,LRP015b,Box culvert
N709,1007330,link,link 5069,22.8020278,89.5268327,153.0,A,LRP016,"Mongla 47 km,Bagerhat 36 km"
N709,1007331,link,link 5070,22.8011389,89.5272771,81.0,A,LRP016a,Box culvert
N709,1007332,link,link 5071,22.7983886,89.5288049,339.0,A,LRP016b,"R760,Satkhira Road"
N709,1007333,link,link 5072,22.7981108,89.5288882,30.0,A,LRP016c,Dual Carraigeway Start
N709,1007334,link,link 5073,22.793833,89.5310549,550.0,A,LRP017,"Mongla 46 km,Dhaka 194 km"
N709,1007335,link,link 5074,22.7865274,89.536333,1000.0,A,LRP018,"Bagerhat 34 km,Barishla 122 km"
N709,1007336,link,link 5075,22.7862497,89.536833,55.0,A,LRP018a,"Z7606,Batia Ghat Road"
N709,1007337,link,link 5076,22.7856663,89.5386663,205.0,A,LRP018b,P.C .Girder Bridge start
N709,1007338,link,link 5077,22.7853886,89.5396941,90.0,A,LRP018c,P.C.Girder Bridge end
N709,1007339,link,link 5078,22.7844163,89.5427497,320.0,A,LRP018d,Box Culvert
N709,1007340,link,link 5079,22.7835552,89.5454997,330.0,A,LRP019,"Bagerhat 33 km,Dhaka 192 km"
N709,1007341,link,link 5080,22.7830271,89.5473886,200.0,A,LRP019a,Box culvert
N709,1007342,link,link 5081,22.7815549,89.5538333,664.0,A,LRP019b,Box culvert
N709,1007343,link,link 5082,22.7813604,89.5549722,136.0,A,LRP020,"Mongla 43 km,Dhaka 191 km"
N709,1007344,link,link 5083,22.7813604,89.5558611,103.0,A,LRP020a,R.C.C Bridge Start
N709,1007345,link,link 5084,22.7810827,89.5563056,39.0,A,LRP020b,R.C.C Bridge end
N709,1007346,link,link 5085,22.7793049,89.5644722,858.0,A,LRP021,"Mongla 42 km,Barishal 119 km"
N709,1007347,link,link 5086,22.7791382,89.5653056,66.0,A,LRP021a,Box culvert
N709,1007348,link,link 5087,22.778931408029194,89.56755406715328,255.0,A,LRP021b,Box Culvert
N709,1007349,link,link 5088,22.778916,89.5677216,19.0,A,LRP021c,Box Culvert
N709,1007350,link,link 5089,22.7790549,89.5712493,355.0,A,LRP021d,Box Culvert
N709,1007351,link,link 5090,22.7790549,89.571416,19.0,A,LRP021e,Box Culvert
N709,1007352,link,link 5091,22.778666,89.5735271,216.0,A,LRP021f,Box culvert
N709,1007353,link,link 5092,22.7784993,89.5741104,670.0,A,LRP022,"Bagerhat 30 km,Barishal 118 km"
N709,1007354,link,link 5093,22.77849780191956,89.57412525411334,1.0,A,LRP022a,Khan Jahan Ali Bridge start
N709,1007355,link,link 5094,22.7768604,89.5903608,1093.0,A,LRP022b,Khan Jahan Ali Bridge end
N709,1007356,link,link 5095,22.7768049,89.593333,306.0,A,LRP023,"Bagerhat 28 km,Barishal 166 km"
N709,1007357,link,link 5096,22.7766104,89.603,980.0,A,LRP024,"Mongla 38 km,Dhaka 186 km"
N709,1007358,link,link 5097,22.7753604,89.6058333,324.0,A,LRP024a,Box Culvert
N709,1007359,link,link 5098,22.7755827,89.6059444,16.0,A,LRP024b,Box Culvert
N709,1007360,link,link 5099,22.7746104,89.6100278,434.0,A,LRP024c,R.C.C Bridge start
N709,1007361,link,link 5100,22.7746938,89.6104444,46.0,A,LRP024d,R.C.C Bridge end
N709,1007362,link,link 5101,22.7744716,89.6123611,200.0,A,LRP025,"Bagerhat 26 km,Mongla 37 km"
N709,1007363,sourcesink,sourcesink 48,22.7745827,89.6171104,500.0,A,LRPE,"End at Kadir Bottala More infront of Temple and Intersection at N7&,Tilokirupsha,Khulna."
N8,1007364,sourcesink,sourcesink 49,23.7021389,90.4353608,0.0,A,LRPS,"Start of road Infront of Padma CNG Station ,Dholaipur,Jatrabari ,Dhaka."
N8,1007365,link,link 5102,23.6936386,90.4344163,1000.0,A,LRP001,Km post missing
N8,1007366,link,link 5103,23.6934997,90.4344163,1.0,A,LRP001a,Rail road crossing
N8,1007367,link,link 5104,23.6919719,90.432416,274.0,A,LRP001b,R-810 to Narayanganj / Start of Munshigonj road Division / Start of Munshigonj road Division
N8,1007368,link,link 5105,23.6905552,90.4308327,240.0,A,LRP001d,Under pass
N8,1007369,link,link 5106,23.6903608,90.4306382,25.0,A,LRP001e,Box Culvert
N8,1007370,link,link 5107,23.6891941,90.4293882,193.0,A,LRP001f,Start of Bridge
N8,1007371,link,link 5108,23.687583,90.4274993,267.0,A,LRP002,Km post missing
N8,1007372,link,link 5109,23.6839441,90.4234438,572.0,A,LRP002a,End of Bridge
N8,1007373,link,link 5110,23.6826104,90.418166,595.0,A,LRP003,Maowa 31 km
N8,1007374,link,link 5111,23.6784993,90.4098889,1000.0,A,LRP004,Km post missing
N8,1007375,bridge,bridge 2093,23.6777771,90.409,6.1,C,LRP004a,EQURIA CULVERT
N8,1007376,link,link 5112,23.6763604,90.4071667,247.0,A,LRP004b,Box Culvert
N8,1007377,link,link 5113,23.6749438,90.40525,212.0,A,LRP004c,N802
N8,1007378,link,link 5114,23.6744438,90.40475,115.0,A,LRP004d,Box Culvert
N8,1007379,link,link 5115,23.6726104,90.4023611,305.0,A,LRP005,Maowa 29 km
N8,1007380,bridge,bridge 2094,23.6713327,90.4006944,5.5,A,LRP005a,TAHORIA CUL
N8,1007381,bridge,bridge 2095,23.6668327,90.3950274,10.4,A,LRP005b,THAHORIA CUL
N8,1007382,link,link 5116,23.6667493,90.3949441,15.0,A,LRP006,Km post missing
N8,1007383,bridge,bridge 2096,23.6630278,90.3887497,6.1,A,LRP006a,MOLLABARI CUL
N8,1007384,link,link 5117,23.6629444,90.388083,73.0,A,LRP006b,End of Baily Bridge
N8,1007385,link,link 5118,23.6628056,90.3864719,195.0,A,LRP007,Vanga 60 km
N8,1007386,link,link 5119,23.6625556,90.3838886,278.0,A,LRP007a,Box Culvert
N8,1007387,link,link 5120,23.6621389,90.3796104,437.0,A,LRP007b,Box Culvert
N8,1007388,link,link 5121,23.6616667,90.3772216,245.0,A,LRP007c,Box Culvert
N8,1007389,link,link 5122,23.6618611,90.3767493,40.0,A,LRP008,Maowa 26 km
N8,1007390,bridge,bridge 2097,23.6611111,90.368416,60.7,C,LRP008a,BAGOR BRIDGE
N8,1007391,link,link 5123,23.6609722,90.3669716,150.0,A,LRP009,Bhanga 58 km
N8,1007392,bridge,bridge 2098,23.66075,90.3644444,10.4,A,LRP009a,KODOMPUR CULVERT (1)
N8,1007393,link,link 5124,23.6600556,90.35725,740.0,A,LRP010,Maowa 24 km
N8,1007394,bridge,bridge 2099,23.66,90.357,10.6,A,LRP010a,KODAMMPUR BOX CULVERT
N8,1007395,bridge,bridge 2100,23.6599444,90.3564444,8.3,A,LRP010b,ABDULLAPUR BOX CULVERT
N8,1007396,link,link 5125,23.657627364498342,90.3541634094818,392.0,A,LRP010c,Z 5069 to Ruhitpur
N8,1007397,link,link 5126,23.6545833,90.3511667,515.0,A,LRP010d,Box Culvert
N8,1007398,link,link 5127,23.6544444,90.3511667,10.0,A,LRP011,Barisal 152 km
N8,1007399,link,link 5128,23.6455552,90.3491108,1000.0,A,LRP012,Km post missing
N8,1007400,bridge,bridge 2101,23.6441108,90.3491108,8.3,A,LRP012a,VAWARVITY
N8,1007401,link,link 5129,23.6418886,90.3478886,265.0,A,LRP012b,Bridge end
N8,1007402,link,link 5130,23.6388052,90.346833,360.0,A,LRP012c,Baily Bridge start
N8,1007403,link,link 5131,23.6369997,90.3462219,210.0,A,LRP013,Km post missing
N8,1007404,bridge,bridge 2102,23.6354719,90.3457219,260.0,B,LRP013a,DHALASHARI BRIDGE(1)
N8,1007405,link,link 5132,23.6323049,90.3446386,380.0,A,LRP013b,Box Culvert
N8,1007406,bridge,bridge 2103,23.6295271,90.3436941,382.2,C,LRP013c,DHALASHARI BRIDGE(2)
N8,1007407,link,link 5133,23.6292216,90.3436108,35.0,A,LRP013d,Bridge end
N8,1007408,link,link 5134,23.6285271,90.343333,92.0,A,LRP014,Maowa 20 km
N8,1007409,link,link 5135,23.6246104,90.3402219,538.0,A,LRP014a,Box Culvert
N8,1007410,link,link 5136,23.6213327,90.3373608,462.0,A,LRP015,Barisal 148 km
N8,1007411,bridge,bridge 2104,23.6185549,90.3349163,8.4,A,LRP015a,RAMARKHOLA CULVERT
N8,1007412,link,link 5137,23.6162222,90.3328882,332.0,A,LRP015b,Bridge start
N8,1007413,link,link 5138,23.6159444,90.3326382,38.0,A,LRP015c,Bridge end
N8,1007414,link,link 5139,23.6157778,90.3324993,25.0,A,LRP015d,Z8005
N8,1007415,link,link 5140,23.6143056,90.3312216,205.0,A,LRP016,Maowa 18 km
N8,1007416,bridge,bridge 2105,23.6098333,90.3272771,15.6,A,LRP016a,NIMTOLA BRIDGE
N8,1007417,link,link 5141,23.6073056,90.3250271,360.0,A,LRP017,Khulna 173 km
N8,1007418,bridge,bridge 2106,23.6037222,90.3218604,8.3,A,LRP017a,NEEMTOLA CULVERT
N8,1007419,link,link 5142,23.6035833,90.3217493,20.0,A,LRP017b,Bridge end
N8,1007420,link,link 5143,23.6002778,90.3188327,470.0,A,LRP018,Maowa 16 km
N8,1007421,bridge,bridge 2107,23.5984997,90.3173049,19.9,A,LRP018a,CHALTIPARA BRIDGE
N8,1007422,link,link 5144,23.5972774,90.3162222,182.0,A,LRP018b,Bridge start
N8,1007423,link,link 5145,23.5971108,90.3160556,24.0,A,LRP018c,Bridge end
N8,1007424,link,link 5146,23.5950274,90.3142222,196.0,A,LRP018d,Z 8003 to Khorsur
N8,1007425,link,link 5147,23.5931386,90.3128611,348.0,A,LRP019,Khulna 171 km
N8,1007426,link,link 5148,23.5894719,90.3108333,462.0,A,LRP019a,Bridge start
N8,1007427,bridge,bridge 2108,23.589083,90.3106389,19.9,A,LRP019b,HASHARA BRIDGE
N8,1007428,link,link 5149,23.585083,90.3085833,490.0,A,LRP020,Maowa 14 km
N8,1007429,link,link 5150,23.5805271,90.3058333,580.0,A,LRP020a,Bridge start
N8,1007430,bridge,bridge 2109,23.5803327,90.30575,46.5,A,LRP020b,Hashara-2 Bridge
N8,1007431,link,link 5151,23.5768327,90.3048333,400.0,A,LRP021,Maowa 13 km
N8,1007432,bridge,bridge 2110,23.5729438,90.3033611,19.9,A,LRP021a,KAWAT KHALI BRIDGE
N8,1007433,link,link 5152,23.5727771,90.3032778,20.0,A,LRP021b,Bridge end
N8,1007434,link,link 5153,23.5691938,90.30125,447.0,A,LRP021c,Bridge start
N8,1007435,link,link 5154,23.5688327,90.3010556,47.0,A,LRP021d,Bridge end
N8,1007436,link,link 5155,23.5685549,90.3009167,28.0,A,LRP022,Maowa 12 km
N8,1007437,bridge,bridge 2111,23.56625,90.2996386,19.9,A,LRP022a,KAWAT KHALI 2 BRIDHE
N8,1007438,link,link 5156,23.5646389,90.2987774,200.0,A,LRP022b,Box Culvert
N8,1007439,bridge,bridge 2112,23.5614167,90.2986386,46.5,A,LRP022c,UMPARA BRIDGE
N8,1007440,link,link 5157,23.5572778,90.2988052,145.0,A,LRP023,Srunagar 2 km
N8,1007441,link,link 5158,23.5530556,90.2996941,788.0,A,LRP023a,Box Culvert
N8,1007442,link,link 5159,23.5510278,90.2999441,212.0,A,LRP024,Km post missing
N8,1007443,link,link 5160,23.5493608,90.2999163,187.0,A,LRP024a,Bridge start
N8,1007444,link,link 5161,23.5492219,90.2998886,15.0,A,LRP024b,Bridge end
N8,1007445,link,link 5162,23.5479997,90.2993608,163.0,A,LRP024c,Bridge start
N8,1007446,link,link 5163,23.5477219,90.2992774,17.0,A,LRP024d,Bridge end
N8,1007447,link,link 5164,23.546333,90.2983052,186.0,A,LRP024e,Box Culvert
N8,1007448,link,link 5165,23.5458886,90.2979997,60.0,A,LRP024f,Bridge start
N8,1007449,link,link 5166,23.5455552,90.2977497,42.0,A,LRP024g,Bridge end
N8,1007450,link,link 5167,23.5430274,90.2959997,330.0,A,LRP025,Maowa 9 km / Z8004 to Hatimara
N8,1007451,link,link 5168,23.542833,90.295833,20.0,A,LRP025b,R 820 to Nawabganj
N8,1007452,bridge,bridge 2113,23.5426941,90.2957497,16.0,A,LRP025c,Shol Ghor Bridge-3
N8,1007453,link,link 5169,23.542583,90.2956663,18.0,A,LRP025d,Bridge end
N8,1007454,bridge,bridge 2114,23.541107668689055,90.29469630249189,18.1,A,LRP025e,SHONBARI CUL-1
N8,1007455,bridge,bridge 2115,23.5355274,90.2910274,42.5,A,LRP025f,SHONBARI BRIDGE (2)
N8,1007456,link,link 5170,23.5352497,90.2909719,15.0,A,LRP026,Maowa 8 km
N8,1007457,link,link 5171,23.5274993,90.288333,940.0,A,LRP026a,Bridge start
N8,1007458,link,link 5172,23.5269993,90.2877497,60.0,A,LRP026b,Bridge end
N8,1007459,link,link 5173,23.5268604,90.287583,20.0,A,LRP027,Maowa 7 km
N8,1007460,bridge,bridge 2116,23.5212216,90.2821938,6.0,A,LRP027a,BASGAON STAND CULVERT
N8,1007461,link,link 5174,23.5203604,90.2814438,152.0,A,LRP028,Maowa 6 km
N8,1007462,link,link 5175,23.5122778,90.2772216,1000.0,A,LRP029,Bhanga 38 km
N8,1007463,link,link 5176,23.5038611,90.2737493,1000.0,A,LRP030,Maowa 4 km
N8,1007464,link,link 5177,23.5026111,90.2732493,150.0,A,LRP030a,Box Culvert
N8,1007465,link,link 5178,23.4982774,90.271416,665.0,A,LRP030b,Bridge start
N8,1007466,link,link 5179,23.497833,90.2712771,55.0,A,LRP030c,Bridge end
N8,1007467,link,link 5180,23.4954719,90.2702493,130.0,A,LRP031,Barisal 132 km
N8,1007468,bridge,bridge 2117,23.4914163,90.2691938,10.3,A,LRP031a,SHOMOS PUR BOX CULVERT
N8,1007469,link,link 5181,23.4866941,90.2681104,532.0,A,LRP032,Maowa 2 km
N8,1007470,bridge,bridge 2118,23.485583,90.2678882,10.3,A,LRP032a,DOGACHIBAZAR(2)
N8,1007471,link,link 5182,23.4778049,90.2661111,875.0,A,LRP033,Km post missing
N8,1007472,bridge,bridge 2119,23.4732771,90.2653056,10.3,A,LRP033a,KHANBARI BOX CULVERT SARM
N8,1007473,link,link 5183,23.4740271,90.2608056,481.0,A,LRP034,Km post missing
N8,1007474,link,link 5184,23.4737216,90.2545,650.0,A,LRP034a,River start/End of Munshiganj Division
N8,1007475,link,link 5185,23.4138889,90.1801104,10350.0,A,LRP044a,"River end , Start of Madaripur Division / Km post missing / Start of Madaripur road Division"
N8,1007476,link,link 5186,23.4101389,90.174416,610.0,A,LRP045b,Baily Bridge start
N8,1007477,link,link 5187,23.4099444,90.1740827,32.0,A,LRP045c,Baily Bridge end
N8,1007478,link,link 5188,23.4086944,90.1721104,358.0,A,LRP046,Km post missing
N8,1007479,link,link 5189,23.4041389,90.1803327,1000.0,A,LRP047,Barisal 117 km
N8,1007480,link,link 5190,23.4026944,90.15425,1000.0,A,LRP048,Khulna 139 km
N8,1007481,bridge,bridge 2120,23.4029722,90.1526944,4.6,A,LRP048a,.
N8,1007482,link,link 5191,23.4030833,90.15275,46.0,A,LRP048b,Bridge end
N8,1007483,link,link 5192,23.4031667,90.1516944,54.0,A,LRP048c,Z 8011 to Shibchor
N8,1007484,link,link 5193,23.4029444,90.1446108,740.0,A,LRP049,Khulna 138 km
N8,1007485,link,link 5194,23.4013889,90.1350274,1000.0,A,LRP050,Gopalganj 86 km
N8,1007486,bridge,bridge 2121,23.4010278,90.1337774,3.6,A,LRP050a,.
N8,1007487,link,link 5195,23.4008611,90.1334997,30.0,A,LRP050b,Bridge end
N8,1007488,link,link 5196,23.3995552,90.1307493,305.0,A,LRP050c,Box Culvert
N8,1007489,link,link 5197,23.3967219,90.1267216,525.0,A,LRP051,Bhatiapara 54 km
N8,1007490,link,link 5198,23.3880552,90.1256382,1000.0,A,LRP052,Infor.missing
N8,1007491,link,link 5199,23.3829993,90.1250827,585.0,A,LRP052a,Bridge start
N8,1007492,link,link 5200,23.3824438,90.1247216,75.0,A,LRP052b,Bridge end
N8,1007493,link,link 5201,23.3803604,90.1223327,340.0,A,LRP053,Info missing
N8,1007494,bridge,bridge 2122,23.3792216,90.1184438,5.6,A,LRP053a,.
N8,1007495,bridge,bridge 2123,23.3783049,90.1141389,74.76,A,LRP053b,.
N8,1007496,link,link 5202,23.3780271,90.1127778,130.0,A,LRP054,Gopalganj 82 km
N8,1007497,link,link 5203,23.3760827,90.1035556,1000.0,A,LRP055,Barisal 109 km
N8,1007498,link,link 5204,23.3723882,90.094833,1000.0,A,LRP056,Barisal 108 km
N8,1007499,bridge,bridge 2124,23.3723049,90.0937774,2.6,A,LRP056a,.
N8,1007500,link,link 5205,23.3710827,90.0849163,891.0,A,LRP057,Khulna 130 km
N8,1007501,link,link 5206,23.3695549,90.0755271,1000.0,A,LRP058,Khulna 129 km
N8,1007502,link,link 5207,23.3693882,90.066,980.0,A,LRP058a,Box Culvert
N8,1007503,link,link 5208,23.3693882,90.0658056,20.0,A,LRP059,Gopalganj 77 km
N8,1007504,bridge,bridge 2125,23.3694716,90.0628611,11.0,A,LRP059a,.
N8,1007505,link,link 5209,23.3698882,90.0559444,690.0,A,LRP060,Gopalgonj 76 km
N8,1007506,link,link 5210,23.3699993,90.0500833,600.0,A,LRP060a,Bridge start
N8,1007507,link,link 5211,23.3699993,90.0498608,24.0,A,LRP060b,Bridge end
N8,1007508,link,link 5212,23.3700827,90.0462497,376.0,A,LRP061,Barisal 103 km
N8,1007509,bridge,bridge 2126,23.3701382,90.0459719,23.0,A,LRP061a,Solildia Bridge
N8,1007510,link,link 5213,23.3704716,90.0366386,980.0,A,LRP062,Bhanga 5 km
N8,1007511,bridge,bridge 2127,23.3715271,90.0329993,10.2,A,LRP062a,.
N8,1007512,link,link 5214,23.3737771,90.027416,635.0,A,LRP063,Khulna 124 km
N8,1007513,bridge,bridge 2128,23.3760549,90.020416,11.14,A,LRP063a,.
N8,1007514,link,link 5215,23.3761382,90.020166,38.0,A,LRP063b,Bridge end
N8,1007515,link,link 5216,23.3766938,90.018166,212.0,A,LRP064,Faridpur 33 km
N8,1007516,bridge,bridge 2129,23.3778327,90.0141667,32.6,B,LRP064a,Bamonkanda Bridge
N8,1007517,link,link 5217,23.3792216,90.0093889,505.0,A,LRP064b,Box Culvert
N8,1007518,link,link 5218,23.3794438,90.0086944,60.0,A,LRP065,Infor.missing
N8,1007519,bridge,bridge 2130,23.3807771,90.0053056,11.2,A,LRP065a,.
N8,1007520,link,link 5219,23.3810271,90.00475,79.0,A,LRP065b,Baily Bridge end
N8,1007521,link,link 5220,23.3830827,89.9999163,521.0,A,LRP066,Barisal 98 km
N8,1007522,link,link 5221,23.3869441,89.9911386,1000.0,A,LRP067,Km post missing
N8,1007523,bridge,bridge 2131,23.387333,89.990333,5.8,A,LRP067a,.
N8,1007524,link,link 5222,23.3883608,89.9879719,282.0,A,LRP067b,Bridge start
N8,1007525,link,link 5223,23.3884997,89.9877497,28.0,A,LRP067c,Bridge end
N8,1007526,intersection,intersection 124,23.3899441,89.9840552,410.0,A,LRP067d,"N 804 to Faridpur ,N 805 to Gopalgonj"
N8,1007527,intersection,intersection 125,23.3882497,89.9838886,205.0,A,LRP068,Km post missing
N8,1007528,bridge,bridge 2132,23.3867219,89.9834719,11.1,A,LRP068a,.
N8,1007529,link,link 5224,23.3856663,89.9997774,110.0,A,LRP068b,Bridge end
N8,1007530,link,link 5225,23.383166,89.9989441,271.0,A,LRP069,"Barisal 93 km,Madaripur 43 km"
N8,1007531,link,link 5226,23.3756938,89.9874441,1000.0,A,LRP070,Infor.missing
N8,1007532,link,link 5227,23.3738882,89.9889719,252.0,A,LRP070a,Box Culvert
N8,1007533,link,link 5228,23.3686382,89.9934719,748.0,A,LRP071,"Barisal 91 km,Madaripur 41 km,Takerhat 16 km"
N8,1007534,bridge,bridge 2133,23.3636944,89.9974719,6.8,C,LRP071a,.
N8,1007535,link,link 5229,23.36175,89.9990552,316.0,A,LRP072,"Barisal 90 km, Madaripur 40 km ,Takerhat 15 km"
N8,1007536,bridge,bridge 2134,23.3604444,90.0000833,6.8,B,LRP072a,.
N8,1007537,link,link 5230,23.35475,89.999833,640.0,A,LRP072b,Bridge start
N8,1007538,link,link 5231,23.3545833,89.9998052,14.0,A,LRP072c,Bridge end
N8,1007539,link,link 5232,23.3531111,89.9996663,206.0,A,LRP073,Km post missing
N8,1007540,bridge,bridge 2135,23.345583,89.9984163,5.2,A,LRP073a,.
N8,1007541,link,link 5233,23.343833,89.9981386,192.0,A,LRP074,Infor.missing
N8,1007542,bridge,bridge 2136,23.3402497,89.9981386,12.15,B,LRP074a,.
N8,1007543,link,link 5234,23.3401386,89.9981663,14.0,A,LRP074b,Bridge end
N8,1007544,link,link 5235,23.3349163,89.9991108,584.0,A,LRP075,Km post missing
N8,1007545,bridge,bridge 2137,23.3222771,89.9988608,13.8,B,LRP075a,.
N8,1007546,link,link 5236,23.3265827,89.9982774,445.0,A,LRP076,"Barisal 86 km,Madaripur 36 km,Takerhat 11 km"
N8,1007547,bridge,bridge 2138,23.3236104,89.9978608,6.7,B,LRP076a,.
N8,1007548,link,link 5237,23.3176104,89.9971108,667.0,A,LRP076b,Box Culvert
N8,1007549,link,link 5238,23.3165,89.9971386,136.0,A,LRP077,"Barisal 85 km,Madaripur 35 ,Takerhat 10 km"
N8,1007550,bridge,bridge 2139,23.313,89.9977774,8.4,B,LRP077a,.
N8,1007551,bridge,bridge 2140,23.3092778,89.9982497,6.8,B,LRP077b,.
N8,1007552,link,link 5239,23.3086111,89.9983608,100.0,A,LRP077c,Box Culvert
N8,1007553,link,link 5240,23.3076389,89.9984997,130.0,A,LRP078,Km post missing
N8,1007554,link,link 5241,23.2997497,89.9999163,910.0,A,LRP079,"Barisal 83 km,Madaripur 32 km,Takerhat 8 km"
N8,1007555,bridge,bridge 2141,23.298083,90.0001944,6.8,B,LRP079a,.
N8,1007556,link,link 5242,23.2951386,90.0016111,378.0,A,LRP079b,Bridge start
N8,1007557,link,link 5243,23.2947219,90.0028889,140.0,A,LRP079c,Bridge end
N8,1007558,link,link 5244,23.293083,90.0046389,279.0,A,LRP080,"Barisal 82 km,Madaripur 31 km,Takerhat 07 km"
N8,1007559,bridge,bridge 2142,23.2929163,90.0047778,5.3,B,LRP080a,.
N8,1007560,bridge,bridge 2143,23.2882497,90.0089444,133.0,C,LRP080b,Diknagar Bridge
N8,1007561,link,link 5245,23.2859719,90.0107778,304.0,A,LRP081,Km post missing
N8,1007562,bridge,bridge 2144,23.2807493,90.0127778,6.75,A,LRP081a,.
N8,1007563,link,link 5246,23.2778882,90.0134444,355.0,A,LRP082,"Barisal 80 km,Madaripur 29 km,Takerhat 5 km"
N8,1007564,bridge,bridge 2145,23.2745827,90.0141667,12.1,D,LRP082a,.
N8,1007565,link,link 5247,23.2689716,90.0154167,625.0,A,LRP083,"Barisal 79 km,Madaripur 28 km,Takerhat 4 km"
N8,1007566,bridge,bridge 2146,23.2663889,90.0159167,6.75,D,LRP083a,.
N8,1007567,link,link 5248,23.2662778,90.0159444,20.0,A,LRP083b,Bridge start
N8,1007568,link,link 5249,23.2601667,90.0172216,705.0,A,LRP084,"Barisal 78 km, Madaripur 27 km, Takerhat 3 km"
N8,1007569,bridge,bridge 2147,23.2517778,90.0191938,14.0,D,LRP084a,.
N8,1007570,link,link 5250,23.2516944,90.0191938,17.0,A,LRP084b,Bridge end
N8,1007571,link,link 5251,23.2513056,90.0192493,53.0,A,LRP085,Km post missing
N8,1007572,bridge,bridge 2148,23.2447774,90.0207493,13.3,B,LRP085a,.
N8,1007573,link,link 5252,23.2445274,90.0207771,31.0,A,LRP085b,Bridge end
N8,1007574,link,link 5253,23.2429719,90.0211382,224.0,A,LRP086,"Barisal 77 km,Madaripur 25 km,Takerhat 01 km"
N8,1007575,link,link 5254,23.2336386,90.0205271,990.0,A,LRP087,Barisal 76 km Madaripur 24 km Takerhat 00 km
N8,1007576,link,link 5255,23.2327493,90.0204716,97.0,A,LRP087a,Z 8608 to Dattapara
N8,1007577,link,link 5256,23.2311938,90.0203327,183.0,A,LRP087b,Baily Bridge start
N8,1007578,link,link 5257,23.2301382,90.0202216,122.0,A,LRP087c,Baily Bridge end
N8,1007579,link,link 5258,23.2272216,90.0199993,333.0,A,LRP087d,R 850 to Gopalganj
N8,1007580,link,link 5259,23.2246382,90.0198049,265.0,A,LRP088,Km post missing
N8,1007581,bridge,bridge 2149,23.2186104,90.022166,121.4,B,LRP088a,Takerhat Bridge
N8,1007582,link,link 5260,23.2183882,90.0223604,34.0,A,LRP088b,Bridge end
N8,1007583,link,link 5261,23.2168882,90.0235271,206.0,A,LRP089,"Barisal 73 km,Bhurghata 26 km,Madaripur 22 km"
N8,1007584,bridge,bridge 2150,23.2136667,90.0260271,30.0,B,LRP089a,Ak Number Bridge
N8,1007585,link,link 5262,23.2095278,90.0291382,562.0,A,LRP090,"Barisal 72 km, Madaripur 21 km,Bhurghata 25 km"
N8,1007586,bridge,bridge 2151,23.2051667,90.0354441,9.5,B,LRP090a,Bolgram Bridge
N8,1007587,link,link 5263,23.2050833,90.0358886,60.0,A,LRP090b,Bridge end
N8,1007588,link,link 5264,23.2049167,90.0367219,90.0,A,LRP091,Barisal 71 km Madaripur 20 km Bhurghata 24 km
N8,1007589,bridge,bridge 2152,23.2036944,90.0431941,54.4,C,LRP091a,Rajoir Boro Bridge
N8,1007590,link,link 5265,23.2032222,90.0459163,290.0,A,LRP092,Barisal 70 km Madaripur 19 km Bhurghata 23 km
N8,1007591,bridge,bridge 2153,23.2018611,90.0528889,6.05,B,LRP092a,.
N8,1007592,link,link 5266,23.2012222,90.0555278,268.0,A,LRP093,Km post missing
N8,1007593,bridge,bridge 2154,23.201,90.0568333,9.07,C,LRP093a,.
N8,1007594,link,link 5267,23.199833,90.0629167,840.0,A,LRP093b,Box Culvert
N8,1007595,link,link 5268,23.1995274,90.0648333,20.0,A,LRP094,"Barisal 68 km,Madaripur 17 km,Bhurghata 21 km"
N8,1007596,bridge,bridge 2155,23.199083,90.0666938,9.35,C,LRP094a,.
N8,1007597,bridge,bridge 2156,23.1990552,90.0670827,5.0,C,LRP094b,.
N8,1007598,link,link 5269,23.1959997,90.0737771,810.0,A,LRP095,"Barisal 67 km,Madaripur 16 km,Bhurghata 20 km"
N8,1007599,bridge,bridge 2157,23.1927774,90.0787216,36.76,D,LRP095a,.
N8,1007600,link,link 5270,23.192583,90.0789993,37.0,A,LRP095b,Bridge end
N8,1007601,link,link 5271,23.190833,90.0816104,343.0,A,LRP096,"Barisal 66 km, Madaripur 15 km ,Bhurghata 19 km"
N8,1007602,bridge,bridge 2158,23.1884719,90.0850552,36.1,B,LRP096a,.
N8,1007603,link,link 5272,23.185833,90.0889997,550.0,A,LRP097,"Barisal 65 km, Madaripur 14 km ,Bhurghata 18 km"
N8,1007604,bridge,bridge 2159,23.1856108,90.0893886,6.05,C,LRP097a,.
N8,1007605,link,link 5273,23.1849719,90.0903886,121.0,A,LRP097b,Baily Bridge end
N8,1007606,link,link 5274,23.1818604,90.0951663,601.0,A,LRP097c,Box Culvert
N8,1007607,link,link 5275,23.180416,90.0974163,283.0,A,LRP098,"Barisal 64 km,Madaripur 13 km,Bhurghata 17 km"
N8,1007608,bridge,bridge 2160,23.1795827,90.0998608,121.5,A,LRP098a,.
N8,1007609,link,link 5276,23.179416,90.1004167,57.0,A,LRP098b,Bridge end
N8,1007610,link,link 5277,23.1776382,90.1064167,673.0,A,LRP099,"Barisal 63 km, Madaripur 12 km ,Bhurghata 16 km,"
N8,1007611,bridge,bridge 2161,23.1757216,90.1128889,55.49,B,LRP099a,.
N8,1007612,link,link 5278,23.175666,90.1130833,19.0,A,LRP099b,Bridge end
N8,1007613,link,link 5279,23.1748882,90.1156667,286.0,A,LRP100,"Barisal 62 km, Madaripur 11 km, Bhurghata 15 km"
N8,1007614,bridge,bridge 2162,23.1726938,90.1233604,18.6,C,LRP100a,.
N8,1007615,link,link 5280,23.1725827,90.1237771,44.0,A,LRP100b,End of Bridge
N8,1007616,link,link 5281,23.1721938,90.1248882,116.0,A,LRP101,"Barisal 61 km, Madaripur 10 km ,Bhurghata 14 km"
N8,1007617,link,link 5282,23.1655,90.130916,1000.0,A,LRP102,"Barisal 60 km, Madaripur 09 km ,Bhurghata 13 km"
N8,1007618,link,link 5283,23.1640556,90.131916,170.0,A,LRP102a,Box Culvert
N8,1007619,link,link 5284,23.1599722,90.134833,552.0,A,LRP102b,Bridge start
N8,1007620,link,link 5285,23.1596944,90.1350552,40.0,A,LRP102c,Bridge end
N8,1007621,link,link 5286,23.158,90.1362219,238.0,A,LRP103,Km post missing
N8,1007622,bridge,bridge 2163,23.1566389,90.1372774,6.05,A,LRP103a,.
N8,1007623,bridge,bridge 2164,23.1541389,90.1391941,39.25,C,LRP103b,.
N8,1007624,link,link 5287,23.1510556,90.1414997,433.0,A,LRP103c,Box Culvert
N8,1007625,link,link 5288,23.1508056,90.1417219,57.0,A,LRP104,Infor.missing
N8,1007626,bridge,bridge 2165,23.1449163,90.1461108,9.3,B,LRP104a,.
N8,1007627,link,link 5289,23.1432774,90.1473052,213.0,A,LRP105,Info missing
N8,1007628,bridge,bridge 2166,23.139583,90.15,6.45,D,LRP105a,.
N8,1007629,link,link 5290,23.1359719,90.1526944,482.0,A,LRP106,Infor.missing
N8,1007630,bridge,bridge 2167,23.1330827,90.1548333,10.1,A,LRP106a,.
N8,1007631,link,link 5291,23.1293327,90.1582778,557.0,A,LRP107,"Barisal 55 km,Bhorghata 08 km,"
N8,1007632,bridge,bridge 2168,23.1291382,90.1585556,6.5,C,LRP107a,.
N8,1007633,link,link 5292,23.1289438,90.1587222,28.0,A,LRP107b,Bridge end
N8,1007634,link,link 5293,23.1227216,90.1656389,987.0,A,LRP108,"Bhurghata 07 km,Barisal 54 km"
N8,1007635,bridge,bridge 2169,23.1199438,90.168666,27.4,C,LRP108a,.
N8,1007636,link,link 5294,23.1198604,90.1687493,11.0,A,LRP108b,Bridge end
N8,1007637,link,link 5295,23.1166389,90.1722216,514.0,A,LRP109,Infor.missing
N8,1007638,bridge,bridge 2170,23.1134722,90.175666,11.9,D,LRP109a,.
N8,1007639,link,link 5296,23.1133056,90.1758049,18.0,A,LRP109b,Bridge end
N8,1007640,link,link 5297,23.1114722,90.1778604,307.0,A,LRP109c,Bridge start / Bridge end
N8,1007641,link,link 5298,23.1038333,90.1859163,1180.0,A,LRP110,"Barisal 51 km,Bhurghata 4 km / Barisal 51 km,Bhurghata 4 km"
N8,1007642,link,link 5299,23.1024167,90.187583,220.0,A,LRP111a,Bridge start
N8,1007643,link,link 5300,23.1023889,90.1876663,14.0,A,LRP111b,Bridge end
N8,1007644,link,link 5301,23.1021944,90.1878052,24.0,A,LRP111c,Z 8603
N8,1007645,link,link 5302,23.0976941,90.192583,702.0,A,LRP112,Barisal 50 km
N8,1007646,bridge,bridge 2171,23.0974997,90.1927774,15.5,B,LRP112a,.
N8,1007647,link,link 5303,23.0913608,90.1992774,1047.0,A,LRP113,"Barisal 49 km,Bhurghata 02 km"
N8,1007648,bridge,bridge 2172,23.0853052,90.2056389,8.3,B,LRP113a,.
N8,1007649,link,link 5304,23.0851386,90.2056944,20.0,A,LRP113b,Bridge end
N8,1007650,link,link 5305,23.0764993,90.2092222,60.0,A,LRP114,"Km post missing / Barisal 47 km,Bhurghata 00 km"
N8,1007651,link,link 5306,23.0744438,90.2100556,1193.0,A,LRP115a,Z 8604 to Kalkini
N8,1007652,link,link 5307,23.0723327,90.2109167,267.0,A,LRP115b,Start of Barisal road Division / Start of Barisal road Division / Bridge start
N8,1007653,link,link 5308,23.0718604,90.2111111,56.0,A,LRP115d,Bridge end
N8,1007654,link,link 5309,23.067166,90.2106667,544.0,A,LRP116,"Barisal 47 km,Jhalokhati 65 km"
N8,1007655,link,link 5310,23.0605278,90.2090278,774.0,A,LRP116a,Box Culvert
N8,1007656,link,link 5311,23.0583611,90.2090556,226.0,A,LRP117,"Barisal 46 km, Bhola 80 km"
N8,1007657,bridge,bridge 2173,23.0551944,90.2089167,6.73,A,LRP117a,.
N8,1007658,link,link 5312,23.0497497,90.2091944,612.0,A,LRP118,"Barisal 46 km,Jalokati 63 km"
N8,1007659,bridge,bridge 2174,23.048833,90.2092778,1.83,C,LRP118a,.
N8,1007660,link,link 5313,23.0411108,90.2095278,868.0,A,LRP119,"Barisal 44 km,Potuakhali 82 km"
N8,1007661,bridge,bridge 2175,23.0339163,90.2090556,6.6,A,LRP119a,.
N8,1007662,link,link 5314,23.0317216,90.2088889,635.0,A,LRP120,"Barisal 43 km,Kuakata 153 km"
N8,1007663,bridge,bridge 2176,23.0268049,90.2089722,6.73,A,LRP120a,.
N8,1007664,link,link 5315,23.0238049,90.2109722,393.0,A,LRP121,"Barisal 42 km,Bhola 76 km"
N8,1007665,link,link 5316,23.0160556,90.2154444,990.0,A,LRP122,"Barisal 41 km,Patuakhali 79 km"
N8,1007666,link,link 5317,23.0151111,90.2157222,110.0,A,LRP122a,Bridge start
N8,1007667,link,link 5318,23.0148611,90.2158333,31.0,A,LRP122b,Bridge end
N8,1007668,link,link 5319,23.0091944,90.2188882,712.0,A,LRP122c,Box culvert
N8,1007669,link,link 5320,23.0074167,90.2199716,217.0,A,LRP123,"Barisal 40 km,Patuakali 78 km"
N8,1007670,bridge,bridge 2177,23.0036389,90.2221938,31.1,C,LRP123a,Souderkhal bridge
N8,1007671,link,link 5321,23.0033333,90.2222493,41.0,A,LRP123b,Bridge end
N8,1007672,link,link 5322,22.998583,90.2222216,478.0,A,LRP124,Km post missing
N8,1007673,bridge,bridge 2178,22.9973052,90.2221382,31.05,A,LRP124a,.
N8,1007674,link,link 5323,22.997083,90.2220827,28.0,A,LRP124b,Bridge end
N8,1007675,link,link 5324,22.990583,90.2223604,732.0,A,LRP125,"Barisal 38 km,Bhola 78 km"
N8,1007676,bridge,bridge 2179,22.9843052,90.222416,26.95,C,LRP125a,Lakherajkosba bridge
N8,1007677,link,link 5325,22.9815827,90.2224438,308.0,A,LRP126,"Barisal 38 km,Jhalokati 55 km"
N8,1007678,bridge,bridge 2180,22.9773604,90.222666,1.86,A,LRP126a,.
N8,1007679,link,link 5326,22.9749993,90.2224438,262.0,A,LRP126b,Bridge start
N8,1007680,link,link 5327,22.9746104,90.222416,44.0,A,LRP126c,Bridge end
N8,1007681,link,link 5328,22.9726382,90.222416,216.0,A,LRP127,Km post missing
N8,1007682,bridge,bridge 2181,22.9725549,90.2222771,4.2,B,LRP127a,.
N8,1007683,link,link 5329,22.9640278,90.2243049,995.0,A,LRP128,"Barisal 35 km,Jhalikati 53 km"
N8,1007684,link,link 5330,22.9629167,90.2247493,133.0,A,LRP128a,Bridge start
N8,1007685,link,link 5331,22.9626667,90.2248327,37.0,A,LRP128b,Bridge end
N8,1007686,link,link 5332,22.9554722,90.2271382,830.0,A,LRP129,"Barisal 34 km,Patukhali 72 km"
N8,1007687,bridge,bridge 2182,22.9506667,90.229166,27.5,C,LRP129a,Asokoti bridge
N8,1007688,link,link 5333,22.9477497,90.2300827,349.0,A,LRP129b,Box Culvert
N8,1007689,link,link 5334,22.9472219,90.2303604,67.0,A,LRP130,"Barisal 33 km,Jalokati 51 km"
N8,1007690,bridge,bridge 2183,22.9448052,90.2316382,3.4,C,LRP130a,.
N8,1007691,bridge,bridge 2184,22.9389441,90.234583,5.0,A,LRP130b,.
N8,1007692,link,link 5335,22.938833,90.2346386,40.0,A,LRP131,"Barisal 32 km,Patuakhali 70 km"
N8,1007693,link,link 5336,22.9312771,90.2399997,1000.0,A,LRP132,Km post missing
N8,1007694,bridge,bridge 2185,22.930416,90.240583,3.4,A,LRP132a,.
N8,1007695,link,link 5337,22.9303327,90.2406663,11.0,A,LRP132b,Bridge end
N8,1007696,link,link 5338,22.9259993,90.2425274,565.0,A,LRP132c,Box Culvert
N8,1007697,link,link 5339,22.9233327,90.2430552,283.0,A,LRP133,"Barisal 30 km,Bhola 64 km"
N8,1007698,bridge,bridge 2186,22.9179716,90.2441386,12.55,D,LRP133a,.
N8,1007699,link,link 5340,22.91375,90.2454163,490.0,A,LRP134,"Barisal 29 km,Jhalokati 47 km"
N8,1007700,bridge,bridge 2187,22.9115278,90.2461386,1.8,B,LRP134a,.
N8,1007701,link,link 5341,22.9066944,90.2486108,599.0,A,LRP134b,Culvert start
N8,1007702,link,link 5342,22.9065556,90.2486663,22.0,A,LRP134c,Bridge end
N8,1007703,link,link 5343,22.9058333,90.2489163,78.0,A,LRP135,Infor.missing
N8,1007704,link,link 5344,22.8973052,90.2529167,1010.0,A,LRP136,"Barisal 27 km,Kuakata 137 km"
N8,1007705,bridge,bridge 2188,22.8961386,90.2535833,3.65,A,LRP136a,.
N8,1007706,link,link 5345,22.8914997,90.2563889,587.0,A,LRP136b,Box Culvert
N8,1007707,link,link 5346,22.8894441,90.2573889,285.0,A,LRP137,"Barisal 26 km,Bhola 60 km"
N8,1007708,bridge,bridge 2189,22.8888886,90.2576111,3.6,A,LRP137a,.
N8,1007709,bridge,bridge 2190,22.8887219,90.2577222,3.6,A,LRP137b,.
N8,1007710,link,link 5347,22.883166,90.2605278,676.0,A,LRP137c,Box Culvert
N8,1007711,link,link 5348,22.8813327,90.2614722,228.0,A,LRP138,"Barisal 25 km,Jhalokati 42 km"
N8,1007712,link,link 5349,22.8729716,90.2654167,1010.0,A,LRP139,"Barisal 24 km,Patuakhali 62 km"
N8,1007713,link,link 5350,22.8651667,90.2644722,1060.0,A,LRP140,"Barisal 22 km,Kuakata 132 km"
N8,1007714,link,link 5351,22.8598333,90.2568333,1000.0,A,LRP141,"Barisal 21 km,Bhola 56 km"
N8,1007715,link,link 5352,22.8523611,90.2518056,1000.0,A,LRP142,"Barisal 20 km,Patuakali 58 km"
N8,1007716,link,link 5353,22.8434163,90.2515556,1000.0,A,LRP143,"Pirojpur 97 km,Kuakata 129 km"
N8,1007717,link,link 5354,22.8349163,90.2539722,1000.0,A,LRP144,"Barisal 19 km,Bhola 52 km"
N8,1007718,link,link 5355,22.8314438,90.2565556,465.0,A,LRP144a,Z 8038
N8,1007719,link,link 5356,22.8278882,90.2594722,500.0,A,LRP145,"Barisal 18 km,Jhalokati 34 km"
N8,1007720,link,link 5357,22.8251382,90.26225,433.0,A,LRP145a,Bridge start
N8,1007721,link,link 5358,22.823666,90.2646111,292.0,A,LRP145b,Bridge end
N8,1007722,link,link 5359,22.8220827,90.2671382,275.0,A,LRP146,Km post missing
N8,1007723,link,link 5360,22.8164722,90.2747771,1050.0,A,LRP147,"Barisal 17 km,Patuakali 54 km"
N8,1007724,link,link 5361,22.8099722,90.2799716,910.0,A,LRP147a,Shikarpur Bridge start
N8,1007725,link,link 5362,22.80925,90.2803327,90.0,A,LRP148,Within Bridge
N8,1007726,bridge,bridge 2191,22.8068333,90.2816104,386.94,A,LRP148a,Capt. Mohiuddin Jahangir Bridge.
N8,1007727,link,link 5363,22.8034167,90.2834441,442.0,A,LRP149,"Barisal 16 km,Patuakhali 53 km"
N8,1007728,link,link 5364,22.797333,90.289583,1000.0,A,LRP150,"Barisal 15 km,Kuakata 125 km"
N8,1007729,link,link 5365,22.7941663,90.2997497,1000.0,A,LRP151,"Barisal 14 km,Bhola 48 km"
N8,1007730,bridge,bridge 2192,22.790833,90.3000556,10.3,A,LRP151a,.
N8,1007731,link,link 5366,22.7899997,90.2997774,95.0,A,LRP151b,Bridge start
N8,1007732,link,link 5367,22.7895274,90.2996386,68.0,A,LRP151c,Bridge end
N8,1007733,link,link 5368,22.7859441,90.2998608,422.0,A,LRP152,"Barisal 13 km,Jhalokati 33 km"
N8,1007734,link,link 5369,22.7826938,90.302,415.0,A,LRP152a,Box Culvert
N8,1007735,link,link 5370,22.778416,90.30475,585.0,A,LRP153,"Barisal 12 km,Patuakhali 50 km"
N8,1007736,bridge,bridge 2193,22.7770549,90.3055556,3.05,A,LRP153a,.
N8,1007737,link,link 5371,22.7708604,90.3088611,783.0,A,LRP154,"Barisal 11 km,Kuakata 121 km"
N8,1007738,bridge,bridge 2194,22.7675549,90.3104722,3.9,A,LRP154a,.
N8,1007739,link,link 5372,22.76280387072893,90.31314859430525,613.0,A,LRP155,"Barisal 10 km,Bhola 44 km"
N8,1007740,bridge,bridge 2195,22.76075,90.3143056,3.6,A,LRP155a,.
N8,1007741,link,link 5373,22.754726765853658,90.31772060731709,745.0,A,LRP156,"Barisal 9 km,Jalokati 26 km"
N8,1007742,bridge,bridge 2196,22.7508056,90.3199438,6.75,A,LRP156a,.
N8,1007743,link,link 5374,22.7461663,90.3218327,515.0,A,LRP157,Km post broken
N8,1007744,link,link 5375,22.7449441,90.3222216,186.0,A,LRP157a,Box culvert
N8,1007745,link,link 5376,22.7384997,90.3258327,824.0,A,LRP158,"Barisal 7 km,Kuakata 117 km"
N8,1007746,link,link 5377,22.732118337770896,90.33260960402475,1000.0,A,LRP159,"Barisal 6 km,Bhola 40 km"
N8,1007747,bridge,bridge 2197,22.7281938,90.3367774,3.6,A,LRP159a,.
N8,1007748,link,link 5378,22.7258327,90.3402497,425.0,A,LRP160,"Barisal 05 km,Jhalokati 23 km"
N8,1007749,bridge,bridge 2198,22.7211104,90.3421941,3.5,B,LRP160a,.
N8,1007750,link,link 5379,22.7186104,90.3446386,440.0,A,LRP161,Km post missing
N8,1007751,bridge,bridge 2199,22.7136755218,90.3483736642,2.6,A,LRP161a,.
N8,1007752,link,link 5380,22.7114167,90.3500833,314.0,A,LRP162,Km post missing
N8,1007753,link,link 5381,22.7015278,90.3534167,1000.0,A,LRP163,Km post missing
N8,1007754,bridge,bridge 2200,22.7010278,90.3534167,5.0,B,LRP163a,.
N8,1007755,link,link 5382,22.70025,90.3534167,85.0,A,LRP163b,Box Culvert
N8,1007756,link,link 5383,22.6940274,90.3543056,695.0,A,LRP164,"Barisal 01 km,Jhalokati 18 km"
N8,1007757,link,link 5384,22.6926941,90.3546667,172.0,A,LRP164a,Box Culvert
N8,1007758,intersection,intersection 126,22.685833,90.3565833,808.0,A,LRP165,Barisal 0 km / Barisal 0 km
N8,1007759,bridge,bridge 2201,22.6856386,90.3567778,12.8,A,LRP165a,.
N8,1007760,intersection,intersection 127,22.6840274,90.3555,200.0,A,LRP165b,Bridge start / Bridge end
N8,1007761,link,link 5385,22.6800271,90.3491386,770.0,A,LRP166,"Patuakhali 37 km,Kuakata 109 km"
N8,1007762,bridge,bridge 2202,22.678666,90.3471941,12.2,C,LRP166a,.
N8,1007763,link,link 5386,22.6717493,90.3468608,775.0,A,LRP167,Patuakhali 36 km
N8,1007764,link,link 5387,22.6676938,90.3465552,418.0,A,LRP167a,Box Culvert
N8,1007765,link,link 5388,22.6658056,90.3485274,382.0,A,LRP167b,Dapdapia Bridge start
N8,1007766,link,link 5389,22.6654167,90.3499163,200.0,A,LRP168,Within Dapdapia Bridge
N8,1007767,link,link 5390,22.6619722,90.3422497,1000.0,A,LRP169,Within Bridge
N8,1007768,bridge,bridge 2203,22.6608333,90.3609444,3.6,A,LRP169a,.
N8,1007769,link,link 5391,22.6578611,90.3616111,418.0,A,LRP169b,Start of Bridge
N8,1007770,link,link 5392,22.65775,90.3616111,14.0,A,LRP169c,End of Bridge
N8,1007771,link,link 5393,22.6568056,90.3617222,31.0,A,LRP169d,N801
N8,1007772,link,link 5394,22.6555,90.3618056,210.0,A,LRP169e,Start of Jhalokati road Division / Start of Jhalokati road Division
N8,1007773,link,link 5395,22.6540833,90.3618333,142.0,A,LRP170,Km post missing
N8,1007774,link,link 5396,22.6536944,90.3619167,68.0,A,LRP170a,Bridge Start
N8,1007775,link,link 5397,22.6512222,90.3620833,289.0,A,LRP170b,Bridge end
N8,1007776,link,link 5398,22.6481108,90.36225,347.0,A,LRP170c,Bridge start / Bridge end
N8,1007777,link,link 5399,22.6444719,90.3621389,396.0,A,LRP171,Patuakhali 34 km
N8,1007778,link,link 5400,22.6441941,90.3621111,40.0,A,LRP171a,Bridge start / Bridge end
N8,1007779,link,link 5401,22.6415274,90.3581667,574.0,A,LRP171c,Box Culvert
N8,1007780,link,link 5402,22.6408608,90.3559167,251.0,A,LRP171d,Box Culvert
N8,1007781,link,link 5403,22.640333,90.3544167,155.0,A,LRP172,Payuakhali 33 km
N8,1007782,bridge,bridge 2204,22.6399441,90.3533333,8.1,A,LRP172a,.
N8,1007783,link,link 5404,22.6379441,90.3503333,390.0,A,LRP172b,Box Culvert
N8,1007784,link,link 5405,22.6364163,90.3490552,215.0,A,LRP172c,Box culvert
N8,1007785,link,link 5406,22.635333,90.3467497,270.0,A,LRP173,Payuakhali 32 km
N8,1007786,bridge,bridge 2205,22.6353608,90.3448052,6.8,A,LRP173a,.
N8,1007787,bridge,bridge 2206,22.6355274,90.3420274,6.7,B,LRP173b,.
N8,1007788,link,link 5407,22.6309716,90.3399163,525.0,A,LRP174,Km post missing
N8,1007789,bridge,bridge 2207,22.6273049,90.338083,3.7,A,LRP174a,.
N8,1007790,link,link 5408,22.6197493,90.334333,938.0,A,LRP175,Patuakhali 30 km
N8,1007791,bridge,bridge 2208,22.6183327,90.3342774,6.7,B,LRP175a,.
N8,1007792,link,link 5409,22.6109444,90.3337497,830.0,A,LRP176,"Patuakhali 29 km,Kuakata 101 km"
N8,1007793,bridge,bridge 2209,22.6080556,90.3338052,6.8,A,LRP176a,.
N8,1007794,link,link 5410,22.605,90.3340552,343.0,A,LRP176c,Start of barisal road Division / Start of barisal road Division / Z8047 to Nalcity / Z8047 to Nalcity
N8,1007795,link,link 5411,22.6017778,90.334333,360.0,A,LRP177,"Patuakhali 28 km,Kuakata 100 km"
N8,1007796,link,link 5412,22.5986108,90.3346663,352.0,A,LRP177a,Box Culvert
N8,1007797,link,link 5413,22.5932219,90.3365552,638.0,A,LRP178,"Patuakhali 27 km,Kuakata 99 km"
N8,1007798,bridge,bridge 2210,22.5924441,90.3366663,39.7,C,LRP178a,Boalia Bazar Bridge
N8,1007799,link,link 5414,22.5865552,90.3379719,666.0,A,LRP178b,Box Culvert
N8,1007800,link,link 5415,22.584333,90.3386941,262.0,A,LRP179,Km post broken
N8,1007801,link,link 5416,22.5761382,90.3379163,1000.0,A,LRP180,Km post missing
N8,1007802,bridge,bridge 2211,22.5753882,90.3372219,10.0,A,LRP180a,.
N8,1007803,link,link 5417,22.5751104,90.3370552,40.0,A,LRP180b,Bridge end
N8,1007804,link,link 5418,22.5674993,90.3354163,838.0,A,LRP181,Patuakhali 24 km
N8,1007805,bridge,bridge 2212,22.5625833,90.3364997,3.6,A,LRP181a,.
N8,1007806,link,link 5419,22.5586389,90.3367219,445.0,A,LRP182,"Patuakhali 23 km,Kuakata 95 km"
N8,1007807,bridge,bridge 2213,22.5505278,90.3346386,33.6,C,LRP182a,Bakerganj Steel Bridge
N8,1007808,link,link 5420,22.5497497,90.3344441,85.0,A,LRP183,Patuakhali 22 km
N8,1007809,link,link 5421,22.5428608,90.3325549,790.0,A,LRP183a,Box Culvert
N8,1007810,link,link 5422,22.5411108,90.3331382,210.0,A,LRP184,Km post missing
N8,1007811,bridge,bridge 2214,22.5411386,90.3331104,6.75,B,LRP184a,.
N8,1007812,link,link 5423,22.5409719,90.3332493,23.0,A,LRP184b,Bridge start
N8,1007813,link,link 5424,22.5406941,90.3334163,33.0,A,LRP184c,Bridge end
N8,1007814,link,link 5425,22.5358886,90.3368886,627.0,A,LRP184d,Box Culvert
N8,1007815,link,link 5426,22.5334441,90.3386663,325.0,A,LRP185,"Patuakhali 20 km,Kuakata 87 km"
N8,1007816,link,link 5427,22.5258604,90.3407497,870.0,A,LRP186,"Patuakhali 19 km,Kuakata 86 km"
N8,1007817,bridge,bridge 2215,22.5183604,90.3424163,10.05,B,LRP186a,.
N8,1007818,link,link 5428,22.5159167,90.3428886,280.0,A,LRP187,Patuakhali 18 km
N8,1007819,link,link 5429,22.5111667,90.3429441,540.0,A,LRP187a,Bridge start
N8,1007820,link,link 5430,22.5111389,90.3429997,17.0,A,LRP187b,Bridge end
N8,1007821,link,link 5431,22.5073889,90.3427219,398.0,A,LRP188,"Patuakhali 17 km,Kuakata 84 km"
N8,1007822,bridge,bridge 2216,22.5039167,90.3429441,10.0,B,LRP188a,.
N8,1007823,link,link 5432,22.4992774,90.3432497,500.0,A,LRP189,Patuakhali 16 km
N8,1007824,link,link 5433,22.4903608,90.343083,995.0,A,LRP190,"Patuakhali 154 km,Kuakata 82 km"
N8,1007825,link,link 5434,22.4859441,90.3424441,507.0,A,LRP190a,Box Culvert
N8,1007826,link,link 5435,22.4813604,90.3418886,493.0,A,LRP191,Km post missing
N8,1007827,link,link 5436,22.4790271,90.3418052,280.0,A,LRP191a,Box Culvert
N8,1007828,link,link 5437,22.4739438,90.3413052,543.0,A,LRP191b,Start of Patuakhali road Division / Start of Patuakhali road Division
N8,1007829,link,link 5438,22.4721938,90.3410274,177.0,A,LRP192,Km post missing
N8,1007830,link,link 5439,22.4676104,90.3408886,577.0,A,LRP192a,Lebukhali Ferry Ghat start
N8,1007831,link,link 5440,22.4634722,90.3412497,530.0,A,LRP192b,Lebukhali Ferry Ghat end
N8,1007832,link,link 5441,22.4633611,90.3413052,10.0,A,LRP193,Patuakhali 13 km
N8,1007833,link,link 5442,22.45425,90.3410274,990.0,A,LRP194,Patuakhali 12 km
N8,1007834,link,link 5443,22.4536667,90.341083,90.0,A,LRP194a,Z 8806 to Dumki
N8,1007835,link,link 5444,22.4455552,90.3394719,890.0,A,LRP195,Patuakhali 11 km
N8,1007836,bridge,bridge 2217,22.4406663,90.3382774,6.8,A,LRP195a,.
N8,1007837,bridge,bridge 2218,22.4399441,90.3380552,5.1,A,LRP195b,.
N8,1007838,link,link 5445,22.4368052,90.3371663,350.0,A,LRP196,Patuakhali 10 km
N8,1007839,link,link 5446,22.4283882,90.3337219,1010.0,A,LRP197,Patuakhali 09 km
N8,1007840,bridge,bridge 2219,22.4257771,90.332416,5.1,A,LRP197a,.
N8,1007841,link,link 5447,22.4216938,90.3303327,508.0,A,LRP197b,Box Culvert
N8,1007842,link,link 5448,22.4202493,90.3296382,180.0,A,LRP198,Patuakhali 8 km
N8,1007843,bridge,bridge 2220,22.4199438,90.3295271,5.15,A,LRP198a,.
N8,1007844,bridge,bridge 2221,22.4199438,90.3294716,5.1,A,LRP198b,.
N8,1007845,bridge,bridge 2222,22.4119167,90.3275271,79.22,C,LRP198c,Telikhalir Bridge
N8,1007846,link,link 5449,22.4115,90.3273327,44.0,A,LRP199,Patuakhali 07 km
N8,1007847,bridge,bridge 2223,22.4055833,90.3248327,5.1,A,LRP199a,.
N8,1007848,link,link 5450,22.4036111,90.3238604,222.0,A,LRP200,Patuakhali 6 km
N8,1007849,bridge,bridge 2224,22.4029167,90.3234993,13.0,A,LRP200a,.
N8,1007850,link,link 5451,22.3989441,90.3213049,500.0,A,LRP200b,Box Culvert
N8,1007851,bridge,bridge 2225,22.3970552,90.3201938,21.3,C,LRP200c,.
N8,1007852,link,link 5452,22.3963886,90.3198327,80.0,A,LRP200d,Bridge end
N8,1007853,link,link 5453,22.3960274,90.3196382,60.0,A,LRP201,Patuakhali 5 km
N8,1007854,link,link 5454,22.3921663,90.3191104,441.0,A,LRP201a,Box Culvert
N8,1007855,link,link 5455,22.387583,90.3196938,499.0,A,LRP202,Patuakhali 4 km
N8,1007856,link,link 5456,22.3869163,90.3198049,86.0,A,LRP202a,Box Culvert
N8,1007857,link,link 5457,22.3834163,90.3202771,394.0,A,LRP202b,Bridge start
N8,1007858,link,link 5458,22.3833049,90.3202771,12.0,A,LRP202c,Bridge end
N8,1007859,link,link 5459,22.3809993,90.3205827,254.0,A,LRP202d,Start of Box Culvert
N8,1007860,link,link 5460,22.3808327,90.3206382,20.0,A,LRP202e,End of Box Culvert
N8,1007861,link,link 5461,22.3790549,90.320916,204.0,A,LRP203,Patuakhali 3 km
N8,1007862,link,link 5462,22.370416,90.3214993,990.0,A,LRP204,Patuakhali 2 km
N8,1007863,link,link 5463,22.3702493,90.3214716,20.0,A,LRP204a,Bridge start
N8,1007864,link,link 5464,22.3659444,90.3204716,486.0,A,LRP204b,Bridge end
N8,1007865,link,link 5465,22.36225,90.3190827,444.0,A,LRP205,Patuakhali 1 km
N8,1007866,sourcesink,sourcesink 50,22.3597222,90.3186104,300.0,A,LRPE,End of road at Chowmatha and Intersect with R880 & Z8052.
N804,1007867,sourcesink,sourcesink 51,23.3903608,89.9838886,0.0,A,LRPS,Start from Bhanga more at intersection N 8 N805 N804 Faridpur .
N804,1007868,intersection,intersection 128,23.3913608,89.9834997,120.0,A,LRP001,"Faridpur 30 km,Dhaka 159 km"
N804,1007869,bridge,bridge 2226,23.3936663,89.9814438,8.1,A,LRP001a,.
N804,1007870,intersection,intersection 129,23.3937219,89.9813882,14.0,A,LRP001b,End of bridge
N804,1007871,link,link 5466,23.397333,89.9782771,523.0,A,LRP002,"Faridpur 29 km,Dhaka 157 km"
N804,1007872,bridge,bridge 2227,23.3996108,89.9763327,14.66,B,LRP002a,.
N804,1007873,link,link 5467,23.4043611,89.9722216,681.0,A,LRP003,Km post missing
N804,1007874,bridge,bridge 2228,23.4068333,89.9701382,18.3,D,LRP003a,.
N804,1007875,link,link 5468,23.4069444,89.9700271,15.0,A,LRP003b,End of bridge
N804,1007876,link,link 5469,23.4113611,89.9662222,625.0,A,LRP004,"Faridpur 27 km, Khulna 181 km"
N804,1007877,bridge,bridge 2229,23.4114722,89.9661667,51.07,D,LRP004a,.
N804,1007878,link,link 5470,23.4116111,89.9660556,18.0,A,LRP004b,Bridge end
N804,1007879,link,link 5471,23.4130556,89.9648333,212.0,A,LRP004c,Start of bridge
N804,1007880,link,link 5472,23.4132778,89.9646111,15.0,A,LRP004d,End of bridge
N804,1007881,link,link 5473,23.4181382,89.9620556,632.0,A,LRP004e,Start of bridge
N804,1007882,link,link 5474,23.4182493,89.962,13.0,A,LRP004f,End of bridge
N804,1007883,link,link 5475,23.4190827,89.9618056,65.0,A,LRP005,"Faridpur 26 km,Magura 77 km"
N804,1007884,link,link 5476,23.4258049,89.9598056,812.0,A,LRP005a,Start of bridge
N804,1007885,bridge,bridge 2230,23.4263882,89.9596111,50.98,D,LRP005b,.
N804,1007886,link,link 5477,23.4277771,89.9591111,136.0,A,LRP006,"Faridpur 25 km,Rajbari 55 km"
N804,1007887,link,link 5478,23.4344441,89.9566667,826.0,A,LRP006a,Road to Sadarpur (Z8401)
N804,1007888,link,link 5479,23.4347774,89.9563056,24.0,A,LRP007,"Faridpur 24 km,Dhaka 152 km"
N804,1007889,link,link 5480,23.434833,89.95625,10.0,A,LRP007a,Start of bridge
N804,1007890,link,link 5481,23.4354719,89.9556944,100.0,A,LRP007b,End of bridge
N804,1007891,link,link 5482,23.4436386,89.9516389,1020.0,A,LRP008,"Faridpur 23 km,Magura 74 km"
N804,1007892,link,link 5483,23.4491941,89.9441941,1000.0,A,LRP009,"Faridpur 22 km,Khulna 172 km"
N804,1007893,link,link 5484,23.4534167,89.9386108,752.0,A,LRP009a,Start of bridge
N804,1007894,link,link 5485,23.4535556,89.9384719,20.0,A,LRP009b,End of bridge
N804,1007895,link,link 5486,23.4551667,89.9364997,238.0,A,LRP010,Km post missing
N804,1007896,link,link 5487,23.4608056,89.9294716,970.0,A,LRP011,"Faridpur 20 km,Khulna 174 km"
N804,1007897,link,link 5488,23.4659722,89.9222771,925.0,A,LRP011a,Start of bridge
N804,1007898,link,link 5489,23.4661111,89.9220827,12.0,A,LRP011b,End of bridge
N804,1007899,link,link 5490,23.4664722,89.9216104,83.0,A,LRP012,"Faridpur 19 km,Rajbari 49 km"
N804,1007900,link,link 5491,23.4717216,89.9137778,990.0,A,LRP013,"Faridpur 18 km,Magura 59 km"
N804,1007901,link,link 5492,23.4726382,89.9123889,185.0,A,LRP013a,Start of bridge
N804,1007902,link,link 5493,23.4729993,89.9118056,59.0,A,LRP013b,End of bridge
N804,1007903,link,link 5494,23.4729438,89.91175,756.0,A,LRP014,Km post missing
N804,1007904,link,link 5495,23.4847774,89.9019722,930.0,A,LRP015,"Faridpur 16 km,Khulna 170 km"
N804,1007905,link,link 5496,23.4919719,89.897583,930.0,A,LRP015a,Start of bridge
N804,1007906,link,link 5497,23.4921663,89.8973608,25.0,A,LRP015b,End of bridge
N804,1007907,link,link 5498,23.4932497,89.8963052,165.0,A,LRP016,"Faridpur 15 km,Dhaka 143 km"
N804,1007908,link,link 5499,23.4978052,89.8894719,880.0,A,LRP017,"Faridpur 14 km,Magura 65 km"
N804,1007909,bridge,bridge 2231,23.5035833,89.8833049,50.85,C,LRP017a,.
N804,1007910,link,link 5500,23.5052222,89.8827771,203.0,A,LRP018,"Faridpur 13 km,Dhaka 141 km"
N804,1007911,link,link 5501,23.5105278,89.8787771,730.0,A,LRP018a,Start of bridge
N804,1007912,link,link 5502,23.5108889,89.8782771,60.0,A,LRP018b,End of bridge
N804,1007913,link,link 5503,23.5114167,89.8774993,100.0,A,LRP019,"Faridpur 12 km,Khulna 166 km"
N804,1007914,link,link 5504,23.516,89.8695271,970.0,A,LRP020,"Faridpur 11 km,Magura 62 km"
N804,1007915,bridge,bridge 2232,23.5215549,89.866,3.6,C,LRP020a,.
N804,1007916,link,link 5505,23.5217493,89.8659167,19.0,A,LRP020b,End of bridge
N804,1007917,link,link 5506,23.526666,89.8652222,571.0,A,LRP021,"Faridpur 10 km,Magura 40 km"
N804,1007918,bridge,bridge 2233,23.5297771,89.8660833,13.25,B,LRP021a,.
N804,1007919,link,link 5507,23.53473392014652,89.86444883860806,653.0,A,LRP022,Km post missing
N804,1007920,bridge,bridge 2234,23.5401386,89.8626667,139.57,C,LRP022a,Bakhunda bridge
N804,1007921,link,link 5508,23.5402219,89.8625833,14.0,A,LRP022b,End  of bridge
N804,1007922,link,link 5509,23.5407497,89.8621111,84.0,A,LRP023,"Faridpur 8 km,Magura 59 km"
N804,1007923,link,link 5510,23.546083,89.8564722,830.0,A,LRP023a,Start of bridge
N804,1007924,link,link 5511,23.5467774,89.8553611,140.0,A,LRP023b,End of bridge
N804,1007925,link,link 5512,23.5469441,89.8551111,30.0,A,LRP024,Km post missing
N804,1007926,link,link 5513,23.55425,89.8540833,840.0,A,LRP025,"Faridpur 6 km,Rajbari 37 km"
N804,1007927,link,link 5514,23.5553333,89.8539722,112.0,A,LRP025a,Box culvert
N804,1007928,link,link 5515,23.5621111,89.8524722,775.0,A,LRP025b,Box culvert
N804,1007929,link,link 5516,23.5653056,89.8517778,361.0,A,LRP026,"Faridpur 5 km,Dhaka 134 km"
N804,1007930,bridge,bridge 2235,23.5677771,89.8513889,6.85,A,LRP026a,.
N804,1007931,link,link 5517,23.5733327,89.8476663,730.0,A,LRP027,Km post missing
N804,1007932,bridge,bridge 2236,23.5745271,89.8470552,12.7,C,LRP027a,.
N804,1007933,link,link 5518,23.5802771,89.8416663,842.0,A,LRP028,Km post missing
N804,1007934,link,link 5519,23.5870274,89.8356386,1000.0,A,LRP029,Km post missing
N804,1007935,link,link 5520,23.5951941,89.8300549,1000.0,A,LRP030,Km post missing
N804,1007936,link,link 5521,23.5998886,89.8273049,682.0,A,LRP030a,Right to Faridpur (N803)
N804,1007937,link,link 5522,23.5987774,89.824916,318.0,A,LRP031,Km post missing
N804,1007938,bridge,bridge 2237,23.5967497,89.8216104,8.05,C,LRP031a,.
N804,1007939,link,link 5523,23.5964719,89.8212771,51.0,A,LRP031b,End of bridge
N804,1007940,link,link 5524,23.5934441,89.8174438,86.0,A,LRP032,Km post missing
N804,1007941,intersection,intersection 130,23.5888886,89.8094722,462.0,A,LRP032a,Z 8406
N804,1007942,intersection,intersection 131,23.5887497,89.8092778,38.0,A,LRP033,Km post missing
N804,1007943,sourcesink,sourcesink 52,23.5883052,89.8086111,985.0,A,LRPE,End at Rajbari Road more and Intersection with N7
N805,1007944,sourcesink,sourcesink 53,23.3902219,89.9837497,0.0,A,LRPS,Start from Bhanga More and Intersection of N805 and N804 &N8.
N805,1007945,intersection,intersection 132,23.3912219,89.977666,645.0,A,LRP001,Bhatiapara 37 km
N805,1007946,bridge,bridge 2238,23.3918052,89.9744993,10.3,A,LRP001a,.
N805,1007947,link,link 5525,23.391833,89.9742216,23.0,A,LRP001b,Box culvert
N805,1007948,link,link 5526,23.3936386,89.9682771,657.0,A,LRP002,Bhatiapara 36 km
N805,1007949,bridge,bridge 2239,23.3941386,89.9670827,8.95,A,LRP002a,.
N805,1007950,bridge,bridge 2240,23.3949997,89.9651389,7.0,A,LRP002b,.
N805,1007951,link,link 5527,23.3964719,89.9617222,388.0,A,LRP002c,Box culvert
N805,1007952,link,link 5528,23.3974441,89.9594722,270.0,A,LRP003,Gopalganj 64 km
N805,1007953,bridge,bridge 2241,23.3987219,89.9565278,12.2,A,LRP003a,.
N805,1007954,link,link 5529,23.3994441,89.9548056,195.0,A,LRP003b,Box culvert
N805,1007955,link,link 5530,23.4013611,89.9502778,475.0,A,LRP004,Km post missing
N805,1007956,bridge,bridge 2242,23.4016667,89.9491108,119.33,A,LRP004a,.
N805,1007957,link,link 5531,23.4019167,89.9457497,335.0,A,LRP004b,Start of bridge
N805,1007958,bridge,bridge 2243,23.402,89.9445274,6.9,A,LRP004c,.
N805,1007959,link,link 5532,23.4021111,89.9422774,245.0,A,LRP004d,Box culvert
N805,1007960,link,link 5533,23.4021944,89.9409441,140.0,A,LRP005,Khulna 118 km
N805,1007961,bridge,bridge 2244,23.4024167,89.937083,12.25,A,LRP005a,.
N805,1007962,link,link 5534,23.4016111,89.933333,436.0,A,LRP005b,Box culvert
N805,1007963,link,link 5535,23.4006111,89.932166,154.0,A,LRP006,Khulna 117 km
N805,1007964,bridge,bridge 2245,23.4005556,89.9320549,10.0,A,LRP006a,.
N805,1007965,bridge,bridge 2246,23.4,89.9314993,59.87,A,LRP006b,Shohadi Bridge
N805,1007966,link,link 5536,23.3962497,89.9275549,581.0,A,LRP006c,Box culvert
N805,1007967,link,link 5537,23.3939719,89.9252216,327.0,A,LRP007,Jessore 86 km
N805,1007968,bridge,bridge 2247,23.3938052,89.9250271,3.6,A,LRP007a,.
N805,1007969,bridge,bridge 2248,23.3933886,89.9246104,10.0,A,LRP007b,.
N805,1007970,link,link 5538,23.3918052,89.9229438,254.0,A,LRP007c,Box culvert
N805,1007971,link,link 5539,23.3883886,89.919416,526.0,A,LRP007d,Box culvert
N805,1007972,link,link 5540,23.387333,89.9182771,102.0,A,LRP008,Jessore 85 km
N805,1007973,bridge,bridge 2249,23.3852219,89.9163056,59.96,A,LRP008a,.
N805,1007974,link,link 5541,23.3832771,89.91375,335.0,A,LRP008b,Start of bridge
N805,1007975,bridge,bridge 2250,23.3829438,89.9131944,6.8,A,LRP008c,.
N805,1007976,link,link 5542,23.3812493,89.91075,265.0,A,LRP009,Norail 50 km
N805,1007977,bridge,bridge 2251,23.3798882,89.9086389,4.6,A,LRP009a,.
N805,1007978,bridge,bridge 2252,23.3783327,89.9063333,3.7,A,LRP009b,.
N805,1007979,bridge,bridge 2253,23.3765271,89.9048056,3.7,A,LRP009c,.
N805,1007980,link,link 5543,23.3756938,89.904,98.0,A,LRP010,Narail 49 km
N805,1007981,bridge,bridge 2254,23.3751104,89.9037778,4.7,A,LRP010a,.
N805,1007982,link,link 5544,23.3696382,89.8997219,745.0,A,LRP010b,Box culvert
N805,1007983,link,link 5545,23.3677493,89.898333,242.0,A,LRP011,Benapol 117 km
N805,1007984,link,link 5546,23.3630556,89.8949719,662.0,A,LRP011a,Box culvert
N805,1007985,link,link 5547,23.3603889,89.8929997,363.0,A,LRP012,Benapol 116 km
N805,1007986,bridge,bridge 2255,23.3596111,89.8924719,30.0,A,LRP012a,.
N805,1007987,link,link 5548,23.3584444,89.8916108,160.0,A,LRP012b,Start of bridge
N805,1007988,bridge,bridge 2256,23.3581389,89.8913886,6.0,A,LRP012c,.
N805,1007989,bridge,bridge 2257,23.3564722,89.8901386,6.0,A,LRP012d,.
N805,1007990,link,link 5549,23.3562222,89.8899441,32.0,A,LRP012e,End of bridge
N805,1007991,link,link 5550,23.35325,89.8883052,388.0,A,LRP012f,Box culvert
N805,1007992,link,link 5551,23.3526389,89.8881108,60.0,A,LRP013,Bhatiapara 25 km
N805,1007993,bridge,bridge 2258,23.3518889,89.8879163,39.5,A,LRP013a,.
N805,1007994,link,link 5552,23.3478052,89.8869997,450.0,A,LRP013b,Start of bridge
N805,1007995,bridge,bridge 2259,23.3474163,89.8869441,6.0,A,LRP013c,.
N805,1007996,link,link 5553,23.3440552,89.8862497,393.0,A,LRP013d,Box culvert
N805,1007997,link,link 5554,23.343940024390243,89.88614535609756,17.0,A,LRP014,Bhatiapara 24 km
N805,1007998,bridge,bridge 2260,23.339333,89.8819716,59.96,A,LRP014a,.
N805,1007999,link,link 5555,23.3390274,89.8814716,60.0,A,LRP014b,End of bridge
N805,1008000,link,link 5556,23.3376386,89.8794438,270.0,A,LRP015,Gopalganj 52 km
N805,1008001,bridge,bridge 2261,23.3373608,89.8791938,5.2,A,LRP015a,.
N805,1008002,bridge,bridge 2262,23.3317771,89.8750827,3.0,A,LRP015b,.
N805,1008003,link,link 5557,23.3300827,89.8738049,205.0,A,LRP016,Gopalganj 51 km
N805,1008004,bridge,bridge 2263,23.3274716,89.8718882,119.06,A,LRP016a,Chondi Podi Bridge
N805,1008005,link,link 5558,23.3241104,89.868416,527.0,A,LRP016b,Start of bridge
N805,1008006,bridge,bridge 2264,23.3233882,89.8675271,6.8,A,LRP016c,.
N805,1008007,link,link 5559,23.3232771,89.8673882,25.0,A,LRP016d,Under pass / Gopalgonj RHD Start / Gopalgonj RHD Start
N805,1008008,link,link 5560,23.3231382,89.8672493,12.0,A,LRP017,Khulna 106 km
N805,1008009,bridge,bridge 2265,23.3224993,89.8665278,3.0,A,LRP017a,.
N805,1008010,link,link 5561,23.3176382,89.8648611,580.0,A,LRP017b,Box culvert
N805,1008011,link,link 5562,23.3151111,89.8644167,285.0,A,LRP018,Khulna 105 km
N805,1008012,link,link 5563,23.3119444,89.8623889,405.0,A,LRP018a,Z8021 to Banditala
N805,1008013,bridge,bridge 2266,23.3106389,89.8604444,3.0,A,LRP018b,.
N805,1008014,link,link 5564,23.3092778,89.8573611,326.0,A,LRP019,Jessore 74 km
N805,1008015,bridge,bridge 2267,23.3076111,89.8508333,3.0,A,LRP019a,.
N805,1008016,link,link 5565,23.3067778,89.8482497,283.0,A,LRP020,Jessore 73 km
N805,1008017,bridge,bridge 2268,23.3066667,89.8480274,2.0,A,LRP020a,.
N805,1008018,link,link 5566,23.3065556,89.8476941,21.0,A,LRP020b,End of bridge
N805,1008019,link,link 5567,23.3041667,89.8387219,969.0,A,LRP021,Norail 38 km
N805,1008020,bridge,bridge 2269,23.3021389,89.8349441,16.5,A,LRP021a,.
N805,1008021,link,link 5568,23.2989163,89.831166,595.0,A,LRP021b,Box culvert
N805,1008022,link,link 5569,23.298833,89.8308327,30.0,A,LRP022,Norail 38 km
N805,1008023,bridge,bridge 2270,23.298083,89.8275827,4.7,A,LRP022a,.
N805,1008024,link,link 5570,23.2965552,89.8214438,649.0,A,LRP023,Benapole 105 km
N805,1008025,bridge,bridge 2271,23.2963052,89.8208604,6.8,A,LRP023a,.
N805,1008026,bridge,bridge 2272,23.2943886,89.8183049,4.6,A,LRP023b,.
N805,1008027,bridge,bridge 2273,23.2929997,89.8170271,4.7,A,LRP023c,.
N805,1008028,link,link 5571,23.290333,89.8145,386.0,A,LRP024,Benapole 104 km
N805,1008029,bridge,bridge 2274,23.2889441,89.8131389,105.05,C,LRP024a,Garakola Bridge
N805,1008030,link,link 5572,23.2874719,89.8108056,295.0,A,LRP024b,Start of bridge
N805,1008031,link,link 5573,23.2870274,89.8098611,104.0,A,LRP024c,End of bridge
N805,1008032,bridge,bridge 2275,23.2865552,89.8089167,1.5,A,LRP024d,.
N805,1008033,link,link 5574,23.2853608,89.8065,250.0,A,LRP025,Bhatiapara 13 km
N805,1008034,bridge,bridge 2276,23.2844441,89.8047222,7.9,A,LRP025a,.
N805,1008035,link,link 5575,23.2818882,89.7993886,617.0,A,LRP025b,Box culvert
N805,1008036,link,link 5576,23.2811104,89.7977497,170.0,A,LRP026,Bhatiapara 12 km
N805,1008037,link,link 5577,23.2787216,89.7926941,610.0,A,LRP026a,Box culvert
N805,1008038,bridge,bridge 2277,23.2777216,89.7905552,5.2,A,LRP026b,.
N805,1008039,link,link 5578,23.2770549,89.7891108,149.0,A,LRP027,Gopalganj 40 km
N805,1008040,bridge,bridge 2278,23.2736382,89.7818604,4.7,A,LRP027a,.
N805,1008041,bridge,bridge 2279,23.273166,89.7808327,4.7,A,LRP027b,.
N805,1008042,link,link 5579,23.2729438,89.780416,40.0,A,LRP028,Gopalganj 39 km
N805,1008043,bridge,bridge 2280,23.2708327,89.7759438,12.2,A,LRP028a,.
N805,1008044,link,link 5580,23.2680827,89.7723604,490.0,A,LRP029,Khulna 94 km
N805,1008045,bridge,bridge 2281,23.2643333,89.7694438,5.0,A,LRP029a,.
N805,1008046,link,link 5581,23.2606389,89.7666389,474.0,A,LRP030,Khulna 93 km
N805,1008047,bridge,bridge 2282,23.2587222,89.7651944,3.6,A,LRP030a,.
N805,1008048,bridge,bridge 2283,23.2571389,89.7639444,3.6,A,LRP030b,.
N805,1008049,link,link 5582,23.2545278,89.7619167,358.0,A,LRP030c,Box culvert
N805,1008050,link,link 5583,23.2533889,89.7610556,150.0,A,LRP031,Jessore 62 km
N805,1008051,bridge,bridge 2284,23.2495274,89.7580833,5.2,A,LRP031a,.
N805,1008052,link,link 5584,23.2460274,89.7553611,474.0,A,LRP032,Jessore 61 km
N805,1008053,bridge,bridge 2285,23.2444719,89.7541389,3.6,A,LRP032a,.
N805,1008054,bridge,bridge 2286,23.2409997,89.7512778,5.2,C,LRP032b,.
N805,1008055,link,link 5585,23.2391108,89.7490552,306.0,A,LRP033,Norail 26 km
N805,1008056,bridge,bridge 2287,23.2383608,89.7481941,5.2,A,LRP033a,.
N805,1008057,link,link 5586,23.2347497,89.7439997,602.0,A,LRP033b,Box culvert
N805,1008058,link,link 5587,23.2329438,89.7419163,278.0,A,LRP034,Norail 25 km
N805,1008059,link,link 5588,23.2300271,89.7384441,476.0,A,LRP034a,Box culvert
N805,1008060,bridge,bridge 2288,23.2284438,89.7367219,3.8,A,LRP034b,.
N805,1008061,link,link 5589,23.2268327,89.734833,266.0,A,LRP035,Benapole 93 km
N805,1008062,bridge,bridge 2289,23.2248327,89.7324993,3.6,A,LRP035a,.
N805,1008063,link,link 5590,23.2223882,89.7273327,398.0,A,LRP035b,Box culvert
N805,1008064,link,link 5591,23.2211104,89.7296938,295.0,A,LRP036,Km post missing
N805,1008065,bridge,bridge 2290,23.21741721818182,89.71853211818181,3.6,A,LRP036a,.
N805,1008066,link,link 5592,23.2173604,89.7183604,15.0,A,LRP037,Gopalganj 30 km
N805,1008067,bridge,bridge 2291,23.2169438,89.7173882,3.6,A,LRP037a,.
N805,1008068,link,link 5593,23.2168327,89.7171382,30.0,A,LRP037b,Z7001 to Maizkandi
N805,1008069,intersection,intersection 133,23.2135556,89.7103889,805.0,A,LRP037c,N806 to Kalna
N805,1008070,intersection,intersection 134,23.2133333,89.7106389,60.0,A,LRP038,Km post missing
N805,1008071,bridge,bridge 2292,23.2083889,89.7170271,3.8,A,LRP038a,.
N805,1008072,link,link 5594,23.2075556,89.7178049,124.0,A,LRP039,Khulna 84 km
N805,1008073,link,link 5595,23.2022222,89.725666,995.0,A,LRP040,Khulna 83 km
N805,1008074,bridge,bridge 2293,23.2017222,89.726666,4.65,A,LRP040a,.
N805,1008075,link,link 5596,23.2016111,89.7268882,25.0,A,LRP040b,End of bridge
N805,1008076,link,link 5597,23.1975552,89.7318049,677.0,A,LRP040c,Box culvert
N805,1008077,link,link 5598,23.1964163,89.7330549,182.0,A,LRP041,Mongla 102 km
N805,1008078,link,link 5599,23.1928052,89.7411941,930.0,A,LRP042,Mongla 101 km
N805,1008079,link,link 5600,23.1921386,89.7514167,1075.0,A,LRP043,Gopalganj 28 km
N805,1008080,link,link 5601,23.1905552,89.7612222,1030.0,A,LRP044,Gopalganj 27 km
N805,1008081,link,link 5602,23.1860552,89.7693604,980.0,A,LRP045,Mongla 98 km
N805,1008082,bridge,bridge 2294,23.1817771,89.7749716,4.6,A,LRP045a,.
N805,1008083,link,link 5603,23.1797216,89.7759716,310.0,A,LRP046,Mongla 97 km
N805,1008084,link,link 5604,23.1710549,89.777666,1000.0,A,LRP047,Khulna 76 km
N805,1008085,bridge,bridge 2295,23.1648611,89.7756104,6.9,A,LRP047a,.
N805,1008086,link,link 5605,23.1624722,89.7748049,437.0,A,LRP048,Khulna 75 km
N805,1008087,bridge,bridge 2296,23.1624167,89.7747771,6.8,A,LRP048a,.
N805,1008088,bridge,bridge 2297,23.1588611,89.7735827,25.0,A,LRP048b,.
N805,1008089,link,link 5606,23.1571111,89.772916,215.0,A,LRP048c,Start of bridge
N805,1008090,bridge,bridge 2298,23.1568889,89.7728327,6.9,A,LRP048d,.
N805,1008091,link,link 5607,23.1540278,89.7712216,339.0,A,LRP049,Mongla 94 km
N805,1008092,bridge,bridge 2299,23.1520556,89.7699716,6.8,A,LRP049a,.
N805,1008093,bridge,bridge 2300,23.1519722,89.7699993,6.9,A,LRP049b,.
N805,1008094,bridge,bridge 2301,23.1508333,89.7692493,3.8,A,LRP049c,.
N805,1008095,link,link 5608,23.147833,89.767416,387.0,A,LRP049d,Box culvert
N805,1008096,link,link 5609,23.1464719,89.7665278,172.0,A,LRP050,Mongla 93 km
N805,1008097,bridge,bridge 2302,23.144583,89.7656389,6.7,A,LRP050a,.
N805,1008098,bridge,bridge 2303,23.1414719,89.7649444,6.8,B,LRP050b,.
N805,1008099,link,link 5610,23.1374719,89.7640556,452.0,A,LRP051,Gopalganj 20 km
N805,1008100,bridge,bridge 2304,23.1353886,89.7636667,6.8,B,LRP051a,.
N805,1008101,bridge,bridge 2305,23.1287216,89.7622778,9.0,A,LRP051b,.
N805,1008102,link,link 5611,23.128416,89.7621944,25.0,A,LRP052,Gopalganj 19 km
N805,1008103,bridge,bridge 2306,23.1253882,89.7615833,3.65,A,LRP052a,.
N805,1008104,link,link 5612,23.1198049,89.7604167,646.0,A,LRP053,Bagerhat 74 km
N805,1008105,bridge,bridge 2307,23.1173327,89.7599167,3.9,A,LRP053a,.
N805,1008106,link,link 5613,23.1108611,89.7585556,727.0,A,LRP054,Bagerhat 73 km
N805,1008107,bridge,bridge 2308,23.1096111,89.7583333,5.1,A,LRP054a,.
N805,1008108,link,link 5614,23.1047778,89.7588056,531.0,A,LRP054b,Box culvert
N805,1008109,link,link 5615,23.1018889,89.7592778,322.0,A,LRP055,Khulna 68 km
N805,1008110,bridge,bridge 2309,23.097083,89.7618889,11.2,A,LRP055a,.
N805,1008111,link,link 5616,23.0943608,89.76425,370.0,A,LRP056,Khulna 67 km
N805,1008112,link,link 5617,23.0931108,89.76525,190.0,A,LRP056a,Start of bridge
N805,1008113,link,link 5618,23.0928886,89.7653889,28.0,A,LRP056b,End of bridge
N805,1008114,link,link 5619,23.085833,89.7663889,792.0,A,LRP057,Khulna 67 km
N805,1008115,bridge,bridge 2310,23.0815271,89.7652778,6.9,A,LRP057a,.
N805,1008116,link,link 5620,23.0769716,89.7652222,510.0,A,LRP058,Mongla 85 km
N805,1008117,bridge,bridge 2311,23.0749716,89.7650556,6.8,A,LRP058a,.
N805,1008118,bridge,bridge 2312,23.0700827,89.7660278,6.9,A,LRP058b,.
N805,1008119,link,link 5621,23.0680271,89.7665,235.0,A,LRP059,Gopalganj 12 km
N805,1008120,bridge,bridge 2313,23.0668327,89.7664444,2.0,A,LRP059a,.
N805,1008121,link,link 5622,23.0593611,89.7689993,770.0,A,LRP060,Gopalganj 11 km
N805,1008122,bridge,bridge 2314,23.0563333,89.7704993,5.7,A,LRP060a,.
N805,1008123,link,link 5623,23.0533889,89.7745549,527.0,A,LRP060b,Box culvert
N805,1008124,link,link 5624,23.05275,89.7754993,108.0,A,LRP061,Bagerhat 66 km
N805,1008125,bridge,bridge 2315,23.0477774,89.7828327,11.3,A,LRP061a,.
N805,1008126,link,link 5625,23.0474997,89.7831938,60.0,A,LRP062,Khulna 62 km
N805,1008127,bridge,bridge 2316,23.0421386,89.7911108,6.85,A,LRP062a,.
N805,1008128,link,link 5626,23.0420552,89.7912497,20.0,A,LRP063,Khulna 60 km
N805,1008129,bridge,bridge 2317,23.0398608,89.7944719,10.1,A,LRP063a,.
N805,1008130,link,link 5627,23.0373608,89.798833,532.0,A,LRP064,Khulna 59 km
N805,1008131,bridge,bridge 2318,23.0372219,89.7992774,10.1,A,LRP064a,.
N805,1008132,link,link 5628,23.0349441,89.8065556,802.0,A,LRP064b,Box culvert
N805,1008133,link,link 5629,23.0344997,89.8084444,205.0,A,LRP065,Mongla 78 km
N805,1008134,bridge,bridge 2319,23.0341386,89.8107778,172.7,A,LRP065a,Haridaspur Bridge
N805,1008135,link,link 5630,23.0316382,89.81625,655.0,A,LRP065b,Start of bridge
N805,1008136,link,link 5631,23.0304716,89.817416,173.0,A,LRP065c,End of bridge
N805,1008137,link,link 5632,23.0301382,89.8177493,37.0,A,LRP066,Mongla 77 km
N805,1008138,bridge,bridge 2320,23.0272771,89.8231104,11.2,A,LRP066a,.
N805,1008139,link,link 5633,23.0274438,89.8253882,225.0,A,LRP067,Gopalganj 4 km
N805,1008140,link,link 5634,23.0278882,89.8286938,360.0,A,LRP067a,R 850 to Takerhat
N805,1008141,link,link 5635,23.0265549,89.8343886,600.0,A,LRP068,Gopalganj 03 km
N805,1008142,bridge,bridge 2321,23.026416,89.8348608,5.7,A,LRP068a,.
N805,1008143,bridge,bridge 2322,23.0224716,89.8399997,13.4,A,LRP068b,.
N805,1008144,link,link 5636,23.0201104,89.8413608,300.0,A,LRP069,Bagerhat 58 km
N805,1008145,bridge,bridge 2323,23.0180827,89.8424997,2.9,A,LRP069a,.
N805,1008146,link,link 5637,23.0138611,89.8441108,516.0,A,LRP069b,Z8031 to Gouronadi
N805,1008147,link,link 5638,23.0129167,89.8439719,106.0,A,LRP069c,Z8031 to Gopalgonj
N805,1008148,link,link 5639,23.0116667,89.8438052,128.0,A,LRP070,Bagerhat 57 km
N805,1008149,link,link 5640,23.0037778,89.8391108,1000.0,A,LRP071,Khulna 52 km
N805,1008150,bridge,bridge 2324,22.9990552,89.8368886,20.0,A,LRP071a,Nichupara Bridge
N805,1008151,link,link 5641,22.9988886,89.8368052,20.0,A,LRP071b,End of bridge
N805,1008152,link,link 5642,22.9953608,89.8350552,400.0,A,LRP072,Km post missing
N805,1008153,bridge,bridge 2325,22.990833,89.830416,35.0,A,LRP072a,.
N805,1008154,link,link 5643,22.9897497,89.8293882,176.0,A,LRP072b,Start of bridge
N805,1008155,bridge,bridge 2326,22.9895274,89.8291382,7.8,A,LRP072c,.
N805,1008156,link,link 5644,22.9893052,89.8289716,38.0,A,LRP072d,Box Culvert
N805,1008157,bridge,bridge 2327,22.989249646153848,89.82890749230769,4.7,A,LRP072e,.
N805,1008158,link,link 5645,22.9889441,89.8285549,55.0,A,LRP073,Tungipara 18 km
N805,1008159,bridge,bridge 2328,22.9869997,89.8268604,6.8,A,LRP073a,.
N805,1008160,link,link 5646,22.980666,89.825416,735.0,A,LRP074,Tungipara 17 km
N805,1008161,link,link 5647,22.9789993,89.825166,198.0,A,LRP074a,Box culvert
N805,1008162,link,link 5648,22.9725549,89.8240827,712.0,A,LRP074b,Box culvert
N805,1008163,link,link 5649,22.9717493,89.8239438,90.0,A,LRP075,Bagerhat 52 km
N805,1008164,bridge,bridge 2329,22.9631667,89.8228049,6.1,A,LRP075a,.
N805,1008165,link,link 5650,22.9627778,89.8228049,42.0,A,LRP076,Bagerhat 51 km
N805,1008166,bridge,bridge 2330,22.9578611,89.8226382,3.6,A,LRP076a,.
N805,1008167,link,link 5651,22.9537778,89.8222216,450.0,A,LRP077,Khulna 46 km
N805,1008168,link,link 5652,22.95225,89.8221382,165.0,A,LRP077a,R850 to Gopalganj
N805,1008169,link,link 5653,22.9513889,89.8218327,110.0,A,LRP077b,Z7704 to Tungipara
N805,1008170,link,link 5654,22.9462497,89.8173882,725.0,A,LRP078,Khulna 45 km
N805,1008171,link,link 5655,22.9402774,89.8106111,1000.0,A,LRP079,Mongla 64 km
N805,1008172,bridge,bridge 2331,22.9389441,89.8103889,303.21,A,LRP079a,Mollahat Bridge.
N805,1008173,link,link 5656,22.9332216,89.8090556,656.0,A,LRP079b,Start of Bridge
N805,1008174,link,link 5657,22.9305271,89.8083333,307.0,A,LRP080a,End of Bridge / End of Old Alignment/Start of Bagerhat / End of Old Alignment/Start of Bagerhat
N805,1008175,link,link 5658,22.9262771,89.8066667,486.0,A,LRP080c,Box Culvert
N805,1008176,link,link 5659,22.9228882,89.8039722,393.0,A,LRP081,Dhaka 150 km
N805,1008177,link,link 5660,22.9182216,89.8043611,463.0,A,LRP081a,Box Culvert
N805,1008178,link,link 5661,22.9158056,89.8035833,285.0,A,LRP081b,Box Culvert
N805,1008179,link,link 5662,22.91425,89.8029722,190.0,A,LRP082,Gopalganj 12 km
N805,1008180,link,link 5663,22.9141111,89.8029167,15.0,A,LRP082a,Box Culvert
N805,1008181,link,link 5664,22.9124167,89.8015556,233.0,A,LRP082b,Box Culvert
N805,1008182,link,link 5665,22.9095,89.7974163,542.0,A,LRP082c,Box Culvert
N805,1008183,link,link 5666,22.9083889,89.7956663,215.0,A,LRP083,Bhanga 84 km
N805,1008184,link,link 5667,22.9038333,89.7873052,1000.0,A,LRP084,Dhaka 153 km
N805,1008185,link,link 5668,22.9029444,89.7861108,145.0,A,LRP084a,Box Culvert
N805,1008186,link,link 5669,22.9015556,89.7845552,227.0,A,LRP084b,Box Culvert
N805,1008187,link,link 5670,22.8973052,89.7805827,678.0,A,LRP085,Bhanga 86 km
N805,1008188,link,link 5671,22.8926941,89.7764993,612.0,A,LRP085a,Start of Bridge
N805,1008189,link,link 5672,22.8924997,89.7762771,30.0,A,LRP085b,End of Bridge
N805,1008190,link,link 5673,22.8903052,89.7744438,328.0,A,LRP086,Gopalganj 16 km
N805,1008191,link,link 5674,22.8826938,89.7693882,1010.0,A,LRP087,Dhaka 156 km
N805,1008192,link,link 5675,22.8806382,89.7679716,240.0,A,LRP087a,Start of Bridge
N805,1008193,link,link 5676,22.8805271,89.7678604,30.0,A,LRP087b,End of Bridge
N805,1008194,link,link 5677,22.8751104,89.7641111,730.0,A,LRP088,Km post Broken
N805,1008195,link,link 5678,22.87469577857143,89.76384922142857,44.0,A,LRP088a,Start of bridge
N805,1008196,link,link 5679,22.8745827,89.7637778,12.0,A,LRP088b,End of bridge
N805,1008197,link,link 5680,22.8712493,89.7617778,427.0,A,LRP088c,Start of Bridge
N805,1008198,link,link 5681,22.8712493,89.76175,10.0,A,LRP088d,End of Bridge
N805,1008199,link,link 5682,22.866916,89.7598056,527.0,A,LRP089,Bhanga 90 km
N805,1008200,link,link 5683,22.8586667,89.7561111,990.0,A,LRP090,Dhaka 159 km
N805,1008201,link,link 5684,22.8566667,89.7554167,230.0,A,LRP090a,Start of Bridge
N805,1008202,link,link 5685,22.8564167,89.7553333,30.0,A,LRP090b,End of Bridge
N805,1008203,link,link 5686,22.8498608,89.7543611,740.0,A,LRP091,Bhanga 92 km
N805,1008204,link,link 5687,22.849333,89.7543611,40.0,A,LRP091a,Start of Bridge / End of Bridge
N805,1008205,link,link 5688,22.8407497,89.7539167,1025.0,A,LRP092,Gopalganj  22 km
N805,1008206,link,link 5689,22.8317771,89.7527222,975.0,A,LRP093,Dhaka 162 km
N805,1008207,link,link 5690,22.8315549,89.7526111,4.0,A,LRP093a,Start of Bridge / End of Bridge
N805,1008208,link,link 5691,22.8248049,89.7474719,914.0,A,LRP093c,Start of Bridge
N805,1008209,link,link 5692,22.8247771,89.7474719,10.0,A,LRP093d,End of Bridge
N805,1008210,link,link 5693,22.8244993,89.7474163,102.0,A,LRP094,Km post missing
N805,1008211,link,link 5694,22.8207216,89.7446386,440.0,A,LRP094a,Start of Bridge
N805,1008212,link,link 5695,22.8206938,89.7446108,10.0,A,LRP094b,End of Bridge
N805,1008213,link,link 5696,22.8205827,89.7445274,23.0,A,LRP094c,Start of Bridge
N805,1008214,link,link 5697,22.8204716,89.7444163,5.0,A,LRP094d,End of Bridge
N805,1008215,link,link 5698,22.8168882,89.7420274,522.0,A,LRP095,Km post missing
N805,1008216,link,link 5699,22.815893366666668,89.74128673333333,100.0,A,LRP095a,Start of Bridge
N805,1008217,link,link 5700,22.8156944,89.7411386,20.0,A,LRP095b,End of Bridge
N805,1008218,link,link 5701,22.8087222,89.7381108,880.0,A,LRP096,Dhaka 165 km
N805,1008219,link,link 5702,22.8079722,89.7381386,40.0,A,LRP096a,Start of Bridge
N805,1008220,link,link 5703,22.8080278,89.7381386,10.0,A,LRP096b,End of Bridge
N805,1008221,link,link 5704,22.8022778,89.736333,676.0,A,LRP096c,Start of Bridge
N805,1008222,link,link 5705,22.8020278,89.7362219,30.0,A,LRP096d,End of Bridge
N805,1008223,link,link 5706,22.8014722,89.7359163,244.0,A,LRP097,Km post missing
N805,1008224,link,link 5707,22.7997774,89.7350552,30.0,A,LRP097a,Right Z-7801 to Chitalmari
N805,1008225,link,link 5708,22.7979719,89.7336941,245.0,A,LRP097b,Box Culvert
N805,1008226,link,link 5709,22.792833,89.7296938,725.0,A,LRP098,Gopalganj 28 km
N805,1008227,link,link 5710,22.7921941,89.7289993,83.0,A,LRP098a,Start of Bridge
N805,1008228,link,link 5711,22.7921108,89.7289438,10.0,A,LRP098b,End of Bridge
N805,1008229,link,link 5712,22.7766382,89.7222493,1907.0,A,LRP099,Dhaka 169 km
N805,1008230,link,link 5713,22.774166,89.7200827,350.0,A,LRP099a,Start of Bridge
N805,1008231,link,link 5714,22.7738604,89.7197771,48.0,A,LRP099b,End of Bridge
N805,1008232,link,link 5715,22.7731104,89.7186938,132.0,A,LRP099c,R771 Left to Khulna Right to Bagerhat
N805,1008233,link,link 5716,22.7718327,89.7143333,490.0,A,LRP100,Gopalganj 31 km
N805,1008234,link,link 5717,22.7717216,89.71375,45.0,A,LRP100a,Box Culvert
N805,1008235,link,link 5718,22.7716104,89.7129722,87.0,A,LRP100b,Box Culvert
N805,1008236,link,link 5719,22.7708882,89.7094444,378.0,A,LRP100c,Box Culvert
N805,1008237,link,link 5720,22.7707216,89.7096111,495.0,A,LRP101,Km post missing
N805,1008238,link,link 5721,22.7626389,89.7011111,859.0,A,LRP101a,Box Culvert
N805,1008239,link,link 5722,22.7613889,89.7006667,141.0,A,LRP102,Dhaka 172 km
N805,1008240,link,link 5723,22.7558333,89.693583,995.0,A,LRP103,Bhanga 105 km
N805,1008241,link,link 5724,22.7525556,89.6869163,775.0,A,LRP103a,Box Culvert
N805,1008242,link,link 5725,22.7516389,89.6849997,215.0,A,LRP104,Gopalganj 35 km
N805,1008243,link,link 5726,22.75125,89.6843886,90.0,A,LRP104a,Box Culvert
N805,1008244,link,link 5727,22.746583,89.6774716,910.0,A,LRP105,Km post missing
N805,1008245,link,link 5728,22.7439163,89.6677771,1010.0,A,LRP106,Gopalganj 37 km
N805,1008246,link,link 5729,22.7424997,89.6618611,1000.0,A,LRP107,Bhanga 109 Km
N805,1008247,link,link 5730,22.7400552,89.6526389,630.0,A,LRP108,Km post missing
N805,1008248,link,link 5731,22.7374441,89.6496386,410.0,A,LRP108a,Right R770
N805,1008249,intersection,intersection 135,22.7388052,89.6441386,590.0,A,LRP109,Bagerhat 20 km
N805,1008250,intersection,intersection 136,22.7409997,89.6353886,943.0,A,LRP109a,Box Culvert
N805,1008251,sourcesink,sourcesink 54,22.7409163,89.6349441,47.0,A,LRPE,End of road at 805 (Katakhali Traffic More)
N806,1008252,sourcesink,sourcesink 55,23.2135833,89.7100556,0.0,A,LRPS,Start at Bhatiapara intersect N805
N806,1008253,link,link 5732,23.2082778,89.7032222,1000.0,A,LRP001,Km post missing
N806,1008254,bridge,bridge 2332,23.2044444,89.6983886,3.0,A,LRP001a,.
N806,1008255,link,link 5733,23.2016111,89.6977497,302.0,A,LRP002,Km post missing
N806,1008256,link,link 5734,23.1949163,89.694083,925.0,A,LRP002a,End of Pucca Road
N806,1008257,link,link 5735,23.1948886,89.6934719,65.0,A,LRP002b,Kalna ferry ghat start
N806,1008258,link,link 5736,23.1943052,89.6893886,437.0,A,LRP003a,Kalna ferry ghat end
N806,1008259,link,link 5737,23.1949997,89.6874997,213.0,A,LRP003b,Start of Narail Road Division / Start of Narail Road Division
N806,1008260,link,link 5738,23.1953608,89.6833886,422.0,A,LRP003c,Box culvert
N806,1008261,link,link 5739,23.1957774,89.677916,563.0,A,LRP004,Narail 18 km
N806,1008262,link,link 5740,23.1950274,89.6742216,391.0,A,LRP004a,Box Culvert
N806,1008263,link,link 5741,23.1933052,89.669666,505.0,A,LRP004b,Box Culvert
N806,1008264,link,link 5742,23.1929997,89.6687493,104.0,A,LRP005,Narail 17
N806,1008265,link,link 5743,23.19224095,89.6629832249,607.0,A,LRP005a,Box Culvert
N806,1008266,link,link 5744,23.1917497,89.65925,393.0,A,LRP006,Narail 16 km
N806,1008267,link,link 5745,23.1852774,89.6566389,697.0,A,LRP006a,Box Culvert
N806,1008268,link,link 5746,23.183583,89.6539444,334.0,A,LRP007,Narail 15 km
N806,1008269,link,link 5747,23.1831382,89.6531389,96.0,A,LRP007a,Start of lohagara Bridge
N806,1008270,link,link 5748,23.1826382,89.6520556,125.0,A,LRP007b,End of Lohagara Bridge
N806,1008271,link,link 5749,23.1809993,89.6476941,492.0,A,LRP007c,Z7503 to Naraghati
N806,1008272,link,link 5750,23.1809716,89.6450274,278.0,A,LRP007d,Box Culvert
N806,1008273,link,link 5751,23.1810271,89.6111944,62.0,A,LRP008,Km post broken
N806,1008274,link,link 5752,23.1819438,89.6044722,707.0,A,LRP008a,Box Culvert
N806,1008275,link,link 5753,23.1823604,89.6017778,293.0,A,LRP009,"Narail 13 km ,Khulna 107 km"
N806,1008276,link,link 5754,23.1837497,89.6253049,1010.0,A,LRP010,Narail 12 km
N806,1008277,link,link 5755,23.1837497,89.625166,20.0,A,LRP010a,Box Culvert
N806,1008278,link,link 5756,23.1842774,89.6210827,423.0,A,LRP010b,Box Culvert
N806,1008279,link,link 5757,23.1845274,89.6156667,562.0,A,LRP011,Narail 11 km
N806,1008280,link,link 5758,23.1843886,89.6128333,290.0,A,LRP011a,Box Culvert
N806,1008281,link,link 5759,23.1840552,89.6052778,755.0,A,LRP012,Narail 10 km
N806,1008282,link,link 5760,23.1836386,89.5963052,960.0,A,LRP013,Narail 9 km
N806,1008283,link,link 5761,23.1831938,89.5864163,1030.0,A,LRP014,Narail 8 km
N806,1008284,link,link 5762,23.1826382,89.5766382,1000.0,A,LRP015,"Narail 7 km, Khulna 101 km"
N806,1008285,link,link 5763,23.1826104,89.5758882,80.0,A,LRP015a,Box Culvert
N806,1008286,link,link 5764,23.1822493,89.5736382,228.0,A,LRP015b,Box Culvert
N806,1008287,link,link 5765,23.1819993,89.568166,562.0,A,LRP015c,Box Culvert
N806,1008288,link,link 5766,23.1818327,89.5669716,130.0,A,LRP016,Narail 6 km
N806,1008289,link,link 5767,23.1814993,89.5662222,497.0,A,LRP016a,Box Culvert
N806,1008290,link,link 5768,23.1807493,89.5621389,7.0,A,LRP016b,Box Culvert
N806,1008291,link,link 5769,23.1801382,89.5589167,346.0,A,LRP016c,Bridge start
N806,1008292,link,link 5770,23.1801104,89.5586944,20.0,A,LRP016d,Bridge end
N806,1008293,link,link 5771,23.1798049,89.5574167,140.0,A,LRP017,Narail 5 km
N806,1008294,link,link 5772,23.1794716,89.5555556,203.0,A,LRP017a,Box Culvert
N806,1008295,link,link 5773,23.1794438,89.5511111,455.0,A,LRP017b,Box Culvert
N806,1008296,link,link 5774,23.1796104,89.5492497,189.0,A,LRP017c,Box Culvert
N806,1008297,link,link 5775,23.1797771,89.5477774,153.0,A,LRP018,"Narail 4 km,Banapole 78 km"
N806,1008298,link,link 5776,23.178416,89.5383052,1000.0,A,LRP019,"Narail 3 km, Kushtia 127 km"
N806,1008299,link,link 5777,23.1766382,89.5344441,450.0,A,LRP019a,Box Culvert
N806,1008300,link,link 5778,23.1766382,89.5342774,19.0,A,LRP019b,Box Culvert
N806,1008301,link,link 5779,23.1759716,89.5309993,531.0,A,LRP020,Km post missing
N806,1008302,link,link 5780,23.1752216,89.5273327,213.0,A,LRP020a,Box Culvert
N806,1008303,link,link 5781,23.1740827,89.524916,253.0,A,LRP020b,"Z-7505,Narail Town By pass.Simakhali more"
N806,1008304,link,link 5782,23.1727771,89.5224993,302.0,A,LRP020c,Box Culvert
N806,1008305,link,link 5783,23.1724716,89.5219438,232.0,A,LRP021,Km post missing
N806,1008306,link,link 5784,23.1692771,89.5138056,810.0,A,LRP021a,Bridge start under constraction
N806,1008307,link,link 5785,23.1698604,89.5126944,125.0,A,LRP021b,Bridge end (Under Constraction
N806,1008308,link,link 5786,23.1703882,89.5123611,65.0,A,LRP022,Km post missing
N806,1008309,link,link 5787,23.1715271,89.50875,463.0,A,LRP022a,Box Culvert
N806,1008310,link,link 5788,23.1731382,89.5055556,537.0,A,LRP023,Km post missing
N806,1008311,link,link 5789,23.1733327,89.5003889,390.0,A,LRP023a,R 720 Magura Road
N806,1008312,link,link 5790,23.1693604,89.4998886,610.0,A,LRP024,Km post missing
N806,1008313,link,link 5791,23.1656111,89.497083,604.0,A,LRP024a,Z7030 Road to Fultala
N806,1008314,link,link 5792,23.1658333,89.4929719,266.0,A,LRP025,Jessore 31 km banapole 71 km
N806,1008315,link,link 5793,23.1655278,89.4884997,450.0,A,LRP025a,Bridge start
N806,1008316,link,link 5794,23.1655,89.4882219,30.0,A,LRP025b,Bridge end
N806,1008317,link,link 5795,23.1650833,89.4830827,530.0,A,LRP026,Jessore 30 km Dholga 12 km
N806,1008318,link,link 5796,23.1649167,89.480916,230.0,A,LRP026a,Bridge start
N806,1008319,link,link 5797,23.1648889,89.4807216,20.0,A,LRP026b,Bridge end
N806,1008320,link,link 5798,23.1643056,89.4733882,760.0,A,LRP027,Jessore 29 km Khulna 89 km
N806,1008321,link,link 5799,23.163400417241377,89.4725045862069,90.0,A,LRP027a,Box Culvert
N806,1008322,link,link 5800,23.163768083077905,89.46748391353766,490.0,A,LRP027b,Bridge start
N806,1008323,link,link 5801,23.1638056,89.4669716,50.0,A,LRP027c,Bridge end
N806,1008324,link,link 5802,23.1636111,89.4645833,292.0,A,LRP027d,Box Culvert
N806,1008325,link,link 5803,23.1635833,89.4635833,86.0,A,LRP028,Jessore 28 km banapole 68 km
N806,1008326,link,link 5804,23.1632778,89.4592222,460.0,A,LRP028a,Box Culvert
N806,1008327,link,link 5805,23.1629444,89.4542778,540.0,A,LRP029,Km post missing
N806,1008328,link,link 5806,23.1635,89.4507778,337.0,A,LRP029a,Box Culvert
N806,1008329,link,link 5807,23.1658056,89.4451108,615.0,A,LRP030,Jessore 26 km banapole 66 km
N806,1008330,link,link 5808,23.1664167,89.4429441,200.0,A,LRP030a,Z7504 Maijpara Road
N806,1008331,link,link 5809,23.1665833,89.4425552,70.0,A,LRP030b,Tularampur Bridge Start
N806,1008332,link,link 5810,23.1669438,89.4418886,88.0,A,LRP030c,Tularampur Bridge end
N806,1008333,link,link 5811,23.1688327,89.4359719,632.0,A,LRP031,Jessore 25 km kustia 115 km
N806,1008334,link,link 5812,23.1700271,89.4335274,234.0,A,LRP031a,Box Culvert
N806,1008335,link,link 5813,23.172166,89.4282771,539.0,A,LRP031b,Box Culvert
N806,1008336,link,link 5814,23.1735271,89.4269438,247.0,A,LRP032,Km post broken
N806,1008337,link,link 5815,23.1760549,89.4176938,995.0,A,LRP033,Jessore 23 km
N806,1008338,link,link 5816,23.1761382,89.4174993,15.0,A,LRP033a,R C C Bridge Start
N806,1008339,link,link 5817,23.17623519406176,89.41718297814727,35.0,A,LRP033b,R C C Bridge end
N806,1008340,link,link 5818,23.1773049,89.4136944,386.0,A,LRP033c,Box Culvert
N806,1008341,link,link 5819,23.1788327,89.4089167,514.0,A,LRP033d,Box Culvert
N806,1008342,link,link 5820,23.1789716,89.4084444,47.0,A,LRP034,Start of Jessore Road Division / Start of Jessore Road Division
N806,1008343,link,link 5821,23.1797216,89.4041111,448.0,A,LRP035,Jessore 20 km Banapole 60 km
N806,1008344,link,link 5822,23.1805827,89.3982497,773.0,A,LRP035a,Box Culvert
N806,1008345,link,link 5823,23.1809438,89.3959441,98.0,A,LRP035b,2  V Box Culvert
N806,1008346,link,link 5824,23.181166,89.3945274,129.0,A,LRP036,Jessore 19 km Bagharpara 11 km
N806,1008347,link,link 5825,23.1833886,89.3891663,597.0,A,LRP036a,Box Culvert
N806,1008348,link,link 5826,23.1854163,89.3861108,418.0,A,LRP037,Jessore 18 km Magura 62 km
N806,1008349,link,link 5827,23.1885274,89.380416,692.0,A,LRP037a,Box Culvert
N806,1008350,link,link 5828,23.1886941,89.3772493,322.0,A,LRP038,Jessore 17 km Jhenaidah 62 km
N806,1008351,link,link 5829,23.1888052,89.3727216,453.0,A,LRP038a,Box Culvert
N806,1008352,link,link 5830,23.1873052,89.3677771,533.0,A,LRP039,Jessore 16 km Bagharpara 8 km / Box Culvert
N806,1008353,link,link 5831,23.1854997,89.3594722,885.0,A,LRP039b,Box Culvert
N806,1008354,link,link 5832,23.1859719,89.3585278,125.0,A,LRP040,Narial 18 km Barisal 180 km
N806,1008355,link,link 5833,23.1869441,89.3547778,429.0,A,LRP040a,Box Culvert
N806,1008356,link,link 5834,23.1881941,89.3469441,576.0,A,LRP041,Jessore 14 km Bagharpara 3 km / Z7501 Bagharpara Road
N806,1008357,link,link 5835,23.188083,89.3394163,990.0,A,LRP042,Jessore 13 km Kustia 105 km
N806,1008358,link,link 5836,23.1879163,89.3374441,211.0,A,LRP042a,Box Culvert
N806,1008359,link,link 5837,23.186333,89.3298882,782.0,A,LRP043,Jessore 12 km Khulna 72 km
N806,1008360,link,link 5838,23.1857774,89.3274993,247.0,A,LRP043a,Box Culvert
N806,1008361,link,link 5839,23.1844997,89.3204438,730.0,A,LRP044,Jessore 11 km Khulna 71 km
N806,1008362,link,link 5840,23.1846386,89.31025,1004.0,A,LRP045,Jessore 10 km Banapole 50 km
N806,1008363,link,link 5841,23.1846386,89.3104722,6.0,A,LRP045a,Box Culvert
N806,1008364,link,link 5842,23.1847497,89.3008056,980.0,A,LRP046,Jessore 9 km Kushtia 101 km
N806,1008365,link,link 5843,23.1846108,89.2998886,99.0,A,LRP046a,Box Culvert
N806,1008366,link,link 5844,23.180166,89.2924163,881.0,A,LRP047,Jessore 8 km Jhenaidah 53 km
N806,1008367,link,link 5845,23.1737216,89.2859441,1000.0,A,LRP048,Jessore 7 km Khustia 99 km
N806,1008368,link,link 5846,23.1684993,89.2799716,862.0,A,LRP048a,R C C Bridge Start
N806,1008369,link,link 5847,23.1682493,89.2796938,40.0,A,LRP048b,R C C Bridge end
N806,1008370,link,link 5848,23.1674993,89.2788604,118.0,A,LRP049,Jessore 6 km Magura 50 km
N806,1008371,link,link 5849,23.1666938,89.2695271,1017.0,A,LRP049a,Box Culvert
N806,1008372,link,link 5850,23.1666938,89.2694716,3.0,A,LRP050,Jessore 5 km Khulna 65 km
N806,1008373,link,link 5851,23.1676104,89.2599722,1025.0,A,LRP051,Jessore 4 km khulna 64 km
N806,1008374,link,link 5852,23.1666938,89.2558056,423.0,A,LRP051a,Box Culvert
N806,1008375,link,link 5853,23.1659722,89.2505,552.0,A,LRP052,Jessore 3 km Khulna 63 km
N806,1008376,link,link 5854,23.1643056,89.2441386,673.0,A,LRP052a,Box Culvert
N806,1008377,link,link 5855,23.1631944,89.2412497,357.0,A,LRP053,Jessore 2 km Jhenaidah 47 km
N806,1008378,link,link 5856,23.1599444,89.232166,1090.0,A,LRP054,Jessore 1 km
N806,1008379,link,link 5857,23.1598611,89.2293882,253.0,A,LRP054a,R C C Bridge Start
N806,1008380,link,link 5858,23.1598889,89.2291382,19.0,A,LRP054b,R C C Bridge end
N806,1008381,link,link 5859,23.1603889,89.2238049,558.0,A,LRP055,Khulna 60 km Banapole 40 km
N806,1008382,sourcesink,sourcesink 56,23.1609722,89.222666,150.0,A,LRPE,"End at Traffic more island infront of Monihor Cinema hall and intersection of N707, Jessore"
N809,1008383,sourcesink,sourcesink 57,22.685583,90.3568056,0.0,A,LRPS,"Start from N8 at Amtali Medical more,Barishal"
N809,1008384,bridge,bridge 2333,22.6846663,90.3589444,1.6,B,LRPSa,.
N809,1008385,link,link 5860,22.6871663,90.3655833,740.0,A,LRP001,Km post missing
N809,1008386,bridge,bridge 2334,22.6873886,90.3661111,4.36,B,LRP001a,.
N809,1008387,bridge,bridge 2335,22.6897497,90.3679716,6.7,B,LRP001b,.
N809,1008388,link,link 5861,22.6938608,90.3704438,611.0,A,LRP002,Km post missing
N809,1008389,bridge,bridge 2336,22.6985552,90.3730271,4.5,B,LRP002a,.
N809,1008390,link,link 5862,22.6979441,90.3744438,280.0,A,LRP002b,Ferry Ghat start
N809,1008391,link,link 5863,22.6976108,90.3784716,410.0,A,LRP003a,Ferry Ghat end
N809,1008392,link,link 5864,22.6929997,90.3838886,820.0,A,LRP004,Km post missing
N809,1008393,bridge,bridge 2337,22.6929441,90.384083,3.7,A,LRP004a,.
N809,1008394,bridge,bridge 2338,22.6900225515213,90.38876758417852,6.82,A,LRP004b,.
N809,1008395,link,link 5865,22.6881108,90.391833,390.0,A,LRP005,Km post missing
N809,1008396,link,link 5866,22.6869441,90.3945552,300.0,A,LRP005a,Right Z8044
N809,1008397,link,link 5867,22.6897219,90.4005278,700.0,A,LRP006,Km post missing
N809,1008398,bridge,bridge 2339,22.690333,90.40125,2.0,A,LRP006a,.
N809,1008399,bridge,bridge 2340,22.6913886,90.4023611,5.17,A,LRP006b,.
N809,1008400,link,link 5868,22.6965274,90.4064444,726.0,A,LRP007,Information missing
N809,1008401,bridge,bridge 2341,22.7035,90.4110278,6.84,A,LRP007a,.
N809,1008402,link,link 5869,22.70325,90.4116667,68.0,A,LRP008,Km post missing
N809,1008403,bridge,bridge 2342,22.7026667,90.4154167,10.0,B,LRP008a,.
N809,1008404,link,link 5870,22.7020833,90.4200549,484.0,A,LRP008b,Start of bridge
N809,1008405,link,link 5871,22.7020833,90.4201938,12.0,A,LRP008c,End of bridge
N809,1008406,link,link 5872,22.7021944,90.4211104,108.0,A,LRP009,Km post missing
N809,1008407,bridge,bridge 2343,22.7039722,90.4283327,3.62,A,LRP009a,.
N809,1008408,link,link 5873,22.7038333,90.4304438,215.0,A,LRP010,Bhola 24 km
N809,1008409,bridge,bridge 2344,22.7018611,90.4373052,13.32,C,LRP010a,.
N809,1008410,link,link 5874,22.7017778,90.4372774,15.0,A,LRP010b,End of bridge
N809,1008411,link,link 5875,22.7005,90.4385274,205.0,A,LRP011,"Bhola 23 km,Laherhat 6 km"
N809,1008412,bridge,bridge 2345,22.7000556,90.4394719,3.7,A,LRP011a,.
N809,1008413,link,link 5876,22.696833,90.4471941,890.0,A,LRP012,"Bhola 22 km,Laherhat 15 km"
N809,1008414,bridge,bridge 2346,22.6964719,90.4486663,1.85,A,LRP012a,.
N809,1008415,bridge,bridge 2347,22.6951941,90.4548056,1.88,A,LRP012b,.
N809,1008416,link,link 5877,22.6953052,90.4566944,201.0,A,LRP013,"Bhola 21 km,Laherhat 14 km"
N809,1008417,bridge,bridge 2348,22.6956386,90.4599722,1.98,A,LRP013a,.
N809,1008418,bridge,bridge 2349,22.6956386,90.4601111,13.25,A,LRP013b,.
N809,1008419,link,link 5878,22.6931941,90.4656389,640.0,A,LRP014,"Bhola 20 km,Laherhat 3 km"
N809,1008420,link,link 5879,22.6913608,90.4751382,1000.0,A,LRP015,"Bhola 19 km,Laherhat 2 km"
N809,1008421,link,link 5880,22.6896386,90.4845552,1000.0,A,LRP016,Km post broken
N809,1008422,link,link 5881,22.6885274,90.4893886,545.0,A,LRP016a,Ferry Ghat start
N809,1008423,link,link 5882,22.70475,90.5646944,9130.0,A,LRP025a,Ferry Ghat end
N809,1008424,link,link 5883,22.7089167,90.5665,310.0,A,LRP026,Illisha Ferry Ghat 10 km
N809,1008425,link,link 5884,22.7173327,90.5700271,1200.0,A,LRP027,Km post missing
N809,1008426,link,link 5885,22.7233049,90.5739716,770.0,A,LRP027a,Start of bridge
N809,1008427,link,link 5886,22.7235271,90.574166,35.0,A,LRP027b,End of bridge
N809,1008428,link,link 5887,22.7248882,90.5753049,195.0,A,LRP028,Bhola 12 km
N809,1008429,link,link 5888,22.7320827,90.5812216,1000.0,A,LRP029,Illisha Frrry Ghat 14 km
N809,1008430,link,link 5889,22.7387497,90.5873052,970.0,A,LRP030,Illisha Ferry Ghat 13 km
N809,1008431,bridge,bridge 2350,22.7387219,90.5888886,1.95,A,LRP030a,.
N809,1008432,bridge,bridge 2351,22.7384163,90.5901386,1.97,A,LRP030b,.
N809,1008433,link,link 5890,22.7369441,90.5972497,732.0,A,LRP031,Illisha Ferry Ghat 12 km
N809,1008434,link,link 5891,22.7366386,90.6069167,1000.0,A,LRP032,Bhola 8 km
N809,1008435,link,link 5892,22.7339997,90.6160278,1000.0,A,LRP033,Illisha Ferry Ghat 10 km
N809,1008436,link,link 5893,22.7315827,90.6253049,1000.0,A,LRP034,Illisha Ferry Ghat 9 km
N809,1008437,bridge,bridge 2352,22.7313327,90.6258882,7.63,C,LRP034a,.
N809,1008438,link,link 5894,22.7304716,90.6274438,190.0,A,LRP034b,Box culvert
N809,1008439,link,link 5895,22.7292216,90.6342497,745.0,A,LRP034c,Right R890
N809,1008440,link,link 5896,22.7292771,90.6343052,5.0,A,LRP035,Illisha Ferry Ghat 8 km
N809,1008441,link,link 5897,22.735333,90.633333,690.0,A,LRP035a,Box culvert
N809,1008442,link,link 5898,22.7381941,90.6338886,310.0,A,LRP036,Illisha Fery Ghat 6 km
N809,1008443,link,link 5899,22.7471941,90.6343052,1020.0,A,LRP037,Illisha Ferry Ghat 5 km
N809,1008444,link,link 5900,22.7558056,90.636583,1000.0,A,LRP038,Lakshmpur 21 km
N809,1008445,bridge,bridge 2353,22.762,90.6397219,12.4,B,LRP038a,.
N809,1008446,link,link 5901,22.7639167,90.640833,240.0,A,LRP039,Illisha Ferry Ghat 3 km
N809,1008447,bridge,bridge 2354,22.7690827,90.6443608,7.69,C,LRP039a,.
N809,1008448,link,link 5902,22.7715549,90.6451663,300.0,A,LRP040,Informatrion missing
N809,1008449,link,link 5903,22.7770827,90.6469163,657.0,A,LRP040a,Box Culvert
N809,1008450,link,link 5904,22.780166,90.6479441,358.0,A,LRP041,Lakshmipur 26 km
N809,1008451,link,link 5905,22.780916,90.6481386,90.0,A,LRP041a,Right R891
N809,1008452,link,link 5906,22.7884997,90.647583,855.0,A,LRP041b,River start
N809,1008453,link,link 5907,22.873416,90.7819993,15625.0,A,LRP057a,River end
N809,1008454,link,link 5908,22.8740549,90.7839719,330.0,A,LRP058,Lakshimipur 12 km
N809,1008455,link,link 5909,22.8805271,90.7881941,1010.0,A,LRP059,Lakshmipur 11 km
N809,1008456,link,link 5910,22.8888608,90.7897219,960.0,A,LRP060,Lakshmipur 10 km
N809,1008457,link,link 5911,22.8978052,90.7918886,1030.0,A,LRP061,Lakshmipur  9 km
N809,1008458,link,link 5912,22.9058333,90.7956386,1000.0,A,LRP062,Lakshmipur 8 km
N809,1008459,bridge,bridge 2355,22.9079444,90.7991941,0.9,A,LRP062a,SHAKCHORA-5- SLAB CULVERT
N809,1008460,link,link 5913,22.9083333,90.8046111,555.0,A,LRP063,Lakshmipur  7 km
N809,1008461,bridge,bridge 2356,22.9084167,90.8057778,1.0,A,LRP063a,HAZILLA BABAYGOZA CULVERT
N809,1008462,bridge,bridge 2357,22.9145556,90.8051667,0.8,A,LRP063b,TUMCHAR
N809,1008463,link,link 5914,22.9156389,90.8053889,500.0,A,LRP064,Lakshmipur 6 km
N809,1008464,bridge,bridge 2358,22.9157778,90.8054167,0.9,A,LRP064a,SHAKCHAR BOX CULVERT
N809,1008465,bridge,bridge 2359,22.9196104,90.8061111,0.9,A,LRP064b,SHAKCHAR-1- SLAB CULVERT
N809,1008466,link,link 5915,22.9201382,90.8066667,100.0,A,LRP064c,Box Culvert
N809,1008467,link,link 5916,22.9233882,90.8086667,450.0,A,LRP065,Lakshmipur 5 km
N809,1008468,link,link 5917,22.9318327,90.8105833,1010.0,A,LRP066,Lakshmipur  4 km
N809,1008469,bridge,bridge 2360,22.9324993,90.8106389,9.4,A,LRP066a,HAZIBARI BOX CULVERT
N809,1008470,link,link 5918,22.933583,90.8109167,138.0,A,LRP066b,Box Culvert
N809,1008471,link,link 5919,22.9352497,90.8113333,194.0,A,LRP066c,Box Culvert
N809,1008472,bridge,bridge 2361,22.9370552,90.8115278,3.0,B,LRP066d,BANCHA NAGAR CULVERT
N809,1008473,link,link 5920,22.9378052,90.8121111,410.0,A,LRP067,Lakshmipur 3 km
N809,1008474,link,link 5921,22.9454163,90.8136944,582.0,A,LRP067a,Box Culvert
N809,1008475,sourcesink,sourcesink 58,22.946333,90.8137222,108.0,A,LRPE,End of Road with R140 at Bus stand Lakshmipur .
