Scenario,Replication,Seed,agent_id,agent_type,name,road,condition,is_broken,broke_during_flood,total_vehicles_passed,length
2,1,123,1000000,SourceSink,sourcesink 1,N1,,,,2651,0.0
2,1,123,1000001,Link,,N1,,,,9851,7901.113999999999
2,1,123,1000015,Bridge,bridge 1,N1,C,False,False,7852,397.0
2,1,123,1000016,Link,,N1,,,,93,70.954
2,1,123,1000017,Intersection,intersection 1,N1,,,,3807,252.369
2,1,123,1000018,Link,,N1,,,,6629,715.823
2,1,123,1000019,Bridge,bridge 2,N1,B,False,False,0,8.0
2,1,123,1000020,Bridge,bridge 3,N1,A,False,False,0,6.3
2,1,123,1000021,Bridge,bridge 4,N1,A,True,True,8180,6.3
2,1,123,1000022,Link,,N1,,,,145,135.756
2,1,123,1000023,Bridge,bridge 5,N1,A,False,False,0,8.3
2,1,123,1000024,Link,,N1,,,,5295,587.193
2,1,123,1000026,Bridge,bridge 6,N1,A,False,False,0,9.3
2,1,123,1000027,Bridge,bridge 7,N1,A,False,False,0,6.1
2,1,123,1000028,Intersection,intersection 2,N1,,,,5292,163.334
2,1,123,1000029,Link,,N1,,,,10022,582.564
2,1,123,1000030,Bridge,bridge 8,N1,A,False,False,0,26.3
2,1,123,1000031,Link,,N1,,,,14607,2839.505
2,1,123,1000035,Bridge,bridge 9,N1,B,True,True,11614,5.55
2,1,123,1000036,Link,,N1,,,,14605,888.934
2,1,123,1000040,Bridge,bridge 10,N1,C,True,True,12993,159.52
2,1,123,1000041,Link,,N1,,,,13753,663.843
2,1,123,1000044,Bridge,bridge 11,N1,B,False,False,0,20.0
2,1,123,1000045,Bridge,bridge 12,N1,A,False,False,0,20.45
2,1,123,1000046,Link,,N1,,,,2272,621.042
2,1,123,1000047,Bridge,bridge 13,N1,C,False,False,0,40.5
2,1,123,1000048,Bridge,bridge 14,N1,B,False,False,259,40.33
2,1,123,1000049,Link,,N1,,,,0,6.8
2,1,123,1000050,Bridge,bridge 15,N1,A,False,False,5757,6.0
2,1,123,1000051,Bridge,bridge 16,N1,B,False,False,0,10.4
2,1,123,1000052,Link,,N1,,,,14595,1280.083
2,1,123,1000056,Bridge,bridge 17,N1,B,False,False,0,5.5
2,1,123,1000057,Link,,N1,,,,14593,874.029
2,1,123,1000061,Bridge,bridge 18,N1,B,False,False,515,213.5
2,1,123,1000062,Link,,N1,,,,12322,67.955
2,1,123,1000063,Bridge,bridge 19,N1,C,False,False,14594,900.0
2,1,123,1000064,Link,,N1,,,,14595,1110.6100000000001
2,1,123,1000066,Bridge,bridge 20,N1,A,False,False,0,5.6
2,1,123,1000067,Bridge,bridge 21,N1,A,False,False,0,5.5
2,1,123,1000068,Link,,N1,,,,1054,316.921
2,1,123,1000069,Bridge,bridge 22,N1,A,True,True,11605,5.6
2,1,123,1000070,Link,,N1,,,,1012,140.219
2,1,123,1000071,Bridge,bridge 23,N1,A,False,False,6058,163.5
2,1,123,1000072,Bridge,bridge 24,N1,A,False,False,653,172.1
2,1,123,1000073,Link,,N1,,,,7359,415.733
2,1,123,1000075,Bridge,bridge 25,N1,A,False,False,531,29.0
2,1,123,1000076,Bridge,bridge 26,N1,A,False,False,0,29.77
2,1,123,1000077,Link,,N1,,,,13589,649.727
2,1,123,1000078,Bridge,bridge 27,N1,A,False,False,0,34.7
2,1,123,1000079,Link,,N1,,,,8525,643.097
2,1,123,1000083,Bridge,bridge 28,N1,B,False,False,0,26.3
2,1,123,1000084,Link,,N1,,,,14606,845.4590000000001
2,1,123,1000087,Bridge,bridge 29,N1,A,False,False,0,29.0
2,1,123,1000088,Link,,N1,,,,14094,582.337
2,1,123,1000089,Bridge,bridge 30,N1,A,False,False,0,9.1
2,1,123,1000090,Bridge,bridge 31,N1,A,False,False,0,5.2
2,1,123,1000091,Link,,N1,,,,14609,1700.003
2,1,123,1000094,Bridge,bridge 32,N1,A,False,False,0,9.5
2,1,123,1000095,Link,,N1,,,,14607,945.9390000000001
2,1,123,1000098,Bridge,bridge 33,N1,B,False,False,481,24.5
2,1,123,1000099,Link,,N1,,,,14613,8876.918
2,1,123,1000118,Bridge,bridge 34,N1,C,False,False,0,3.9
2,1,123,1000119,Link,,N1,,,,14606,932.32
2,1,123,1000122,Bridge,bridge 35,N1,C,False,False,0,6.5
2,1,123,1000123,Link,,N1,,,,14617,8687.705000000002
2,1,123,1000137,Bridge,bridge 36,N1,C,True,True,11640,28.9
2,1,123,1000138,Link,,N1,,,,14630,11234.391
2,1,123,1000158,Bridge,bridge 37,N1,A,True,True,11621,4.5
2,1,123,1000159,Link,,N1,,,,14626,2988.225
2,1,123,1000165,Bridge,bridge 38,N1,C,True,True,11644,23.1
2,1,123,1000166,Link,,N1,,,,14624,2177.616
2,1,123,1000170,Bridge,bridge 39,N1,B,False,False,0,4.6
2,1,123,1000171,Link,,N1,,,,0,159.478
2,1,123,1000172,Bridge,bridge 40,N1,B,False,False,0,4.6
2,1,123,1000173,Link,,N1,,,,6450,130.454
2,1,123,1000174,Bridge,bridge 41,N1,A,True,True,11615,1.5
2,1,123,1000175,Link,,N1,,,,14626,1197.6689999999999
2,1,123,1000177,Bridge,bridge 42,N1,C,False,False,0,1.0
2,1,123,1000178,Link,,N1,,,,14626,2718.9559999999997
2,1,123,1000183,Bridge,bridge 43,N1,A,False,False,0,1.4
2,1,123,1000186,Link,,N1,,,,26934,3986.3759999999997
2,1,123,1000191,Bridge,bridge 44,N1,C,True,True,21855,22.85
2,1,123,1000192,Link,,N1,,,,27001,5553.24
2,1,123,1000204,Bridge,bridge 45,N1,C,True,True,21545,27.35
2,1,123,1000205,Link,,N1,,,,27096,3923.617
2,1,123,1000211,Bridge,bridge 46,N1,C,False,False,0,27.35
2,1,123,1000212,Link,,N1,,,,27105,2922.4700000000003
2,1,123,1000217,Bridge,bridge 47,N1,A,False,False,417,30.4
2,1,123,1000218,Link,,N1,,,,27118,2987.0919999999996
2,1,123,1000225,Bridge,bridge 48,N1,C,False,False,0,22.8
2,1,123,1000226,Link,,N1,,,,27115,882.272
2,1,123,1000227,Bridge,bridge 49,N1,A,False,False,0,14.3
2,1,123,1000228,Link,,N1,,,,27127,4594.812
2,1,123,1000238,Bridge,bridge 50,N1,B,True,True,21620,19.2
2,1,123,1000239,Link,,N1,,,,27187,910.9010000000001
2,1,123,1000241,Bridge,bridge 51,N1,A,False,False,0,3.2
2,1,123,1000242,Link,,N1,,,,27187,722.8969999999999
2,1,123,1000245,Bridge,bridge 52,N1,A,False,False,0,13.4
2,1,123,1000246,Link,,N1,,,,18149,442.339
2,1,123,1000247,Bridge,bridge 53,N1,B,False,False,0,4.6
2,1,123,1000248,Link,,N1,,,,10089,469.17999999999995
2,1,123,1000250,Bridge,bridge 54,N1,B,False,False,0,6.3
2,1,123,1000251,Link,,N1,,,,27195,2449.126
2,1,123,1000255,Bridge,bridge 55,N1,B,True,True,21612,4.5
2,1,123,1000256,Link,,N1,,,,27227,874.0070000000001
2,1,123,1000259,Bridge,bridge 56,N1,B,False,False,0,2.5
2,1,123,1000260,Link,,N1,,,,27228,845.902
2,1,123,1000261,Bridge,bridge 57,N1,A,False,False,0,2.5
2,1,123,1000262,Bridge,bridge 58,N1,B,False,False,0,3.1
2,1,123,1000263,Link,,N1,,,,19519,622.412
2,1,123,1000266,Bridge,bridge 59,N1,B,False,False,0,2.6
2,1,123,1000267,Bridge,bridge 60,N1,A,False,False,0,6.0
2,1,123,1000268,Link,,N1,,,,8120,333.68
2,1,123,1000270,Bridge,bridge 61,N1,B,False,False,0,14.3
2,1,123,1000271,Link,,N1,,,,18053,240.993
2,1,123,1000272,Bridge,bridge 62,N1,A,False,False,0,6.1
2,1,123,1000273,Link,,N1,,,,9176,554.159
2,1,123,1000275,Bridge,bridge 63,N1,A,False,False,865,6.1
2,1,123,1000276,Link,,N1,,,,17194,269.937
2,1,123,1000277,Bridge,bridge 64,N1,C,False,False,0,6.1
2,1,123,1000278,Link,,N1,,,,7334,220.826
2,1,123,1000279,Bridge,bridge 65,N1,B,False,False,0,9.5
2,1,123,1000280,Link,,N1,,,,1841,142.484
2,1,123,1000281,Bridge,bridge 66,N1,B,False,False,0,3.1
2,1,123,1000282,Link,,N1,,,,18063,451.869
2,1,123,1000284,Bridge,bridge 67,N1,A,False,False,0,9.5
2,1,123,1000285,Link,,N1,,,,10038,499.678
2,1,123,1000286,Bridge,bridge 68,N1,B,True,True,21631,6.3
2,1,123,1000287,Link,,N1,,,,18227,444.93399999999997
2,1,123,1000289,Bridge,bridge 69,N1,B,False,False,0,3.5
2,1,123,1000290,Link,,N1,,,,1873,210.212
2,1,123,1000291,Bridge,bridge 70,N1,B,False,False,0,6.1
2,1,123,1000292,Link,,N1,,,,24305,309.453
2,1,123,1000294,Bridge,bridge 71,N1,B,False,False,0,3.0
2,1,123,1000295,Link,,N1,,,,2957,575.696
2,1,123,1000296,Bridge,bridge 72,N1,B,False,False,0,4.5
2,1,123,1000297,Link,,N1,,,,27264,895.394
2,1,123,1000298,Bridge,bridge 73,N1,B,False,False,0,5.3
2,1,123,1000299,Link,,N1,,,,27269,926.731
2,1,123,1000301,Bridge,bridge 74,N1,A,False,False,0,6.1
2,1,123,1000302,Link,,N1,,,,27270,1010.901
2,1,123,1000304,Bridge,bridge 75,N1,A,False,False,0,3.1
2,1,123,1000305,Link,,N1,,,,27270,914.716
2,1,123,1000307,Bridge,bridge 76,N1,A,False,False,0,3.5
2,1,123,1000308,Bridge,bridge 77,N1,B,False,False,0,14.2
2,1,123,1000309,Link,,N1,,,,1463,76.023
2,1,123,1000310,Bridge,bridge 78,N1,B,False,False,0,6.1
2,1,123,1000311,Link,,N1,,,,27277,1374.7530000000004
2,1,123,1000316,Bridge,bridge 79,N1,B,False,False,0,4.0
2,1,123,1000317,Link,,N1,,,,27280,1106.592
2,1,123,1000321,Bridge,bridge 80,N1,A,False,False,0,10.8
2,1,123,1000322,Link,,N1,,,,27284,872.053
2,1,123,1000323,Bridge,bridge 81,N1,A,False,False,0,1.6
2,1,123,1000324,Link,,N1,,,,27290,1326.687
2,1,123,1000328,Bridge,bridge 82,N1,A,False,False,0,3.4
2,1,123,1000329,Link,,N1,,,,27296,2255.781
2,1,123,1000335,Bridge,bridge 83,N1,A,False,False,0,1.5
2,1,123,1000336,Link,,N1,,,,17128,20306.901999999995
2,1,123,1000368,Bridge,bridge 84,N1,A,False,False,0,3.0
2,1,123,1000369,Link,,N1,,,,17106,2511.829
2,1,123,1000376,Bridge,bridge 85,N1,A,False,False,0,2.0
2,1,123,1000377,Link,,N1,,,,227,84.291
2,1,123,1000378,Bridge,bridge 86,N1,A,False,False,0,1.5
2,1,123,1000379,Bridge,bridge 87,N1,A,True,True,13473,1.5
2,1,123,1000380,Link,,N1,,,,474,270.143
2,1,123,1000381,Bridge,bridge 88,N1,A,False,False,0,8.5
2,1,123,1000382,Bridge,bridge 89,N1,A,False,False,0,3.0
2,1,123,1000383,Link,,N1,,,,1437,226.116
2,1,123,1000384,Bridge,bridge 90,N1,A,False,False,0,3.0
2,1,123,1000385,Bridge,bridge 91,N1,A,True,True,13483,3.0
2,1,123,1000386,Link,,N1,,,,2220,712.513
2,1,123,1000387,Bridge,bridge 92,N1,A,False,False,234,4.5
2,1,123,1000388,Bridge,bridge 93,N1,C,True,True,13533,12.4
2,1,123,1000389,Link,,N1,,,,17161,4915.830999999999
2,1,123,1000401,Bridge,bridge 94,N1,A,False,False,0,4.5
2,1,123,1000402,Link,,N1,,,,17152,823.7
2,1,123,1000403,Bridge,bridge 95,N1,B,False,False,0,23.2
2,1,123,1000404,Link,,N1,,,,17151,1500.095
2,1,123,1000408,Bridge,bridge 96,N1,A,False,False,256,9.7
2,1,123,1000409,Link,,N1,,,,17150,984.6680000000001
2,1,123,1000412,Bridge,bridge 97,N1,A,False,False,0,4.0
2,1,123,1000413,Link,,N1,,,,14368,527.327
2,1,123,1000415,Bridge,bridge 98,N1,A,False,False,0,12.9
2,1,123,1000416,Link,,N1,,,,3246,535.717
2,1,123,1000417,Bridge,bridge 99,N1,A,False,False,0,3.0
2,1,123,1000418,Bridge,bridge 100,N1,B,False,False,0,8.1
2,1,123,1000419,Link,,N1,,,,17156,2144.2219999999998
2,1,123,1000424,Bridge,bridge 101,N1,A,False,False,0,3.0
2,1,123,1000425,Link,,N1,,,,17157,990.984
2,1,123,1000426,Bridge,bridge 102,N1,A,False,False,0,3.0
2,1,123,1000427,Link,,N1,,,,17158,992.876
2,1,123,1000431,Bridge,bridge 103,N1,A,False,False,0,19.2
2,1,123,1000432,Link,,N1,,,,17157,734.708
2,1,123,1000434,Bridge,bridge 104,N1,A,False,False,0,4.2
2,1,123,1000435,Link,,N1,,,,17158,928.3919999999999
2,1,123,1000438,Bridge,bridge 105,N1,A,False,False,0,3.2
2,1,123,1000439,Link,,N1,,,,7582,186.006
2,1,123,1000440,Bridge,bridge 106,N1,A,False,False,0,6.0
2,1,123,1000441,Link,,N1,,,,17158,854.695
2,1,123,1000443,Bridge,bridge 107,N1,A,False,False,0,3.0
2,1,123,1000444,Bridge,bridge 108,N1,A,False,False,0,3.0
2,1,123,1000445,Link,,N1,,,,1284,97.817
2,1,123,1000446,Bridge,bridge 109,N1,A,False,False,0,3.0
2,1,123,1000447,Link,,N1,,,,17158,999.592
2,1,123,1000450,Bridge,bridge 110,N1,A,False,False,0,3.1
2,1,123,1000451,Bridge,bridge 111,N1,A,False,False,0,4.6
2,1,123,1000452,Link,,N1,,,,17163,1294.152
2,1,123,1000456,Bridge,bridge 112,N1,A,False,False,0,3.0
2,1,123,1000457,Bridge,bridge 113,N1,A,False,False,0,3.0
2,1,123,1000458,Link,,N1,,,,9584,461.797
2,1,123,1000459,Bridge,bridge 114,N1,A,False,False,0,3.0
2,1,123,1000460,Link,,N1,,,,5861,94.124
2,1,123,1000461,Bridge,bridge 115,N1,A,False,False,0,3.0
2,1,123,1000462,Bridge,bridge 116,N1,A,False,False,0,3.0
2,1,123,1000463,Link,,N1,,,,1716,86.921
2,1,123,1000464,Bridge,bridge 117,N1,A,False,False,0,4.6
2,1,123,1000465,Link,,N1,,,,17162,811.473
2,1,123,1000470,Bridge,bridge 118,N1,A,False,False,0,3.0
2,1,123,1000471,Link,,N1,,,,17159,971.988
2,1,123,1000473,Bridge,bridge 119,N1,A,False,False,0,2.95
2,1,123,1000474,Link,,N1,,,,17159,945.951
2,1,123,1000475,Bridge,bridge 120,N1,A,False,False,0,4.5
2,1,123,1000476,Link,,N1,,,,17160,909.5069999999998
2,1,123,1000480,Bridge,bridge 121,N1,C,True,True,13538,22.25
2,1,123,1000481,Link,,N1,,,,11584,736.243
2,1,123,1000482,Bridge,bridge 122,N1,A,False,False,0,10.2
2,1,123,1000483,Link,,N1,,,,17188,881.943
2,1,123,1000487,Bridge,bridge 123,N1,A,False,False,0,3.0
2,1,123,1000488,Bridge,bridge 124,N1,A,False,False,0,8.2
2,1,123,1000489,Link,,N1,,,,3695,585.853
2,1,123,1000490,Bridge,bridge 125,N1,A,False,False,0,4.1
2,1,123,1000491,Link,,N1,,,,17193,1737.667
2,1,123,1000496,Bridge,bridge 126,N1,A,False,False,0,3.0
2,1,123,1000497,Bridge,bridge 127,N1,A,False,False,0,5.2
2,1,123,1000498,Link,,N1,,,,17193,817.307
2,1,123,1000499,Bridge,bridge 128,N1,A,True,True,13531,8.2
2,1,123,1000500,Link,,N1,,,,17205,871.608
2,1,123,1000501,Bridge,bridge 129,N1,A,False,False,0,3.0
2,1,123,1000502,Link,,N1,,,,17209,1934.493
2,1,123,1000506,Bridge,bridge 130,N1,C,True,True,13580,27.0
2,1,123,1000507,Link,,N1,,,,11672,709.408
2,1,123,1000512,Bridge,bridge 131,N1,A,False,False,0,4.5
2,1,123,1000513,Bridge,bridge 132,N1,A,False,False,0,17.6
2,1,123,1000514,Link,,N1,,,,17233,832.067
2,1,123,1000518,Bridge,bridge 133,N1,B,False,False,0,3.0
2,1,123,1000519,Link,,N1,,,,15064,303.226
2,1,123,1000521,Bridge,bridge 134,N1,A,False,False,0,4.5
2,1,123,1000522,Link,,N1,,,,222,172.264
2,1,123,1000523,Bridge,bridge 135,N1,A,False,False,0,6.0
2,1,123,1000524,Link,,N1,,,,17235,2704.069
2,1,123,1000530,Bridge,bridge 136,N1,A,False,False,0,3.0
2,1,123,1000531,Link,,N1,,,,17239,1826.897
2,1,123,1000534,Bridge,bridge 137,N1,A,True,True,13568,3.0
2,1,123,1000535,Bridge,bridge 138,N1,A,True,True,13619,40.0
2,1,123,1000536,Link,,N1,,,,17279,3848.636
2,1,123,1000545,Bridge,bridge 139,N1,A,False,False,0,5.0
2,1,123,1000546,Link,,N1,,,,17274,796.469
2,1,123,1000549,Bridge,bridge 140,N1,A,False,False,0,3.0
2,1,123,1000550,Bridge,bridge 141,N1,A,False,False,211,18.0
2,1,123,1000551,Link,,N1,,,,14247,496.452
2,1,123,1000553,Bridge,bridge 142,N1,A,False,False,0,3.0
2,1,123,1000554,Link,,N1,,,,17280,903.2339999999999
2,1,123,1000558,Bridge,bridge 143,N1,A,False,False,0,8.3
2,1,123,1000559,Link,,N1,,,,7039,357.539
2,1,123,1000560,Bridge,bridge 144,N1,A,False,False,0,3.0
2,1,123,1000561,Link,,N1,,,,17283,2514.719
2,1,123,1000565,Bridge,bridge 145,N1,B,False,False,0,5.7
2,1,123,1000566,Intersection,intersection 3,N1,,,,221,34.053
2,1,123,1000567,Bridge,bridge 146,N1,A,True,True,5663,1.5
2,1,123,1000568,Link,,N1,,,,7457,815.73
2,1,123,1000569,Bridge,bridge 147,N1,A,False,False,0,3.0
2,1,123,1000570,Bridge,bridge 148,N1,A,False,False,0,3.0
2,1,123,1000571,Link,,N1,,,,7459,896.903
2,1,123,1000572,Bridge,bridge 149,N1,C,False,False,67,116.5
2,1,123,1000573,Link,,N1,,,,5152,444.081
2,1,123,1000575,Bridge,bridge 150,N1,B,False,False,0,3.0
2,1,123,1000576,Link,,N1,,,,7460,860.717
2,1,123,1000580,Bridge,bridge 151,N1,B,False,False,0,3.1
2,1,123,1000581,Link,,N1,,,,7461,783.311
2,1,123,1000582,Bridge,bridge 152,N1,A,False,False,0,3.0
2,1,123,1000583,Link,,N1,,,,3975,733.736
2,1,123,1000586,Bridge,bridge 153,N1,B,True,True,5695,10.8
2,1,123,1000587,Link,,N1,,,,3807,500.781
2,1,123,1000590,Bridge,bridge 154,N1,A,False,False,0,3.0
2,1,123,1000591,Link,,N1,,,,3805,604.3140000000001
2,1,123,1000593,Bridge,bridge 155,N1,A,True,True,5688,5.3
2,1,123,1000594,Link,,N1,,,,7482,1371.711
2,1,123,1000600,Bridge,bridge 156,N1,A,False,False,0,3.0
2,1,123,1000601,Link,,N1,,,,7486,1637.5109999999997
2,1,123,1000605,Bridge,bridge 157,N1,C,False,False,0,50.8
2,1,123,1000606,Link,,N1,,,,7488,2418.32
2,1,123,1000612,Bridge,bridge 158,N1,A,False,False,0,12.4
2,1,123,1000613,Link,,N1,,,,7488,820.245
2,1,123,1000616,Bridge,bridge 159,N1,C,True,True,5819,60.5
2,1,123,1000617,Link,,N1,,,,7533,2948.45
2,1,123,1000622,Bridge,bridge 160,N1,A,False,False,0,9.2
2,1,123,1000623,Bridge,bridge 161,N1,A,False,False,0,6.0
2,1,123,1000624,Link,,N1,,,,7532,1008.8340000000001
2,1,123,1000626,Bridge,bridge 162,N1,A,False,False,0,9.4
2,1,123,1000627,Link,,N1,,,,1648,410.712
2,1,123,1000629,Bridge,bridge 163,N1,A,False,False,0,14.0
2,1,123,1000630,Bridge,bridge 164,N1,A,False,False,99,14.0
2,1,123,1000631,Link,,N1,,,,7533,796.4269999999999
2,1,123,1000633,Bridge,bridge 165,N1,B,False,False,0,12.6
2,1,123,1000634,Link,,N1,,,,0,57.573
2,1,123,1000635,Bridge,bridge 166,N1,B,True,True,5740,9.4
2,1,123,1000636,Link,,N1,,,,1566,595.713
2,1,123,1000637,Bridge,bridge 167,N1,A,False,False,64,14.0
2,1,123,1000638,Link,,N1,,,,7544,878.325
2,1,123,1000639,Bridge,bridge 168,N1,A,True,True,5752,9.2
2,1,123,1000640,Link,,N1,,,,5365,777.0820000000001
2,1,123,1000642,Bridge,bridge 169,N1,D,True,True,5983,50.8
2,1,123,1000643,Link,,N1,,,,0,13.737
2,1,123,1000644,Bridge,bridge 170,N1,B,False,False,0,9.2
2,1,123,1000645,Link,,N1,,,,7593,3164.849
2,1,123,1000654,Bridge,bridge 171,N1,B,False,False,97,12.3
2,1,123,1000655,Link,,N1,,,,7592,2506.407
2,1,123,1000665,Bridge,bridge 172,N1,C,True,True,5981,211.3
2,1,123,1000666,Link,,N1,,,,7671,3367.46
2,1,123,1000674,Bridge,bridge 173,N1,A,False,False,0,28.0
2,1,123,1000675,Link,,N1,,,,7675,2607.6369999999997
2,1,123,1000679,Bridge,bridge 174,N1,A,False,False,0,7.2
2,1,123,1000680,Link,,N1,,,,2197,275.877
2,1,123,1000681,Bridge,bridge 175,N1,A,False,False,66,11.2
2,1,123,1000682,Link,,N1,,,,7674,1146.637
2,1,123,1000685,Bridge,bridge 176,N1,A,False,False,0,12.6
2,1,123,1000686,Link,,N1,,,,7678,1556.8100000000002
2,1,123,1000693,Bridge,bridge 177,N1,B,False,False,0,30.3
2,1,123,1000694,Link,,N1,,,,7679,945.446
2,1,123,1000696,Bridge,bridge 178,N1,A,False,False,0,2.5
2,1,123,1000697,Link,,N1,,,,7678,795.912
2,1,123,1000698,Bridge,bridge 179,N1,A,True,True,5887,12.6
2,1,123,1000699,Link,,N1,,,,4105,319.737
2,1,123,1000700,Bridge,bridge 180,N1,A,False,False,0,6.0
2,1,123,1000701,Link,,N1,,,,0,27.297
2,1,123,1000702,Bridge,bridge 181,N1,A,False,False,0,13.64
2,1,123,1000703,Link,,N1,,,,7692,1157.8890000000001
2,1,123,1000705,Bridge,bridge 182,N1,A,False,False,0,2.0
2,1,123,1000706,Link,,N1,,,,7692,1388.13
2,1,123,1000709,Bridge,bridge 183,N1,A,False,False,0,3.0
2,1,123,1000710,Link,,N1,,,,1457,201.583
2,1,123,1000712,Bridge,bridge 184,N1,A,False,False,0,12.6
2,1,123,1000713,Link,,N1,,,,61,35.049
2,1,123,1000714,Bridge,bridge 185,N1,A,False,False,0,6.2
2,1,123,1000715,Link,,N1,,,,0,10.896
2,1,123,1000716,Bridge,bridge 186,N1,A,False,False,0,3.0
2,1,123,1000717,Bridge,bridge 187,N1,A,False,False,2003,12.4
2,1,123,1000718,Link,,N1,,,,82,65.437
2,1,123,1000719,Bridge,bridge 188,N1,A,False,False,96,14.2
2,1,123,1000720,Bridge,bridge 189,N1,B,True,True,5904,22.0
2,1,123,1000721,Link,,N1,,,,3965,232.624
2,1,123,1000723,Bridge,bridge 190,N1,B,False,False,0,22.4
2,1,123,1000724,Link,,N1,,,,0,92.703
2,1,123,1000725,Bridge,bridge 191,N1,A,False,False,63,2.5
2,1,123,1000726,Link,,N1,,,,7714,1301.643
2,1,123,1000730,Bridge,bridge 192,N1,A,False,False,0,22.4
2,1,123,1000731,Link,,N1,,,,7714,901.686
2,1,123,1000732,Bridge,bridge 193,N1,A,False,False,0,3.0
2,1,123,1000733,Link,,N1,,,,66,42.641
2,1,123,1000734,Bridge,bridge 194,N1,A,True,True,5902,1.4
2,1,123,1000735,Link,,N1,,,,5582,518.433
2,1,123,1000737,Bridge,bridge 195,N1,A,False,False,0,4.5
2,1,123,1000738,Bridge,bridge 196,N1,A,False,False,0,9.3
2,1,123,1000739,Link,,N1,,,,2348,503.492
2,1,123,1000742,Bridge,bridge 197,N1,A,False,False,0,4.5
2,1,123,1000743,Bridge,bridge 198,N1,A,False,False,0,4.7
2,1,123,1000744,Link,,N1,,,,5472,403.97999999999996
2,1,123,1000746,Bridge,bridge 199,N1,A,False,False,0,2.0
2,1,123,1000747,Bridge,bridge 200,N1,A,False,False,0,3.0
2,1,123,1000748,Link,,N1,,,,7726,2992.2650000000003
2,1,123,1000756,Bridge,bridge 201,N1,A,True,True,5931,13.64
2,1,123,1000757,Link,,N1,,,,380,553.982
2,1,123,1000759,Bridge,bridge 202,N1,A,True,True,5928,9.3
2,1,123,1000760,Link,,N1,,,,7756,891.135
2,1,123,1000763,Bridge,bridge 203,N1,A,False,False,0,3.0
2,1,123,1000764,Link,,N1,,,,5599,517.927
2,1,123,1000765,Bridge,bridge 204,N1,A,False,False,0,3.0
2,1,123,1000766,Link,,N1,,,,3480,393.273
2,1,123,1000768,Bridge,bridge 205,N1,C,True,True,6049,56.2
2,1,123,1000769,Link,,N1,,,,7800,929.458
2,1,123,1000771,Bridge,bridge 206,N1,A,False,False,0,14.3
2,1,123,1000772,Bridge,bridge 207,N1,A,False,False,0,2.1
2,1,123,1000773,Link,,N1,,,,65,143.183
2,1,123,1000774,Bridge,bridge 208,N1,A,True,True,5978,4.5
2,1,123,1000775,Bridge,bridge 209,N1,A,False,False,0,3.0
2,1,123,1000776,Link,,N1,,,,207,274.761
2,1,123,1000777,Bridge,bridge 210,N1,A,False,False,0,15.8
2,1,123,1000778,Link,,N1,,,,7660,685.763
2,1,123,1000779,Bridge,bridge 211,N1,A,False,False,0,7.3
2,1,123,1000780,Bridge,bridge 212,N1,C,False,False,75,45.0
2,1,123,1000781,Link,,N1,,,,5500,281.291
2,1,123,1000782,Bridge,bridge 213,N1,A,False,False,0,14.0
2,1,123,1000783,Link,,N1,,,,7808,2157.717
2,1,123,1000788,Bridge,bridge 214,N1,A,False,False,0,20.6
2,1,123,1000789,Link,,N1,,,,7805,779.9290000000001
2,1,123,1000791,Bridge,bridge 215,N1,B,False,False,0,14.2
2,1,123,1000792,Link,,N1,,,,7808,967.735
2,1,123,1000794,Bridge,bridge 216,N1,A,True,True,6006,15.7
2,1,123,1000795,Link,,N1,,,,7829,789.5029999999999
2,1,123,1000797,Bridge,bridge 217,N1,D,False,False,4254,294.15
2,1,123,1000798,Link,,N1,,,,7830,2638.283
2,1,123,1000806,Bridge,bridge 218,N1,B,False,False,0,9.3
2,1,123,1000807,Link,,N1,,,,7831,1156.384
2,1,123,1000811,Bridge,bridge 219,N1,A,True,True,6035,12.6
2,1,123,1000812,Link,,N1,,,,7866,1193.986
2,1,123,1000816,Bridge,bridge 220,N1,A,False,False,0,12.8
2,1,123,1000817,Link,,N1,,,,7867,826.8240000000001
2,1,123,1000821,Bridge,bridge 221,N1,A,False,False,0,9.3
2,1,123,1000822,Link,,N1,,,,7870,3043.6690000000003
2,1,123,1000828,Bridge,bridge 222,N1,C,True,True,6098,58.57
2,1,123,1000829,Link,,N1,,,,4394,141.869
2,1,123,1000830,Bridge,bridge 223,N1,A,False,False,0,3.5
2,1,123,1000831,Link,,N1,,,,7911,958.518
2,1,123,1000835,Bridge,bridge 224,N1,C,False,False,59,54.03
2,1,123,1000836,Link,,N1,,,,242,307.645
2,1,123,1000838,Bridge,bridge 225,N1,C,False,False,0,60.03
2,1,123,1000839,Link,,N1,,,,7917,4445.05
2,1,123,1000846,Bridge,bridge 226,N1,A,False,False,0,7.0
2,1,123,1000847,Bridge,bridge 227,N1,A,False,False,0,5.2
2,1,123,1000848,Link,,N1,,,,2241,522.525
2,1,123,1000850,Bridge,bridge 228,N1,A,False,False,0,9.3
2,1,123,1000851,Bridge,bridge 229,N1,A,True,True,6169,14.0
2,1,123,1000852,Link,,N1,,,,0,143.125
2,1,123,1000853,Bridge,bridge 230,N1,A,False,False,0,1.4
2,1,123,1000854,Bridge,bridge 231,N1,C,True,True,6098,4.5
2,1,123,1000855,Link,,N1,,,,1591,193.459
2,1,123,1000856,Bridge,bridge 232,N1,A,False,False,0,2.5
2,1,123,1000857,Link,,N1,,,,7938,2724.735
2,1,123,1000863,Bridge,bridge 233,N1,A,False,False,0,4.8
2,1,123,1000864,Link,,N1,,,,200,265.051
2,1,123,1000865,Bridge,bridge 234,N1,A,False,False,3209,46.0
2,1,123,1000866,Link,,N1,,,,7939,2604.727
2,1,123,1000875,Bridge,bridge 235,N1,A,False,False,0,14.0
2,1,123,1000876,Link,,N1,,,,7939,818.905
2,1,123,1000878,Bridge,bridge 236,N1,A,False,False,0,3.0
2,1,123,1000879,Bridge,bridge 237,N1,A,True,True,6095,2.5
2,1,123,1000880,Link,,N1,,,,1680,648.054
2,1,123,1000881,Bridge,bridge 238,N1,A,True,True,6188,7.5
2,1,123,1000882,Link,,N1,,,,4613,625.143
2,1,123,1000883,Bridge,bridge 239,N1,A,False,False,0,14.0
2,1,123,1000884,Link,,N1,,,,7967,3926.423
2,1,123,1000895,Bridge,bridge 240,N1,B,False,False,0,14.0
2,1,123,1000896,Link,,N1,,,,7964,1840.962
2,1,123,1000904,Bridge,bridge 241,N1,A,True,True,6213,9.2
2,1,123,1000905,Link,,N1,,,,4530,475.65200000000004
2,1,123,1000907,Bridge,bridge 242,N1,A,False,False,0,1.5
2,1,123,1000908,Link,,N1,,,,0,78.97
2,1,123,1000909,Bridge,bridge 243,N1,A,False,False,0,3.0
2,1,123,1000910,Link,,N1,,,,7975,1744.132
2,1,123,1000912,Bridge,bridge 244,N1,A,False,False,0,8.2
2,1,123,1000913,Link,,N1,,,,6543,694.793
2,1,123,1000914,Bridge,bridge 245,N1,A,False,False,0,12.4
2,1,123,1000915,Link,,N1,,,,7978,731.289
2,1,123,1000917,Bridge,bridge 246,N1,A,False,False,0,2.0
2,1,123,1000918,Bridge,bridge 247,N1,A,False,False,0,6.8
2,1,123,1000919,Link,,N1,,,,7979,1659.246
2,1,123,1000922,Bridge,bridge 248,N1,A,False,False,0,13.0
2,1,123,1000923,Link,,N1,,,,7841,568.385
2,1,123,1000925,Bridge,bridge 249,N1,A,False,False,0,9.2
2,1,123,1000926,Link,,N1,,,,7982,954.924
2,1,123,1000930,Bridge,bridge 250,N1,C,False,False,1433,136.3
2,1,123,1000931,Link,,N1,,,,2135,482.81399999999996
2,1,123,1000933,Bridge,bridge 251,N1,C,True,True,6135,4.5
2,1,123,1000934,Bridge,bridge 252,N1,C,True,True,6170,11.3
2,1,123,1000935,Link,,N1,,,,1743,454.447
2,1,123,1000938,Bridge,bridge 253,N1,C,True,True,6174,2.4
2,1,123,1000939,Bridge,bridge 254,N1,B,False,False,0,7.2
2,1,123,1000940,Bridge,bridge 255,N1,C,False,False,0,8.1
2,1,123,1000941,Link,,N1,,,,4415,204.765
2,1,123,1000942,Bridge,bridge 256,N1,A,False,False,0,10.9
2,1,123,1000943,Link,,N1,,,,8034,767.3389999999999
2,1,123,1000945,Bridge,bridge 257,N1,B,False,False,0,2.2
2,1,123,1000946,Link,,N1,,,,3619,659.094
2,1,123,1000947,Bridge,bridge 258,N1,A,False,False,0,3.0
2,1,123,1000948,Bridge,bridge 259,N1,A,False,False,0,2.8
2,1,123,1000949,Bridge,bridge 260,N1,D,True,True,6209,10.0
2,1,123,1000950,Link,,N1,,,,4515,262.551
2,1,123,1000952,Bridge,bridge 261,N1,A,False,False,0,1.6
2,1,123,1000953,Bridge,bridge 262,N1,A,False,False,0,3.6
2,1,123,1000954,Bridge,bridge 263,N1,C,False,False,0,8.0
2,1,123,1000955,Link,,N1,,,,1516,266.301
2,1,123,1000956,Bridge,bridge 264,N1,A,False,False,0,8.3
2,1,123,1000957,Bridge,bridge 265,N1,C,False,False,57,22.0
2,1,123,1000958,Link,,N1,,,,1976,250.441
2,1,123,1000959,Bridge,bridge 266,N1,C,False,False,0,2.7
2,1,123,1000960,Bridge,bridge 267,N1,B,False,False,0,2.7
2,1,123,1000961,Bridge,bridge 268,N1,C,False,False,0,2.9
2,1,123,1000962,Bridge,bridge 269,N1,C,True,True,6210,1.8
2,1,123,1000963,Link,,N1,,,,62,101.638
2,1,123,1000964,Bridge,bridge 270,N1,A,False,False,0,0.8
2,1,123,1000965,Bridge,bridge 271,N1,B,True,True,6219,1.5
2,1,123,1000966,Bridge,bridge 272,N1,A,False,False,0,1.5
2,1,123,1000967,Link,,N1,,,,0,10.603
2,1,123,1000968,Bridge,bridge 273,N1,A,False,False,0,1.3
2,1,123,1000969,Bridge,bridge 274,N1,A,False,False,0,1.3
2,1,123,1000970,Link,,N1,,,,195,340.96
2,1,123,1000971,Bridge,bridge 275,N1,A,False,False,0,1.3
2,1,123,1000972,Bridge,bridge 276,N1,B,False,False,0,1.3
2,1,123,1000973,Bridge,bridge 277,N1,C,True,True,6219,7.1
2,1,123,1000974,Link,,N1,,,,1438,132.046
2,1,123,1000975,Bridge,bridge 278,N1,A,False,False,77,2.5
2,1,123,1000976,Bridge,bridge 279,N1,A,True,True,6231,1.3
2,1,123,1000977,Bridge,bridge 280,N1,C,False,False,0,2.2
2,1,123,1000978,Bridge,bridge 281,N1,A,False,False,0,4.0
2,1,123,1000979,Link,,N1,,,,95,212.482
2,1,123,1000981,Bridge,bridge 282,N1,C,True,True,6268,21.5
2,1,123,1000982,Link,,N1,,,,256,287.742
2,1,123,1000983,Bridge,bridge 283,N1,C,True,True,6297,11.3
2,1,123,1000984,Link,,N1,,,,1382,165.251
2,1,123,1000985,Bridge,bridge 284,N1,A,True,True,6312,14.1
2,1,123,1000986,Link,,N1,,,,229,176.808
2,1,123,1000987,Bridge,bridge 285,N1,B,False,False,0,2.3
2,1,123,1000988,Link,,N1,,,,122,332.11
2,1,123,1000989,Bridge,bridge 286,N1,C,False,False,0,24.1
2,1,123,1000990,Link,,N1,,,,8161,909.5799999999999
2,1,123,1000995,Bridge,bridge 287,N1,C,True,True,6334,45.6
2,1,123,1000996,Link,,N1,,,,1675,472.657
2,1,123,1000997,Bridge,bridge 288,N1,C,False,False,0,5.0
2,1,123,1000998,Link,,N1,,,,0,67.358
2,1,123,1000999,Bridge,bridge 289,N1,D,True,True,6347,11.2
2,1,123,1001000,Link,,N1,,,,193,171.98
2,1,123,1001001,Bridge,bridge 290,N1,B,False,False,0,1.3
2,1,123,1001002,Link,,N1,,,,0,71.565
2,1,123,1001003,Bridge,bridge 291,N1,C,True,True,6369,49.3
2,1,123,1001004,Link,,N1,,,,1615,349.98699999999997
2,1,123,1001007,Bridge,bridge 292,N1,B,False,False,0,2.4
2,1,123,1001008,Link,,N1,,,,8223,837.0160000000001
2,1,123,1001016,Bridge,bridge 293,N1,C,True,True,6366,2.3
2,1,123,1001017,Bridge,bridge 294,N1,D,True,True,6427,61.3
2,1,123,1001018,Link,,N1,,,,8268,1862.991
2,1,123,1001028,Bridge,bridge 295,N1,A,False,False,0,14.1
2,1,123,1001029,Bridge,bridge 296,N1,B,False,False,0,11.0
2,1,123,1001030,Link,,N1,,,,1447,120.457
2,1,123,1001031,Bridge,bridge 297,N1,A,False,False,0,10.3
2,1,123,1001032,Link,,N1,,,,8262,1364.3339999999998
2,1,123,1001037,Bridge,bridge 298,N1,A,False,False,62,14.0
2,1,123,1001038,Bridge,bridge 299,N1,A,True,True,6427,23.5
2,1,123,1001039,Link,,N1,,,,1392,153.1
2,1,123,1001040,Bridge,bridge 300,N1,C,False,False,57,50.6
2,1,123,1001041,Link,,N1,,,,8286,828.562
2,1,123,1001043,Bridge,bridge 301,N1,C,False,False,0,6.6
2,1,123,1001044,Bridge,bridge 302,N1,A,False,False,0,2.4
2,1,123,1001045,Bridge,bridge 303,N1,A,False,False,0,17.0
2,1,123,1001046,Link,,N1,,,,234,326.336
2,1,123,1001047,Bridge,bridge 304,N1,A,False,False,0,2.4
2,1,123,1001048,Bridge,bridge 305,N1,C,False,False,0,11.1
2,1,123,1001049,Link,,N1,,,,59,81.501
2,1,123,1001050,Bridge,bridge 306,N1,C,True,True,6429,8.5
2,1,123,1001051,Link,,N1,,,,72,80.084
2,1,123,1001053,Bridge,bridge 307,N1,C,True,True,6497,2.4
2,1,123,1001054,Bridge,bridge 308,N1,B,True,True,6471,20.7
2,1,123,1001055,Link,,N1,,,,8332,4007.664
2,1,123,1001067,Bridge,bridge 309,N1,B,True,True,6462,2.2
2,1,123,1001068,Bridge,bridge 310,N1,C,True,True,6496,10.9
2,1,123,1001069,Link,,N1,,,,0,21.237
2,1,123,1001070,Bridge,bridge 311,N1,C,True,True,6502,2.1
2,1,123,1001071,Link,,N1,,,,0,86.454
2,1,123,1001072,Bridge,bridge 312,N1,A,False,False,0,2.0
2,1,123,1001073,Bridge,bridge 313,N1,A,False,False,0,1.8
2,1,123,1001074,Bridge,bridge 314,N1,A,True,True,6503,2.2
2,1,123,1001075,Link,,N1,,,,1878,728.848
2,1,123,1001077,Bridge,bridge 315,N1,A,False,False,0,6.4
2,1,123,1001078,Bridge,bridge 316,N1,A,True,True,6505,2.2
2,1,123,1001079,Link,,N1,,,,1878,757.9369999999999
2,1,123,1001082,Bridge,bridge 317,N1,A,False,False,0,3.1
2,1,123,1001083,Bridge,bridge 318,N1,C,True,True,6533,38.7
2,1,123,1001084,Link,,N1,,,,0,6.171
2,1,123,1001085,Bridge,bridge 319,N1,A,False,False,0,3.0
2,1,123,1001086,Link,,N1,,,,1626,320.477
2,1,123,1001088,Bridge,bridge 320,N1,B,False,False,0,9.4
2,1,123,1001089,Bridge,bridge 321,N1,D,True,True,6549,15.4
2,1,123,1001090,Link,,N1,,,,8417,2981.3250000000003
2,1,123,1001095,Bridge,bridge 322,N1,C,False,False,0,3.0
2,1,123,1001096,Bridge,bridge 323,N1,A,False,False,0,4.6
2,1,123,1001097,Link,,N1,,,,6822,505.318
2,1,123,1001098,Bridge,bridge 324,N1,C,False,False,0,9.4
2,1,123,1001099,Bridge,bridge 325,N1,C,False,False,0,15.2
2,1,123,1001100,Link,,N1,,,,1596,307.552
2,1,123,1001102,Bridge,bridge 326,N1,C,False,False,169,58.0
2,1,123,1001103,Link,,N1,,,,6595,239.243
2,1,123,1001104,Bridge,bridge 327,N1,B,False,False,0,3.3
2,1,123,1001105,Link,,N1,,,,1655,492.784
2,1,123,1001106,Bridge,bridge 328,N1,C,False,False,0,15.4
2,1,123,1001107,Link,,N1,,,,1675,237.938
2,1,123,1001108,Bridge,bridge 329,N1,A,True,True,6546,3.3
2,1,123,1001109,Link,,N1,,,,61,88.805
2,1,123,1001110,Bridge,bridge 330,N1,D,True,True,6589,12.3
2,1,123,1001111,Link,,N1,,,,1655,460.183
2,1,123,1001112,Bridge,bridge 331,N1,C,False,False,0,1.2
2,1,123,1001113,Bridge,bridge 332,N1,C,False,False,76,15.2
2,1,123,1001114,Link,,N1,,,,93,161.131
2,1,123,1001115,Bridge,bridge 333,N1,C,True,True,6591,1.3
2,1,123,1001116,Bridge,bridge 334,N1,A,True,True,6593,3.3
2,1,123,1001117,Bridge,bridge 335,N1,B,False,False,0,4.7
2,1,123,1001118,Link,,N1,,,,120,230.319
2,1,123,1001119,Bridge,bridge 336,N1,C,True,True,6605,1.2
2,1,123,1001120,Link,,N1,,,,1540,289.032
2,1,123,1001121,Bridge,bridge 337,N1,D,True,True,6612,6.4
2,1,123,1001122,Bridge,bridge 338,N1,A,False,False,0,3.35
2,1,123,1001123,Bridge,bridge 339,N1,C,False,False,0,13.0
2,1,123,1001124,Link,,N1,,,,57,44.541
2,1,123,1001125,Bridge,bridge 340,N1,A,False,False,0,3.2
2,1,123,1001126,Link,,N1,,,,168,93.005
2,1,123,1001127,Bridge,bridge 341,N1,A,False,False,0,3.4
2,1,123,1001128,Bridge,bridge 342,N1,A,True,True,6617,2.8
2,1,123,1001129,Bridge,bridge 343,N1,D,True,True,6647,12.8
2,1,123,1001130,Link,,N1,,,,61,188.431
2,1,123,1001131,Bridge,bridge 344,N1,A,False,False,0,1.2
2,1,123,1001132,Link,,N1,,,,191,332.301
2,1,123,1001134,Bridge,bridge 345,N1,A,False,False,0,1.2
2,1,123,1001135,Bridge,bridge 346,N1,A,True,True,6655,1.2
2,1,123,1001136,Bridge,bridge 347,N1,A,True,True,6664,2.8
2,1,123,1001137,Bridge,bridge 348,N1,A,False,False,0,2.8
2,1,123,1001138,Bridge,bridge 349,N1,A,False,False,0,1.2
2,1,123,1001139,Link,,N1,,,,6764,192.257
2,1,123,1001140,Bridge,bridge 350,N1,C,False,False,0,1.2
2,1,123,1001141,Bridge,bridge 351,N1,C,False,False,92,34.2
2,1,123,1001142,Link,,N1,,,,0,90.29100000000001
2,1,123,1001144,Bridge,bridge 352,N1,A,False,False,0,2.7
2,1,123,1001145,Bridge,bridge 353,N1,A,False,False,0,2.7
2,1,123,1001146,Bridge,bridge 354,N1,A,False,False,0,4.2
2,1,123,1001147,Link,,N1,,,,61,110.564
2,1,123,1001148,Bridge,bridge 355,N1,A,False,False,0,1.2
2,1,123,1001149,Bridge,bridge 356,N1,A,False,False,0,2.8
2,1,123,1001150,Bridge,bridge 357,N1,A,False,False,0,1.2
2,1,123,1001151,Bridge,bridge 358,N1,B,False,False,0,14.0
2,1,123,1001152,Link,,N1,,,,0,120.676
2,1,123,1001153,Bridge,bridge 359,N1,A,False,False,0,1.2
2,1,123,1001154,Link,,N1,,,,191,121.05
2,1,123,1001155,Bridge,bridge 360,N1,A,False,False,0,1.0
2,1,123,1001156,Bridge,bridge 361,N1,A,False,False,0,1.0
2,1,123,1001157,Bridge,bridge 362,N1,A,False,False,0,3.0
2,1,123,1001158,Bridge,bridge 363,N1,C,False,False,0,6.1
2,1,123,1001159,Link,,N1,,,,8124,269.735
2,1,123,1001161,Bridge,bridge 364,N1,A,False,False,76,5.8
2,1,123,1001162,Bridge,bridge 365,N1,A,False,False,0,1.3
2,1,123,1001163,Link,,N1,,,,1779,648.947
2,1,123,1001164,Bridge,bridge 366,N1,A,True,True,6675,1.2
2,1,123,1001165,Bridge,bridge 367,N1,C,True,True,8109,30.9
2,1,123,1001166,Link,,N1,,,,475,624.2850000000001
2,1,123,1001171,Bridge,bridge 368,N1,C,True,True,6701,1.2
2,1,123,1001172,Bridge,bridge 369,N1,D,True,True,6708,9.4
2,1,123,1001173,Bridge,bridge 370,N1,C,True,True,6733,11.8
2,1,123,1001174,Bridge,bridge 371,N1,C,True,True,6741,2.8
2,1,123,1001175,Link,,N1,,,,1696,564.835
2,1,123,1001179,Bridge,bridge 372,N1,C,True,True,6757,1.2
2,1,123,1001180,Bridge,bridge 373,N1,C,False,False,0,31.7
2,1,123,1001181,Link,,N1,,,,1825,530.9250000000001
2,1,123,1001184,Bridge,bridge 374,N1,C,True,True,6771,1.2
2,1,123,1001185,Bridge,bridge 375,N1,C,False,False,0,1.2
2,1,123,1001186,Bridge,bridge 376,N1,A,False,False,0,6.2
2,1,123,1001187,Link,,N1,,,,7059,636.894
2,1,123,1001190,Bridge,bridge 377,N1,C,False,False,56,32.1
2,1,123,1001191,Link,,N1,,,,8654,954.6469999999999
2,1,123,1001196,Bridge,bridge 378,N1,A,False,False,0,4.4
2,1,123,1001197,Bridge,bridge 379,N1,A,False,False,0,2.9
2,1,123,1001198,Link,,N1,,,,5645,561.268
2,1,123,1001200,Bridge,bridge 380,N1,A,False,False,0,2.8
2,1,123,1001201,Bridge,bridge 381,N1,A,False,False,0,2.8
2,1,123,1001202,Bridge,bridge 382,N1,A,False,False,0,1.9
2,1,123,1001203,Link,,N1,,,,3198,632.759
2,1,123,1001206,Bridge,bridge 383,N1,C,True,True,6864,45.6
2,1,123,1001207,Link,,N1,,,,1417,166.121
2,1,123,1001208,Bridge,bridge 384,N1,B,False,False,0,2.8
2,1,123,1001209,Link,,N1,,,,281,392.326
2,1,123,1001211,Bridge,bridge 385,N1,C,True,True,6811,12.5
2,1,123,1001212,Link,,N1,,,,8683,983.598
2,1,123,1001217,Bridge,bridge 386,N1,C,True,True,6893,29.9
2,1,123,1001218,Link,,N1,,,,7247,693.396
2,1,123,1001221,Bridge,bridge 387,N1,C,False,False,0,1.2
2,1,123,1001222,Link,,N1,,,,8704,957.382
2,1,123,1001226,Bridge,bridge 388,N1,C,True,True,6857,36.6
2,1,123,1001227,Link,,N1,,,,7233,538.547
2,1,123,1001228,Bridge,bridge 389,N1,A,False,False,0,2.8
2,1,123,1001229,Link,,N1,,,,1499,261.894
2,1,123,1001230,Bridge,bridge 390,N1,A,False,False,0,1.2
2,1,123,1001231,Bridge,bridge 391,N1,B,False,False,0,8.8
2,1,123,1001232,Bridge,bridge 392,N1,A,False,False,0,1.2
2,1,123,1001233,Link,,N1,,,,1643,216.91
2,1,123,1001234,Bridge,bridge 393,N1,A,True,True,6854,9.2
2,1,123,1001235,Bridge,bridge 394,N1,C,True,True,6887,41.75
2,1,123,1001236,Link,,N1,,,,249,458.775
2,1,123,1001237,Bridge,bridge 395,N1,A,False,False,0,7.5
2,1,123,1001238,Bridge,bridge 396,N1,C,True,True,6912,37.2
2,1,123,1001239,Link,,N1,,,,1761,599.083
2,1,123,1001240,Bridge,bridge 397,N1,A,True,True,6903,2.7
2,1,123,1001241,Bridge,bridge 398,N1,A,False,False,0,1.2
2,1,123,1001242,Bridge,bridge 399,N1,C,False,False,0,38.0
2,1,123,1001243,Link,,N1,,,,1777,405.914
2,1,123,1001244,Bridge,bridge 400,N1,B,False,False,0,51.0
2,1,123,1001245,Link,,N1,,,,0,44.745
2,1,123,1001246,Bridge,bridge 401,N1,B,False,False,0,13.5
2,1,123,1001247,Link,,N1,,,,0,26.188
2,1,123,1001248,Bridge,bridge 402,N1,B,True,True,6934,13.5
2,1,123,1001249,Link,,N1,,,,117,267.679
2,1,123,1001250,Bridge,bridge 403,N1,C,False,False,132,37.6
2,1,123,1001251,Link,,N1,,,,0,110.32300000000001
2,1,123,1001253,Bridge,bridge 404,N1,B,False,False,0,1.2
2,1,123,1001254,Link,,N1,,,,1482,162.705
2,1,123,1001255,Bridge,bridge 405,N1,C,False,False,74,29.3
2,1,123,1001256,Link,,N1,,,,91,40.06
2,1,123,1001257,Bridge,bridge 406,N1,A,False,False,0,2.8
2,1,123,1001258,Bridge,bridge 407,N1,A,False,False,0,2.8
2,1,123,1001259,Bridge,bridge 408,N1,A,False,False,0,2.8
2,1,123,1001260,Link,,N1,,,,6918,164.149
2,1,123,1001261,Bridge,bridge 409,N1,B,False,False,0,15.1
2,1,123,1001262,Link,,N1,,,,1896,704.308
2,1,123,1001267,Bridge,bridge 410,N1,A,False,False,0,9.0
2,1,123,1001268,Bridge,bridge 411,N1,B,True,True,6935,9.0
2,1,123,1001269,Link,,N1,,,,249,463.751
2,1,123,1001272,Bridge,bridge 412,N1,C,True,True,6966,37.3
2,1,123,1001273,Link,,N1,,,,8851,878.693
2,1,123,1001276,Bridge,bridge 413,N1,A,False,False,0,1.5
2,1,123,1001277,Bridge,bridge 414,N1,C,False,False,0,1.5
2,1,123,1001278,Bridge,bridge 415,N1,C,True,True,6992,35.9
2,1,123,1001279,Link,,N1,,,,8890,9480.691
2,1,123,1001338,SourceSink,sourcesink 2,N1,,,,1687,6.171
2,1,123,1001340,SourceSink,sourcesink 3,N102,,,,16604,308.839
2,1,123,1001341,Link,,N102,,,,5734,1670.9609999999998
2,1,123,1001344,Bridge,bridge 417,N102,A,False,False,0,1.5
2,1,123,1001345,Bridge,bridge 418,N102,A,False,False,0,1.6
2,1,123,1001346,Bridge,bridge 419,N102,A,False,False,0,1.4
2,1,123,1001347,Link,,N102,,,,5732,1467.22
2,1,123,1001349,Bridge,bridge 420,N102,B,False,False,0,2.5
2,1,123,1001350,Link,,N102,,,,5732,2777.792
2,1,123,1001353,Bridge,bridge 421,N102,C,False,False,0,3.75
2,1,123,1001354,Link,,N102,,,,5732,1236.07
2,1,123,1001355,Bridge,bridge 422,N102,A,False,False,0,17.8
2,1,123,1001356,Link,,N102,,,,3861,544.388
2,1,123,1001358,Bridge,bridge 423,N102,A,False,False,0,3.0
2,1,123,1001359,Link,,N102,,,,5730,1228.19
2,1,123,1001362,Bridge,bridge 424,N102,A,False,False,0,3.2
2,1,123,1001363,Bridge,bridge 425,N102,C,False,False,0,3.0
2,1,123,1001364,Link,,N102,,,,5733,5407.765
2,1,123,1001368,Bridge,bridge 426,N102,A,False,False,0,5.7
2,1,123,1001369,Link,,N102,,,,5732,1753.4470000000001
2,1,123,1001371,Bridge,bridge 427,N102,A,False,False,0,3.0
2,1,123,1001372,Link,,N102,,,,5732,643.745
2,1,123,1001373,Bridge,bridge 428,N102,C,False,False,0,6.2
2,1,123,1001374,Link,,N102,,,,5732,723.825
2,1,123,1001375,Bridge,bridge 429,N102,A,False,False,0,6.0
2,1,123,1001376,Bridge,bridge 430,N102,A,False,False,0,2.5
2,1,123,1001377,Link,,N102,,,,5732,1469.645
2,1,123,1001380,Bridge,bridge 431,N102,B,True,True,4587,4.6
2,1,123,1001381,Bridge,bridge 432,N102,A,False,False,0,1.3
2,1,123,1001382,Link,,N102,,,,1876,419.476
2,1,123,1001383,Bridge,bridge 433,N102,A,False,False,0,9.6
2,1,123,1001384,Link,,N102,,,,5730,894.684
2,1,123,1001386,Bridge,bridge 434,N102,A,False,False,0,33.4
2,1,123,1001387,Link,,N102,,,,5729,380.324
2,1,123,1001389,Bridge,bridge 435,N102,A,False,False,0,113.8
2,1,123,1001390,Link,,N102,,,,487,383.24199999999996
2,1,123,1001393,Bridge,bridge 436,N102,A,False,False,0,9.4
2,1,123,1001394,Link,,N102,,,,661,148.294
2,1,123,1001395,Bridge,bridge 437,N102,A,True,True,4585,9.3
2,1,123,1001396,Link,,N102,,,,1880,344.598
2,1,123,1001397,Bridge,bridge 438,N102,B,False,False,0,6.1
2,1,123,1001398,Link,,N102,,,,0,67.642
2,1,123,1001399,Bridge,bridge 439,N102,C,False,False,0,51.25
2,1,123,1001400,Link,,N102,,,,0,50.734
2,1,123,1001401,Bridge,bridge 440,N102,A,False,False,0,12.3
2,1,123,1001402,Link,,N102,,,,3848,341.629
2,1,123,1001403,Bridge,bridge 441,N102,A,False,False,0,6.0
2,1,123,1001404,Bridge,bridge 442,N102,C,True,True,4602,52.0
2,1,123,1001405,Link,,N102,,,,0,52.49
2,1,123,1001406,Bridge,bridge 443,N102,A,False,False,0,12.6
2,1,123,1001407,Link,,N102,,,,0,94.473
2,1,123,1001408,Bridge,bridge 444,N102,C,True,True,4584,24.5
2,1,123,1001409,Link,,N102,,,,488,373.41299999999995
2,1,123,1001411,Bridge,bridge 445,N102,B,False,False,0,4.5
2,1,123,1001412,Bridge,bridge 446,N102,B,True,True,5230,6.0
2,1,123,1001413,Bridge,bridge 447,N102,C,False,False,0,12.6
2,1,123,1001414,Link,,N102,,,,0,38.153
2,1,123,1001416,Bridge,bridge 448,N102,C,False,False,0,9.5
2,1,123,1001417,Link,,N102,,,,0,293.923
2,1,123,1001418,Bridge,bridge 449,N102,C,False,False,0,9.2
2,1,123,1001419,Link,,N102,,,,0,8.376
2,1,123,1001420,Bridge,bridge 450,N102,A,False,False,0,9.4
2,1,123,1001421,Link,,N102,,,,5714,607.501
2,1,123,1001423,Bridge,bridge 451,N102,C,False,False,0,3.0
2,1,123,1001424,Bridge,bridge 452,N102,A,False,False,0,9.5
2,1,123,1001425,Link,,N102,,,,0,438.565
2,1,123,1001426,Bridge,bridge 453,N102,C,False,False,488,35.5
2,1,123,1001427,Link,,N102,,,,0,41.978
2,1,123,1001428,Bridge,bridge 454,N102,B,False,False,0,9.3
2,1,123,1001429,Link,,N102,,,,0,50.283
2,1,123,1001431,Bridge,bridge 455,N102,A,False,False,0,6.5
2,1,123,1001432,Bridge,bridge 456,N102,A,True,True,4576,12.2
2,1,123,1001433,Link,,N102,,,,659,14.985
2,1,123,1001434,Bridge,bridge 457,N102,A,True,True,4580,12.2
2,1,123,1001435,Link,,N102,,,,0,125.284
2,1,123,1001437,Bridge,bridge 458,N102,C,False,False,0,12.6
2,1,123,1001438,Link,,N102,,,,0,10.489
2,1,123,1001439,Bridge,bridge 459,N102,A,False,False,0,4.8
2,1,123,1001440,Link,,N102,,,,0,425.805
2,1,123,1001442,Bridge,bridge 460,N102,A,False,False,0,12.5
2,1,123,1001443,Link,,N102,,,,0,12.565
2,1,123,1001444,Bridge,bridge 461,N102,A,False,False,0,6.2
2,1,123,1001445,Link,,N102,,,,0,21.819
2,1,123,1001446,Bridge,bridge 462,N102,B,False,False,490,17.2
2,1,123,1001447,Link,,N102,,,,5222,272.484
2,1,123,1001449,Bridge,bridge 463,N102,B,False,False,0,52.4
2,1,123,1001450,Link,,N102,,,,5713,685.42
2,1,123,1001452,Bridge,bridge 464,N102,B,False,False,0,12.3
2,1,123,1001453,Link,,N102,,,,5712,1704.49
2,1,123,1001455,Bridge,bridge 465,N102,A,False,False,0,12.2
2,1,123,1001456,Link,,N102,,,,0,290.834
2,1,123,1001459,Bridge,bridge 466,N102,A,False,False,0,37.0
2,1,123,1001460,Link,,N102,,,,0,37.54
2,1,123,1001461,Bridge,bridge 467,N102,B,False,False,0,18.6
2,1,123,1001462,Link,,N102,,,,5711,275.724
2,1,123,1001464,Bridge,bridge 468,N102,A,False,False,0,6.0
2,1,123,1001465,Link,,N102,,,,490,702.905
2,1,123,1001466,Bridge,bridge 469,N102,A,True,True,4584,14.5
2,1,123,1001467,Link,,N102,,,,655,253.27800000000002
2,1,123,1001469,Bridge,bridge 470,N102,C,True,True,4569,12.0
2,1,123,1001470,Link,,N102,,,,2469,475.519
2,1,123,1001471,Bridge,bridge 471,N102,B,False,False,0,12.6
2,1,123,1001472,Link,,N102,,,,3225,381.043
2,1,123,1001473,Bridge,bridge 472,N102,B,True,True,4559,16.06
2,1,123,1001474,Link,,N102,,,,5682,826.211
2,1,123,1001476,Bridge,bridge 473,N102,A,False,False,0,12.2
2,1,123,1001477,Link,,N102,,,,493,367.648
2,1,123,1001478,Bridge,bridge 474,N102,C,True,True,4550,17.3
2,1,123,1001479,Link,,N102,,,,5680,1057.094
2,1,123,1001482,Bridge,bridge 475,N102,B,False,False,0,49.75
2,1,123,1001483,Link,,N102,,,,494,458.86199999999997
2,1,123,1001485,Bridge,bridge 476,N102,B,False,False,2533,36.8
2,1,123,1001486,Link,,N102,,,,5679,1697.849
2,1,123,1001489,Bridge,bridge 477,N102,B,True,True,4543,8.7
2,1,123,1001490,Link,,N102,,,,0,9.263
2,1,123,1001491,Bridge,bridge 478,N102,A,False,False,0,4.6
2,1,123,1001492,Link,,N102,,,,5679,789.269
2,1,123,1001494,Bridge,bridge 479,N102,B,False,False,0,166.3
2,1,123,1001495,Link,,N102,,,,5681,1209.554
2,1,123,1001498,Bridge,bridge 480,N102,B,False,False,497,34.2
2,1,123,1001499,Link,,N102,,,,3176,262.714
2,1,123,1001501,Bridge,bridge 481,N102,B,False,False,0,3.0
2,1,123,1001502,Bridge,bridge 482,N102,C,False,False,0,16.38
2,1,123,1001503,Link,,N102,,,,5683,2555.9179999999997
2,1,123,1001509,Bridge,bridge 483,N102,A,False,False,0,5.5
2,1,123,1001510,Bridge,bridge 484,N102,A,False,False,0,5.6
2,1,123,1001511,Link,,N102,,,,0,68.285
2,1,123,1001512,Bridge,bridge 485,N102,C,True,True,4552,21.25
2,1,123,1001513,Link,,N102,,,,5685,1028.276
2,1,123,1001516,Bridge,bridge 486,N102,C,True,True,5053,50.25
2,1,123,1001517,Link,,N102,,,,2690,445.74
2,1,123,1001519,Bridge,bridge 487,N102,A,False,False,0,5.6
2,1,123,1001520,Link,,N102,,,,2975,336.013
2,1,123,1001521,Bridge,bridge 488,N102,A,False,False,0,5.6
2,1,123,1001522,Link,,N102,,,,649,351.684
2,1,123,1001523,Bridge,bridge 489,N102,B,False,False,0,12.0
2,1,123,1001524,Link,,N102,,,,5665,1877.7669999999998
2,1,123,1001528,Bridge,bridge 490,N102,B,False,False,0,3.0
2,1,123,1001529,Link,,N102,,,,3623,451.313
2,1,123,1001530,Bridge,bridge 491,N102,C,True,True,4544,90.6
2,1,123,1001531,Link,,N102,,,,5675,5966.170000000001
2,1,123,1001545,Bridge,bridge 492,N102,C,False,False,2570,16.68
2,1,123,1001546,Link,,N102,,,,3102,536.826
2,1,123,1001548,Bridge,bridge 493,N102,A,False,False,0,3.0
2,1,123,1001549,Bridge,bridge 494,N102,B,False,False,0,6.5
2,1,123,1001550,Link,,N102,,,,0,224.173
2,1,123,1001551,Bridge,bridge 495,N102,A,False,False,0,7.0
2,1,123,1001552,Link,,N102,,,,5669,777.982
2,1,123,1001553,Bridge,bridge 496,N102,B,False,False,0,3.0
2,1,123,1001554,Link,,N102,,,,5669,619.614
2,1,123,1001555,SourceSink,sourcesink 4,N102,,,,11850,1009.585
2,1,123,1001556,Bridge,bridge 497,N102,A,False,False,0,3.0
2,1,123,1001557,Intersection,intersection 4,N102,,,,26282,830.934
2,1,123,1001558,SourceSink,sourcesink 5,N104,,,,2713,0.0
2,1,123,1001559,Bridge,bridge 498,N104,A,False,False,0,3.65
2,1,123,1001560,Link,,N104,,,,2551,557.245
2,1,123,1001562,Link,,N104,,,,1417,102.395
2,1,123,1001563,Bridge,bridge 500,N104,C,False,False,0,2.7
2,1,123,1001564,Link,,N104,,,,9791,1627.341
2,1,123,1001567,Bridge,bridge 501,N104,B,False,False,0,2.7
2,1,123,1001568,Link,,N104,,,,9794,2848.844
2,1,123,1001572,Bridge,bridge 502,N104,A,False,False,0,1.9
2,1,123,1001573,Bridge,bridge 503,N104,B,False,False,81,89.23
2,1,123,1001574,Link,,N104,,,,9638,633.268
2,1,123,1001577,Bridge,bridge 504,N104,C,False,False,0,2.8
2,1,123,1001578,Link,,N104,,,,2190,576.053
2,1,123,1001579,Bridge,bridge 505,N104,A,False,False,523,3.0
2,1,123,1001580,Link,,N104,,,,7244,366.155
2,1,123,1001581,Bridge,bridge 506,N104,A,False,False,0,48.1
2,1,123,1001582,Link,,N104,,,,9798,1101.237
2,1,123,1001585,Bridge,bridge 507,N104,C,False,False,0,3.0
2,1,123,1001586,Link,,N104,,,,9800,1861.9930000000002
2,1,123,1001590,Bridge,bridge 508,N104,C,False,False,5677,4.4
2,1,123,1001591,Link,,N104,,,,9804,1706.8919999999998
2,1,123,1001594,Bridge,bridge 509,N104,A,False,False,0,6.0
2,1,123,1001595,Link,,N104,,,,9808,3234.114
2,1,123,1001602,Bridge,bridge 510,N104,C,False,False,0,3.1
2,1,123,1001603,Link,,N104,,,,1666,404.318
2,1,123,1001604,Bridge,bridge 511,N104,C,False,False,446,9.25
2,1,123,1001605,Link,,N104,,,,7777,550.039
2,1,123,1001608,Bridge,bridge 512,N104,B,False,False,0,2.8
2,1,123,1001609,Link,,N104,,,,9809,1167.6860000000001
2,1,123,1001612,Bridge,bridge 513,N104,A,False,False,0,2.5
2,1,123,1001613,Link,,N104,,,,9810,1709.763
2,1,123,1001615,Bridge,bridge 514,N104,C,True,True,7852,2.7
2,1,123,1001616,Link,,N104,,,,7531,585.304
2,1,123,1001617,Bridge,bridge 515,N104,A,False,False,0,9.1
2,1,123,1001618,Link,,N104,,,,9816,1268.649
2,1,123,1001620,Bridge,bridge 516,N104,B,True,True,7860,3.0
2,1,123,1001621,Link,,N104,,,,1679,419.033
2,1,123,1001622,Bridge,bridge 517,N104,C,True,True,7866,6.0
2,1,123,1001623,Link,,N104,,,,294,375.107
2,1,123,1001624,Bridge,bridge 518,N104,B,False,False,0,3.2
2,1,123,1001625,Link,,N104,,,,9835,1656.213
2,1,123,1001627,Bridge,bridge 519,N104,A,False,False,0,20.5
2,1,123,1001628,Link,,N104,,,,9837,1209.173
2,1,123,1001634,Bridge,bridge 520,N104,B,False,False,80,38.2
2,1,123,1001635,Link,,N104,,,,1670,503.601
2,1,123,1001637,Bridge,bridge 521,N104,A,False,False,0,3.1
2,1,123,1001638,Bridge,bridge 522,N104,A,False,False,0,6.5
2,1,123,1001639,Link,,N104,,,,9840,938.934
2,1,123,1001641,Bridge,bridge 523,N104,C,True,True,7879,3.2
2,1,123,1001642,Link,,N104,,,,9846,957.988
2,1,123,1001644,Bridge,bridge 524,N104,B,False,False,0,18.6
2,1,123,1001645,Link,,N104,,,,9848,1231.3249999999998
2,1,123,1001649,Bridge,bridge 525,N104,D,False,False,0,6.2
2,1,123,1001650,Link,,N104,,,,9854,3622.993
2,1,123,1001660,Bridge,bridge 526,N104,C,True,True,7884,1.0
2,1,123,1001661,Link,,N104,,,,76,72.151
2,1,123,1001662,Bridge,bridge 527,N104,A,False,False,0,6.4
2,1,123,1001663,Link,,N104,,,,7512,604.281
2,1,123,1001666,Bridge,bridge 528,N104,A,False,False,0,6.5
2,1,123,1001667,Link,,N104,,,,9863,2592.199
2,1,123,1001673,Bridge,bridge 529,N104,B,False,False,0,2.0
2,1,123,1001674,Bridge,bridge 530,N104,A,False,False,0,3.0
2,1,123,1001675,Link,,N104,,,,9865,1656.762
2,1,123,1001680,SourceSink,sourcesink 6,N104,,,,2666,118.23
2,1,123,1001682,SourceSink,sourcesink 7,N105,,,,8774,999.355
2,1,123,1001683,Bridge,bridge 531,N105,A,False,False,0,6.25
2,1,123,1001684,Link,,N105,,,,8183,934.321
2,1,123,1001685,Bridge,bridge 532,N105,A,False,False,0,6.1
2,1,123,1001686,Link,,N105,,,,8184,761.352
2,1,123,1001687,Bridge,bridge 533,N105,A,False,False,0,6.0
2,1,123,1001688,Link,,N105,,,,8185,2302.9480000000003
2,1,123,1001693,Bridge,bridge 534,N105,A,False,False,0,6.0
2,1,123,1001694,Link,,N105,,,,8192,5891.884999999999
2,1,123,1002030,Bridge,bridge 535,N105,A,False,False,14192,546.0
2,1,123,1001712,Link,,N105,,,,9439,4232.207
2,1,123,1001717,Bridge,bridge 536,N105,A,False,False,0,10.4
2,1,123,1001718,Bridge,bridge 537,N105,A,False,False,0,6.2
2,1,123,1001719,Link,,N105,,,,9439,967.871
2,1,123,1001722,Bridge,bridge 538,N105,A,True,True,7584,4.6
2,1,123,1001723,Link,,N105,,,,9459,7952.779
2,1,123,1001741,Bridge,bridge 539,N105,A,False,False,19,4.5
2,1,123,1001742,Bridge,bridge 540,N105,A,False,False,0,4.5
2,1,123,1001743,Link,,N105,,,,1826,156.1
2,1,123,1001745,Bridge,bridge 541,N105,A,False,False,86,4.5
2,1,123,1001746,Link,,N105,,,,9458,2525.4930000000004
2,1,123,1001752,Bridge,bridge 542,N105,A,False,False,0,4.5
2,1,123,1001753,Bridge,bridge 543,N105,A,False,False,0,1.0
2,1,123,1001754,Link,,N105,,,,7474,513.289
2,1,123,1001755,Bridge,bridge 544,N105,A,False,False,0,3.4
2,1,123,1001756,Link,,N105,,,,9458,1724.134
2,1,123,1001761,Bridge,bridge 545,N105,A,False,False,0,5.0
2,1,123,1001762,Link,,N105,,,,7617,642.369
2,1,123,1001763,Bridge,bridge 546,N105,A,False,False,19,13.0
2,1,123,1001764,Link,,N105,,,,9460,965.64
2,1,123,1001766,Bridge,bridge 547,N105,A,False,False,0,4.5
2,1,123,1001767,Link,,N105,,,,9461,1945.8090000000002
2,1,123,1001772,Bridge,bridge 548,N105,A,False,False,0,7.0
2,1,123,1001773,Link,,N105,,,,9432,599.635
2,1,123,1001774,Bridge,bridge 549,N105,A,False,False,0,3.0
2,1,123,1001775,Link,,N105,,,,9463,1055.609
2,1,123,1001778,Bridge,bridge 550,N105,A,False,False,19,3.0
2,1,123,1001779,Bridge,bridge 551,N105,A,False,False,0,3.0
2,1,123,1001780,Link,,N105,,,,9471,5919.028999999999
2,1,123,1001797,SourceSink,sourcesink 8,N105,,,,2269,544.112
2,1,123,1001799,Bridge,bridge 552,N106,C,True,True,9467,2.1
2,1,123,1001800,Bridge,bridge 553,N106,A,False,False,0,3.0
2,1,123,1001801,Bridge,bridge 554,N106,C,True,True,9471,2.1
2,1,123,1001802,SourceSink,sourcesink 9,N106,,,,11962,177.932
2,1,123,1001803,Link,,N106,,,,1384,325.115
2,1,123,1001804,Bridge,bridge 555,N106,A,False,False,0,3.0
2,1,123,1001805,Link,,N106,,,,7266,532.991
2,1,123,1001806,Bridge,bridge 556,N106,A,False,False,0,12.3
2,1,123,1001807,Link,,N106,,,,0,372.884
2,1,123,1001808,Bridge,bridge 557,N106,C,True,True,5834,18.78
2,1,123,1001809,Link,,N106,,,,1471,445.288
2,1,123,1001810,Bridge,bridge 558,N106,A,True,True,5844,4.0
2,1,123,1001811,Bridge,bridge 559,N106,C,True,True,5859,3.3
2,1,123,1001812,Link,,N106,,,,0,497.417
2,1,123,1001813,Bridge,bridge 560,N106,C,True,True,5874,4.5
2,1,123,1001814,Link,,N106,,,,7344,1745.084
2,1,123,1001819,Bridge,bridge 561,N106,C,False,False,0,8.8
2,1,123,1001820,Bridge,bridge 562,N106,C,False,False,0,6.0
2,1,123,1001821,Link,,N106,,,,6901,185.877
2,1,123,1001822,Bridge,bridge 563,N106,A,False,False,0,8.0
2,1,123,1001823,Bridge,bridge 564,N106,A,False,False,0,8.2
2,1,123,1001824,Link,,N106,,,,1832,757.654
2,1,123,1001826,Bridge,bridge 565,N106,B,True,True,5881,9.4
2,1,123,1001827,Link,,N106,,,,7000,774.0169999999999
2,1,123,1001830,Bridge,bridge 566,N106,A,False,False,0,10.2
2,1,123,1001831,Link,,N106,,,,7358,2255.387
2,1,123,1001836,Bridge,bridge 567,N106,C,False,False,0,3.8
2,1,123,1001837,Link,,N106,,,,7362,2203.3630000000003
2,1,123,1001842,Bridge,bridge 568,N106,B,False,False,0,9.5
2,1,123,1001843,Link,,N106,,,,7361,594.519
2,1,123,1001844,Bridge,bridge 569,N106,C,False,False,0,63.86
2,1,123,1001845,Link,,N106,,,,7362,937.933
2,1,123,1001848,Bridge,bridge 570,N106,C,False,False,86,34.2
2,1,123,1001849,Link,,N106,,,,7276,667.187
2,1,123,1001852,Bridge,bridge 571,N106,C,False,False,0,37.3
2,1,123,1001853,Link,,N106,,,,1839,525.373
2,1,123,1001854,Bridge,bridge 572,N106,C,True,True,5942,102.69
2,1,123,1001855,Link,,N106,,,,0,25.865
2,1,123,1001856,Bridge,bridge 573,N106,A,False,False,0,3.0
2,1,123,1001857,Link,,N106,,,,0,164.084
2,1,123,1001858,Bridge,bridge 574,N106,C,True,True,5976,25.3
2,1,123,1001859,Link,,N106,,,,7115,649.927
2,1,123,1001862,Bridge,bridge 575,N106,A,False,False,0,12.4
2,1,123,1001863,Link,,N106,,,,1833,445.087
2,1,123,1001864,Bridge,bridge 576,N106,A,True,True,5987,3.0
2,1,123,1001865,Link,,N106,,,,5726,610.272
2,1,123,1001867,Bridge,bridge 577,N106,A,False,False,0,37.78
2,1,123,1001868,Link,,N106,,,,7477,689.967
2,1,123,1001869,Bridge,bridge 578,N106,C,False,False,0,24.69
2,1,123,1001870,Bridge,bridge 579,N106,B,False,False,0,24.0
2,1,123,1001871,Link,,N106,,,,1748,477.266
2,1,123,1001874,Bridge,bridge 580,N106,C,False,False,0,24.13
2,1,123,1001875,Bridge,bridge 581,N106,C,True,True,6002,4.3
2,1,123,1001876,Link,,N106,,,,5742,343.8310000000001
2,1,123,1001880,Bridge,bridge 582,N106,A,False,False,0,3.0
2,1,123,1001881,Link,,N106,,,,1834,759.3489999999999
2,1,123,1001884,Bridge,bridge 583,N106,A,True,True,6016,9.4
2,1,123,1001885,Link,,N106,,,,7503,1230.147
2,1,123,1001890,Bridge,bridge 584,N106,C,False,False,0,12.2
2,1,123,1001891,Link,,N106,,,,0,125.867
2,1,123,1001892,Bridge,bridge 585,N106,C,False,False,0,6.0
2,1,123,1001893,Link,,N106,,,,7505,2142.994
2,1,123,1001897,Bridge,bridge 586,N106,A,False,False,0,14.6
2,1,123,1001898,Link,,N106,,,,7505,923.479
2,1,123,1001901,Bridge,bridge 587,N106,A,False,False,0,18.0
2,1,123,1001902,Link,,N106,,,,0,214.316
2,1,123,1001903,Bridge,bridge 588,N106,A,False,False,0,11.7
2,1,123,1001904,Bridge,bridge 589,N106,A,False,False,0,1.2
2,1,123,1001905,Link,,N106,,,,1837,265.493
2,1,123,1001906,Bridge,bridge 590,N106,C,True,True,6025,6.0
2,1,123,1001907,Bridge,bridge 591,N106,A,True,True,6041,4.5
2,1,123,1001908,Link,,N106,,,,0,240.399
2,1,123,1001911,Bridge,bridge 592,N106,C,False,False,0,5.2
2,1,123,1001912,Bridge,bridge 593,N106,B,False,False,0,5.3
2,1,123,1001913,Bridge,bridge 594,N106,D,False,False,0,2.0
2,1,123,1001914,Link,,N106,,,,0,221.417
2,1,123,1001916,Bridge,bridge 595,N106,A,False,False,0,3.0
2,1,123,1001917,Bridge,bridge 596,N106,A,False,False,0,3.0
2,1,123,1001918,Bridge,bridge 597,N106,A,False,False,0,1.5
2,1,123,1001919,Bridge,bridge 598,N106,A,True,True,6055,3.0
2,1,123,1001920,Bridge,bridge 599,N106,A,True,True,6070,6.0
2,1,123,1001921,Link,,N106,,,,1499,240.032
2,1,123,1001922,Bridge,bridge 600,N106,A,False,False,0,12.3
2,1,123,1001923,Link,,N106,,,,7568,988.536
2,1,123,1001930,Bridge,bridge 601,N106,A,False,False,0,4.5
2,1,123,1001931,Bridge,bridge 602,N106,B,False,False,0,4.4
2,1,123,1001932,Bridge,bridge 603,N106,A,False,False,0,1.8
2,1,123,1001933,Link,,N106,,,,0,42.215
2,1,123,1001934,Bridge,bridge 604,N106,A,False,False,0,3.0
2,1,123,1001935,Link,,N106,,,,1837,598.953
2,1,123,1001937,Bridge,bridge 605,N106,A,False,False,0,5.0
2,1,123,1001938,Bridge,bridge 606,N106,D,True,True,6084,2.2
2,1,123,1001939,Link,,N106,,,,5821,556.457
2,1,123,1001943,Bridge,bridge 607,N106,A,False,False,0,1.9
2,1,123,1001944,Link,,N106,,,,7584,960.5050000000001
2,1,123,1001947,Bridge,bridge 608,N106,A,False,False,0,4.5
2,1,123,1001948,Link,,N106,,,,7499,250.382
2,1,123,1001949,Bridge,bridge 609,N106,D,False,False,0,95.0
2,1,123,1001950,Link,,N106,,,,7586,1067.536
2,1,123,1001953,Bridge,bridge 610,N106,A,False,False,0,6.6
2,1,123,1001954,Bridge,bridge 611,N106,A,False,False,85,9.4
2,1,123,1001955,Link,,N106,,,,0,148.675
2,1,123,1001956,Bridge,bridge 612,N106,A,False,False,0,1.5
2,1,123,1001957,Bridge,bridge 613,N106,A,False,False,0,3.0
2,1,123,1001958,Link,,N106,,,,7588,663.81
2,1,123,1001961,Bridge,bridge 614,N106,A,False,False,0,11.2
2,1,123,1001962,Link,,N106,,,,7503,409.901
2,1,123,1001963,Bridge,bridge 615,N106,B,False,False,0,14.8
2,1,123,1001964,Link,,N106,,,,7589,716.395
2,1,123,1001965,Bridge,bridge 616,N106,A,False,False,0,3.0
2,1,123,1001966,Link,,N106,,,,7592,3169.65
2,1,123,1001975,Bridge,bridge 617,N106,A,True,True,6100,1.0
2,1,123,1001976,Link,,N106,,,,83,562.827
2,1,123,1001977,Bridge,bridge 618,N106,C,False,False,0,3.0
2,1,123,1001978,Bridge,bridge 619,N106,A,False,False,0,1.5
2,1,123,1001979,Link,,N106,,,,7185,138.564
2,1,123,1001980,Bridge,bridge 620,N106,A,False,False,0,1.0
2,1,123,1001981,Bridge,bridge 621,N106,A,False,False,0,1.0
2,1,123,1001982,Link,,N106,,,,422,642.761
2,1,123,1001984,Bridge,bridge 622,N106,B,False,False,0,2.0
2,1,123,1001985,Bridge,bridge 623,N106,A,False,False,0,1.2
2,1,123,1001986,Link,,N106,,,,7609,1295.9160000000002
2,1,123,1001991,Bridge,bridge 624,N106,A,False,False,0,2.0
2,1,123,1001992,Link,,N106,,,,7621,9411.997000000003
2,1,123,1002009,SourceSink,sourcesink 10,N106,,,,421,568.335
2,1,123,1002011,SourceSink,sourcesink 11,N2,,,,10182,139.902
2,1,123,1002012,Link,,N2,,,,7563,989.34
2,1,123,1002013,Bridge,bridge 625,N2,C,False,False,252,36.7
2,1,123,1002014,Link,,N2,,,,7567,9602.278
2,1,123,1002031,Link,,N2,,,,15918,1701.5790000000002
2,1,123,1002035,Bridge,bridge 627,N2,B,False,False,0,4.9
2,1,123,1002036,Link,,N2,,,,15918,837.335
2,1,123,1002037,Bridge,bridge 628,N2,B,True,True,12744,3.5
2,1,123,1002038,Link,,N2,,,,15907,876.249
2,1,123,1002039,Bridge,bridge 629,N2,A,False,False,0,3.4
2,1,123,1002040,Link,,N2,,,,2248,584.637
2,1,123,1002043,Bridge,bridge 630,N2,C,True,True,13478,72.15
2,1,123,1002044,Link,,N2,,,,253,74.539
2,1,123,1002045,Bridge,bridge 631,N2,A,False,False,0,4.5
2,1,123,1002046,Link,,N2,,,,4775,250.826
2,1,123,1002047,Bridge,bridge 632,N2,B,False,False,0,8.3
2,1,123,1002048,Link,,N2,,,,11110,563.996
2,1,123,1002050,Bridge,bridge 633,N2,A,False,False,0,8.3
2,1,123,1002051,Link,,N2,,,,5084,325.455
2,1,123,1002052,Bridge,bridge 634,N2,A,False,False,0,4.0
2,1,123,1002053,Bridge,bridge 635,N2,A,False,False,0,8.0
2,1,123,1002054,Link,,N2,,,,692,46.622
2,1,123,1002055,Bridge,bridge 636,N2,B,False,False,0,4.0
2,1,123,1002056,Link,,N2,,,,15884,1068.625
2,1,123,1002058,Bridge,bridge 637,N2,A,False,False,0,4.0
2,1,123,1002059,Bridge,bridge 638,N2,A,False,False,0,4.0
2,1,123,1002060,Link,,N2,,,,79,36.851
2,1,123,1002061,Bridge,bridge 639,N2,A,False,False,0,4.0
2,1,123,1002062,Bridge,bridge 640,N2,A,False,False,0,2.0
2,1,123,1002063,Link,,N2,,,,15884,2848.4570000000003
2,1,123,1002068,Bridge,bridge 641,N2,A,False,False,0,2.5
2,1,123,1002069,Bridge,bridge 642,N2,A,False,False,0,2.5
2,1,123,1002070,Link,,N2,,,,15883,1575.5320000000002
2,1,123,1002075,Bridge,bridge 643,N2,B,False,False,692,30.3
2,1,123,1002076,Link,,N2,,,,15881,1237.3110000000001
2,1,123,1002079,Bridge,bridge 644,N2,A,False,False,0,3.6
2,1,123,1002080,Link,,N2,,,,15882,1763.8339999999998
2,1,123,1002085,Bridge,bridge 645,N2,A,False,False,0,12.7
2,1,123,1002086,Link,,N2,,,,308,112.317
2,1,123,1002087,Bridge,bridge 646,N2,A,False,False,0,3.0
2,1,123,1002088,Link,,N2,,,,10785,492.193
2,1,123,1002089,Bridge,bridge 647,N2,A,True,True,12737,27.4
2,1,123,1002090,Link,,N2,,,,15861,852.567
2,1,123,1002092,Bridge,bridge 648,N2,C,False,False,0,69.5
2,1,123,1002093,Link,,N2,,,,0,64.933
2,1,123,1002094,Bridge,bridge 649,N2,A,False,False,0,3.0
2,1,123,1002095,Link,,N2,,,,1737,307.618
2,1,123,1002096,Bridge,bridge 650,N2,A,False,False,356,12.6
2,1,123,1002097,Link,,N2,,,,15859,996.406
2,1,123,1002099,Bridge,bridge 651,N2,A,False,False,0,3.4
2,1,123,1002100,Bridge,bridge 652,N2,A,False,False,175,3.0
2,1,123,1002101,Link,,N2,,,,8158,221.156
2,1,123,1002102,Bridge,bridge 653,N2,B,False,False,0,3.5
2,1,123,1002103,Bridge,bridge 654,N2,A,False,False,0,3.0
2,1,123,1002104,Link,,N2,,,,7447,517.48
2,1,123,1002105,Bridge,bridge 655,N2,A,False,False,0,1.8
2,1,123,1002106,Bridge,bridge 656,N2,B,False,False,0,14.1
2,1,123,1002107,Link,,N2,,,,9472,596.554
2,1,123,1002109,Bridge,bridge 657,N2,A,False,False,674,2.0
2,1,123,1002110,Link,,N2,,,,15855,842.05
2,1,123,1002113,Bridge,bridge 658,N2,A,False,False,0,2.5
2,1,123,1002114,Link,,N2,,,,13607,300.057
2,1,123,1002115,Bridge,bridge 659,N2,A,False,False,0,4.0
2,1,123,1002116,Link,,N2,,,,15853,1091.473
2,1,123,1002119,Bridge,bridge 660,N2,B,False,False,687,105.15
2,1,123,1002120,Link,,N2,,,,1096,106.043
2,1,123,1002121,Bridge,bridge 661,N2,A,False,False,0,10.3
2,1,123,1002122,Link,,N2,,,,0,38.6
2,1,123,1002123,Bridge,bridge 662,N2,A,False,False,0,3.9
2,1,123,1002124,Link,,N2,,,,15853,860.674
2,1,123,1002126,Bridge,bridge 663,N2,A,True,True,12691,9.6
2,1,123,1002127,Bridge,bridge 664,N2,A,False,False,0,9.5
2,1,123,1002128,Link,,N2,,,,4944,103.474
2,1,123,1002129,Bridge,bridge 665,N2,A,False,False,0,9.55
2,1,123,1002130,Link,,N2,,,,0,52.4
2,1,123,1002131,Bridge,bridge 666,N2,A,False,False,0,3.0
2,1,123,1002132,Link,,N2,,,,15847,731.705
2,1,123,1002133,Bridge,bridge 667,N2,A,False,False,0,5.4
2,1,123,1002134,Link,,N2,,,,153,142.604
2,1,123,1002135,Bridge,bridge 668,N2,A,False,False,0,11.0
2,1,123,1002136,Link,,N2,,,,2087,401.493
2,1,123,1002137,Bridge,bridge 669,N2,A,False,False,0,7.3
2,1,123,1002138,Link,,N2,,,,13607,293.873
2,1,123,1002139,Bridge,bridge 670,N2,A,False,False,0,7.25
2,1,123,1002140,Bridge,bridge 671,N2,A,False,False,153,3.5
2,1,123,1002141,Link,,N2,,,,938,313.296
2,1,123,1002143,Bridge,bridge 672,N2,A,False,False,57,4.0
2,1,123,1002144,Link,,N2,,,,1772,270.021
2,1,123,1002145,Bridge,bridge 673,N2,A,False,False,0,4.0
2,1,123,1002146,Bridge,bridge 674,N2,B,False,False,7981,17.75
2,1,123,1002147,Link,,N2,,,,5409,469.11
2,1,123,1002149,Bridge,bridge 675,N2,A,False,False,0,3.5
2,1,123,1002150,Bridge,bridge 676,N2,A,False,False,0,3.5
2,1,123,1002151,Bridge,bridge 677,N2,B,False,False,0,3.5
2,1,123,1002152,Link,,N2,,,,1777,281.932
2,1,123,1002153,Bridge,bridge 678,N2,C,True,True,13655,141.61
2,1,123,1002154,Link,,N2,,,,4878,150.41
2,1,123,1002155,Bridge,bridge 679,N2,B,False,False,0,40.6
2,1,123,1002156,Link,,N2,,,,317,131.251
2,1,123,1002158,Bridge,bridge 680,N2,A,False,False,0,4.0
2,1,123,1002159,Link,,N2,,,,15795,806.271
2,1,123,1002161,Bridge,bridge 681,N2,A,False,False,0,37.9
2,1,123,1002162,Link,,N2,,,,683,39.489
2,1,123,1002163,Bridge,bridge 682,N2,A,False,False,0,7.3
2,1,123,1002164,Link,,N2,,,,9916,414.736
2,1,123,1002165,Bridge,bridge 683,N2,A,False,False,0,7.3
2,1,123,1002166,Link,,N2,,,,15537,674.724
2,1,123,1002167,Bridge,bridge 684,N2,A,False,False,0,11.8
2,1,123,1002168,Link,,N2,,,,5454,371.26500000000004
2,1,123,1002170,Bridge,bridge 685,N2,B,False,False,0,11.5
2,1,123,1002171,Link,,N2,,,,15795,903.098
2,1,123,1002173,Bridge,bridge 686,N2,A,False,False,0,4.0
2,1,123,1002174,Bridge,bridge 687,N2,A,False,False,1097,202.0
2,1,123,1002175,Link,,N2,,,,15794,1378.6390000000001
2,1,123,1002179,Bridge,bridge 688,N2,A,False,False,0,3.6
2,1,123,1002180,Link,,N2,,,,1155,212.096
2,1,123,1002181,Bridge,bridge 689,N2,A,False,False,0,15.85
2,1,123,1002182,Link,,N2,,,,0,14.103
2,1,123,1002183,Bridge,bridge 690,N2,A,False,False,0,4.0
2,1,123,1002184,Link,,N2,,,,14011,460.44399999999996
2,1,123,1002186,Bridge,bridge 691,N2,B,False,False,0,7.3
2,1,123,1002187,Link,,N2,,,,1780,291.493
2,1,123,1002188,Bridge,bridge 692,N2,C,False,False,13694,428.91
2,1,123,1002189,Link,,N2,,,,15791,746.184
2,1,123,1002191,Bridge,bridge 693,N2,A,False,False,0,4.0
2,1,123,1002192,Bridge,bridge 694,N2,C,False,False,0,6.0
2,1,123,1002193,Bridge,bridge 695,N2,A,False,False,0,6.0
2,1,123,1002194,Link,,N2,,,,15788,1387.257
2,1,123,1002199,Bridge,bridge 696,N2,A,False,False,0,14.0
2,1,123,1002200,Link,,N2,,,,15789,1542.121
2,1,123,1002204,Bridge,bridge 697,N2,A,False,False,80,6.1
2,1,123,1002205,Bridge,bridge 698,N2,C,False,False,0,3.1
2,1,123,1002206,Link,,N2,,,,6064,574.585
2,1,123,1002210,Bridge,bridge 699,N2,C,False,False,67,3.15
2,1,123,1002211,Bridge,bridge 700,N2,D,False,False,1030,79.75
2,1,123,1002212,Link,,N2,,,,8802,275.50699999999995
2,1,123,1002214,Bridge,bridge 701,N2,A,True,True,12645,3.15
2,1,123,1002215,Bridge,bridge 702,N2,A,False,False,157,6.1
2,1,123,1002216,Link,,N2,,,,999,333.595
2,1,123,1002217,Bridge,bridge 703,N2,A,False,False,0,12.5
2,1,123,1002218,Link,,N2,,,,2384,184.302
2,1,123,1002219,Bridge,bridge 704,N2,A,False,False,3440,12.3
2,1,123,1002220,Link,,N2,,,,8959,419.64300000000003
2,1,123,1002222,Bridge,bridge 705,N2,A,False,False,0,3.1
2,1,123,1002223,Link,,N2,,,,15781,1065.8580000000002
2,1,123,1002226,Bridge,bridge 706,N2,A,False,False,726,9.5
2,1,123,1002227,Bridge,bridge 707,N2,A,False,False,0,6.1
2,1,123,1002228,Link,,N2,,,,5099,99.493
2,1,123,1002229,Bridge,bridge 708,N2,B,False,False,0,4.5
2,1,123,1002230,Link,,N2,,,,15781,1414.289
2,1,123,1002233,Bridge,bridge 709,N2,A,False,False,0,3.6
2,1,123,1002234,Link,,N2,,,,15782,1434.1729999999998
2,1,123,1002238,Bridge,bridge 710,N2,C,False,False,0,22.96
2,1,123,1002240,Bridge,bridge 711,N2,A,False,False,0,3.0
2,1,123,1002241,Link,,N2,,,,12234,454.905
2,1,123,1002244,Bridge,bridge 712,N2,C,False,False,0,22.95
2,1,123,1002245,Link,,N2,,,,7365,71.591
2,1,123,1002246,Bridge,bridge 713,N2,A,False,False,2969,23.0
2,1,123,1002247,Link,,N2,,,,0,113.50299999999999
2,1,123,1002249,Bridge,bridge 714,N2,C,False,False,0,43.88
2,1,123,1002250,Link,,N2,,,,11791,361.83500000000004
2,1,123,1002252,Bridge,bridge 715,N2,B,False,False,0,4.1
2,1,123,1002253,Bridge,bridge 716,N2,C,False,False,584,42.65
2,1,123,1002254,Link,,N2,,,,22824,777.997
2,1,123,1002255,Bridge,bridge 717,N2,A,False,False,584,12.0
2,1,123,1002256,Bridge,bridge 718,N2,A,False,False,0,10.45
2,1,123,1002257,Link,,N2,,,,11031,228.608
2,1,123,1002259,Bridge,bridge 719,N2,C,False,False,838,202.55
2,1,123,1002260,Link,,N2,,,,22570,711.127
2,1,123,1002261,Bridge,bridge 720,N2,C,False,False,0,4.0
2,1,123,1002262,Link,,N2,,,,23404,739.54
2,1,123,1002266,Bridge,bridge 721,N2,A,False,False,0,10.4
2,1,123,1002267,Link,,N2,,,,1379,208.765
2,1,123,1002268,Bridge,bridge 722,N2,A,False,False,170,10.4
2,1,123,1002269,Link,,N2,,,,790,194.765
2,1,123,1002270,Bridge,bridge 723,N2,B,False,False,9459,35.01
2,1,123,1002271,Link,,N2,,,,13377,689.623
2,1,123,1002274,Bridge,bridge 724,N2,C,False,False,571,27.03
2,1,123,1002275,Bridge,bridge 725,N2,A,False,False,0,4.0
2,1,123,1002276,Link,,N2,,,,23407,1598.779
2,1,123,1002280,Bridge,bridge 726,N2,A,False,False,0,65.3
2,1,123,1002281,Link,,N2,,,,21065,296.149
2,1,123,1002282,Bridge,bridge 727,N2,A,False,False,0,4.0
2,1,123,1002283,Link,,N2,,,,2339,455.779
2,1,123,1002285,Bridge,bridge 728,N2,A,False,False,0,9.3
2,1,123,1002286,Link,,N2,,,,21063,502.457
2,1,123,1002288,Bridge,bridge 729,N2,B,False,False,838,3.5
2,1,123,1002289,Link,,N2,,,,711,170.932
2,1,123,1002290,Bridge,bridge 730,N2,A,False,False,0,9.0
2,1,123,1002291,Link,,N2,,,,22689,673.77
2,1,123,1002293,Bridge,bridge 731,N2,A,False,False,0,3.5
2,1,123,1002294,Link,,N2,,,,10967,295.736
2,1,123,1002295,Bridge,bridge 732,N2,A,False,False,0,4.0
2,1,123,1002296,Link,,N2,,,,584,54.252
2,1,123,1002297,Bridge,bridge 733,N2,C,False,False,699,68.09
2,1,123,1002298,Link,,N2,,,,11862,534.082
2,1,123,1002300,Bridge,bridge 734,N2,A,False,False,0,3.0
2,1,123,1002301,Link,,N2,,,,11542,316.345
2,1,123,1002303,Bridge,bridge 735,N2,C,False,False,0,19.4
2,1,123,1002304,Link,,N2,,,,12651,553.349
2,1,123,1002305,Bridge,bridge 736,N2,C,True,True,18835,36.7
2,1,123,1002306,Link,,N2,,,,3148,510.447
2,1,123,1002308,Bridge,bridge 737,N2,A,True,True,18812,4.0
2,1,123,1002309,Link,,N2,,,,4637,747.03
2,1,123,1002311,Bridge,bridge 738,N2,B,False,False,9557,30.0
2,1,123,1002312,Link,,N2,,,,11976,516.068
2,1,123,1002313,Bridge,bridge 739,N2,B,False,False,0,25.0
2,1,123,1002314,Link,,N2,,,,22140,572.9789999999999
2,1,123,1002316,Bridge,bridge 740,N2,A,False,False,571,40.7
2,1,123,1002317,Link,,N2,,,,21359,482.038
2,1,123,1002319,Bridge,bridge 741,N2,A,False,False,0,22.8
2,1,123,1002320,Link,,N2,,,,4637,733.919
2,1,123,1002322,Bridge,bridge 742,N2,B,True,True,18800,2.0
2,1,123,1002323,Link,,N2,,,,13363,682.235
2,1,123,1002325,Bridge,bridge 743,N2,A,False,False,0,2.0
2,1,123,1002326,Bridge,bridge 744,N2,A,False,False,0,10.6
2,1,123,1002327,Intersection,intersection 9,N2,,,,0,40.738
2,1,123,1002328,Bridge,bridge 745,N2,C,False,False,0,2.0
2,1,123,1002329,Link,,N2,,,,10782,369.62300000000005
2,1,123,1002331,Bridge,bridge 746,N2,A,False,False,9399,4.25
2,1,123,1002332,Bridge,bridge 747,N2,A,False,False,0,10.6
2,1,123,1002333,Link,,N2,,,,998,200.841
2,1,123,1002334,Bridge,bridge 748,N2,A,False,False,0,2.0
2,1,123,1002335,Link,,N2,,,,514,52.582
2,1,123,1002336,Bridge,bridge 749,N2,A,False,False,487,8.2
2,1,123,1002337,Bridge,bridge 750,N2,B,False,False,0,6.4
2,1,123,1002338,Bridge,bridge 751,N2,A,False,False,0,3.1
2,1,123,1002339,Link,,N2,,,,8796,265.67199999999997
2,1,123,1002341,Bridge,bridge 752,N2,A,False,False,0,4.2
2,1,123,1002342,Bridge,bridge 753,N2,A,False,False,442,1.6
2,1,123,1002343,Link,,N2,,,,12941,579.409
2,1,123,1002345,Bridge,bridge 754,N2,A,False,False,0,17.12
2,1,123,1002346,Link,,N2,,,,10779,403.716
2,1,123,1002347,Bridge,bridge 755,N2,A,False,False,0,6.22
2,1,123,1002348,Bridge,bridge 756,N2,A,False,False,0,3.5
2,1,123,1002349,Link,,N2,,,,11401,406.534
2,1,123,1002350,Bridge,bridge 757,N2,A,False,False,0,7.8
2,1,123,1002351,Link,,N2,,,,10776,418.14
2,1,123,1002352,Bridge,bridge 758,N2,A,True,True,17803,2.0
2,1,123,1002353,Link,,N2,,,,2000,316.295
2,1,123,1002354,Bridge,bridge 759,N2,A,False,False,0,29.5
2,1,123,1002355,Link,,N2,,,,920,140.977
2,1,123,1002356,Bridge,bridge 760,N2,A,False,False,0,3.3
2,1,123,1002357,Link,,N2,,,,20256,453.899
2,1,123,1002359,Bridge,bridge 761,N2,A,False,False,0,6.3
2,1,123,1002360,Bridge,bridge 762,N2,A,False,False,0,4.3
2,1,123,1002361,Bridge,bridge 763,N2,A,False,False,0,6.6
2,1,123,1002362,Bridge,bridge 764,N2,A,False,False,0,5.3
2,1,123,1002363,Link,,N2,,,,0,18.749
2,1,123,1002364,Bridge,bridge 765,N2,A,False,False,0,8.1
2,1,123,1002365,Bridge,bridge 766,N2,A,False,False,0,2.0
2,1,123,1002366,Bridge,bridge 767,N2,A,False,False,0,6.6
2,1,123,1002367,Bridge,bridge 768,N2,A,False,False,0,4.3
2,1,123,1002368,Link,,N2,,,,0,12.671
2,1,123,1002369,Bridge,bridge 769,N2,A,False,False,0,2.0
2,1,123,1002370,Bridge,bridge 770,N2,A,False,False,0,1.5
2,1,123,1002371,Bridge,bridge 771,N2,A,False,False,0,1.5
2,1,123,1002372,Link,,N2,,,,2553,358.019
2,1,123,1002373,Bridge,bridge 772,N2,A,True,True,17813,1.5
2,1,123,1002374,Bridge,bridge 773,N2,A,False,False,0,6.6
2,1,123,1002375,Link,,N2,,,,12282,596.505
2,1,123,1002376,Bridge,bridge 774,N2,A,False,False,0,1.5
2,1,123,1002377,Bridge,bridge 775,N2,A,False,False,0,3.3
2,1,123,1002378,Bridge,bridge 776,N2,A,False,False,0,3.3
2,1,123,1002379,Link,,N2,,,,11730,325.119
2,1,123,1002380,Bridge,bridge 777,N2,A,False,False,0,1.5
2,1,123,1002381,Bridge,bridge 778,N2,A,False,False,0,4.3
2,1,123,1002382,Bridge,bridge 779,N2,A,False,False,0,3.0
2,1,123,1002383,Bridge,bridge 780,N2,B,False,False,0,4.2
2,1,123,1002384,Link,,N2,,,,483,157.096
2,1,123,1002385,Bridge,bridge 781,N2,B,False,False,0,2.6
2,1,123,1002386,Bridge,bridge 782,N2,A,False,False,0,2.0
2,1,123,1002387,Link,,N2,,,,11338,479.362
2,1,123,1002388,Bridge,bridge 783,N2,A,False,False,192,4.3
2,1,123,1002389,Bridge,bridge 784,N2,A,False,False,0,1.7
2,1,123,1002390,Bridge,bridge 785,N2,A,False,False,0,2.0
2,1,123,1002391,Link,,N2,,,,10163,157.573
2,1,123,1002392,Bridge,bridge 786,N2,A,False,False,0,83.3
2,1,123,1002393,Link,,N2,,,,22174,957.405
2,1,123,1002394,Bridge,bridge 787,N2,A,False,False,0,2.6
2,1,123,1002395,Bridge,bridge 788,N2,A,False,False,0,2.6
2,1,123,1002396,Bridge,bridge 789,N2,A,False,False,0,2.5
2,1,123,1002397,Link,,N2,,,,17270,488.108
2,1,123,1002400,Bridge,bridge 790,N2,A,False,False,0,2.6
2,1,123,1002401,Link,,N2,,,,22174,1331.09
2,1,123,1002405,Bridge,bridge 791,N2,A,False,False,0,12.5
2,1,123,1002406,Link,,N2,,,,12202,486.617
2,1,123,1002407,Bridge,bridge 792,N2,A,False,False,0,2.6
2,1,123,1002408,Link,,N2,,,,19847,502.857
2,1,123,1002409,Bridge,bridge 793,N2,A,False,False,0,2.6
2,1,123,1002410,Bridge,bridge 794,N2,A,False,False,0,2.1
2,1,123,1002411,Link,,N2,,,,12297,495.036
2,1,123,1002413,Bridge,bridge 795,N2,A,False,False,0,2.1
2,1,123,1002414,Link,,N2,,,,11715,507.796
2,1,123,1002416,Bridge,bridge 796,N2,A,False,False,0,1.6
2,1,123,1002417,Link,,N2,,,,10458,400.264
2,1,123,1002419,Intersection,intersection 10,N2,,,,9973,239.533
2,1,123,1002420,Link,,N2,,,,20695,2703.691
2,1,123,1002428,Bridge,bridge 797,N2,C,False,False,0,12.6
2,1,123,1002429,Link,,N2,,,,17497,643.403
2,1,123,1002431,Bridge,bridge 798,N2,A,False,False,0,2.0
2,1,123,1002432,Intersection,intersection 11,N2,,,,21488,634.696
2,1,123,1002434,Bridge,bridge 799,N2,A,False,False,0,1.5
2,1,123,1002435,Bridge,bridge 800,N2,A,False,False,0,17.2
2,1,123,1002436,Link,,N2,,,,8848,418.133
2,1,123,1002438,Bridge,bridge 801,N2,A,False,False,0,2.0
2,1,123,1002439,Bridge,bridge 802,N2,A,False,False,0,1.5
2,1,123,1002440,Link,,N2,,,,6612,292.532
2,1,123,1002441,Bridge,bridge 803,N2,A,False,False,0,6.3
2,1,123,1002442,Link,,N2,,,,8850,544.802
2,1,123,1002443,Bridge,bridge 804,N2,A,False,False,0,41.0
2,1,123,1002444,Link,,N2,,,,15464,739.9720000000001
2,1,123,1002447,Bridge,bridge 805,N2,A,False,False,0,8.0
2,1,123,1002448,Link,,N2,,,,7127,664.476
2,1,123,1002449,Bridge,bridge 806,N2,A,False,False,0,1.3
2,1,123,1002450,Bridge,bridge 807,N2,A,True,True,12408,1.3
2,1,123,1002451,Bridge,bridge 808,N2,A,False,False,0,4.2
2,1,123,1002452,Bridge,bridge 809,N2,A,False,False,0,10.6
2,1,123,1002453,Link,,N2,,,,915,182.843
2,1,123,1002454,Bridge,bridge 810,N2,A,False,False,0,3.0
2,1,123,1002455,Bridge,bridge 811,N2,A,False,False,0,2.5
2,1,123,1002456,Link,,N2,,,,9668,545.8820000000001
2,1,123,1002458,Bridge,bridge 812,N2,B,False,False,4885,58.5
2,1,123,1002459,Link,,N2,,,,852,64.635
2,1,123,1002460,Bridge,bridge 813,N2,A,False,False,0,3.0
2,1,123,1002461,Link,,N2,,,,1723,369.361
2,1,123,1002462,Bridge,bridge 814,N2,A,False,False,0,3.0
2,1,123,1002463,Link,,N2,,,,13744,463.353
2,1,123,1002464,Bridge,bridge 815,N2,A,False,False,0,19.0
2,1,123,1002465,Link,,N2,,,,15467,834.386
2,1,123,1002468,Bridge,bridge 816,N2,A,False,False,0,3.0
2,1,123,1002469,Bridge,bridge 817,N2,B,False,False,0,13.7
2,1,123,1002470,Link,,N2,,,,1150,154.538
2,1,123,1002472,Bridge,bridge 818,N2,A,False,False,0,2.6
2,1,123,1002473,Link,,N2,,,,573,73.038
2,1,123,1002474,Bridge,bridge 819,N2,A,False,False,0,7.9
2,1,123,1002475,Bridge,bridge 820,N2,A,False,False,0,5.2
2,1,123,1002476,Bridge,bridge 821,N2,A,False,False,0,5.4
2,1,123,1002477,Link,,N2,,,,7785,149.622
2,1,123,1002478,Bridge,bridge 822,N2,A,False,False,0,2.0
2,1,123,1002479,Bridge,bridge 823,N2,A,False,False,0,19.5
2,1,123,1002480,Link,,N2,,,,5959,290.755
2,1,123,1002481,Bridge,bridge 824,N2,C,False,False,0,1.5
2,1,123,1002482,Link,,N2,,,,63,105.061
2,1,123,1002483,Bridge,bridge 825,N2,A,False,False,0,2.6
2,1,123,1002484,Bridge,bridge 826,N2,A,False,False,0,5.0
2,1,123,1002485,Link,,N2,,,,15405,681.335
2,1,123,1002486,Bridge,bridge 827,N2,A,False,False,0,10.6
2,1,123,1002487,Link,,N2,,,,1723,314.907
2,1,123,1002488,Bridge,bridge 828,N2,A,False,False,0,4.0
2,1,123,1002489,Bridge,bridge 829,N2,A,False,False,0,2.0
2,1,123,1002490,Bridge,bridge 830,N2,A,False,False,0,3.8
2,1,123,1002491,Link,,N2,,,,0,53.179
2,1,123,1002492,Bridge,bridge 831,N2,A,False,False,0,1.5
2,1,123,1002493,Bridge,bridge 832,N2,A,False,False,0,1.5
2,1,123,1002494,Bridge,bridge 833,N2,A,False,False,0,1.5
2,1,123,1002495,Bridge,bridge 834,N2,A,True,True,12415,5.3
2,1,123,1002496,Link,,N2,,,,8944,539.038
2,1,123,1002498,Bridge,bridge 835,N2,A,False,False,0,6.2
2,1,123,1002499,Bridge,bridge 836,N2,A,False,False,0,14.8
2,1,123,1002500,Link,,N2,,,,1090,40.913
2,1,123,1002501,Bridge,bridge 837,N2,A,False,False,0,3.0
2,1,123,1002502,Link,,N2,,,,5960,378.18
2,1,123,1002504,Bridge,bridge 838,N2,B,False,False,0,19.5
2,1,123,1002505,Link,,N2,,,,0,25.338
2,1,123,1002506,Bridge,bridge 839,N2,A,False,False,0,2.0
2,1,123,1002507,Bridge,bridge 840,N2,A,False,False,0,4.3
2,1,123,1002508,Link,,N2,,,,9868,436.1
2,1,123,1002509,Bridge,bridge 841,N2,A,False,False,0,4.5
2,1,123,1002510,Bridge,bridge 842,N2,C,False,False,0,4.5
2,1,123,1002511,Bridge,bridge 843,N2,A,False,False,0,2.06
2,1,123,1002512,Bridge,bridge 844,N2,A,False,False,0,6.12
2,1,123,1002513,Bridge,bridge 845,N2,A,False,False,230,3.5
2,1,123,1002514,Link,,N2,,,,5165,140.014
2,1,123,1002515,Bridge,bridge 846,N2,A,False,False,0,7.4
2,1,123,1002516,Bridge,bridge 847,N2,A,False,False,0,3.5
2,1,123,1002517,Bridge,bridge 848,N2,B,False,False,0,51.5
2,1,123,1002518,Link,,N2,,,,15202,711.4839999999999
2,1,123,1002521,Bridge,bridge 849,N2,B,False,False,284,21.5
2,1,123,1002522,Link,,N2,,,,0,19.358
2,1,123,1002523,Bridge,bridge 850,N2,A,False,False,0,6.2
2,1,123,1002524,Link,,N2,,,,1075,352.205
2,1,123,1002525,Bridge,bridge 851,N2,A,False,False,0,5.1
2,1,123,1002526,Bridge,bridge 852,N2,A,False,False,0,2.0
2,1,123,1002527,Bridge,bridge 853,N2,A,False,False,0,1.5
2,1,123,1002528,Bridge,bridge 854,N2,A,False,False,0,2.6
2,1,123,1002529,Bridge,bridge 855,N2,A,False,False,0,2.0
2,1,123,1002530,Link,,N2,,,,0,88.117
2,1,123,1002531,Bridge,bridge 856,N2,A,False,False,0,1.0
2,1,123,1002532,Bridge,bridge 857,N2,A,False,False,0,1.5
2,1,123,1002533,Bridge,bridge 858,N2,B,True,True,12522,24.0
2,1,123,1002534,Link,,N2,,,,0,29.049
2,1,123,1002535,Bridge,bridge 859,N2,A,False,False,0,6.5
2,1,123,1002536,Bridge,bridge 860,N2,A,False,False,0,2.0
2,1,123,1002537,Bridge,bridge 861,N2,A,False,False,1093,2.0
2,1,123,1002538,Bridge,bridge 862,N2,A,False,False,0,2.0
2,1,123,1002539,Bridge,bridge 863,N2,A,False,False,0,2.0
2,1,123,1002540,Link,,N2,,,,0,78.028
2,1,123,1002541,Bridge,bridge 864,N2,A,False,False,0,2.5
2,1,123,1002542,Bridge,bridge 865,N2,A,False,False,0,6.3
2,1,123,1002543,Bridge,bridge 866,N2,A,False,False,129,2.6
2,1,123,1002544,Bridge,bridge 867,N2,A,False,False,0,2.6
2,1,123,1002545,Bridge,bridge 868,N2,A,False,False,210,2.6
2,1,123,1002546,Bridge,bridge 869,N2,A,False,False,0,2.0
2,1,123,1002547,Link,,N2,,,,737,444.16499999999996
2,1,123,1002549,Bridge,bridge 870,N2,A,False,False,0,7.6
2,1,123,1002550,Bridge,bridge 871,N2,A,False,False,0,2.0
2,1,123,1002551,Bridge,bridge 872,N2,A,False,False,0,2.0
2,1,123,1002552,Bridge,bridge 873,N2,A,False,False,0,6.3
2,1,123,1002553,Bridge,bridge 874,N2,B,False,False,0,7.5
2,1,123,1002554,Link,,N2,,,,8426,136.019
2,1,123,1002555,Bridge,bridge 875,N2,A,False,False,0,9.6
2,1,123,1002556,Bridge,bridge 876,N2,A,False,False,0,3.0
2,1,123,1002557,Link,,N2,,,,6336,182.292
2,1,123,1002558,Bridge,bridge 877,N2,A,False,False,0,4.0
2,1,123,1002559,Bridge,bridge 878,N2,A,False,False,0,1.0
2,1,123,1002560,Bridge,bridge 879,N2,A,False,False,0,1.0
2,1,123,1002561,Link,,N2,,,,15164,725.751
2,1,123,1002564,Bridge,bridge 880,N2,A,False,False,0,2.5
2,1,123,1002565,Bridge,bridge 881,N2,A,False,False,0,4.3
2,1,123,1002566,Bridge,bridge 882,N2,A,False,False,0,1.8
2,1,123,1002567,Bridge,bridge 883,N2,A,False,False,0,3.2
2,1,123,1002568,Link,,N2,,,,0,45.938
2,1,123,1002569,Bridge,bridge 884,N2,A,False,False,0,2.0
2,1,123,1002570,Bridge,bridge 885,N2,A,False,False,129,1.5
2,1,123,1002571,Bridge,bridge 886,N2,A,False,False,0,1.5
2,1,123,1002572,Bridge,bridge 887,N2,A,False,False,210,1.5
2,1,123,1002573,Bridge,bridge 888,N2,A,False,False,0,6.4
2,1,123,1002574,Link,,N2,,,,514,206.677
2,1,123,1002576,Bridge,bridge 889,N2,A,False,False,0,7.0
2,1,123,1002577,Bridge,bridge 890,N2,C,False,False,0,44.3
2,1,123,1002578,Link,,N2,,,,1075,321.725
2,1,123,1002580,Bridge,bridge 891,N2,A,False,False,0,1.5
2,1,123,1002581,Bridge,bridge 892,N2,A,True,True,12438,1.5
2,1,123,1002582,Link,,N2,,,,10677,774.3059999999999
2,1,123,1002587,Bridge,bridge 893,N2,A,False,False,0,2.0
2,1,123,1002588,Bridge,bridge 894,N2,A,False,False,0,22.0
2,1,123,1002589,Link,,N2,,,,14435,447.80199999999996
2,1,123,1002591,Bridge,bridge 895,N2,B,False,False,0,14.0
2,1,123,1002592,Link,,N2,,,,0,14.671
2,1,123,1002593,Bridge,bridge 896,N2,A,False,False,0,2.0
2,1,123,1002594,Link,,N2,,,,5906,328.095
2,1,123,1002595,Bridge,bridge 897,N2,A,False,False,0,35.5
2,1,123,1002596,Link,,N2,,,,63,70.67
2,1,123,1002597,Bridge,bridge 898,N2,A,True,True,13534,3.0
2,1,123,1002598,Bridge,bridge 899,N2,A,False,False,0,34.9
2,1,123,1002599,Link,,N2,,,,851,232.391
2,1,123,1002601,Bridge,bridge 900,N2,A,False,False,0,2.0
2,1,123,1002602,Bridge,bridge 901,N2,A,False,False,0,6.03
2,1,123,1002603,Link,,N2,,,,223,154.847
2,1,123,1002604,Bridge,bridge 902,N2,A,False,False,0,2.0
2,1,123,1002605,Link,,N2,,,,3230,301.416
2,1,123,1002606,Bridge,bridge 903,N2,A,False,False,0,1.5
2,1,123,1002607,Link,,N2,,,,12058,398.507
2,1,123,1002608,Bridge,bridge 904,N2,A,False,False,0,1.5
2,1,123,1002609,Link,,N2,,,,223,233.235
2,1,123,1002610,Bridge,bridge 905,N2,A,False,False,3230,73.0
2,1,123,1002611,Link,,N2,,,,0,52.78
2,1,123,1002612,Bridge,bridge 906,N2,A,False,False,0,3.0
2,1,123,1002613,Link,,N2,,,,11207,138.44
2,1,123,1002615,Bridge,bridge 907,N2,A,False,False,0,3.0
2,1,123,1002616,Link,,N2,,,,4305,606.608
2,1,123,1002617,Bridge,bridge 908,N2,A,False,False,0,2.0
2,1,123,1002618,Bridge,bridge 909,N2,A,False,False,0,7.2
2,1,123,1002619,Bridge,bridge 910,N2,A,False,False,0,4.0
2,1,123,1002620,Bridge,bridge 911,N2,B,False,False,0,60.4
2,1,123,1002621,Link,,N2,,,,15512,1311.367
2,1,123,1002625,Bridge,bridge 912,N2,A,False,False,0,15.0
2,1,123,1002626,Link,,N2,,,,0,94.507
2,1,123,1002627,Bridge,bridge 913,N2,A,False,False,0,9.3
2,1,123,1002628,Link,,N2,,,,14776,353.881
2,1,123,1002629,Bridge,bridge 914,N2,B,False,False,232,30.0
2,1,123,1002630,Link,,N2,,,,504,435.484
2,1,123,1002632,Bridge,bridge 915,N2,A,False,False,0,16.75
2,1,123,1002633,Link,,N2,,,,15007,390.369
2,1,123,1002636,Bridge,bridge 916,N2,A,False,False,0,4.0
2,1,123,1002637,Intersection,intersection 12,N2,,,,504,298.701
2,1,123,1002638,Bridge,bridge 917,N2,D,True,True,9481,282.35
2,1,123,1002639,Link,,N2,,,,11451,1881.74
2,1,123,1002643,Bridge,bridge 918,N2,A,False,False,141,25.4
2,1,123,1002644,Link,,N2,,,,11452,1919.023
2,1,123,1002648,Bridge,bridge 919,N2,A,True,True,9192,2.0
2,1,123,1002649,Link,,N2,,,,8016,684.982
2,1,123,1002650,Bridge,bridge 920,N2,C,False,False,0,62.5
2,1,123,1002651,Link,,N2,,,,11461,888.77
2,1,123,1002653,Bridge,bridge 921,N2,A,True,True,9226,22.0
2,1,123,1002654,Link,,N2,,,,11484,936.536
2,1,123,1002657,Bridge,bridge 922,N2,A,False,False,0,3.0
2,1,123,1002658,Bridge,bridge 923,N2,A,False,False,1190,24.7
2,1,123,1002659,Link,,N2,,,,4463,660.433
2,1,123,1002661,Bridge,bridge 924,N2,A,True,True,9252,24.5
2,1,123,1002662,Link,,N2,,,,0,21.809
2,1,123,1002663,Bridge,bridge 925,N2,A,True,True,9237,3.0
2,1,123,1002664,Link,,N2,,,,2107,694.17
2,1,123,1002666,Bridge,bridge 926,N2,A,False,False,177,2.5
2,1,123,1002667,Bridge,bridge 927,N2,A,False,False,0,2.0
2,1,123,1002668,Link,,N2,,,,11507,1032.427
2,1,123,1002670,Bridge,bridge 928,N2,A,False,False,0,8.2
2,1,123,1002671,Link,,N2,,,,11510,1870.109
2,1,123,1002673,Bridge,bridge 929,N2,A,False,False,0,3.0
2,1,123,1002674,Link,,N2,,,,11512,1061.1970000000001
2,1,123,1002677,Bridge,bridge 930,N2,A,False,False,0,7.2
2,1,123,1002678,Link,,N2,,,,177,22.84
2,1,123,1002679,Bridge,bridge 931,N2,A,True,True,9247,2.0
2,1,123,1002680,Link,,N2,,,,11512,1558.5
2,1,123,1002683,Bridge,bridge 932,N2,A,False,False,0,2.0
2,1,123,1002684,Link,,N2,,,,11513,746.356
2,1,123,1002686,Bridge,bridge 933,N2,A,False,False,0,1.5
2,1,123,1002687,Link,,N2,,,,4882,346.666
2,1,123,1002688,Bridge,bridge 934,N2,A,False,False,0,2.0
2,1,123,1002689,Bridge,bridge 935,N2,A,False,False,0,1.5
2,1,123,1002690,Link,,N2,,,,11511,1445.407
2,1,123,1002693,Bridge,bridge 936,N2,A,False,False,0,2.0
2,1,123,1002694,Bridge,bridge 937,N2,A,False,False,0,2.0
2,1,123,1002695,Link,,N2,,,,1250,67.272
2,1,123,1002696,Bridge,bridge 938,N2,A,False,False,0,2.0
2,1,123,1002697,Bridge,bridge 939,N2,A,False,False,0,2.0
2,1,123,1002698,Link,,N2,,,,297,99.465
2,1,123,1002699,Bridge,bridge 940,N2,C,False,False,254,12.4
2,1,123,1002700,Link,,N2,,,,6027,198.038
2,1,123,1002701,Bridge,bridge 941,N2,A,False,False,0,2.5
2,1,123,1002702,Bridge,bridge 942,N2,A,False,False,0,2.5
2,1,123,1002703,Link,,N2,,,,11511,2581.869
2,1,123,1002707,Bridge,bridge 943,N2,A,False,False,0,2.5
2,1,123,1002708,Link,,N2,,,,11511,1307.872
2,1,123,1002710,Bridge,bridge 944,N2,B,True,True,9267,11.8
2,1,123,1002711,Link,,N2,,,,11524,1429.0349999999999
2,1,123,1002714,Bridge,bridge 945,N2,B,True,True,9254,3.0
2,1,123,1002715,Link,,N2,,,,11527,984.1110000000001
2,1,123,1002717,Bridge,bridge 946,N2,B,False,False,176,12.2
2,1,123,1002718,Link,,N2,,,,135,249.482
2,1,123,1002719,Bridge,bridge 947,N2,A,False,False,0,3.0
2,1,123,1002720,Bridge,bridge 948,N2,A,False,False,0,3.0
2,1,123,1002721,Link,,N2,,,,11215,434.363
2,1,123,1002724,Bridge,bridge 949,N2,A,False,False,0,40.8
2,1,123,1002725,Link,,N2,,,,11526,1123.91
2,1,123,1002729,Bridge,bridge 950,N2,A,True,True,9255,1.5
2,1,123,1002730,Link,,N2,,,,5063,142.249
2,1,123,1002731,Bridge,bridge 951,N2,B,False,False,0,7.0
2,1,123,1002732,Link,,N2,,,,6465,686.334
2,1,123,1002734,Bridge,bridge 952,N2,A,False,False,0,21.0
2,1,123,1002735,Intersection,intersection 13,N2,,,,5770,165.466
2,1,123,1002736,Link,,N2,,,,20,34.551
2,1,123,1002737,Bridge,bridge 953,N2,A,False,False,0,9.5
2,1,123,1002738,Link,,N2,,,,1551,203.526
2,1,123,1002739,Bridge,bridge 954,N2,B,False,False,245,298.2
2,1,123,1002740,Link,,N2,,,,7380,287.749
2,1,123,1002741,Bridge,bridge 955,N2,A,False,False,0,9.1
2,1,123,1002742,Link,,N2,,,,3558,643.649
2,1,123,1002744,Bridge,bridge 956,N2,A,False,False,0,4.4
2,1,123,1002745,Bridge,bridge 957,N2,A,True,True,7361,3.0
2,1,123,1002746,Bridge,bridge 958,N2,A,False,False,0,2.0
2,1,123,1002747,Bridge,bridge 959,N2,A,False,False,0,8.5
2,1,123,1002748,Link,,N2,,,,9189,1384.93
2,1,123,1002752,Bridge,bridge 960,N2,A,False,False,0,2.0
2,1,123,1002753,Bridge,bridge 961,N2,B,False,False,0,6.1
2,1,123,1002754,Link,,N2,,,,0,162.772
2,1,123,1002755,Bridge,bridge 962,N2,A,False,False,0,2.0
2,1,123,1002756,Link,,N2,,,,9192,1022.999
2,1,123,1002758,Bridge,bridge 963,N2,C,False,False,0,11.85
2,1,123,1002759,Link,,N2,,,,9195,956.4200000000001
2,1,123,1002761,Bridge,bridge 964,N2,A,False,False,0,11.7
2,1,123,1002762,Link,,N2,,,,177,319.173
2,1,123,1002764,Bridge,bridge 965,N2,C,False,False,0,15.0
2,1,123,1002765,Link,,N2,,,,0,12.797
2,1,123,1002766,Bridge,bridge 966,N2,A,False,False,0,3.0
2,1,123,1002767,Link,,N2,,,,7447,216.553
2,1,123,1002768,Bridge,bridge 967,N2,A,False,False,0,3.0
2,1,123,1002769,Link,,N2,,,,9197,957.067
2,1,123,1002770,Bridge,bridge 968,N2,A,False,False,0,14.4
2,1,123,1002771,Link,,N2,,,,9198,974.998
2,1,123,1002773,Bridge,bridge 969,N2,B,False,False,0,12.45
2,1,123,1002774,Link,,N2,,,,0,12.354
2,1,123,1002775,Bridge,bridge 970,N2,A,False,False,0,3.0
2,1,123,1002776,Link,,N2,,,,79,107.866
2,1,123,1002777,Bridge,bridge 971,N2,A,False,False,0,3.0
2,1,123,1002778,Link,,N2,,,,7451,342.216
2,1,123,1002779,Bridge,bridge 972,N2,A,False,False,1415,6.0
2,1,123,1002780,Bridge,bridge 973,N2,A,False,False,0,9.25
2,1,123,1002781,Link,,N2,,,,9203,1732.716
2,1,123,1002784,Bridge,bridge 974,N2,A,False,False,0,3.0
2,1,123,1002785,Link,,N2,,,,177,325.774
2,1,123,1002786,Bridge,bridge 975,N2,A,False,False,0,9.25
2,1,123,1002787,Link,,N2,,,,0,6.401
2,1,123,1002788,Bridge,bridge 976,N2,A,False,False,0,3.9
2,1,123,1002789,Link,,N2,,,,7436,173.234
2,1,123,1002790,Bridge,bridge 977,N2,A,False,False,0,6.5
2,1,123,1002791,Link,,N2,,,,9205,935.453
2,1,123,1002793,Bridge,bridge 978,N2,A,False,False,0,9.0
2,1,123,1002794,Link,,N2,,,,333,469.895
2,1,123,1002795,Bridge,bridge 979,N2,A,False,False,0,6.85
2,1,123,1002796,Link,,N2,,,,7438,160.336
2,1,123,1002797,Bridge,bridge 980,N2,A,False,False,0,3.0
2,1,123,1002798,Link,,N2,,,,9207,819.379
2,1,123,1002799,Bridge,bridge 981,N2,A,False,False,0,4.5
2,1,123,1002800,Link,,N2,,,,9207,801.479
2,1,123,1002801,Bridge,bridge 982,N2,A,False,False,20,90.8
2,1,123,1002802,Link,,N2,,,,9210,956.509
2,1,123,1002804,Bridge,bridge 983,N2,B,False,False,0,83.1
2,1,123,1002805,Link,,N2,,,,9210,1446.856
2,1,123,1002808,Bridge,bridge 984,N2,B,False,False,45,36.3
2,1,123,1002809,Link,,N2,,,,9212,1499.504
2,1,123,1002812,Bridge,bridge 985,N2,C,False,False,1415,36.0
2,1,123,1002813,Link,,N2,,,,333,513.029
2,1,123,1002815,Bridge,bridge 986,N2,B,True,True,7420,55.5
2,1,123,1002816,Link,,N2,,,,9245,1023.5450000000001
2,1,123,1002819,Bridge,bridge 987,N2,A,True,True,7433,12.4
2,1,123,1002820,Link,,N2,,,,251,292.574
2,1,123,1002821,Bridge,bridge 988,N2,A,False,False,0,6.1
2,1,123,1002822,Bridge,bridge 989,N2,A,False,False,0,9.1
2,1,123,1002823,Link,,N2,,,,79,148.438
2,1,123,1002824,Bridge,bridge 990,N2,A,False,False,0,9.1
2,1,123,1002825,Link,,N2,,,,9276,815.6800000000001
2,1,123,1002827,Bridge,bridge 991,N2,B,False,False,0,21.75
2,1,123,1002828,Link,,N2,,,,9278,1619.202
2,1,123,1002831,Bridge,bridge 992,N2,A,False,False,0,21.4
2,1,123,1002832,Link,,N2,,,,9280,825.895
2,1,123,1002835,Bridge,bridge 993,N2,B,False,False,104,190.5
2,1,123,1002836,Link,,N2,,,,9282,775.3
2,1,123,1002838,Bridge,bridge 994,N2,B,True,True,7466,26.0
2,1,123,1002839,Link,,N2,,,,9315,1558.544
2,1,123,1002842,Bridge,bridge 995,N2,A,False,False,8884,87.5
2,1,123,1002843,Link,,N2,,,,154,100.771
2,1,123,1002845,Bridge,bridge 996,N2,A,False,False,0,26.0
2,1,123,1002846,Link,,N2,,,,0,21.627
2,1,123,1002847,Bridge,bridge 997,N2,A,False,False,0,22.0
2,1,123,1002848,Link,,N2,,,,96,39.883
2,1,123,1002850,Bridge,bridge 998,N2,A,False,False,0,79.0
2,1,123,1002851,Link,,N2,,,,78,93.065
2,1,123,1002853,Bridge,bridge 999,N2,A,False,False,0,14.4
2,1,123,1002854,Link,,N2,,,,9142,545.778
2,1,123,1002856,Bridge,bridge 1000,N2,B,False,False,96,63.5
2,1,123,1002857,Link,,N2,,,,163,380.79999999999995
2,1,123,1002859,Bridge,bridge 1001,N2,A,False,False,0,47.5
2,1,123,1002860,Link,,N2,,,,0,45.447
2,1,123,1002861,Bridge,bridge 1002,N2,A,False,False,0,17.0
2,1,123,1002862,Link,,N2,,,,19,20.842
2,1,123,1002863,Bridge,bridge 1003,N2,C,False,False,1698,36.5
2,1,123,1002864,Link,,N2,,,,7515,486.054
2,1,123,1002866,Bridge,bridge 1004,N2,A,False,False,0,81.0
2,1,123,1002867,Link,,N2,,,,9318,732.939
2,1,123,1002869,Bridge,bridge 1005,N2,B,False,False,0,36.5
2,1,123,1002870,Link,,N2,,,,9323,3796.6769999999997
2,1,123,1002875,Bridge,bridge 1006,N2,A,False,False,0,39.5
2,1,123,1002876,Link,,N2,,,,78,107.761
2,1,123,1002878,Bridge,bridge 1007,N2,A,False,False,0,24.5
2,1,123,1002879,Link,,N2,,,,9325,2738.575
2,1,123,1002883,Bridge,bridge 1008,N2,A,False,False,0,6.5
2,1,123,1002884,Bridge,bridge 1009,N2,A,False,False,0,7.0
2,1,123,1002885,Link,,N2,,,,328,508.615
2,1,123,1002886,Bridge,bridge 1010,N2,A,False,False,0,5.0
2,1,123,1002887,Bridge,bridge 1011,N2,A,False,False,0,40.0
2,1,123,1002888,Link,,N2,,,,9324,1494.3740000000003
2,1,123,1002895,SourceSink,sourcesink 12,N2,,,,2125,300.072
2,1,123,1002897,SourceSink,sourcesink 13,N204,,,,2623,485.16
2,1,123,1002898,Link,,N204,,,,0,89.623
2,1,123,1002899,Bridge,bridge 1012,N204,B,False,False,0,40.0
2,1,123,1002900,Link,,N204,,,,0,33.97
2,1,123,1002901,Bridge,bridge 1013,N204,C,True,True,0,3.85
2,1,123,1002902,Bridge,bridge 1014,N204,C,False,False,0,12.6
2,1,123,1002903,Link,,N204,,,,0,124.062
2,1,123,1002904,Bridge,bridge 1015,N204,B,False,False,0,9.5
2,1,123,1002905,Link,,N204,,,,0,455.787
2,1,123,1002906,Bridge,bridge 1016,N204,B,False,False,0,3.0
2,1,123,1002907,Link,,N204,,,,0,8665.160000000002
2,1,123,1002922,Bridge,bridge 1017,N204,C,False,False,0,4.6
2,1,123,1002923,Link,,N204,,,,0,1324.397
2,1,123,1002927,Bridge,bridge 1018,N204,A,False,False,0,24.8
2,1,123,1002928,Link,,N204,,,,0,2102.199
2,1,123,1002936,Bridge,bridge 1019,N204,A,False,False,0,1.65
2,1,123,1002937,Link,,N204,,,,0,3502.014
2,1,123,1002949,Bridge,bridge 1020,N204,D,True,True,0,13.5
2,1,123,1002950,Link,,N204,,,,0,3232.085
2,1,123,1002959,Bridge,bridge 1021,N204,A,False,False,0,6.2
2,1,123,1002960,Link,,N204,,,,0,278.216
2,1,123,1002961,Bridge,bridge 1022,N204,B,False,False,0,39.5
2,1,123,1002962,Link,,N204,,,,0,3110.06
2,1,123,1002970,Bridge,bridge 1023,N204,A,False,False,0,9.24
2,1,123,1002971,Link,,N204,,,,0,3458.5240000000003
2,1,123,1002979,Bridge,bridge 1024,N204,A,False,False,0,2.24
2,1,123,1002980,Link,,N204,,,,0,89.915
2,1,123,1002982,Bridge,bridge 1025,N204,A,False,False,0,3.1
2,1,123,1002983,Link,,N204,,,,0,681.198
2,1,123,1002984,Bridge,bridge 1026,N204,C,False,False,0,24.2
2,1,123,1002985,Link,,N204,,,,0,727.84
2,1,123,1002987,SourceSink,sourcesink 14,N204,,,,2569,27.37
2,1,123,1002990,SourceSink,sourcesink 15,N207,,,,5541,276.736
2,1,123,1002991,Bridge,bridge 1027,N207,C,False,False,0,22.29
2,1,123,1002992,Link,,N207,,,,400,542.263
2,1,123,1002994,Bridge,bridge 1028,N207,C,False,False,0,19.4
2,1,123,1002995,Link,,N207,,,,1166,474.715
2,1,123,1002997,Bridge,bridge 1029,N207,C,False,False,0,30.76
2,1,123,1002998,Link,,N207,,,,0,105.483
2,1,123,1003001,Bridge,bridge 1030,N207,B,False,False,0,38.25
2,1,123,1003002,Link,,N207,,,,1345,3948.8269999999998
2,1,123,1003009,Bridge,bridge 1031,N207,C,False,False,0,18.7
2,1,123,1003010,Link,,N207,,,,1348,5187.763999999999
2,1,123,1003022,Bridge,bridge 1032,N207,A,True,True,1095,2.5
2,1,123,1003023,Link,,N207,,,,1349,2610.16
2,1,123,1003027,Bridge,bridge 1033,N207,A,False,False,0,13.5
2,1,123,1003028,Link,,N207,,,,1171,184.585
2,1,123,1003029,Bridge,bridge 1034,N207,B,False,False,0,31.4
2,1,123,1003030,Link,,N207,,,,0,31.571
2,1,123,1003031,Bridge,bridge 1035,N207,A,False,False,0,1.5
2,1,123,1003032,Link,,N207,,,,0,35.965
2,1,123,1003033,Bridge,bridge 1036,N207,A,False,False,33,45.0
2,1,123,1003034,Link,,N207,,,,1349,917.582
2,1,123,1003036,Bridge,bridge 1037,N207,B,False,False,0,23.2
2,1,123,1003037,Link,,N207,,,,1350,2849.6859999999997
2,1,123,1003042,Bridge,bridge 1038,N207,A,False,False,0,12.0
2,1,123,1003043,Link,,N207,,,,1350,2059.217
2,1,123,1003048,Bridge,bridge 1039,N207,A,False,False,0,3.0
2,1,123,1003049,Bridge,bridge 1040,N207,B,False,False,0,9.2
2,1,123,1003050,Link,,N207,,,,1172,236.082
2,1,123,1003051,Bridge,bridge 1041,N207,B,False,False,0,4.5
2,1,123,1003052,Link,,N207,,,,0,176.482
2,1,123,1003053,Bridge,bridge 1042,N207,A,False,False,0,19.0
2,1,123,1003054,Link,,N207,,,,1349,863.5150000000001
2,1,123,1003056,Bridge,bridge 1043,N207,B,False,False,33,6.0
2,1,123,1003057,Link,,N207,,,,144,342.462
2,1,123,1003058,Bridge,bridge 1044,N207,A,False,False,0,15.8
2,1,123,1003059,Link,,N207,,,,0,126.023
2,1,123,1003061,Bridge,bridge 1045,N207,A,False,False,0,4.0
2,1,123,1003062,Bridge,bridge 1046,N207,A,False,False,0,4.5
2,1,123,1003063,Link,,N207,,,,1205,352.926
2,1,123,1003064,Bridge,bridge 1047,N207,A,False,False,0,1.5
2,1,123,1003065,Bridge,bridge 1048,N207,A,False,False,0,4.5
2,1,123,1003066,Link,,N207,,,,1316,458.633
2,1,123,1003068,Bridge,bridge 1049,N207,C,False,False,0,6.0
2,1,123,1003069,Bridge,bridge 1050,N207,A,False,False,0,12.4
2,1,123,1003070,Link,,N207,,,,1349,1928.826
2,1,123,1003074,Bridge,bridge 1051,N207,D,False,False,0,12.7
2,1,123,1003075,Link,,N207,,,,144,369.303
2,1,123,1003077,Bridge,bridge 1052,N207,A,False,False,0,6.0
2,1,123,1003078,Bridge,bridge 1053,N207,A,False,False,0,4.5
2,1,123,1003079,Link,,N207,,,,1205,487.679
2,1,123,1003080,Bridge,bridge 1054,N207,A,False,False,0,6.0
2,1,123,1003081,Link,,N207,,,,1350,2930.5520000000006
2,1,123,1003087,Bridge,bridge 1055,N207,C,False,False,0,6.0
2,1,123,1003088,Bridge,bridge 1056,N207,A,False,False,0,8.2
2,1,123,1003089,Link,,N207,,,,33,167.644
2,1,123,1003090,Bridge,bridge 1057,N207,B,False,False,0,6.0
2,1,123,1003091,Bridge,bridge 1058,N207,B,False,False,0,12.2
2,1,123,1003092,Link,,N207,,,,0,106.521
2,1,123,1003093,Bridge,bridge 1059,N207,A,False,False,0,4.5
2,1,123,1003094,Bridge,bridge 1060,N207,A,False,False,0,4.5
2,1,123,1003095,Link,,N207,,,,144,235.164
2,1,123,1003096,Bridge,bridge 1061,N207,A,False,False,0,1.5
2,1,123,1003097,Bridge,bridge 1062,N207,D,False,False,0,4.35
2,1,123,1003098,Link,,N207,,,,1206,410.51
2,1,123,1003099,Bridge,bridge 1063,N207,A,False,False,0,3.0
2,1,123,1003100,Bridge,bridge 1064,N207,A,False,False,0,3.0
2,1,123,1003101,Link,,N207,,,,144,336.098
2,1,123,1003102,Bridge,bridge 1065,N207,C,False,False,0,6.0
2,1,123,1003104,Bridge,bridge 1066,N207,A,False,False,0,38.0
2,1,123,1003105,Link,,N207,,,,303,7278.420999999999
2,1,123,1003118,Bridge,bridge 1067,N207,A,False,False,0,4.55
2,1,123,1003119,Bridge,bridge 1068,N207,A,False,False,0,9.2
2,1,123,1003120,Link,,N207,,,,0,18.737
2,1,123,1003121,Bridge,bridge 1069,N207,A,False,False,0,12.1
2,1,123,1003122,Link,,N207,,,,303,677.04
2,1,123,1003123,Bridge,bridge 1070,N207,A,False,False,0,1.5
2,1,123,1003124,Link,,N207,,,,303,2428.211
2,1,123,1003128,Bridge,bridge 1071,N207,A,False,False,0,20.8
2,1,123,1003129,Link,,N207,,,,41,322.37399999999997
2,1,123,1003131,Bridge,bridge 1072,N207,A,False,False,0,14.0
2,1,123,1003132,Link,,N207,,,,303,2234.423
2,1,123,1003135,Bridge,bridge 1073,N207,A,False,False,0,4.5
2,1,123,1003136,Link,,N207,,,,303,1212.159
2,1,123,1003139,Bridge,bridge 1074,N207,C,False,False,92,61.6
2,1,123,1003140,Link,,N207,,,,0,85.165
2,1,123,1003141,Bridge,bridge 1075,N207,A,False,False,0,3.5
2,1,123,1003142,Link,,N207,,,,41,631.517
2,1,123,1003143,Bridge,bridge 1076,N207,A,False,False,0,12.5
2,1,123,1003144,Link,,N207,,,,303,699.0550000000001
2,1,123,1003146,Bridge,bridge 1077,N207,B,True,True,247,101.6
2,1,123,1003147,Link,,N207,,,,307,2653.833
2,1,123,1003153,SourceSink,sourcesink 16,N207,,,,2552,919.16
2,1,123,1003156,SourceSink,sourcesink 17,N208,,,,462,879.095
2,1,123,1003157,Bridge,bridge 1079,N208,B,True,True,187,51.0
2,1,123,1003158,Link,,N208,,,,74,630.398
2,1,123,1003160,Bridge,bridge 1080,N208,A,False,False,0,18.0
2,1,123,1003161,Link,,N208,,,,246,672.3910000000001
2,1,123,1003164,Bridge,bridge 1081,N208,B,False,False,0,137.4
2,1,123,1003165,Link,,N208,,,,172,488.461
2,1,123,1003167,Bridge,bridge 1082,N208,A,True,True,184,1.0
2,1,123,1003168,Link,,N208,,,,62,394.686
2,1,123,1003169,Bridge,bridge 1083,N208,A,False,False,0,9.5
2,1,123,1003170,Link,,N208,,,,201,497.864
2,1,123,1003172,Bridge,bridge 1084,N208,A,False,False,0,18.0
2,1,123,1003173,Link,,N208,,,,45,365.169
2,1,123,1003174,Bridge,bridge 1085,N208,A,False,False,0,14.0
2,1,123,1003175,Link,,N208,,,,246,939.511
2,1,123,1003177,Bridge,bridge 1086,N208,A,False,False,0,12.5
2,1,123,1003178,Link,,N208,,,,201,307.172
2,1,123,1003179,Bridge,bridge 1087,N208,C,False,False,0,41.7
2,1,123,1003180,Link,,N208,,,,45,409.35699999999997
2,1,123,1003182,Bridge,bridge 1088,N208,A,False,False,0,9.3
2,1,123,1003183,Bridge,bridge 1089,N208,A,False,False,0,2.1
2,1,123,1003184,Link,,N208,,,,246,566.354
2,1,123,1003185,Bridge,bridge 1090,N208,A,False,False,0,3.0
2,1,123,1003186,Bridge,bridge 1091,N208,A,False,False,0,1.6
2,1,123,1003187,Link,,N208,,,,0,155.54
2,1,123,1003188,Bridge,bridge 1092,N208,A,False,False,0,12.4
2,1,123,1003189,Link,,N208,,,,246,647.296
2,1,123,1003191,Bridge,bridge 1093,N208,A,False,False,0,3.0
2,1,123,1003192,Link,,N208,,,,0,341.125
2,1,123,1003194,Bridge,bridge 1094,N208,B,True,True,184,6.0
2,1,123,1003195,Link,,N208,,,,18,198.986
2,1,123,1003196,Bridge,bridge 1095,N208,A,False,False,0,13.4
2,1,123,1003197,Link,,N208,,,,246,849.493
2,1,123,1003198,Bridge,bridge 1096,N208,A,False,False,0,8.25
2,1,123,1003199,Bridge,bridge 1097,N208,B,False,False,0,12.45
2,1,123,1003200,Link,,N208,,,,246,744.427
2,1,123,1003201,Bridge,bridge 1098,N208,A,False,False,0,9.25
2,1,123,1003202,Link,,N208,,,,246,1909.788
2,1,123,1003206,Bridge,bridge 1099,N208,C,False,False,0,22.0
2,1,123,1003207,Link,,N208,,,,245,917.7479999999999
2,1,123,1003209,Bridge,bridge 1100,N208,A,True,True,183,38.8
2,1,123,1003210,Link,,N208,,,,0,39.263
2,1,123,1003211,Bridge,bridge 1101,N208,A,False,False,0,4.5
2,1,123,1003212,Bridge,bridge 1102,N208,B,False,False,0,14.0
2,1,123,1003213,Link,,N208,,,,74,330.88
2,1,123,1003215,Bridge,bridge 1103,N208,A,False,False,0,3.0
2,1,123,1003216,Link,,N208,,,,243,568.654
2,1,123,1003217,Bridge,bridge 1104,N208,B,False,False,0,3.1
2,1,123,1003218,Bridge,bridge 1105,N208,A,False,False,0,3.1
2,1,123,1003219,Link,,N208,,,,0,241.195
2,1,123,1003221,Bridge,bridge 1106,N208,A,False,False,0,3.1
2,1,123,1003222,Bridge,bridge 1107,N208,A,False,False,0,3.1
2,1,123,1003223,Bridge,bridge 1108,N208,A,False,False,0,9.5
2,1,123,1003224,Link,,N208,,,,169,525.529
2,1,123,1003227,Bridge,bridge 1109,N208,C,True,True,199,10.3
2,1,123,1003228,Link,,N208,,,,0,263.49
2,1,123,1003229,Bridge,bridge 1110,N208,B,False,False,0,3.0
2,1,123,1003230,Bridge,bridge 1111,N208,D,False,False,44,41.55
2,1,123,1003231,Link,,N208,,,,0,42.537
2,1,123,1003232,Bridge,bridge 1112,N208,B,False,False,0,3.0
2,1,123,1003233,Link,,N208,,,,0,172.081
2,1,123,1003234,Bridge,bridge 1113,N208,A,False,False,0,3.0
2,1,123,1003235,Link,,N208,,,,243,930.405
2,1,123,1003237,Bridge,bridge 1114,N208,B,False,False,0,3.0
2,1,123,1003238,Bridge,bridge 1115,N208,B,False,False,0,31.1
2,1,123,1003239,Link,,N208,,,,199,369.387
2,1,123,1003240,Bridge,bridge 1116,N208,A,False,False,0,4.5
2,1,123,1003241,Bridge,bridge 1117,N208,B,False,False,0,1.5
2,1,123,1003242,Bridge,bridge 1118,N208,A,False,False,0,3.0
2,1,123,1003243,Link,,N208,,,,44,18.746
2,1,123,1003244,Bridge,bridge 1119,N208,A,False,False,0,4.5
2,1,123,1003245,Link,,N208,,,,0,291.376
2,1,123,1003246,Bridge,bridge 1120,N208,A,False,False,0,4.6
2,1,123,1003247,Link,,N208,,,,0,118.184
2,1,123,1003248,Bridge,bridge 1121,N208,A,True,True,182,4.6
2,1,123,1003249,Bridge,bridge 1122,N208,A,False,False,0,3.0
2,1,123,1003250,Bridge,bridge 1123,N208,A,False,False,0,29.0
2,1,123,1003251,Link,,N208,,,,117,405.848
2,1,123,1003253,Bridge,bridge 1124,N208,A,False,False,0,4.6
2,1,123,1003254,Bridge,bridge 1125,N208,A,False,False,0,3.0
2,1,123,1003255,Link,,N208,,,,125,433.09000000000003
2,1,123,1003257,Bridge,bridge 1126,N208,A,False,False,0,3.0
2,1,123,1003258,Bridge,bridge 1127,N208,A,False,False,18,6.0
2,1,123,1003259,Bridge,bridge 1128,N208,A,False,False,0,3.0
2,1,123,1003260,Link,,N208,,,,0,164.302
2,1,123,1003261,Bridge,bridge 1129,N208,A,False,False,0,6.0
2,1,123,1003262,Bridge,bridge 1130,N208,A,False,False,0,3.0
2,1,123,1003263,Bridge,bridge 1131,N208,A,False,False,0,25.8
2,1,123,1003264,Link,,N208,,,,99,351.64
2,1,123,1003267,Bridge,bridge 1132,N208,A,False,False,0,3.0
2,1,123,1003268,Bridge,bridge 1133,N208,A,False,False,0,3.0
2,1,123,1003269,Link,,N208,,,,186,540.662
2,1,123,1003270,Bridge,bridge 1134,N208,A,False,False,0,3.0
2,1,123,1003271,Bridge,bridge 1135,N208,A,False,False,0,4.6
2,1,123,1003272,Bridge,bridge 1136,N208,A,False,False,0,3.0
2,1,123,1003273,Bridge,bridge 1137,N208,A,True,True,181,4.6
2,1,123,1003274,Link,,N208,,,,0,108.699
2,1,123,1003275,Bridge,bridge 1138,N208,C,True,True,183,6.0
2,1,123,1003276,Bridge,bridge 1139,N208,A,False,False,0,3.0
2,1,123,1003277,Bridge,bridge 1140,N208,A,False,False,0,3.0
2,1,123,1003278,Bridge,bridge 1141,N208,A,False,False,0,6.0
2,1,123,1003279,Bridge,bridge 1142,N208,A,True,True,182,6.0
2,1,123,1003280,Link,,N208,,,,58,322.598
2,1,123,1003282,Bridge,bridge 1143,N208,A,False,False,0,6.1
2,1,123,1003283,Link,,N208,,,,243,1839.938
2,1,123,1003287,Bridge,bridge 1144,N208,C,False,False,43,117.0
2,1,123,1003288,Link,,N208,,,,182,424.957
2,1,123,1003290,Bridge,bridge 1145,N208,A,False,False,0,5.7
2,1,123,1003291,Link,,N208,,,,243,1396.933
2,1,123,1003294,Bridge,bridge 1146,N208,B,False,False,58,89.6
2,1,123,1003295,Link,,N208,,,,243,3060.69
2,1,123,1003303,Bridge,bridge 1147,N208,A,False,False,0,30.3
2,1,123,1003304,Link,,N208,,,,243,827.4179999999999
2,1,123,1003306,Bridge,bridge 1148,N208,A,False,False,0,1.5
2,1,123,1003307,Bridge,bridge 1149,N208,C,True,True,182,29.2
2,1,123,1003308,Link,,N208,,,,242,5801.887000000001
2,1,123,1003319,Bridge,bridge 1150,N208,B,False,False,0,32.0
2,1,123,1003320,Link,,N208,,,,242,4576.815
2,1,123,1003330,SourceSink,sourcesink 18,N208,,,,3100,985.176
2,2,456,1000000,SourceSink,sourcesink 1,N1,,,,2584,0.0
2,2,456,1000001,Link,,N1,,,,9789,7901.113999999999
2,2,456,1000015,Bridge,bridge 1,N1,C,False,False,7846,397.0
2,2,456,1000016,Link,,N1,,,,86,70.954
2,2,456,1000017,Intersection,intersection 1,N1,,,,3680,252.369
2,2,456,1000018,Link,,N1,,,,6625,715.823
2,2,456,1000019,Bridge,bridge 2,N1,B,True,True,8046,8.0
2,2,456,1000020,Bridge,bridge 3,N1,A,False,False,0,6.3
2,2,456,1000021,Bridge,bridge 4,N1,A,False,False,0,6.3
2,2,456,1000022,Link,,N1,,,,168,135.756
2,2,456,1000023,Bridge,bridge 5,N1,A,False,False,0,8.3
2,2,456,1000024,Link,,N1,,,,1730,587.193
2,2,456,1000026,Bridge,bridge 6,N1,A,False,False,0,9.3
2,2,456,1000027,Bridge,bridge 7,N1,A,True,True,8045,6.1
2,2,456,1000028,Intersection,intersection 2,N1,,,,687,163.334
2,2,456,1000029,Link,,N1,,,,4385,582.564
2,2,456,1000030,Bridge,bridge 8,N1,A,True,True,11365,26.3
2,2,456,1000031,Link,,N1,,,,14379,2839.505
2,2,456,1000035,Bridge,bridge 9,N1,B,True,True,11336,5.55
2,2,456,1000036,Link,,N1,,,,14372,888.934
2,2,456,1000040,Bridge,bridge 10,N1,C,True,True,12722,159.52
2,2,456,1000041,Link,,N1,,,,13544,663.843
2,2,456,1000044,Bridge,bridge 11,N1,B,False,False,0,20.0
2,2,456,1000045,Bridge,bridge 12,N1,A,False,False,0,20.45
2,2,456,1000046,Link,,N1,,,,2322,621.042
2,2,456,1000047,Bridge,bridge 13,N1,C,True,True,11371,40.5
2,2,456,1000048,Bridge,bridge 14,N1,B,False,False,5702,40.33
2,2,456,1000049,Link,,N1,,,,0,6.8
2,2,456,1000050,Bridge,bridge 15,N1,A,False,False,0,6.0
2,2,456,1000051,Bridge,bridge 16,N1,B,False,False,0,10.4
2,2,456,1000052,Link,,N1,,,,14390,1280.083
2,2,456,1000056,Bridge,bridge 17,N1,B,False,False,0,5.5
2,2,456,1000057,Link,,N1,,,,14392,874.029
2,2,456,1000061,Bridge,bridge 18,N1,B,True,True,12007,213.5
2,2,456,1000062,Link,,N1,,,,733,67.955
2,2,456,1000063,Bridge,bridge 19,N1,C,True,True,14566,900.0
2,2,456,1000064,Link,,N1,,,,14418,1110.6100000000001
2,2,456,1000066,Bridge,bridge 20,N1,A,True,True,11388,5.6
2,2,456,1000067,Bridge,bridge 21,N1,A,False,False,0,5.5
2,2,456,1000068,Link,,N1,,,,6848,316.921
2,2,456,1000069,Bridge,bridge 22,N1,A,False,False,0,5.6
2,2,456,1000070,Link,,N1,,,,1001,140.219
2,2,456,1000071,Bridge,bridge 23,N1,A,False,False,317,163.5
2,2,456,1000072,Bridge,bridge 24,N1,A,False,False,6246,172.1
2,2,456,1000073,Link,,N1,,,,7333,415.733
2,2,456,1000075,Bridge,bridge 25,N1,A,False,False,516,29.0
2,2,456,1000076,Bridge,bridge 26,N1,A,False,False,0,29.77
2,2,456,1000077,Link,,N1,,,,13412,649.727
2,2,456,1000078,Bridge,bridge 27,N1,A,False,False,0,34.7
2,2,456,1000079,Link,,N1,,,,14166,643.097
2,2,456,1000083,Bridge,bridge 28,N1,B,False,False,0,26.3
2,2,456,1000084,Link,,N1,,,,14415,845.4590000000001
2,2,456,1000087,Bridge,bridge 29,N1,A,False,False,0,29.0
2,2,456,1000088,Link,,N1,,,,8115,582.337
2,2,456,1000089,Bridge,bridge 30,N1,A,False,False,0,9.1
2,2,456,1000090,Bridge,bridge 31,N1,A,True,True,11387,5.2
2,2,456,1000091,Link,,N1,,,,14426,1700.003
2,2,456,1000094,Bridge,bridge 32,N1,A,False,False,0,9.5
2,2,456,1000095,Link,,N1,,,,14427,945.9390000000001
2,2,456,1000098,Bridge,bridge 33,N1,B,False,False,6268,24.5
2,2,456,1000099,Link,,N1,,,,14436,8876.918
2,2,456,1000118,Bridge,bridge 34,N1,C,False,False,0,3.9
2,2,456,1000119,Link,,N1,,,,14419,932.32
2,2,456,1000122,Bridge,bridge 35,N1,C,False,False,0,6.5
2,2,456,1000123,Link,,N1,,,,14432,8687.705000000002
2,2,456,1000137,Bridge,bridge 36,N1,C,False,False,0,28.9
2,2,456,1000138,Link,,N1,,,,14433,11234.391
2,2,456,1000158,Bridge,bridge 37,N1,A,False,False,0,4.5
2,2,456,1000159,Link,,N1,,,,14421,2988.225
2,2,456,1000165,Bridge,bridge 38,N1,C,True,True,11403,23.1
2,2,456,1000166,Link,,N1,,,,14427,2177.616
2,2,456,1000170,Bridge,bridge 39,N1,B,False,False,0,4.6
2,2,456,1000171,Link,,N1,,,,0,159.478
2,2,456,1000172,Bridge,bridge 40,N1,B,False,False,0,4.6
2,2,456,1000173,Link,,N1,,,,6226,130.454
2,2,456,1000174,Bridge,bridge 41,N1,A,False,False,0,1.5
2,2,456,1000175,Link,,N1,,,,14421,1197.6689999999999
2,2,456,1000177,Bridge,bridge 42,N1,C,True,True,11385,1.0
2,2,456,1000178,Link,,N1,,,,14429,2718.9559999999997
2,2,456,1000183,Bridge,bridge 43,N1,A,False,False,0,1.4
2,2,456,1000186,Link,,N1,,,,26745,3986.3759999999997
2,2,456,1000191,Bridge,bridge 44,N1,C,True,True,21641,22.85
2,2,456,1000192,Link,,N1,,,,26831,5553.24
2,2,456,1000204,Bridge,bridge 45,N1,C,True,True,21287,27.35
2,2,456,1000205,Link,,N1,,,,26886,3923.617
2,2,456,1000211,Bridge,bridge 46,N1,C,True,True,21356,27.35
2,2,456,1000212,Link,,N1,,,,26954,2922.4700000000003
2,2,456,1000217,Bridge,bridge 47,N1,A,True,True,21848,30.4
2,2,456,1000218,Link,,N1,,,,27042,2987.0919999999996
2,2,456,1000225,Bridge,bridge 48,N1,C,True,True,21501,22.8
2,2,456,1000226,Link,,N1,,,,27112,882.272
2,2,456,1000227,Bridge,bridge 49,N1,A,True,True,21577,14.3
2,2,456,1000228,Link,,N1,,,,27210,4594.812
2,2,456,1000238,Bridge,bridge 50,N1,B,False,False,0,19.2
2,2,456,1000239,Link,,N1,,,,27207,910.9010000000001
2,2,456,1000241,Bridge,bridge 51,N1,A,False,False,0,3.2
2,2,456,1000242,Link,,N1,,,,27208,722.8969999999999
2,2,456,1000245,Bridge,bridge 52,N1,A,False,False,0,13.4
2,2,456,1000246,Link,,N1,,,,24419,442.339
2,2,456,1000247,Bridge,bridge 53,N1,B,False,False,0,4.6
2,2,456,1000248,Link,,N1,,,,3850,469.17999999999995
2,2,456,1000250,Bridge,bridge 54,N1,B,False,False,6037,6.3
2,2,456,1000251,Link,,N1,,,,27215,2449.126
2,2,456,1000255,Bridge,bridge 55,N1,B,True,True,21585,4.5
2,2,456,1000256,Link,,N1,,,,27250,874.0070000000001
2,2,456,1000259,Bridge,bridge 56,N1,B,True,True,21609,2.5
2,2,456,1000260,Link,,N1,,,,27280,845.902
2,2,456,1000261,Bridge,bridge 57,N1,A,False,False,0,2.5
2,2,456,1000262,Bridge,bridge 58,N1,B,True,True,21650,3.1
2,2,456,1000263,Link,,N1,,,,4236,622.412
2,2,456,1000266,Bridge,bridge 59,N1,B,False,False,0,2.6
2,2,456,1000267,Bridge,bridge 60,N1,A,False,False,0,6.0
2,2,456,1000268,Link,,N1,,,,23460,333.68
2,2,456,1000270,Bridge,bridge 61,N1,B,False,False,0,14.3
2,2,456,1000271,Link,,N1,,,,2790,240.993
2,2,456,1000272,Bridge,bridge 62,N1,A,False,False,0,6.1
2,2,456,1000273,Link,,N1,,,,24523,554.159
2,2,456,1000275,Bridge,bridge 63,N1,A,False,False,901,6.1
2,2,456,1000276,Link,,N1,,,,1889,269.937
2,2,456,1000277,Bridge,bridge 64,N1,C,False,False,0,6.1
2,2,456,1000278,Link,,N1,,,,1064,220.826
2,2,456,1000279,Bridge,bridge 65,N1,B,True,True,21662,9.5
2,2,456,1000280,Link,,N1,,,,1838,142.484
2,2,456,1000281,Bridge,bridge 66,N1,B,False,False,0,3.1
2,2,456,1000282,Link,,N1,,,,2790,451.869
2,2,456,1000284,Bridge,bridge 67,N1,A,False,False,0,9.5
2,2,456,1000285,Link,,N1,,,,25442,499.678
2,2,456,1000286,Bridge,bridge 68,N1,B,False,False,0,6.3
2,2,456,1000287,Link,,N1,,,,2954,444.93399999999997
2,2,456,1000289,Bridge,bridge 69,N1,B,True,True,21690,3.5
2,2,456,1000290,Link,,N1,,,,17533,210.212
2,2,456,1000291,Bridge,bridge 70,N1,B,False,False,0,6.1
2,2,456,1000292,Link,,N1,,,,2795,309.453
2,2,456,1000294,Bridge,bridge 71,N1,B,False,False,0,3.0
2,2,456,1000295,Link,,N1,,,,24586,575.696
2,2,456,1000296,Bridge,bridge 72,N1,B,False,False,0,4.5
2,2,456,1000297,Link,,N1,,,,27384,895.394
2,2,456,1000298,Bridge,bridge 73,N1,B,False,False,0,5.3
2,2,456,1000299,Link,,N1,,,,27386,926.731
2,2,456,1000301,Bridge,bridge 74,N1,A,False,False,0,6.1
2,2,456,1000302,Link,,N1,,,,27391,1010.901
2,2,456,1000304,Bridge,bridge 75,N1,A,False,False,0,3.1
2,2,456,1000305,Link,,N1,,,,27392,914.716
2,2,456,1000307,Bridge,bridge 76,N1,A,True,True,21730,3.5
2,2,456,1000308,Bridge,bridge 77,N1,B,False,False,0,14.2
2,2,456,1000309,Link,,N1,,,,1434,76.023
2,2,456,1000310,Bridge,bridge 78,N1,B,True,True,21739,6.1
2,2,456,1000311,Link,,N1,,,,27431,1374.7530000000004
2,2,456,1000316,Bridge,bridge 79,N1,B,True,True,21771,4.0
2,2,456,1000317,Link,,N1,,,,27472,1106.592
2,2,456,1000321,Bridge,bridge 80,N1,A,False,False,0,10.8
2,2,456,1000322,Link,,N1,,,,27477,872.053
2,2,456,1000323,Bridge,bridge 81,N1,A,False,False,0,1.6
2,2,456,1000324,Link,,N1,,,,27481,1326.687
2,2,456,1000328,Bridge,bridge 82,N1,A,False,False,0,3.4
2,2,456,1000329,Link,,N1,,,,27493,2255.781
2,2,456,1000335,Bridge,bridge 83,N1,A,False,False,0,1.5
2,2,456,1000336,Link,,N1,,,,17485,20306.901999999995
2,2,456,1000368,Bridge,bridge 84,N1,A,False,False,0,3.0
2,2,456,1000369,Link,,N1,,,,17462,2511.829
2,2,456,1000376,Bridge,bridge 85,N1,A,False,False,0,2.0
2,2,456,1000377,Link,,N1,,,,231,84.291
2,2,456,1000378,Bridge,bridge 86,N1,A,False,False,0,1.5
2,2,456,1000379,Bridge,bridge 87,N1,A,False,False,0,1.5
2,2,456,1000380,Link,,N1,,,,459,270.143
2,2,456,1000381,Bridge,bridge 88,N1,A,False,False,0,8.5
2,2,456,1000382,Bridge,bridge 89,N1,A,False,False,0,3.0
2,2,456,1000383,Link,,N1,,,,13214,226.116
2,2,456,1000384,Bridge,bridge 90,N1,A,False,False,0,3.0
2,2,456,1000385,Bridge,bridge 91,N1,A,False,False,0,3.0
2,2,456,1000386,Link,,N1,,,,7800,712.513
2,2,456,1000387,Bridge,bridge 92,N1,A,False,False,245,4.5
2,2,456,1000388,Bridge,bridge 93,N1,C,False,False,0,12.4
2,2,456,1000389,Link,,N1,,,,17473,4915.830999999999
2,2,456,1000401,Bridge,bridge 94,N1,A,False,False,0,4.5
2,2,456,1000402,Link,,N1,,,,17468,823.7
2,2,456,1000403,Bridge,bridge 95,N1,B,False,False,998,23.2
2,2,456,1000404,Link,,N1,,,,17470,1500.095
2,2,456,1000408,Bridge,bridge 96,N1,A,False,False,218,9.7
2,2,456,1000409,Link,,N1,,,,17468,984.6680000000001
2,2,456,1000412,Bridge,bridge 97,N1,A,False,False,0,4.0
2,2,456,1000413,Link,,N1,,,,4479,527.327
2,2,456,1000415,Bridge,bridge 98,N1,A,True,True,13828,12.9
2,2,456,1000416,Link,,N1,,,,3242,535.717
2,2,456,1000417,Bridge,bridge 99,N1,A,False,False,0,3.0
2,2,456,1000418,Bridge,bridge 100,N1,B,True,True,13807,8.1
2,2,456,1000419,Link,,N1,,,,17488,2144.2219999999998
2,2,456,1000424,Bridge,bridge 101,N1,A,False,False,0,3.0
2,2,456,1000425,Link,,N1,,,,17487,990.984
2,2,456,1000426,Bridge,bridge 102,N1,A,False,False,0,3.0
2,2,456,1000427,Link,,N1,,,,17488,992.876
2,2,456,1000431,Bridge,bridge 103,N1,A,False,False,0,19.2
2,2,456,1000432,Link,,N1,,,,17490,734.708
2,2,456,1000434,Bridge,bridge 104,N1,A,False,False,0,4.2
2,2,456,1000435,Link,,N1,,,,17491,928.3919999999999
2,2,456,1000438,Bridge,bridge 105,N1,A,True,True,13826,3.2
2,2,456,1000439,Link,,N1,,,,1954,186.006
2,2,456,1000440,Bridge,bridge 106,N1,A,False,False,0,6.0
2,2,456,1000441,Link,,N1,,,,17505,854.695
2,2,456,1000443,Bridge,bridge 107,N1,A,False,False,0,3.0
2,2,456,1000444,Bridge,bridge 108,N1,A,False,False,0,3.0
2,2,456,1000445,Link,,N1,,,,9598,97.817
2,2,456,1000446,Bridge,bridge 109,N1,A,False,False,0,3.0
2,2,456,1000447,Link,,N1,,,,17509,999.592
2,2,456,1000450,Bridge,bridge 110,N1,A,False,False,0,3.1
2,2,456,1000451,Bridge,bridge 111,N1,A,False,False,0,4.6
2,2,456,1000452,Link,,N1,,,,17509,1294.152
2,2,456,1000456,Bridge,bridge 112,N1,A,True,True,13841,3.0
2,2,456,1000457,Bridge,bridge 113,N1,A,False,False,0,3.0
2,2,456,1000458,Link,,N1,,,,10066,461.797
2,2,456,1000459,Bridge,bridge 114,N1,A,False,False,0,3.0
2,2,456,1000460,Link,,N1,,,,234,94.124
2,2,456,1000461,Bridge,bridge 115,N1,A,False,False,0,3.0
2,2,456,1000462,Bridge,bridge 116,N1,A,False,False,0,3.0
2,2,456,1000463,Link,,N1,,,,1721,86.921
2,2,456,1000464,Bridge,bridge 117,N1,A,False,False,0,4.6
2,2,456,1000465,Link,,N1,,,,17526,811.473
2,2,456,1000470,Bridge,bridge 118,N1,A,False,False,0,3.0
2,2,456,1000471,Link,,N1,,,,17527,971.988
2,2,456,1000473,Bridge,bridge 119,N1,A,False,False,0,2.95
2,2,456,1000474,Link,,N1,,,,17527,945.951
2,2,456,1000475,Bridge,bridge 120,N1,A,False,False,0,4.5
2,2,456,1000476,Link,,N1,,,,17527,909.5069999999998
2,2,456,1000480,Bridge,bridge 121,N1,C,True,True,13883,22.25
2,2,456,1000481,Link,,N1,,,,12082,736.243
2,2,456,1000482,Bridge,bridge 122,N1,A,False,False,0,10.2
2,2,456,1000483,Link,,N1,,,,17547,881.943
2,2,456,1000487,Bridge,bridge 123,N1,A,False,False,0,3.0
2,2,456,1000488,Bridge,bridge 124,N1,A,False,False,0,8.2
2,2,456,1000489,Link,,N1,,,,3712,585.853
2,2,456,1000490,Bridge,bridge 125,N1,A,False,False,0,4.1
2,2,456,1000491,Link,,N1,,,,17552,1737.667
2,2,456,1000496,Bridge,bridge 126,N1,A,False,False,0,3.0
2,2,456,1000497,Bridge,bridge 127,N1,A,False,False,0,5.2
2,2,456,1000498,Link,,N1,,,,17549,817.307
2,2,456,1000499,Bridge,bridge 128,N1,A,True,True,13868,8.2
2,2,456,1000500,Link,,N1,,,,17561,871.608
2,2,456,1000501,Bridge,bridge 129,N1,A,False,False,0,3.0
2,2,456,1000502,Link,,N1,,,,17563,1934.493
2,2,456,1000506,Bridge,bridge 130,N1,C,True,True,13925,27.0
2,2,456,1000507,Link,,N1,,,,3708,709.408
2,2,456,1000512,Bridge,bridge 131,N1,A,False,False,0,4.5
2,2,456,1000513,Bridge,bridge 132,N1,A,False,False,0,17.6
2,2,456,1000514,Link,,N1,,,,17594,832.067
2,2,456,1000518,Bridge,bridge 133,N1,B,True,True,13922,3.0
2,2,456,1000519,Link,,N1,,,,1546,303.226
2,2,456,1000521,Bridge,bridge 134,N1,A,False,False,0,4.5
2,2,456,1000522,Link,,N1,,,,207,172.264
2,2,456,1000523,Bridge,bridge 135,N1,A,True,True,13922,6.0
2,2,456,1000524,Link,,N1,,,,17608,2704.069
2,2,456,1000530,Bridge,bridge 136,N1,A,False,False,0,3.0
2,2,456,1000531,Link,,N1,,,,17604,1826.897
2,2,456,1000534,Bridge,bridge 137,N1,A,False,False,0,3.0
2,2,456,1000535,Bridge,bridge 138,N1,A,False,False,0,40.0
2,2,456,1000536,Link,,N1,,,,17613,3848.636
2,2,456,1000545,Bridge,bridge 139,N1,A,False,False,0,5.0
2,2,456,1000546,Link,,N1,,,,17611,796.469
2,2,456,1000549,Bridge,bridge 140,N1,A,False,False,0,3.0
2,2,456,1000550,Bridge,bridge 141,N1,A,False,False,215,18.0
2,2,456,1000551,Link,,N1,,,,14538,496.452
2,2,456,1000553,Bridge,bridge 142,N1,A,False,False,0,3.0
2,2,456,1000554,Link,,N1,,,,17614,903.2339999999999
2,2,456,1000558,Bridge,bridge 143,N1,A,False,False,0,8.3
2,2,456,1000559,Link,,N1,,,,1557,357.539
2,2,456,1000560,Bridge,bridge 144,N1,A,False,False,0,3.0
2,2,456,1000561,Link,,N1,,,,17623,2514.719
2,2,456,1000565,Bridge,bridge 145,N1,B,True,True,13931,5.7
2,2,456,1000566,Intersection,intersection 3,N1,,,,203,34.053
2,2,456,1000567,Bridge,bridge 146,N1,A,False,False,0,1.5
2,2,456,1000568,Link,,N1,,,,7782,815.73
2,2,456,1000569,Bridge,bridge 147,N1,A,False,False,0,3.0
2,2,456,1000570,Bridge,bridge 148,N1,A,False,False,0,3.0
2,2,456,1000571,Link,,N1,,,,7781,896.903
2,2,456,1000572,Bridge,bridge 149,N1,C,False,False,3977,116.5
2,2,456,1000573,Link,,N1,,,,1631,444.081
2,2,456,1000575,Bridge,bridge 150,N1,B,False,False,0,3.0
2,2,456,1000576,Link,,N1,,,,7783,860.717
2,2,456,1000580,Bridge,bridge 151,N1,B,False,False,0,3.1
2,2,456,1000581,Link,,N1,,,,7785,783.311
2,2,456,1000582,Bridge,bridge 152,N1,A,False,False,0,3.0
2,2,456,1000583,Link,,N1,,,,7784,733.736
2,2,456,1000586,Bridge,bridge 153,N1,B,False,False,0,10.8
2,2,456,1000587,Link,,N1,,,,6290,500.781
2,2,456,1000590,Bridge,bridge 154,N1,A,False,False,0,3.0
2,2,456,1000591,Link,,N1,,,,7650,604.3140000000001
2,2,456,1000593,Bridge,bridge 155,N1,A,False,False,0,5.3
2,2,456,1000594,Link,,N1,,,,7786,1371.711
2,2,456,1000600,Bridge,bridge 156,N1,A,False,False,324,3.0
2,2,456,1000601,Link,,N1,,,,7788,1637.5109999999997
2,2,456,1000605,Bridge,bridge 157,N1,C,False,False,0,50.8
2,2,456,1000606,Link,,N1,,,,7792,2418.32
2,2,456,1000612,Bridge,bridge 158,N1,A,False,False,0,12.4
2,2,456,1000613,Link,,N1,,,,7792,820.245
2,2,456,1000616,Bridge,bridge 159,N1,C,True,True,6165,60.5
2,2,456,1000617,Link,,N1,,,,7833,2948.45
2,2,456,1000622,Bridge,bridge 160,N1,A,False,False,0,9.2
2,2,456,1000623,Bridge,bridge 161,N1,A,False,False,0,6.0
2,2,456,1000624,Link,,N1,,,,7834,1008.8340000000001
2,2,456,1000626,Bridge,bridge 162,N1,A,False,False,0,9.4
2,2,456,1000627,Link,,N1,,,,1624,410.712
2,2,456,1000629,Bridge,bridge 163,N1,A,False,False,0,14.0
2,2,456,1000630,Bridge,bridge 164,N1,A,False,False,81,14.0
2,2,456,1000631,Link,,N1,,,,7833,796.4269999999999
2,2,456,1000633,Bridge,bridge 165,N1,B,False,False,0,12.6
2,2,456,1000634,Link,,N1,,,,0,57.573
2,2,456,1000635,Bridge,bridge 166,N1,B,True,True,6091,9.4
2,2,456,1000636,Link,,N1,,,,1549,595.713
2,2,456,1000637,Bridge,bridge 167,N1,A,False,False,58,14.0
2,2,456,1000638,Link,,N1,,,,7847,878.325
2,2,456,1000639,Bridge,bridge 168,N1,A,False,False,0,9.2
2,2,456,1000640,Link,,N1,,,,7770,777.0820000000001
2,2,456,1000642,Bridge,bridge 169,N1,D,True,True,6299,50.8
2,2,456,1000643,Link,,N1,,,,0,13.737
2,2,456,1000644,Bridge,bridge 170,N1,B,False,False,0,9.2
2,2,456,1000645,Link,,N1,,,,7885,3164.849
2,2,456,1000654,Bridge,bridge 171,N1,B,False,False,80,12.3
2,2,456,1000655,Link,,N1,,,,7885,2506.407
2,2,456,1000665,Bridge,bridge 172,N1,C,False,False,59,211.3
2,2,456,1000666,Link,,N1,,,,7889,3367.46
2,2,456,1000674,Bridge,bridge 173,N1,A,False,False,0,28.0
2,2,456,1000675,Link,,N1,,,,7888,2607.6369999999997
2,2,456,1000679,Bridge,bridge 174,N1,A,False,False,0,7.2
2,2,456,1000680,Link,,N1,,,,2215,275.877
2,2,456,1000681,Bridge,bridge 175,N1,A,False,False,59,11.2
2,2,456,1000682,Link,,N1,,,,7888,1146.637
2,2,456,1000685,Bridge,bridge 176,N1,A,False,False,0,12.6
2,2,456,1000686,Link,,N1,,,,7888,1556.8100000000002
2,2,456,1000693,Bridge,bridge 177,N1,B,True,True,6149,30.3
2,2,456,1000694,Link,,N1,,,,7910,945.446
2,2,456,1000696,Bridge,bridge 178,N1,A,False,False,0,2.5
2,2,456,1000697,Link,,N1,,,,7909,795.912
2,2,456,1000698,Bridge,bridge 179,N1,A,True,True,6172,12.6
2,2,456,1000699,Link,,N1,,,,213,319.737
2,2,456,1000700,Bridge,bridge 180,N1,A,False,False,0,6.0
2,2,456,1000701,Link,,N1,,,,0,27.297
2,2,456,1000702,Bridge,bridge 181,N1,A,False,False,4124,13.64
2,2,456,1000703,Link,,N1,,,,7939,1157.8890000000001
2,2,456,1000705,Bridge,bridge 182,N1,A,False,False,0,2.0
2,2,456,1000706,Link,,N1,,,,7940,1388.13
2,2,456,1000709,Bridge,bridge 183,N1,A,False,False,0,3.0
2,2,456,1000710,Link,,N1,,,,1441,201.583
2,2,456,1000712,Bridge,bridge 184,N1,A,False,False,0,12.6
2,2,456,1000713,Link,,N1,,,,58,35.049
2,2,456,1000714,Bridge,bridge 185,N1,A,False,False,0,6.2
2,2,456,1000715,Link,,N1,,,,0,10.896
2,2,456,1000716,Bridge,bridge 186,N1,A,False,False,0,3.0
2,2,456,1000717,Bridge,bridge 187,N1,A,False,False,2032,12.4
2,2,456,1000718,Link,,N1,,,,76,65.437
2,2,456,1000719,Bridge,bridge 188,N1,A,False,False,79,14.2
2,2,456,1000720,Bridge,bridge 189,N1,B,False,False,0,22.0
2,2,456,1000721,Link,,N1,,,,58,232.624
2,2,456,1000723,Bridge,bridge 190,N1,B,True,True,6200,22.4
2,2,456,1000724,Link,,N1,,,,0,92.703
2,2,456,1000725,Bridge,bridge 191,N1,A,False,False,70,2.5
2,2,456,1000726,Link,,N1,,,,7973,1301.643
2,2,456,1000730,Bridge,bridge 192,N1,A,False,False,0,22.4
2,2,456,1000731,Link,,N1,,,,7973,901.686
2,2,456,1000732,Bridge,bridge 193,N1,A,False,False,0,3.0
2,2,456,1000733,Link,,N1,,,,58,42.641
2,2,456,1000734,Bridge,bridge 194,N1,A,False,False,0,1.4
2,2,456,1000735,Link,,N1,,,,7839,518.433
2,2,456,1000737,Bridge,bridge 195,N1,A,False,False,0,4.5
2,2,456,1000738,Bridge,bridge 196,N1,A,False,False,0,9.3
2,2,456,1000739,Link,,N1,,,,2360,503.492
2,2,456,1000742,Bridge,bridge 197,N1,A,False,False,0,4.5
2,2,456,1000743,Bridge,bridge 198,N1,A,True,True,6203,4.7
2,2,456,1000744,Link,,N1,,,,1536,403.97999999999996
2,2,456,1000746,Bridge,bridge 199,N1,A,False,False,0,2.0
2,2,456,1000747,Bridge,bridge 200,N1,A,False,False,0,3.0
2,2,456,1000748,Link,,N1,,,,7977,2992.2650000000003
2,2,456,1000756,Bridge,bridge 201,N1,A,False,False,0,13.64
2,2,456,1000757,Link,,N1,,,,4519,553.982
2,2,456,1000759,Bridge,bridge 202,N1,A,False,False,0,9.3
2,2,456,1000760,Link,,N1,,,,7975,891.135
2,2,456,1000763,Bridge,bridge 203,N1,A,False,False,0,3.0
2,2,456,1000764,Link,,N1,,,,1593,517.927
2,2,456,1000765,Bridge,bridge 204,N1,A,False,False,0,3.0
2,2,456,1000766,Link,,N1,,,,7704,393.273
2,2,456,1000768,Bridge,bridge 205,N1,C,False,False,58,56.2
2,2,456,1000769,Link,,N1,,,,7977,929.458
2,2,456,1000771,Bridge,bridge 206,N1,A,False,False,0,14.3
2,2,456,1000772,Bridge,bridge 207,N1,A,False,False,0,2.1
2,2,456,1000773,Link,,N1,,,,57,143.183
2,2,456,1000774,Bridge,bridge 208,N1,A,False,False,0,4.5
2,2,456,1000775,Bridge,bridge 209,N1,A,False,False,0,3.0
2,2,456,1000776,Link,,N1,,,,6384,274.761
2,2,456,1000777,Bridge,bridge 210,N1,A,False,False,0,15.8
2,2,456,1000778,Link,,N1,,,,1663,685.763
2,2,456,1000779,Bridge,bridge 211,N1,A,False,False,0,7.3
2,2,456,1000780,Bridge,bridge 212,N1,C,True,True,6288,45.0
2,2,456,1000781,Link,,N1,,,,1456,281.291
2,2,456,1000782,Bridge,bridge 213,N1,A,False,False,0,14.0
2,2,456,1000783,Link,,N1,,,,8000,2157.717
2,2,456,1000788,Bridge,bridge 214,N1,A,False,False,0,20.6
2,2,456,1000789,Link,,N1,,,,8002,779.9290000000001
2,2,456,1000791,Bridge,bridge 215,N1,B,False,False,0,14.2
2,2,456,1000792,Link,,N1,,,,8004,967.735
2,2,456,1000794,Bridge,bridge 216,N1,A,False,False,0,15.7
2,2,456,1000795,Link,,N1,,,,8005,789.5029999999999
2,2,456,1000797,Bridge,bridge 217,N1,D,True,True,6492,294.15
2,2,456,1000798,Link,,N1,,,,8088,2638.283
2,2,456,1000806,Bridge,bridge 218,N1,B,False,False,0,9.3
2,2,456,1000807,Link,,N1,,,,8089,1156.384
2,2,456,1000811,Bridge,bridge 219,N1,A,False,False,0,12.6
2,2,456,1000812,Link,,N1,,,,8090,1193.986
2,2,456,1000816,Bridge,bridge 220,N1,A,False,False,0,12.8
2,2,456,1000817,Link,,N1,,,,8090,826.8240000000001
2,2,456,1000821,Bridge,bridge 221,N1,A,False,False,0,9.3
2,2,456,1000822,Link,,N1,,,,8094,3043.6690000000003
2,2,456,1000828,Bridge,bridge 222,N1,C,True,True,6367,58.57
2,2,456,1000829,Link,,N1,,,,199,141.869
2,2,456,1000830,Bridge,bridge 223,N1,A,False,False,0,3.5
2,2,456,1000831,Link,,N1,,,,8159,958.518
2,2,456,1000835,Bridge,bridge 224,N1,C,False,False,58,54.03
2,2,456,1000836,Link,,N1,,,,208,307.645
2,2,456,1000838,Bridge,bridge 225,N1,C,True,True,6413,60.03
2,2,456,1000839,Link,,N1,,,,8205,4445.05
2,2,456,1000846,Bridge,bridge 226,N1,A,True,True,6403,7.0
2,2,456,1000847,Bridge,bridge 227,N1,A,False,False,0,5.2
2,2,456,1000848,Link,,N1,,,,338,522.525
2,2,456,1000850,Bridge,bridge 228,N1,A,True,True,6414,9.3
2,2,456,1000851,Bridge,bridge 229,N1,A,False,False,68,14.0
2,2,456,1000852,Link,,N1,,,,0,143.125
2,2,456,1000853,Bridge,bridge 230,N1,A,False,False,0,1.4
2,2,456,1000854,Bridge,bridge 231,N1,C,True,True,6422,4.5
2,2,456,1000855,Link,,N1,,,,1583,193.459
2,2,456,1000856,Bridge,bridge 232,N1,A,False,False,0,2.5
2,2,456,1000857,Link,,N1,,,,8224,2724.735
2,2,456,1000863,Bridge,bridge 233,N1,A,False,False,0,4.8
2,2,456,1000864,Link,,N1,,,,198,265.051
2,2,456,1000865,Bridge,bridge 234,N1,A,False,False,7760,46.0
2,2,456,1000866,Link,,N1,,,,8231,2604.727
2,2,456,1000875,Bridge,bridge 235,N1,A,False,False,0,14.0
2,2,456,1000876,Link,,N1,,,,8232,818.905
2,2,456,1000878,Bridge,bridge 236,N1,A,False,False,0,3.0
2,2,456,1000879,Bridge,bridge 237,N1,A,False,False,0,2.5
2,2,456,1000880,Link,,N1,,,,8081,648.054
2,2,456,1000881,Bridge,bridge 238,N1,A,False,False,75,7.5
2,2,456,1000882,Link,,N1,,,,331,625.143
2,2,456,1000883,Bridge,bridge 239,N1,A,False,False,0,14.0
2,2,456,1000884,Link,,N1,,,,8241,3926.423
2,2,456,1000895,Bridge,bridge 240,N1,B,False,False,0,14.0
2,2,456,1000896,Link,,N1,,,,8242,1840.962
2,2,456,1000904,Bridge,bridge 241,N1,A,False,False,77,9.2
2,2,456,1000905,Link,,N1,,,,254,475.65200000000004
2,2,456,1000907,Bridge,bridge 242,N1,A,False,False,0,1.5
2,2,456,1000908,Link,,N1,,,,0,78.97
2,2,456,1000909,Bridge,bridge 243,N1,A,False,False,0,3.0
2,2,456,1000910,Link,,N1,,,,8243,1744.132
2,2,456,1000912,Bridge,bridge 244,N1,A,False,False,0,8.2
2,2,456,1000913,Link,,N1,,,,406,694.793
2,2,456,1000914,Bridge,bridge 245,N1,A,False,False,0,12.4
2,2,456,1000915,Link,,N1,,,,8246,731.289
2,2,456,1000917,Bridge,bridge 246,N1,A,False,False,0,2.0
2,2,456,1000918,Bridge,bridge 247,N1,A,False,False,0,6.8
2,2,456,1000919,Link,,N1,,,,8245,1659.246
2,2,456,1000922,Bridge,bridge 248,N1,A,True,True,6440,13.0
2,2,456,1000923,Link,,N1,,,,1706,568.385
2,2,456,1000925,Bridge,bridge 249,N1,A,True,True,6437,9.2
2,2,456,1000926,Link,,N1,,,,8264,954.924
2,2,456,1000930,Bridge,bridge 250,N1,C,False,False,1434,136.3
2,2,456,1000931,Link,,N1,,,,274,482.81399999999996
2,2,456,1000933,Bridge,bridge 251,N1,C,False,False,0,4.5
2,2,456,1000934,Bridge,bridge 252,N1,C,True,True,6475,11.3
2,2,456,1000935,Link,,N1,,,,1709,454.447
2,2,456,1000938,Bridge,bridge 253,N1,C,True,True,6474,2.4
2,2,456,1000939,Bridge,bridge 254,N1,B,False,False,0,7.2
2,2,456,1000940,Bridge,bridge 255,N1,C,True,True,6486,8.1
2,2,456,1000941,Link,,N1,,,,4704,204.765
2,2,456,1000942,Bridge,bridge 256,N1,A,False,False,0,10.9
2,2,456,1000943,Link,,N1,,,,8307,767.3389999999999
2,2,456,1000945,Bridge,bridge 257,N1,B,False,False,0,2.2
2,2,456,1000946,Link,,N1,,,,3601,659.094
2,2,456,1000947,Bridge,bridge 258,N1,A,False,False,0,3.0
2,2,456,1000948,Bridge,bridge 259,N1,A,False,False,0,2.8
2,2,456,1000949,Bridge,bridge 260,N1,D,True,True,6513,10.0
2,2,456,1000950,Link,,N1,,,,124,262.551
2,2,456,1000952,Bridge,bridge 261,N1,A,False,False,0,1.6
2,2,456,1000953,Bridge,bridge 262,N1,A,False,False,0,3.6
2,2,456,1000954,Bridge,bridge 263,N1,C,True,True,6505,8.0
2,2,456,1000955,Link,,N1,,,,1504,266.301
2,2,456,1000956,Bridge,bridge 264,N1,A,False,False,0,8.3
2,2,456,1000957,Bridge,bridge 265,N1,C,True,True,6591,22.0
2,2,456,1000958,Link,,N1,,,,149,250.441
2,2,456,1000959,Bridge,bridge 266,N1,C,True,True,6533,2.7
2,2,456,1000960,Bridge,bridge 267,N1,B,False,False,0,2.7
2,2,456,1000961,Bridge,bridge 268,N1,C,False,False,0,2.9
2,2,456,1000962,Bridge,bridge 269,N1,C,True,True,6555,1.8
2,2,456,1000963,Link,,N1,,,,55,101.638
2,2,456,1000964,Bridge,bridge 270,N1,A,False,False,0,0.8
2,2,456,1000965,Bridge,bridge 271,N1,B,False,False,0,1.5
2,2,456,1000966,Bridge,bridge 272,N1,A,False,False,0,1.5
2,2,456,1000967,Link,,N1,,,,0,10.603
2,2,456,1000968,Bridge,bridge 273,N1,A,False,False,0,1.3
2,2,456,1000969,Bridge,bridge 274,N1,A,False,False,0,1.3
2,2,456,1000970,Link,,N1,,,,193,340.96
2,2,456,1000971,Bridge,bridge 275,N1,A,False,False,0,1.3
2,2,456,1000972,Bridge,bridge 276,N1,B,True,True,6564,1.3
2,2,456,1000973,Bridge,bridge 277,N1,C,False,False,0,7.1
2,2,456,1000974,Link,,N1,,,,1439,132.046
2,2,456,1000975,Bridge,bridge 278,N1,A,False,False,74,2.5
2,2,456,1000976,Bridge,bridge 279,N1,A,False,False,0,1.3
2,2,456,1000977,Bridge,bridge 280,N1,C,False,False,0,2.2
2,2,456,1000978,Bridge,bridge 281,N1,A,False,False,0,4.0
2,2,456,1000979,Link,,N1,,,,75,212.482
2,2,456,1000981,Bridge,bridge 282,N1,C,False,False,0,21.5
2,2,456,1000982,Link,,N1,,,,248,287.742
2,2,456,1000983,Bridge,bridge 283,N1,C,True,True,6593,11.3
2,2,456,1000984,Link,,N1,,,,6211,165.251
2,2,456,1000985,Bridge,bridge 284,N1,A,False,False,0,14.1
2,2,456,1000986,Link,,N1,,,,207,176.808
2,2,456,1000987,Bridge,bridge 285,N1,B,False,False,0,2.3
2,2,456,1000988,Link,,N1,,,,124,332.11
2,2,456,1000989,Bridge,bridge 286,N1,C,False,False,0,24.1
2,2,456,1000990,Link,,N1,,,,8425,909.5799999999999
2,2,456,1000995,Bridge,bridge 287,N1,C,True,True,6619,45.6
2,2,456,1000996,Link,,N1,,,,6508,472.657
2,2,456,1000997,Bridge,bridge 288,N1,C,False,False,0,5.0
2,2,456,1000998,Link,,N1,,,,0,67.358
2,2,456,1000999,Bridge,bridge 289,N1,D,False,False,0,11.2
2,2,456,1001000,Link,,N1,,,,193,171.98
2,2,456,1001001,Bridge,bridge 290,N1,B,False,False,0,1.3
2,2,456,1001002,Link,,N1,,,,1740,71.565
2,2,456,1001003,Bridge,bridge 291,N1,C,False,False,0,49.3
2,2,456,1001004,Link,,N1,,,,1592,349.98699999999997
2,2,456,1001007,Bridge,bridge 292,N1,B,False,False,0,2.4
2,2,456,1001008,Link,,N1,,,,8444,837.0160000000001
2,2,456,1001016,Bridge,bridge 293,N1,C,True,True,6616,2.3
2,2,456,1001017,Bridge,bridge 294,N1,D,True,True,6676,61.3
2,2,456,1001018,Link,,N1,,,,8487,1862.991
2,2,456,1001028,Bridge,bridge 295,N1,A,False,False,0,14.1
2,2,456,1001029,Bridge,bridge 296,N1,B,False,False,0,11.0
2,2,456,1001030,Link,,N1,,,,1448,120.457
2,2,456,1001031,Bridge,bridge 297,N1,A,False,False,0,10.3
2,2,456,1001032,Link,,N1,,,,8487,1364.3339999999998
2,2,456,1001037,Bridge,bridge 298,N1,A,False,False,66,14.0
2,2,456,1001038,Bridge,bridge 299,N1,A,False,False,0,23.5
2,2,456,1001039,Link,,N1,,,,1391,153.1
2,2,456,1001040,Bridge,bridge 300,N1,C,True,True,6765,50.6
2,2,456,1001041,Link,,N1,,,,8528,828.562
2,2,456,1001043,Bridge,bridge 301,N1,C,False,False,0,6.6
2,2,456,1001044,Bridge,bridge 302,N1,A,False,False,0,2.4
2,2,456,1001045,Bridge,bridge 303,N1,A,False,False,0,17.0
2,2,456,1001046,Link,,N1,,,,202,326.336
2,2,456,1001047,Bridge,bridge 304,N1,A,False,False,0,2.4
2,2,456,1001048,Bridge,bridge 305,N1,C,False,False,0,11.1
2,2,456,1001049,Link,,N1,,,,69,81.501
2,2,456,1001050,Bridge,bridge 306,N1,C,True,True,6697,8.5
2,2,456,1001051,Link,,N1,,,,58,80.084
2,2,456,1001053,Bridge,bridge 307,N1,C,False,False,64,2.4
2,2,456,1001054,Bridge,bridge 308,N1,B,False,False,0,20.7
2,2,456,1001055,Link,,N1,,,,8532,4007.664
2,2,456,1001067,Bridge,bridge 309,N1,B,False,False,0,2.2
2,2,456,1001068,Bridge,bridge 310,N1,C,True,True,6721,10.9
2,2,456,1001069,Link,,N1,,,,0,21.237
2,2,456,1001070,Bridge,bridge 311,N1,C,False,False,0,2.1
2,2,456,1001071,Link,,N1,,,,0,86.454
2,2,456,1001072,Bridge,bridge 312,N1,A,False,False,0,2.0
2,2,456,1001073,Bridge,bridge 313,N1,A,False,False,0,1.8
2,2,456,1001074,Bridge,bridge 314,N1,A,False,False,0,2.2
2,2,456,1001075,Link,,N1,,,,8554,728.848
2,2,456,1001077,Bridge,bridge 315,N1,A,False,False,0,6.4
2,2,456,1001078,Bridge,bridge 316,N1,A,False,False,0,2.2
2,2,456,1001079,Link,,N1,,,,8555,757.9369999999999
2,2,456,1001082,Bridge,bridge 317,N1,A,False,False,0,3.1
2,2,456,1001083,Bridge,bridge 318,N1,C,False,False,0,38.7
2,2,456,1001084,Link,,N1,,,,0,6.171
2,2,456,1001085,Bridge,bridge 319,N1,A,False,False,0,3.0
2,2,456,1001086,Link,,N1,,,,1604,320.477
2,2,456,1001088,Bridge,bridge 320,N1,B,False,False,0,9.4
2,2,456,1001089,Bridge,bridge 321,N1,D,True,True,6739,15.4
2,2,456,1001090,Link,,N1,,,,8568,2981.3250000000003
2,2,456,1001095,Bridge,bridge 322,N1,C,False,False,0,3.0
2,2,456,1001096,Bridge,bridge 323,N1,A,False,False,0,4.6
2,2,456,1001097,Link,,N1,,,,1899,505.318
2,2,456,1001098,Bridge,bridge 324,N1,C,True,True,6739,9.4
2,2,456,1001099,Bridge,bridge 325,N1,C,False,False,0,15.2
2,2,456,1001100,Link,,N1,,,,1584,307.552
2,2,456,1001102,Bridge,bridge 326,N1,C,True,True,6944,58.0
2,2,456,1001103,Link,,N1,,,,53,239.243
2,2,456,1001104,Bridge,bridge 327,N1,B,False,False,0,3.3
2,2,456,1001105,Link,,N1,,,,6825,492.784
2,2,456,1001106,Bridge,bridge 328,N1,C,False,False,1590,15.4
2,2,456,1001107,Link,,N1,,,,146,237.938
2,2,456,1001108,Bridge,bridge 329,N1,A,False,False,0,3.3
2,2,456,1001109,Link,,N1,,,,53,88.805
2,2,456,1001110,Bridge,bridge 330,N1,D,True,True,6798,12.3
2,2,456,1001111,Link,,N1,,,,1653,460.183
2,2,456,1001112,Bridge,bridge 331,N1,C,True,True,6792,1.2
2,2,456,1001113,Bridge,bridge 332,N1,C,False,False,73,15.2
2,2,456,1001114,Link,,N1,,,,73,161.131
2,2,456,1001115,Bridge,bridge 333,N1,C,False,False,0,1.3
2,2,456,1001116,Bridge,bridge 334,N1,A,False,False,0,3.3
2,2,456,1001117,Bridge,bridge 335,N1,B,False,False,0,4.7
2,2,456,1001118,Link,,N1,,,,120,230.319
2,2,456,1001119,Bridge,bridge 336,N1,C,True,True,6798,1.2
2,2,456,1001120,Link,,N1,,,,1530,289.032
2,2,456,1001121,Bridge,bridge 337,N1,D,True,True,6803,6.4
2,2,456,1001122,Bridge,bridge 338,N1,A,False,False,0,3.35
2,2,456,1001123,Bridge,bridge 339,N1,C,True,True,6834,13.0
2,2,456,1001124,Link,,N1,,,,57,44.541
2,2,456,1001125,Bridge,bridge 340,N1,A,False,False,0,3.2
2,2,456,1001126,Link,,N1,,,,146,93.005
2,2,456,1001127,Bridge,bridge 341,N1,A,False,False,0,3.4
2,2,456,1001128,Bridge,bridge 342,N1,A,False,False,0,2.8
2,2,456,1001129,Bridge,bridge 343,N1,D,True,True,6860,12.8
2,2,456,1001130,Link,,N1,,,,53,188.431
2,2,456,1001131,Bridge,bridge 344,N1,A,False,False,0,1.2
2,2,456,1001132,Link,,N1,,,,189,332.301
2,2,456,1001134,Bridge,bridge 345,N1,A,False,False,0,1.2
2,2,456,1001135,Bridge,bridge 346,N1,A,False,False,0,1.2
2,2,456,1001136,Bridge,bridge 347,N1,A,False,False,0,2.8
2,2,456,1001137,Bridge,bridge 348,N1,A,False,False,0,2.8
2,2,456,1001138,Bridge,bridge 349,N1,A,False,False,0,1.2
2,2,456,1001139,Link,,N1,,,,1539,192.257
2,2,456,1001140,Bridge,bridge 350,N1,C,True,True,6865,1.2
2,2,456,1001141,Bridge,bridge 351,N1,C,False,False,72,34.2
2,2,456,1001142,Link,,N1,,,,0,90.29100000000001
2,2,456,1001144,Bridge,bridge 352,N1,A,True,True,6871,2.7
2,2,456,1001145,Bridge,bridge 353,N1,A,False,False,0,2.7
2,2,456,1001146,Bridge,bridge 354,N1,A,False,False,0,4.2
2,2,456,1001147,Link,,N1,,,,53,110.564
2,2,456,1001148,Bridge,bridge 355,N1,A,False,False,0,1.2
2,2,456,1001149,Bridge,bridge 356,N1,A,False,False,0,2.8
2,2,456,1001150,Bridge,bridge 357,N1,A,False,False,0,1.2
2,2,456,1001151,Bridge,bridge 358,N1,B,False,False,0,14.0
2,2,456,1001152,Link,,N1,,,,0,120.676
2,2,456,1001153,Bridge,bridge 359,N1,A,False,False,0,1.2
2,2,456,1001154,Link,,N1,,,,189,121.05
2,2,456,1001155,Bridge,bridge 360,N1,A,False,False,0,1.0
2,2,456,1001156,Bridge,bridge 361,N1,A,False,False,0,1.0
2,2,456,1001157,Bridge,bridge 362,N1,A,False,False,0,3.0
2,2,456,1001158,Bridge,bridge 363,N1,C,True,True,6878,6.1
2,2,456,1001159,Link,,N1,,,,6841,269.735
2,2,456,1001161,Bridge,bridge 364,N1,A,False,False,73,5.8
2,2,456,1001162,Bridge,bridge 365,N1,A,False,False,0,1.3
2,2,456,1001163,Link,,N1,,,,1812,648.947
2,2,456,1001164,Bridge,bridge 366,N1,A,True,True,6882,1.2
2,2,456,1001165,Bridge,bridge 367,N1,C,False,False,1411,30.9
2,2,456,1001166,Link,,N1,,,,444,624.2850000000001
2,2,456,1001171,Bridge,bridge 368,N1,C,True,True,6893,1.2
2,2,456,1001172,Bridge,bridge 369,N1,D,False,False,0,9.4
2,2,456,1001173,Bridge,bridge 370,N1,C,True,True,6921,11.8
2,2,456,1001174,Bridge,bridge 371,N1,C,False,False,0,2.8
2,2,456,1001175,Link,,N1,,,,1667,564.835
2,2,456,1001179,Bridge,bridge 372,N1,C,False,False,0,1.2
2,2,456,1001180,Bridge,bridge 373,N1,C,True,True,6947,31.7
2,2,456,1001181,Link,,N1,,,,7281,530.9250000000001
2,2,456,1001184,Bridge,bridge 374,N1,C,False,False,0,1.2
2,2,456,1001185,Bridge,bridge 375,N1,C,False,False,0,1.2
2,2,456,1001186,Bridge,bridge 376,N1,A,False,False,0,6.2
2,2,456,1001187,Link,,N1,,,,3112,636.894
2,2,456,1001190,Bridge,bridge 377,N1,C,True,True,7032,32.1
2,2,456,1001191,Link,,N1,,,,8816,954.6469999999999
2,2,456,1001196,Bridge,bridge 378,N1,A,False,False,0,4.4
2,2,456,1001197,Bridge,bridge 379,N1,A,False,False,0,2.9
2,2,456,1001198,Link,,N1,,,,242,561.268
2,2,456,1001200,Bridge,bridge 380,N1,A,False,False,0,2.8
2,2,456,1001201,Bridge,bridge 381,N1,A,False,False,0,2.8
2,2,456,1001202,Bridge,bridge 382,N1,A,False,False,0,1.9
2,2,456,1001203,Link,,N1,,,,8752,632.759
2,2,456,1001206,Bridge,bridge 383,N1,C,False,False,64,45.6
2,2,456,1001207,Link,,N1,,,,2855,166.121
2,2,456,1001208,Bridge,bridge 384,N1,B,True,True,6966,2.8
2,2,456,1001209,Link,,N1,,,,254,392.326
2,2,456,1001211,Bridge,bridge 385,N1,C,False,False,0,12.5
2,2,456,1001212,Link,,N1,,,,8821,983.598
2,2,456,1001217,Bridge,bridge 386,N1,C,True,True,7058,29.9
2,2,456,1001218,Link,,N1,,,,1740,693.396
2,2,456,1001221,Bridge,bridge 387,N1,C,True,True,7003,1.2
2,2,456,1001222,Link,,N1,,,,8857,957.382
2,2,456,1001226,Bridge,bridge 388,N1,C,False,False,0,36.6
2,2,456,1001227,Link,,N1,,,,1676,538.547
2,2,456,1001228,Bridge,bridge 389,N1,A,False,False,0,2.8
2,2,456,1001229,Link,,N1,,,,7182,261.894
2,2,456,1001230,Bridge,bridge 390,N1,A,False,False,0,1.2
2,2,456,1001231,Bridge,bridge 391,N1,B,False,False,0,8.8
2,2,456,1001232,Bridge,bridge 392,N1,A,False,False,0,1.2
2,2,456,1001233,Link,,N1,,,,1624,216.91
2,2,456,1001234,Bridge,bridge 393,N1,A,False,False,0,9.2
2,2,456,1001235,Bridge,bridge 394,N1,C,False,False,0,41.75
2,2,456,1001236,Link,,N1,,,,7235,458.775
2,2,456,1001237,Bridge,bridge 395,N1,A,False,False,0,7.5
2,2,456,1001238,Bridge,bridge 396,N1,C,False,False,0,37.2
2,2,456,1001239,Link,,N1,,,,1743,599.083
2,2,456,1001240,Bridge,bridge 397,N1,A,False,False,0,2.7
2,2,456,1001241,Bridge,bridge 398,N1,A,False,False,0,1.2
2,2,456,1001242,Bridge,bridge 399,N1,C,True,True,7035,38.0
2,2,456,1001243,Link,,N1,,,,1746,405.914
2,2,456,1001244,Bridge,bridge 400,N1,B,True,True,7087,51.0
2,2,456,1001245,Link,,N1,,,,0,44.745
2,2,456,1001246,Bridge,bridge 401,N1,B,False,False,0,13.5
2,2,456,1001247,Link,,N1,,,,0,26.188
2,2,456,1001248,Bridge,bridge 402,N1,B,False,False,0,13.5
2,2,456,1001249,Link,,N1,,,,119,267.679
2,2,456,1001250,Bridge,bridge 403,N1,C,False,False,120,37.6
2,2,456,1001251,Link,,N1,,,,0,110.32300000000001
2,2,456,1001253,Bridge,bridge 404,N1,B,False,False,0,1.2
2,2,456,1001254,Link,,N1,,,,7169,162.705
2,2,456,1001255,Bridge,bridge 405,N1,C,False,False,72,29.3
2,2,456,1001256,Link,,N1,,,,72,40.06
2,2,456,1001257,Bridge,bridge 406,N1,A,False,False,1375,2.8
2,2,456,1001258,Bridge,bridge 407,N1,A,False,False,0,2.8
2,2,456,1001259,Bridge,bridge 408,N1,A,False,False,0,2.8
2,2,456,1001260,Link,,N1,,,,0,164.149
2,2,456,1001261,Bridge,bridge 409,N1,B,False,False,0,15.1
2,2,456,1001262,Link,,N1,,,,8927,704.308
2,2,456,1001267,Bridge,bridge 410,N1,A,False,False,0,9.0
2,2,456,1001268,Bridge,bridge 411,N1,B,False,False,0,9.0
2,2,456,1001269,Link,,N1,,,,239,463.751
2,2,456,1001272,Bridge,bridge 412,N1,C,True,True,7100,37.3
2,2,456,1001273,Link,,N1,,,,8956,878.693
2,2,456,1001276,Bridge,bridge 413,N1,A,False,False,0,1.5
2,2,456,1001277,Bridge,bridge 414,N1,C,False,False,0,1.5
2,2,456,1001278,Bridge,bridge 415,N1,C,True,True,7119,35.9
2,2,456,1001279,Link,,N1,,,,8980,9480.691
2,2,456,1001338,SourceSink,sourcesink 2,N1,,,,1774,6.171
2,2,456,1001340,SourceSink,sourcesink 3,N102,,,,16568,308.839
2,2,456,1001341,Link,,N102,,,,5739,1670.9609999999998
2,2,456,1001344,Bridge,bridge 417,N102,A,False,False,0,1.5
2,2,456,1001345,Bridge,bridge 418,N102,A,False,False,0,1.6
2,2,456,1001346,Bridge,bridge 419,N102,A,False,False,0,1.4
2,2,456,1001347,Link,,N102,,,,5740,1467.22
2,2,456,1001349,Bridge,bridge 420,N102,B,False,False,0,2.5
2,2,456,1001350,Link,,N102,,,,5743,2777.792
2,2,456,1001353,Bridge,bridge 421,N102,C,True,True,4628,3.75
2,2,456,1001354,Link,,N102,,,,5741,1236.07
2,2,456,1001355,Bridge,bridge 422,N102,A,False,False,0,17.8
2,2,456,1001356,Link,,N102,,,,5741,544.388
2,2,456,1001358,Bridge,bridge 423,N102,A,False,False,0,3.0
2,2,456,1001359,Link,,N102,,,,5743,1228.19
2,2,456,1001362,Bridge,bridge 424,N102,A,False,False,0,3.2
2,2,456,1001363,Bridge,bridge 425,N102,C,False,False,0,3.0
2,2,456,1001364,Link,,N102,,,,5744,5407.765
2,2,456,1001368,Bridge,bridge 426,N102,A,False,False,0,5.7
2,2,456,1001369,Link,,N102,,,,5742,1753.4470000000001
2,2,456,1001371,Bridge,bridge 427,N102,A,False,False,0,3.0
2,2,456,1001372,Link,,N102,,,,3799,643.745
2,2,456,1001373,Bridge,bridge 428,N102,C,True,True,4633,6.2
2,2,456,1001374,Link,,N102,,,,1116,723.825
2,2,456,1001375,Bridge,bridge 429,N102,A,True,True,4625,6.0
2,2,456,1001376,Bridge,bridge 430,N102,A,False,False,0,2.5
2,2,456,1001377,Link,,N102,,,,5732,1469.645
2,2,456,1001380,Bridge,bridge 431,N102,B,False,False,0,4.6
2,2,456,1001381,Bridge,bridge 432,N102,A,False,False,0,1.3
2,2,456,1001382,Link,,N102,,,,2664,419.476
2,2,456,1001383,Bridge,bridge 433,N102,A,False,False,0,9.6
2,2,456,1001384,Link,,N102,,,,5731,894.684
2,2,456,1001386,Bridge,bridge 434,N102,A,False,False,0,33.4
2,2,456,1001387,Link,,N102,,,,3780,380.324
2,2,456,1001389,Bridge,bridge 435,N102,A,False,False,0,113.8
2,2,456,1001390,Link,,N102,,,,2429,383.24199999999996
2,2,456,1001393,Bridge,bridge 436,N102,A,False,False,0,9.4
2,2,456,1001394,Link,,N102,,,,640,148.294
2,2,456,1001395,Bridge,bridge 437,N102,A,False,False,0,9.3
2,2,456,1001396,Link,,N102,,,,2661,344.598
2,2,456,1001397,Bridge,bridge 438,N102,B,False,False,0,6.1
2,2,456,1001398,Link,,N102,,,,0,67.642
2,2,456,1001399,Bridge,bridge 439,N102,C,True,True,4640,51.25
2,2,456,1001400,Link,,N102,,,,0,50.734
2,2,456,1001401,Bridge,bridge 440,N102,A,True,True,4626,12.3
2,2,456,1001402,Link,,N102,,,,3110,341.629
2,2,456,1001403,Bridge,bridge 441,N102,A,False,False,0,6.0
2,2,456,1001404,Bridge,bridge 442,N102,C,False,False,0,52.0
2,2,456,1001405,Link,,N102,,,,0,52.49
2,2,456,1001406,Bridge,bridge 443,N102,A,False,False,0,12.6
2,2,456,1001407,Link,,N102,,,,0,94.473
2,2,456,1001408,Bridge,bridge 444,N102,C,False,False,0,24.5
2,2,456,1001409,Link,,N102,,,,3090,373.41299999999995
2,2,456,1001411,Bridge,bridge 445,N102,B,False,False,0,4.5
2,2,456,1001412,Bridge,bridge 446,N102,B,True,True,5249,6.0
2,2,456,1001413,Bridge,bridge 447,N102,C,False,False,0,12.6
2,2,456,1001414,Link,,N102,,,,0,38.153
2,2,456,1001416,Bridge,bridge 448,N102,C,False,False,0,9.5
2,2,456,1001417,Link,,N102,,,,0,293.923
2,2,456,1001418,Bridge,bridge 449,N102,C,False,False,0,9.2
2,2,456,1001419,Link,,N102,,,,0,8.376
2,2,456,1001420,Bridge,bridge 450,N102,A,False,False,0,9.4
2,2,456,1001421,Link,,N102,,,,5721,607.501
2,2,456,1001423,Bridge,bridge 451,N102,C,False,False,0,3.0
2,2,456,1001424,Bridge,bridge 452,N102,A,False,False,0,9.5
2,2,456,1001425,Link,,N102,,,,0,438.565
2,2,456,1001426,Bridge,bridge 453,N102,C,False,False,480,35.5
2,2,456,1001427,Link,,N102,,,,0,41.978
2,2,456,1001428,Bridge,bridge 454,N102,B,True,True,4608,9.3
2,2,456,1001429,Link,,N102,,,,0,50.283
2,2,456,1001431,Bridge,bridge 455,N102,A,False,False,0,6.5
2,2,456,1001432,Bridge,bridge 456,N102,A,False,False,0,12.2
2,2,456,1001433,Link,,N102,,,,636,14.985
2,2,456,1001434,Bridge,bridge 457,N102,A,False,False,0,12.2
2,2,456,1001435,Link,,N102,,,,2005,125.284
2,2,456,1001437,Bridge,bridge 458,N102,C,False,False,0,12.6
2,2,456,1001438,Link,,N102,,,,0,10.489
2,2,456,1001439,Bridge,bridge 459,N102,A,False,False,0,4.8
2,2,456,1001440,Link,,N102,,,,0,425.805
2,2,456,1001442,Bridge,bridge 460,N102,A,False,False,0,12.5
2,2,456,1001443,Link,,N102,,,,0,12.565
2,2,456,1001444,Bridge,bridge 461,N102,A,False,False,0,6.2
2,2,456,1001445,Link,,N102,,,,0,21.819
2,2,456,1001446,Bridge,bridge 462,N102,B,False,False,480,17.2
2,2,456,1001447,Link,,N102,,,,5235,272.484
2,2,456,1001449,Bridge,bridge 463,N102,B,False,False,0,52.4
2,2,456,1001450,Link,,N102,,,,3710,685.42
2,2,456,1001452,Bridge,bridge 464,N102,B,True,True,4609,12.3
2,2,456,1001453,Link,,N102,,,,5704,1704.49
2,2,456,1001455,Bridge,bridge 465,N102,A,False,False,0,12.2
2,2,456,1001456,Link,,N102,,,,2013,290.834
2,2,456,1001459,Bridge,bridge 466,N102,A,False,False,0,37.0
2,2,456,1001460,Link,,N102,,,,0,37.54
2,2,456,1001461,Bridge,bridge 467,N102,B,False,False,0,18.6
2,2,456,1001462,Link,,N102,,,,1116,275.724
2,2,456,1001464,Bridge,bridge 468,N102,A,False,False,0,6.0
2,2,456,1001465,Link,,N102,,,,5068,702.905
2,2,456,1001466,Bridge,bridge 469,N102,A,False,False,0,14.5
2,2,456,1001467,Link,,N102,,,,3208,253.27800000000002
2,2,456,1001469,Bridge,bridge 470,N102,C,True,True,4598,12.0
2,2,456,1001470,Link,,N102,,,,481,475.519
2,2,456,1001471,Bridge,bridge 471,N102,B,True,True,4592,12.6
2,2,456,1001472,Link,,N102,,,,2668,381.043
2,2,456,1001473,Bridge,bridge 472,N102,B,False,False,0,16.06
2,2,456,1001474,Link,,N102,,,,5687,826.211
2,2,456,1001476,Bridge,bridge 473,N102,A,False,False,0,12.2
2,2,456,1001477,Link,,N102,,,,3018,367.648
2,2,456,1001478,Bridge,bridge 474,N102,C,False,False,0,17.3
2,2,456,1001479,Link,,N102,,,,5687,1057.094
2,2,456,1001482,Bridge,bridge 475,N102,B,False,False,0,49.75
2,2,456,1001483,Link,,N102,,,,483,458.86199999999997
2,2,456,1001485,Bridge,bridge 476,N102,B,False,False,2535,36.8
2,2,456,1001486,Link,,N102,,,,5689,1697.849
2,2,456,1001489,Bridge,bridge 477,N102,B,False,False,0,8.7
2,2,456,1001490,Link,,N102,,,,0,9.263
2,2,456,1001491,Bridge,bridge 478,N102,A,False,False,0,4.6
2,2,456,1001492,Link,,N102,,,,5689,789.269
2,2,456,1001494,Bridge,bridge 479,N102,B,False,False,2039,166.3
2,2,456,1001495,Link,,N102,,,,5689,1209.554
2,2,456,1001498,Bridge,bridge 480,N102,B,False,False,483,34.2
2,2,456,1001499,Link,,N102,,,,3167,262.714
2,2,456,1001501,Bridge,bridge 481,N102,B,False,False,0,3.0
2,2,456,1001502,Bridge,bridge 482,N102,C,True,True,4593,16.38
2,2,456,1001503,Link,,N102,,,,5687,2555.9179999999997
2,2,456,1001509,Bridge,bridge 483,N102,A,False,False,0,5.5
2,2,456,1001510,Bridge,bridge 484,N102,A,False,False,0,5.6
2,2,456,1001511,Link,,N102,,,,0,68.285
2,2,456,1001512,Bridge,bridge 485,N102,C,False,False,2053,21.25
2,2,456,1001513,Link,,N102,,,,5689,1028.276
2,2,456,1001516,Bridge,bridge 486,N102,C,False,False,489,50.25
2,2,456,1001517,Link,,N102,,,,3146,445.74
2,2,456,1001519,Bridge,bridge 487,N102,A,False,False,0,5.6
2,2,456,1001520,Link,,N102,,,,2543,336.013
2,2,456,1001521,Bridge,bridge 488,N102,A,False,False,0,5.6
2,2,456,1001522,Link,,N102,,,,3145,351.684
2,2,456,1001523,Bridge,bridge 489,N102,B,False,False,0,12.0
2,2,456,1001524,Link,,N102,,,,5688,1877.7669999999998
2,2,456,1001528,Bridge,bridge 490,N102,B,False,False,0,3.0
2,2,456,1001529,Link,,N102,,,,3634,451.313
2,2,456,1001530,Bridge,bridge 491,N102,C,False,False,0,90.6
2,2,456,1001531,Link,,N102,,,,5688,5966.170000000001
2,2,456,1001545,Bridge,bridge 492,N102,C,False,False,489,16.68
2,2,456,1001546,Link,,N102,,,,3143,536.826
2,2,456,1001548,Bridge,bridge 493,N102,A,True,True,4577,3.0
2,2,456,1001549,Bridge,bridge 494,N102,B,False,False,0,6.5
2,2,456,1001550,Link,,N102,,,,0,224.173
2,2,456,1001551,Bridge,bridge 495,N102,A,False,False,0,7.0
2,2,456,1001552,Link,,N102,,,,5682,777.982
2,2,456,1001553,Bridge,bridge 496,N102,B,False,False,0,3.0
2,2,456,1001554,Link,,N102,,,,5682,619.614
2,2,456,1001555,SourceSink,sourcesink 4,N102,,,,11920,1009.585
2,2,456,1001556,Bridge,bridge 497,N102,A,False,False,0,3.0
2,2,456,1001557,Intersection,intersection 4,N102,,,,26213,830.934
2,2,456,1001558,SourceSink,sourcesink 5,N104,,,,2601,0.0
2,2,456,1001559,Bridge,bridge 498,N104,A,False,False,0,3.65
2,2,456,1001560,Link,,N104,,,,1842,557.245
2,2,456,1001562,Link,,N104,,,,2616,102.395
2,2,456,1001563,Bridge,bridge 500,N104,C,False,False,0,2.7
2,2,456,1001564,Link,,N104,,,,9728,1627.341
2,2,456,1001567,Bridge,bridge 501,N104,B,False,False,0,2.7
2,2,456,1001568,Link,,N104,,,,9734,2848.844
2,2,456,1001572,Bridge,bridge 502,N104,A,False,False,0,1.9
2,2,456,1001573,Bridge,bridge 503,N104,B,False,False,642,89.23
2,2,456,1001574,Link,,N104,,,,9009,633.268
2,2,456,1001577,Bridge,bridge 504,N104,C,False,False,0,2.8
2,2,456,1001578,Link,,N104,,,,3904,576.053
2,2,456,1001579,Bridge,bridge 505,N104,A,False,False,0,3.0
2,2,456,1001580,Link,,N104,,,,6554,366.155
2,2,456,1001581,Bridge,bridge 506,N104,A,False,False,0,48.1
2,2,456,1001582,Link,,N104,,,,9735,1101.237
2,2,456,1001585,Bridge,bridge 507,N104,C,False,False,0,3.0
2,2,456,1001586,Link,,N104,,,,9739,1861.9930000000002
2,2,456,1001590,Bridge,bridge 508,N104,C,False,False,0,4.4
2,2,456,1001591,Link,,N104,,,,9743,1706.8919999999998
2,2,456,1001594,Bridge,bridge 509,N104,A,False,False,0,6.0
2,2,456,1001595,Link,,N104,,,,9747,3234.114
2,2,456,1001602,Bridge,bridge 510,N104,C,False,False,0,3.1
2,2,456,1001603,Link,,N104,,,,3424,404.318
2,2,456,1001604,Bridge,bridge 511,N104,C,False,False,394,9.25
2,2,456,1001605,Link,,N104,,,,6568,550.039
2,2,456,1001608,Bridge,bridge 512,N104,B,False,False,0,2.8
2,2,456,1001609,Link,,N104,,,,9746,1167.6860000000001
2,2,456,1001612,Bridge,bridge 513,N104,A,False,False,0,2.5
2,2,456,1001613,Link,,N104,,,,9746,1709.763
2,2,456,1001615,Bridge,bridge 514,N104,C,False,False,0,2.7
2,2,456,1001616,Link,,N104,,,,9600,585.304
2,2,456,1001617,Bridge,bridge 515,N104,A,False,False,0,9.1
2,2,456,1001618,Link,,N104,,,,9750,1268.649
2,2,456,1001620,Bridge,bridge 516,N104,B,False,False,0,3.0
2,2,456,1001621,Link,,N104,,,,3177,419.033
2,2,456,1001622,Bridge,bridge 517,N104,C,False,False,0,6.0
2,2,456,1001623,Link,,N104,,,,6574,375.107
2,2,456,1001624,Bridge,bridge 518,N104,B,False,False,0,3.2
2,2,456,1001625,Link,,N104,,,,9755,1656.213
2,2,456,1001627,Bridge,bridge 519,N104,A,False,False,1186,20.5
2,2,456,1001628,Link,,N104,,,,9754,1209.173
2,2,456,1001634,Bridge,bridge 520,N104,B,False,False,79,38.2
2,2,456,1001635,Link,,N104,,,,9125,503.601
2,2,456,1001637,Bridge,bridge 521,N104,A,False,False,0,3.1
2,2,456,1001638,Bridge,bridge 522,N104,A,False,False,0,6.5
2,2,456,1001639,Link,,N104,,,,9756,938.934
2,2,456,1001641,Bridge,bridge 523,N104,C,False,False,0,3.2
2,2,456,1001642,Link,,N104,,,,9756,957.988
2,2,456,1001644,Bridge,bridge 524,N104,B,True,True,7841,18.6
2,2,456,1001645,Link,,N104,,,,9771,1231.3249999999998
2,2,456,1001649,Bridge,bridge 525,N104,D,False,False,0,6.2
2,2,456,1001650,Link,,N104,,,,9774,3622.993
2,2,456,1001660,Bridge,bridge 526,N104,C,True,True,7832,1.0
2,2,456,1001661,Link,,N104,,,,73,72.151
2,2,456,1001662,Bridge,bridge 527,N104,A,False,False,0,6.4
2,2,456,1001663,Link,,N104,,,,7488,604.281
2,2,456,1001666,Bridge,bridge 528,N104,A,False,False,0,6.5
2,2,456,1001667,Link,,N104,,,,9783,2592.199
2,2,456,1001673,Bridge,bridge 529,N104,B,False,False,0,2.0
2,2,456,1001674,Bridge,bridge 530,N104,A,False,False,0,3.0
2,2,456,1001675,Link,,N104,,,,9783,1656.762
2,2,456,1001680,SourceSink,sourcesink 6,N104,,,,2584,118.23
2,2,456,1001682,SourceSink,sourcesink 7,N105,,,,8554,999.355
2,2,456,1001683,Bridge,bridge 531,N105,A,False,False,0,6.25
2,2,456,1001684,Link,,N105,,,,8194,934.321
2,2,456,1001685,Bridge,bridge 532,N105,A,False,False,1145,6.1
2,2,456,1001686,Link,,N105,,,,7049,761.352
2,2,456,1001687,Bridge,bridge 533,N105,A,False,False,0,6.0
2,2,456,1001688,Link,,N105,,,,8196,2302.9480000000003
2,2,456,1001693,Bridge,bridge 534,N105,A,False,False,0,6.0
2,2,456,1001694,Link,,N105,,,,8201,5891.884999999999
2,2,456,1002030,Bridge,bridge 535,N105,A,False,False,8452,546.0
2,2,456,1001712,Link,,N105,,,,9413,4232.207
2,2,456,1001717,Bridge,bridge 536,N105,A,False,False,0,10.4
2,2,456,1001718,Bridge,bridge 537,N105,A,True,True,7557,6.2
2,2,456,1001719,Link,,N105,,,,9423,967.871
2,2,456,1001722,Bridge,bridge 538,N105,A,False,False,0,4.6
2,2,456,1001723,Link,,N105,,,,9432,7952.779
2,2,456,1001741,Bridge,bridge 539,N105,A,False,False,22,4.5
2,2,456,1001742,Bridge,bridge 540,N105,A,False,False,0,4.5
2,2,456,1001743,Link,,N105,,,,17,156.1
2,2,456,1001745,Bridge,bridge 541,N105,A,False,False,87,4.5
2,2,456,1001746,Link,,N105,,,,9433,2525.4930000000004
2,2,456,1001752,Bridge,bridge 542,N105,A,False,False,0,4.5
2,2,456,1001753,Bridge,bridge 543,N105,A,False,False,0,1.0
2,2,456,1001754,Link,,N105,,,,9260,513.289
2,2,456,1001755,Bridge,bridge 544,N105,A,False,False,0,3.4
2,2,456,1001756,Link,,N105,,,,9433,1724.134
2,2,456,1001761,Bridge,bridge 545,N105,A,False,False,0,5.0
2,2,456,1001762,Link,,N105,,,,9394,642.369
2,2,456,1001763,Bridge,bridge 546,N105,A,False,False,22,13.0
2,2,456,1001764,Link,,N105,,,,9433,965.64
2,2,456,1001766,Bridge,bridge 547,N105,A,False,False,0,4.5
2,2,456,1001767,Link,,N105,,,,9435,1945.8090000000002
2,2,456,1001772,Bridge,bridge 548,N105,A,False,False,0,7.0
2,2,456,1001773,Link,,N105,,,,9395,599.635
2,2,456,1001774,Bridge,bridge 549,N105,A,False,False,0,3.0
2,2,456,1001775,Link,,N105,,,,9436,1055.609
2,2,456,1001778,Bridge,bridge 550,N105,A,False,False,22,3.0
2,2,456,1001779,Bridge,bridge 551,N105,A,False,False,0,3.0
2,2,456,1001780,Link,,N105,,,,9442,5919.028999999999
2,2,456,1001797,SourceSink,sourcesink 8,N105,,,,2239,544.112
2,2,456,1001799,Bridge,bridge 552,N106,C,True,True,9419,2.1
2,2,456,1001800,Bridge,bridge 553,N106,A,False,False,0,3.0
2,2,456,1001801,Bridge,bridge 554,N106,C,False,False,0,2.1
2,2,456,1001802,SourceSink,sourcesink 9,N106,,,,11790,177.932
2,2,456,1001803,Link,,N106,,,,6768,325.115
2,2,456,1001804,Bridge,bridge 555,N106,A,False,False,0,3.0
2,2,456,1001805,Link,,N106,,,,1796,532.991
2,2,456,1001806,Bridge,bridge 556,N106,A,False,False,0,12.3
2,2,456,1001807,Link,,N106,,,,5384,372.884
2,2,456,1001808,Bridge,bridge 557,N106,C,False,False,0,18.78
2,2,456,1001809,Link,,N106,,,,1796,445.288
2,2,456,1001810,Bridge,bridge 558,N106,A,False,False,0,4.0
2,2,456,1001811,Bridge,bridge 559,N106,C,True,True,5746,3.3
2,2,456,1001812,Link,,N106,,,,0,497.417
2,2,456,1001813,Bridge,bridge 560,N106,C,False,False,0,4.5
2,2,456,1001814,Link,,N106,,,,7201,1745.084
2,2,456,1001819,Bridge,bridge 561,N106,C,False,False,0,8.8
2,2,456,1001820,Bridge,bridge 562,N106,C,True,True,5764,6.0
2,2,456,1001821,Link,,N106,,,,6811,185.877
2,2,456,1001822,Bridge,bridge 563,N106,A,False,False,0,8.0
2,2,456,1001823,Bridge,bridge 564,N106,A,False,False,0,8.2
2,2,456,1001824,Link,,N106,,,,1797,757.654
2,2,456,1001826,Bridge,bridge 565,N106,B,True,True,5778,9.4
2,2,456,1001827,Link,,N106,,,,6892,774.0169999999999
2,2,456,1001830,Bridge,bridge 566,N106,A,False,False,0,10.2
2,2,456,1001831,Link,,N106,,,,7235,2255.387
2,2,456,1001836,Bridge,bridge 567,N106,C,False,False,0,3.8
2,2,456,1001837,Link,,N106,,,,7234,2203.3630000000003
2,2,456,1001842,Bridge,bridge 568,N106,B,True,True,5789,9.5
2,2,456,1001843,Link,,N106,,,,1464,594.519
2,2,456,1001844,Bridge,bridge 569,N106,C,False,False,0,63.86
2,2,456,1001845,Link,,N106,,,,7250,937.933
2,2,456,1001848,Bridge,bridge 570,N106,C,False,False,66,34.2
2,2,456,1001849,Link,,N106,,,,1398,667.187
2,2,456,1001852,Bridge,bridge 571,N106,C,True,True,5822,37.3
2,2,456,1001853,Link,,N106,,,,1469,525.373
2,2,456,1001854,Bridge,bridge 572,N106,C,False,False,0,102.69
2,2,456,1001855,Link,,N106,,,,5479,25.865
2,2,456,1001856,Bridge,bridge 573,N106,A,False,False,0,3.0
2,2,456,1001857,Link,,N106,,,,338,164.084
2,2,456,1001858,Bridge,bridge 574,N106,C,False,False,0,25.3
2,2,456,1001859,Link,,N106,,,,6949,649.927
2,2,456,1001862,Bridge,bridge 575,N106,A,False,False,0,12.4
2,2,456,1001863,Link,,N106,,,,1807,445.087
2,2,456,1001864,Bridge,bridge 576,N106,A,False,False,0,3.0
2,2,456,1001865,Link,,N106,,,,5887,610.272
2,2,456,1001867,Bridge,bridge 577,N106,A,False,False,0,37.78
2,2,456,1001868,Link,,N106,,,,7290,689.967
2,2,456,1001869,Bridge,bridge 578,N106,C,False,False,0,24.69
2,2,456,1001870,Bridge,bridge 579,N106,B,False,False,0,24.0
2,2,456,1001871,Link,,N106,,,,1403,477.266
2,2,456,1001874,Bridge,bridge 580,N106,C,True,True,5856,24.13
2,2,456,1001875,Bridge,bridge 581,N106,C,True,True,5868,4.3
2,2,456,1001876,Link,,N106,,,,65,343.8310000000001
2,2,456,1001880,Bridge,bridge 582,N106,A,False,False,0,3.0
2,2,456,1001881,Link,,N106,,,,7336,759.3489999999999
2,2,456,1001884,Bridge,bridge 583,N106,A,False,False,0,9.4
2,2,456,1001885,Link,,N106,,,,7338,1230.147
2,2,456,1001890,Bridge,bridge 584,N106,C,False,False,0,12.2
2,2,456,1001891,Link,,N106,,,,335,125.867
2,2,456,1001892,Bridge,bridge 585,N106,C,False,False,0,6.0
2,2,456,1001893,Link,,N106,,,,7342,2142.994
2,2,456,1001897,Bridge,bridge 586,N106,A,True,True,5905,14.6
2,2,456,1001898,Link,,N106,,,,7379,923.479
2,2,456,1001901,Bridge,bridge 587,N106,A,False,False,0,18.0
2,2,456,1001902,Link,,N106,,,,0,214.316
2,2,456,1001903,Bridge,bridge 588,N106,A,False,False,0,11.7
2,2,456,1001904,Bridge,bridge 589,N106,A,False,False,0,1.2
2,2,456,1001905,Link,,N106,,,,1476,265.493
2,2,456,1001906,Bridge,bridge 590,N106,C,True,True,5915,6.0
2,2,456,1001907,Bridge,bridge 591,N106,A,False,False,0,4.5
2,2,456,1001908,Link,,N106,,,,0,240.399
2,2,456,1001911,Bridge,bridge 592,N106,C,True,True,5931,5.2
2,2,456,1001912,Bridge,bridge 593,N106,B,False,False,0,5.3
2,2,456,1001913,Bridge,bridge 594,N106,D,True,True,5945,2.0
2,2,456,1001914,Link,,N106,,,,0,221.417
2,2,456,1001916,Bridge,bridge 595,N106,A,True,True,5952,3.0
2,2,456,1001917,Bridge,bridge 596,N106,A,False,False,0,3.0
2,2,456,1001918,Bridge,bridge 597,N106,A,False,False,0,1.5
2,2,456,1001919,Bridge,bridge 598,N106,A,False,False,0,3.0
2,2,456,1001920,Bridge,bridge 599,N106,A,False,False,0,6.0
2,2,456,1001921,Link,,N106,,,,1481,240.032
2,2,456,1001922,Bridge,bridge 600,N106,A,False,False,0,12.3
2,2,456,1001923,Link,,N106,,,,7428,988.536
2,2,456,1001930,Bridge,bridge 601,N106,A,False,False,0,4.5
2,2,456,1001931,Bridge,bridge 602,N106,B,False,False,0,4.4
2,2,456,1001932,Bridge,bridge 603,N106,A,False,False,0,1.8
2,2,456,1001933,Link,,N106,,,,0,42.215
2,2,456,1001934,Bridge,bridge 604,N106,A,False,False,0,3.0
2,2,456,1001935,Link,,N106,,,,7430,598.953
2,2,456,1001937,Bridge,bridge 605,N106,A,False,False,0,5.0
2,2,456,1001938,Bridge,bridge 606,N106,D,False,False,0,2.2
2,2,456,1001939,Link,,N106,,,,6017,556.457
2,2,456,1001943,Bridge,bridge 607,N106,A,False,False,0,1.9
2,2,456,1001944,Link,,N106,,,,7434,960.5050000000001
2,2,456,1001947,Bridge,bridge 608,N106,A,False,False,0,4.5
2,2,456,1001948,Link,,N106,,,,1416,250.382
2,2,456,1001949,Bridge,bridge 609,N106,D,True,True,6029,95.0
2,2,456,1001950,Link,,N106,,,,7506,1067.536
2,2,456,1001953,Bridge,bridge 610,N106,A,False,False,0,6.6
2,2,456,1001954,Bridge,bridge 611,N106,A,False,False,65,9.4
2,2,456,1001955,Link,,N106,,,,0,148.675
2,2,456,1001956,Bridge,bridge 612,N106,A,False,False,0,1.5
2,2,456,1001957,Bridge,bridge 613,N106,A,False,False,0,3.0
2,2,456,1001958,Link,,N106,,,,7506,663.81
2,2,456,1001961,Bridge,bridge 614,N106,A,False,False,0,11.2
2,2,456,1001962,Link,,N106,,,,1742,409.901
2,2,456,1001963,Bridge,bridge 615,N106,B,True,True,6056,14.8
2,2,456,1001964,Link,,N106,,,,7216,716.395
2,2,456,1001965,Bridge,bridge 616,N106,A,False,False,0,3.0
2,2,456,1001966,Link,,N106,,,,7540,3169.65
2,2,456,1001975,Bridge,bridge 617,N106,A,True,True,6071,1.0
2,2,456,1001976,Link,,N106,,,,63,562.827
2,2,456,1001977,Bridge,bridge 618,N106,C,True,True,6083,3.0
2,2,456,1001978,Bridge,bridge 619,N106,A,False,False,0,1.5
2,2,456,1001979,Link,,N106,,,,7185,138.564
2,2,456,1001980,Bridge,bridge 620,N106,A,False,False,0,1.0
2,2,456,1001981,Bridge,bridge 621,N106,A,False,False,0,1.0
2,2,456,1001982,Link,,N106,,,,63,642.761
2,2,456,1001984,Bridge,bridge 622,N106,B,False,False,0,2.0
2,2,456,1001985,Bridge,bridge 623,N106,A,False,False,0,1.2
2,2,456,1001986,Link,,N106,,,,7572,1295.9160000000002
2,2,456,1001991,Bridge,bridge 624,N106,A,False,False,0,2.0
2,2,456,1001992,Link,,N106,,,,7584,9411.997000000003
2,2,456,1002009,SourceSink,sourcesink 10,N106,,,,385,568.335
2,2,456,1002011,SourceSink,sourcesink 11,N2,,,,10126,139.902
2,2,456,1002012,Link,,N2,,,,7625,989.34
2,2,456,1002013,Bridge,bridge 625,N2,C,False,False,959,36.7
2,2,456,1002014,Link,,N2,,,,7630,9602.278
2,2,456,1002031,Link,,N2,,,,15865,1701.5790000000002
2,2,456,1002035,Bridge,bridge 627,N2,B,False,False,0,4.9
2,2,456,1002036,Link,,N2,,,,15865,837.335
2,2,456,1002037,Bridge,bridge 628,N2,B,False,False,0,3.5
2,2,456,1002038,Link,,N2,,,,15863,876.249
2,2,456,1002039,Bridge,bridge 629,N2,A,False,False,0,3.4
2,2,456,1002040,Link,,N2,,,,10412,584.637
2,2,456,1002043,Bridge,bridge 630,N2,C,True,True,13353,72.15
2,2,456,1002044,Link,,N2,,,,255,74.539
2,2,456,1002045,Bridge,bridge 631,N2,A,False,False,0,4.5
2,2,456,1002046,Link,,N2,,,,158,250.826
2,2,456,1002047,Bridge,bridge 632,N2,B,False,False,0,8.3
2,2,456,1002048,Link,,N2,,,,15675,563.996
2,2,456,1002050,Bridge,bridge 633,N2,A,False,False,0,8.3
2,2,456,1002051,Link,,N2,,,,479,325.455
2,2,456,1002052,Bridge,bridge 634,N2,A,False,False,0,4.0
2,2,456,1002053,Bridge,bridge 635,N2,A,False,False,0,8.0
2,2,456,1002054,Link,,N2,,,,719,46.622
2,2,456,1002055,Bridge,bridge 636,N2,B,False,False,0,4.0
2,2,456,1002056,Link,,N2,,,,15832,1068.625
2,2,456,1002058,Bridge,bridge 637,N2,A,False,False,0,4.0
2,2,456,1002059,Bridge,bridge 638,N2,A,True,True,12629,4.0
2,2,456,1002060,Link,,N2,,,,90,36.851
2,2,456,1002061,Bridge,bridge 639,N2,A,False,False,0,4.0
2,2,456,1002062,Bridge,bridge 640,N2,A,False,False,0,2.0
2,2,456,1002063,Link,,N2,,,,15814,2848.4570000000003
2,2,456,1002068,Bridge,bridge 641,N2,A,False,False,0,2.5
2,2,456,1002069,Bridge,bridge 642,N2,A,False,False,0,2.5
2,2,456,1002070,Link,,N2,,,,15811,1575.5320000000002
2,2,456,1002075,Bridge,bridge 643,N2,B,False,False,718,30.3
2,2,456,1002076,Link,,N2,,,,15810,1237.3110000000001
2,2,456,1002079,Bridge,bridge 644,N2,A,False,False,0,3.6
2,2,456,1002080,Link,,N2,,,,15808,1763.8339999999998
2,2,456,1002085,Bridge,bridge 645,N2,A,False,False,0,12.7
2,2,456,1002086,Link,,N2,,,,324,112.317
2,2,456,1002087,Bridge,bridge 646,N2,A,False,False,0,3.0
2,2,456,1002088,Link,,N2,,,,15321,492.193
2,2,456,1002089,Bridge,bridge 647,N2,A,False,False,0,27.4
2,2,456,1002090,Link,,N2,,,,15809,852.567
2,2,456,1002092,Bridge,bridge 648,N2,C,False,False,0,69.5
2,2,456,1002093,Link,,N2,,,,0,64.933
2,2,456,1002094,Bridge,bridge 649,N2,A,False,False,0,3.0
2,2,456,1002095,Link,,N2,,,,1823,307.618
2,2,456,1002096,Bridge,bridge 650,N2,A,False,False,332,12.6
2,2,456,1002097,Link,,N2,,,,15813,996.406
2,2,456,1002099,Bridge,bridge 651,N2,A,False,False,0,3.4
2,2,456,1002100,Bridge,bridge 652,N2,A,False,False,166,3.0
2,2,456,1002101,Link,,N2,,,,161,221.156
2,2,456,1002102,Bridge,bridge 653,N2,B,False,False,0,3.5
2,2,456,1002103,Bridge,bridge 654,N2,A,False,False,0,3.0
2,2,456,1002104,Link,,N2,,,,15390,517.48
2,2,456,1002105,Bridge,bridge 655,N2,A,False,False,0,1.8
2,2,456,1002106,Bridge,bridge 656,N2,B,False,False,0,14.1
2,2,456,1002107,Link,,N2,,,,1549,596.554
2,2,456,1002109,Bridge,bridge 657,N2,A,False,False,691,2.0
2,2,456,1002110,Link,,N2,,,,15804,842.05
2,2,456,1002113,Bridge,bridge 658,N2,A,True,True,12623,2.5
2,2,456,1002114,Link,,N2,,,,5536,300.057
2,2,456,1002115,Bridge,bridge 659,N2,A,False,False,0,4.0
2,2,456,1002116,Link,,N2,,,,15809,1091.473
2,2,456,1002119,Bridge,bridge 660,N2,B,False,False,713,105.15
2,2,456,1002120,Link,,N2,,,,9070,106.043
2,2,456,1002121,Bridge,bridge 661,N2,A,False,False,0,10.3
2,2,456,1002122,Link,,N2,,,,0,38.6
2,2,456,1002123,Bridge,bridge 662,N2,A,False,False,0,3.9
2,2,456,1002124,Link,,N2,,,,15807,860.674
2,2,456,1002126,Bridge,bridge 663,N2,A,False,False,4636,9.6
2,2,456,1002127,Bridge,bridge 664,N2,A,False,False,0,9.5
2,2,456,1002128,Link,,N2,,,,256,103.474
2,2,456,1002129,Bridge,bridge 665,N2,A,False,False,0,9.55
2,2,456,1002130,Link,,N2,,,,0,52.4
2,2,456,1002131,Bridge,bridge 666,N2,A,False,False,0,3.0
2,2,456,1002132,Link,,N2,,,,15808,731.705
2,2,456,1002133,Bridge,bridge 667,N2,A,False,False,0,5.4
2,2,456,1002134,Link,,N2,,,,162,142.604
2,2,456,1002135,Bridge,bridge 668,N2,A,False,False,0,11.0
2,2,456,1002136,Link,,N2,,,,10104,401.493
2,2,456,1002137,Bridge,bridge 669,N2,A,False,False,0,7.3
2,2,456,1002138,Link,,N2,,,,5540,293.873
2,2,456,1002139,Bridge,bridge 670,N2,A,False,False,0,7.25
2,2,456,1002140,Bridge,bridge 671,N2,A,False,False,162,3.5
2,2,456,1002141,Link,,N2,,,,977,313.296
2,2,456,1002143,Bridge,bridge 672,N2,A,False,False,61,4.0
2,2,456,1002144,Link,,N2,,,,9712,270.021
2,2,456,1002145,Bridge,bridge 673,N2,A,False,False,0,4.0
2,2,456,1002146,Bridge,bridge 674,N2,B,True,True,12644,17.75
2,2,456,1002147,Link,,N2,,,,744,469.11
2,2,456,1002149,Bridge,bridge 675,N2,A,False,False,0,3.5
2,2,456,1002150,Bridge,bridge 676,N2,A,False,False,0,3.5
2,2,456,1002151,Bridge,bridge 677,N2,B,True,True,12598,3.5
2,2,456,1002152,Link,,N2,,,,1816,281.932
2,2,456,1002153,Bridge,bridge 678,N2,C,False,False,5581,141.61
2,2,456,1002154,Link,,N2,,,,164,150.41
2,2,456,1002155,Bridge,bridge 679,N2,B,False,False,0,40.6
2,2,456,1002156,Link,,N2,,,,329,131.251
2,2,456,1002158,Bridge,bridge 680,N2,A,False,False,0,4.0
2,2,456,1002159,Link,,N2,,,,15772,806.271
2,2,456,1002161,Bridge,bridge 681,N2,A,False,False,0,37.9
2,2,456,1002162,Link,,N2,,,,8591,39.489
2,2,456,1002163,Bridge,bridge 682,N2,A,False,False,0,7.3
2,2,456,1002164,Link,,N2,,,,6688,414.736
2,2,456,1002165,Bridge,bridge 683,N2,A,False,False,0,7.3
2,2,456,1002166,Link,,N2,,,,10828,674.724
2,2,456,1002167,Bridge,bridge 684,N2,A,False,False,0,11.8
2,2,456,1002168,Link,,N2,,,,5434,371.26500000000004
2,2,456,1002170,Bridge,bridge 685,N2,B,False,False,0,11.5
2,2,456,1002171,Link,,N2,,,,15767,903.098
2,2,456,1002173,Bridge,bridge 686,N2,A,False,False,0,4.0
2,2,456,1002174,Bridge,bridge 687,N2,A,False,False,1104,202.0
2,2,456,1002175,Link,,N2,,,,15767,1378.6390000000001
2,2,456,1002179,Bridge,bridge 688,N2,A,False,False,0,3.6
2,2,456,1002180,Link,,N2,,,,1165,212.096
2,2,456,1002181,Bridge,bridge 689,N2,A,False,False,0,15.85
2,2,456,1002182,Link,,N2,,,,0,14.103
2,2,456,1002183,Bridge,bridge 690,N2,A,False,False,0,4.0
2,2,456,1002184,Link,,N2,,,,6079,460.44399999999996
2,2,456,1002186,Bridge,bridge 691,N2,B,False,False,0,7.3
2,2,456,1002187,Link,,N2,,,,9688,291.493
2,2,456,1002188,Bridge,bridge 692,N2,C,False,False,5752,428.91
2,2,456,1002189,Link,,N2,,,,15770,746.184
2,2,456,1002191,Bridge,bridge 693,N2,A,False,False,0,4.0
2,2,456,1002192,Bridge,bridge 694,N2,C,False,False,0,6.0
2,2,456,1002193,Bridge,bridge 695,N2,A,False,False,0,6.0
2,2,456,1002194,Link,,N2,,,,15771,1387.257
2,2,456,1002199,Bridge,bridge 696,N2,A,False,False,0,14.0
2,2,456,1002200,Link,,N2,,,,15767,1542.121
2,2,456,1002204,Bridge,bridge 697,N2,A,False,False,91,6.1
2,2,456,1002205,Bridge,bridge 698,N2,C,True,True,12598,3.1
2,2,456,1002206,Link,,N2,,,,1362,574.585
2,2,456,1002210,Bridge,bridge 699,N2,C,True,True,12687,3.15
2,2,456,1002211,Bridge,bridge 700,N2,D,True,True,13630,79.75
2,2,456,1002212,Link,,N2,,,,4318,275.50699999999995
2,2,456,1002214,Bridge,bridge 701,N2,A,False,False,0,3.15
2,2,456,1002215,Bridge,bridge 702,N2,A,False,False,165,6.1
2,2,456,1002216,Link,,N2,,,,1033,333.595
2,2,456,1002217,Bridge,bridge 703,N2,A,False,False,0,12.5
2,2,456,1002218,Link,,N2,,,,10204,184.302
2,2,456,1002219,Bridge,bridge 704,N2,A,False,False,0,12.3
2,2,456,1002220,Link,,N2,,,,4483,419.64300000000003
2,2,456,1002222,Bridge,bridge 705,N2,A,False,False,0,3.1
2,2,456,1002223,Link,,N2,,,,15721,1065.8580000000002
2,2,456,1002226,Bridge,bridge 706,N2,A,False,False,8513,9.5
2,2,456,1002227,Bridge,bridge 707,N2,A,False,False,0,6.1
2,2,456,1002228,Link,,N2,,,,1688,99.493
2,2,456,1002229,Bridge,bridge 708,N2,B,False,False,0,4.5
2,2,456,1002230,Link,,N2,,,,15715,1414.289
2,2,456,1002233,Bridge,bridge 709,N2,A,False,False,0,3.6
2,2,456,1002234,Link,,N2,,,,15713,1434.1729999999998
2,2,456,1002238,Bridge,bridge 710,N2,C,False,False,0,22.96
2,2,456,1002240,Bridge,bridge 711,N2,A,False,False,0,3.0
2,2,456,1002241,Link,,N2,,,,19020,454.905
2,2,456,1002244,Bridge,bridge 712,N2,C,False,False,0,22.95
2,2,456,1002245,Link,,N2,,,,447,71.591
2,2,456,1002246,Bridge,bridge 713,N2,A,False,False,2961,23.0
2,2,456,1002247,Link,,N2,,,,0,113.50299999999999
2,2,456,1002249,Bridge,bridge 714,N2,C,False,False,0,43.88
2,2,456,1002250,Link,,N2,,,,9159,361.83500000000004
2,2,456,1002252,Bridge,bridge 715,N2,B,False,False,0,4.1
2,2,456,1002253,Bridge,bridge 716,N2,C,True,True,19202,42.65
2,2,456,1002254,Link,,N2,,,,22737,777.997
2,2,456,1002255,Bridge,bridge 717,N2,A,False,False,551,12.0
2,2,456,1002256,Bridge,bridge 718,N2,A,False,False,0,10.45
2,2,456,1002257,Link,,N2,,,,1746,228.608
2,2,456,1002259,Bridge,bridge 719,N2,C,False,False,10387,202.55
2,2,456,1002260,Link,,N2,,,,12901,711.127
2,2,456,1002261,Bridge,bridge 720,N2,C,True,True,18615,4.0
2,2,456,1002262,Link,,N2,,,,14264,739.54
2,2,456,1002266,Bridge,bridge 721,N2,A,False,False,0,10.4
2,2,456,1002267,Link,,N2,,,,19994,208.765
2,2,456,1002268,Bridge,bridge 722,N2,A,False,False,180,10.4
2,2,456,1002269,Link,,N2,,,,816,194.765
2,2,456,1002270,Bridge,bridge 723,N2,B,False,False,0,35.01
2,2,456,1002271,Link,,N2,,,,22738,689.623
2,2,456,1002274,Bridge,bridge 724,N2,C,False,False,559,27.03
2,2,456,1002275,Bridge,bridge 725,N2,A,False,False,0,4.0
2,2,456,1002276,Link,,N2,,,,23298,1598.779
2,2,456,1002280,Bridge,bridge 726,N2,A,False,False,0,65.3
2,2,456,1002281,Link,,N2,,,,2305,296.149
2,2,456,1002282,Bridge,bridge 727,N2,A,False,False,0,4.0
2,2,456,1002283,Link,,N2,,,,20992,455.779
2,2,456,1002285,Bridge,bridge 728,N2,A,False,False,0,9.3
2,2,456,1002286,Link,,N2,,,,11331,502.457
2,2,456,1002288,Bridge,bridge 729,N2,B,False,False,858,3.5
2,2,456,1002289,Link,,N2,,,,10293,170.932
2,2,456,1002290,Bridge,bridge 730,N2,A,False,False,0,9.0
2,2,456,1002291,Link,,N2,,,,22558,673.77
2,2,456,1002293,Bridge,bridge 731,N2,A,False,False,0,3.5
2,2,456,1002294,Link,,N2,,,,1558,295.736
2,2,456,1002295,Bridge,bridge 732,N2,A,False,False,0,4.0
2,2,456,1002296,Link,,N2,,,,550,54.252
2,2,456,1002297,Bridge,bridge 733,N2,C,False,False,695,68.09
2,2,456,1002298,Link,,N2,,,,21238,534.082
2,2,456,1002300,Bridge,bridge 734,N2,A,False,False,0,3.0
2,2,456,1002301,Link,,N2,,,,2061,316.345
2,2,456,1002303,Bridge,bridge 735,N2,C,False,False,0,19.4
2,2,456,1002304,Link,,N2,,,,22054,553.349
2,2,456,1002305,Bridge,bridge 736,N2,C,False,False,0,36.7
2,2,456,1002306,Link,,N2,,,,21743,510.447
2,2,456,1002308,Bridge,bridge 737,N2,A,False,False,0,4.0
2,2,456,1002309,Link,,N2,,,,13740,747.03
2,2,456,1002311,Bridge,bridge 738,N2,B,True,True,18651,30.0
2,2,456,1002312,Link,,N2,,,,12411,516.068
2,2,456,1002313,Bridge,bridge 739,N2,B,False,False,0,25.0
2,2,456,1002314,Link,,N2,,,,22052,572.9789999999999
2,2,456,1002316,Bridge,bridge 740,N2,A,False,False,546,40.7
2,2,456,1002317,Link,,N2,,,,11578,482.038
2,2,456,1002319,Bridge,bridge 741,N2,A,True,True,18662,22.8
2,2,456,1002320,Link,,N2,,,,14397,733.919
2,2,456,1002322,Bridge,bridge 742,N2,B,False,False,0,2.0
2,2,456,1002323,Link,,N2,,,,22446,682.235
2,2,456,1002325,Bridge,bridge 743,N2,A,False,False,0,2.0
2,2,456,1002326,Bridge,bridge 744,N2,A,False,False,0,10.6
2,2,456,1002327,Intersection,intersection 9,N2,,,,0,40.738
2,2,456,1002328,Bridge,bridge 745,N2,C,False,False,0,2.0
2,2,456,1002329,Link,,N2,,,,20138,369.62300000000005
2,2,456,1002331,Bridge,bridge 746,N2,A,False,False,0,4.25
2,2,456,1002332,Bridge,bridge 747,N2,A,False,False,0,10.6
2,2,456,1002333,Link,,N2,,,,963,200.841
2,2,456,1002334,Bridge,bridge 748,N2,A,False,False,0,2.0
2,2,456,1002335,Link,,N2,,,,496,52.582
2,2,456,1002336,Bridge,bridge 749,N2,A,False,False,518,8.2
2,2,456,1002337,Bridge,bridge 750,N2,B,False,False,0,6.4
2,2,456,1002338,Bridge,bridge 751,N2,A,False,False,0,3.1
2,2,456,1002339,Link,,N2,,,,8608,265.67199999999997
2,2,456,1002341,Bridge,bridge 752,N2,A,False,False,0,4.2
2,2,456,1002342,Bridge,bridge 753,N2,A,False,False,469,1.6
2,2,456,1002343,Link,,N2,,,,13040,579.409
2,2,456,1002345,Bridge,bridge 754,N2,A,False,False,0,17.12
2,2,456,1002346,Link,,N2,,,,20139,403.716
2,2,456,1002347,Bridge,bridge 755,N2,A,False,False,0,6.22
2,2,456,1002348,Bridge,bridge 756,N2,A,False,False,0,3.5
2,2,456,1002349,Link,,N2,,,,1977,406.534
2,2,456,1002350,Bridge,bridge 757,N2,A,False,False,0,7.8
2,2,456,1002351,Link,,N2,,,,20137,418.14
2,2,456,1002352,Bridge,bridge 758,N2,A,False,False,0,2.0
2,2,456,1002353,Link,,N2,,,,1977,316.295
2,2,456,1002354,Bridge,bridge 759,N2,A,False,False,0,29.5
2,2,456,1002355,Link,,N2,,,,930,140.977
2,2,456,1002356,Bridge,bridge 760,N2,A,False,False,0,3.3
2,2,456,1002357,Link,,N2,,,,20170,453.899
2,2,456,1002359,Bridge,bridge 761,N2,A,False,False,0,6.3
2,2,456,1002360,Bridge,bridge 762,N2,A,False,False,0,4.3
2,2,456,1002361,Bridge,bridge 763,N2,A,False,False,0,6.6
2,2,456,1002362,Bridge,bridge 764,N2,A,False,False,0,5.3
2,2,456,1002363,Link,,N2,,,,0,18.749
2,2,456,1002364,Bridge,bridge 765,N2,A,False,False,0,8.1
2,2,456,1002365,Bridge,bridge 766,N2,A,False,False,0,2.0
2,2,456,1002366,Bridge,bridge 767,N2,A,False,False,0,6.6
2,2,456,1002367,Bridge,bridge 768,N2,A,False,False,0,4.3
2,2,456,1002368,Link,,N2,,,,0,12.671
2,2,456,1002369,Bridge,bridge 769,N2,A,False,False,0,2.0
2,2,456,1002370,Bridge,bridge 770,N2,A,False,False,0,1.5
2,2,456,1002371,Bridge,bridge 771,N2,A,False,False,0,1.5
2,2,456,1002372,Link,,N2,,,,10281,358.019
2,2,456,1002373,Bridge,bridge 772,N2,A,False,False,0,1.5
2,2,456,1002374,Bridge,bridge 773,N2,A,False,False,0,6.6
2,2,456,1002375,Link,,N2,,,,12849,596.505
2,2,456,1002376,Bridge,bridge 774,N2,A,False,False,0,1.5
2,2,456,1002377,Bridge,bridge 775,N2,A,False,False,0,3.3
2,2,456,1002378,Bridge,bridge 776,N2,A,False,False,0,3.3
2,2,456,1002379,Link,,N2,,,,10636,325.119
2,2,456,1002380,Bridge,bridge 777,N2,A,False,False,0,1.5
2,2,456,1002381,Bridge,bridge 778,N2,A,False,False,0,4.3
2,2,456,1002382,Bridge,bridge 779,N2,A,True,True,17698,3.0
2,2,456,1002383,Bridge,bridge 780,N2,B,False,False,0,4.2
2,2,456,1002384,Link,,N2,,,,6885,157.096
2,2,456,1002385,Bridge,bridge 781,N2,B,False,False,0,2.6
2,2,456,1002386,Bridge,bridge 782,N2,A,False,False,0,2.0
2,2,456,1002387,Link,,N2,,,,5016,479.362
2,2,456,1002388,Bridge,bridge 783,N2,A,False,False,203,4.3
2,2,456,1002389,Bridge,bridge 784,N2,A,False,False,0,1.7
2,2,456,1002390,Bridge,bridge 785,N2,A,False,False,0,2.0
2,2,456,1002391,Link,,N2,,,,10010,157.573
2,2,456,1002392,Bridge,bridge 786,N2,A,False,False,0,83.3
2,2,456,1002393,Link,,N2,,,,22115,957.405
2,2,456,1002394,Bridge,bridge 787,N2,A,False,False,0,2.6
2,2,456,1002395,Bridge,bridge 788,N2,A,False,False,0,2.6
2,2,456,1002396,Bridge,bridge 789,N2,A,False,False,0,2.5
2,2,456,1002397,Link,,N2,,,,2632,488.108
2,2,456,1002400,Bridge,bridge 790,N2,A,False,False,0,2.6
2,2,456,1002401,Link,,N2,,,,22117,1331.09
2,2,456,1002405,Bridge,bridge 791,N2,A,False,False,0,12.5
2,2,456,1002406,Link,,N2,,,,18510,486.617
2,2,456,1002407,Bridge,bridge 792,N2,A,False,False,0,2.6
2,2,456,1002408,Link,,N2,,,,5220,502.857
2,2,456,1002409,Bridge,bridge 793,N2,A,False,False,0,2.6
2,2,456,1002410,Bridge,bridge 794,N2,A,False,False,0,2.1
2,2,456,1002411,Link,,N2,,,,20498,495.036
2,2,456,1002413,Bridge,bridge 795,N2,A,False,False,0,2.1
2,2,456,1002414,Link,,N2,,,,11617,507.796
2,2,456,1002416,Bridge,bridge 796,N2,A,False,False,0,1.6
2,2,456,1002417,Link,,N2,,,,10495,400.264
2,2,456,1002419,Intersection,intersection 10,N2,,,,1707,239.533
2,2,456,1002420,Link,,N2,,,,20516,2703.691
2,2,456,1002428,Bridge,bridge 797,N2,C,False,False,0,12.6
2,2,456,1002429,Link,,N2,,,,10384,643.403
2,2,456,1002431,Bridge,bridge 798,N2,A,False,False,0,2.0
2,2,456,1002432,Intersection,intersection 11,N2,,,,14577,634.696
2,2,456,1002434,Bridge,bridge 799,N2,A,False,False,0,1.5
2,2,456,1002435,Bridge,bridge 800,N2,A,False,False,0,17.2
2,2,456,1002436,Link,,N2,,,,12935,418.133
2,2,456,1002438,Bridge,bridge 801,N2,A,False,False,0,2.0
2,2,456,1002439,Bridge,bridge 802,N2,A,False,False,0,1.5
2,2,456,1002440,Link,,N2,,,,2541,292.532
2,2,456,1002441,Bridge,bridge 803,N2,A,False,False,0,6.3
2,2,456,1002442,Link,,N2,,,,12937,544.802
2,2,456,1002443,Bridge,bridge 804,N2,A,False,False,0,41.0
2,2,456,1002444,Link,,N2,,,,15479,739.9720000000001
2,2,456,1002447,Bridge,bridge 805,N2,A,False,False,0,8.0
2,2,456,1002448,Link,,N2,,,,14633,664.476
2,2,456,1002449,Bridge,bridge 806,N2,A,False,False,0,1.3
2,2,456,1002450,Bridge,bridge 807,N2,A,False,False,0,1.3
2,2,456,1002451,Bridge,bridge 808,N2,A,False,False,0,4.2
2,2,456,1002452,Bridge,bridge 809,N2,A,False,False,0,10.6
2,2,456,1002453,Link,,N2,,,,1182,182.843
2,2,456,1002454,Bridge,bridge 810,N2,A,False,False,0,3.0
2,2,456,1002455,Bridge,bridge 811,N2,A,False,False,0,2.5
2,2,456,1002456,Link,,N2,,,,14299,545.8820000000001
2,2,456,1002458,Bridge,bridge 812,N2,B,False,False,0,58.5
2,2,456,1002459,Link,,N2,,,,846,64.635
2,2,456,1002460,Bridge,bridge 813,N2,A,False,False,0,3.0
2,2,456,1002461,Link,,N2,,,,2540,369.361
2,2,456,1002462,Bridge,bridge 814,N2,A,False,False,0,3.0
2,2,456,1002463,Link,,N2,,,,12941,463.353
2,2,456,1002464,Bridge,bridge 815,N2,A,False,False,0,19.0
2,2,456,1002465,Link,,N2,,,,15481,834.386
2,2,456,1002468,Bridge,bridge 816,N2,A,False,False,0,3.0
2,2,456,1002469,Bridge,bridge 817,N2,B,False,False,0,13.7
2,2,456,1002470,Link,,N2,,,,1443,154.538
2,2,456,1002472,Bridge,bridge 818,N2,A,False,False,0,2.6
2,2,456,1002473,Link,,N2,,,,1097,73.038
2,2,456,1002474,Bridge,bridge 819,N2,A,False,False,0,7.9
2,2,456,1002475,Bridge,bridge 820,N2,A,False,False,0,5.2
2,2,456,1002476,Bridge,bridge 821,N2,A,False,False,0,5.4
2,2,456,1002477,Link,,N2,,,,4327,149.622
2,2,456,1002478,Bridge,bridge 822,N2,A,False,False,0,2.0
2,2,456,1002479,Bridge,bridge 823,N2,A,False,False,0,19.5
2,2,456,1002480,Link,,N2,,,,8613,290.755
2,2,456,1002481,Bridge,bridge 824,N2,C,False,False,0,1.5
2,2,456,1002482,Link,,N2,,,,336,105.061
2,2,456,1002483,Bridge,bridge 825,N2,A,False,False,0,2.6
2,2,456,1002484,Bridge,bridge 826,N2,A,False,False,0,5.0
2,2,456,1002485,Link,,N2,,,,15146,681.335
2,2,456,1002486,Bridge,bridge 827,N2,A,False,False,0,10.6
2,2,456,1002487,Link,,N2,,,,2539,314.907
2,2,456,1002488,Bridge,bridge 828,N2,A,False,False,0,4.0
2,2,456,1002489,Bridge,bridge 829,N2,A,False,False,0,2.0
2,2,456,1002490,Bridge,bridge 830,N2,A,False,False,0,3.8
2,2,456,1002491,Link,,N2,,,,0,53.179
2,2,456,1002492,Bridge,bridge 831,N2,A,False,False,0,1.5
2,2,456,1002493,Bridge,bridge 832,N2,A,False,False,0,1.5
2,2,456,1002494,Bridge,bridge 833,N2,A,False,False,0,1.5
2,2,456,1002495,Bridge,bridge 834,N2,A,False,False,0,5.3
2,2,456,1002496,Link,,N2,,,,13280,539.038
2,2,456,1002498,Bridge,bridge 835,N2,A,False,False,0,6.2
2,2,456,1002499,Bridge,bridge 836,N2,A,False,False,0,14.8
2,2,456,1002500,Link,,N2,,,,1107,40.913
2,2,456,1002501,Bridge,bridge 837,N2,A,False,False,0,3.0
2,2,456,1002502,Link,,N2,,,,5655,378.18
2,2,456,1002504,Bridge,bridge 838,N2,B,True,True,12436,19.5
2,2,456,1002505,Link,,N2,,,,0,25.338
2,2,456,1002506,Bridge,bridge 839,N2,A,False,False,0,2.0
2,2,456,1002507,Bridge,bridge 840,N2,A,False,False,0,4.3
2,2,456,1002508,Link,,N2,,,,2379,436.1
2,2,456,1002509,Bridge,bridge 841,N2,A,False,False,0,4.5
2,2,456,1002510,Bridge,bridge 842,N2,C,False,False,0,4.5
2,2,456,1002511,Bridge,bridge 843,N2,A,False,False,0,2.06
2,2,456,1002512,Bridge,bridge 844,N2,A,False,False,0,6.12
2,2,456,1002513,Bridge,bridge 845,N2,A,True,True,12648,3.5
2,2,456,1002514,Link,,N2,,,,268,140.014
2,2,456,1002515,Bridge,bridge 846,N2,A,False,False,0,7.4
2,2,456,1002516,Bridge,bridge 847,N2,A,False,False,0,3.5
2,2,456,1002517,Bridge,bridge 848,N2,B,True,True,12512,51.5
2,2,456,1002518,Link,,N2,,,,10546,711.4839999999999
2,2,456,1002521,Bridge,bridge 849,N2,B,False,False,267,21.5
2,2,456,1002522,Link,,N2,,,,4747,19.358
2,2,456,1002523,Bridge,bridge 850,N2,A,False,False,0,6.2
2,2,456,1002524,Link,,N2,,,,1068,352.205
2,2,456,1002525,Bridge,bridge 851,N2,A,False,False,0,5.1
2,2,456,1002526,Bridge,bridge 852,N2,A,False,False,0,2.0
2,2,456,1002527,Bridge,bridge 853,N2,A,False,False,0,1.5
2,2,456,1002528,Bridge,bridge 854,N2,A,False,False,0,2.6
2,2,456,1002529,Bridge,bridge 855,N2,A,False,False,0,2.0
2,2,456,1002530,Link,,N2,,,,0,88.117
2,2,456,1002531,Bridge,bridge 856,N2,A,False,False,0,1.0
2,2,456,1002532,Bridge,bridge 857,N2,A,False,False,0,1.5
2,2,456,1002533,Bridge,bridge 858,N2,B,False,False,53,24.0
2,2,456,1002534,Link,,N2,,,,0,29.049
2,2,456,1002535,Bridge,bridge 859,N2,A,False,False,0,6.5
2,2,456,1002536,Bridge,bridge 860,N2,A,False,False,0,2.0
2,2,456,1002537,Bridge,bridge 861,N2,A,False,False,1114,2.0
2,2,456,1002538,Bridge,bridge 862,N2,A,False,False,7703,2.0
2,2,456,1002539,Bridge,bridge 863,N2,A,False,False,0,2.0
2,2,456,1002540,Link,,N2,,,,0,78.028
2,2,456,1002541,Bridge,bridge 864,N2,A,False,False,0,2.5
2,2,456,1002542,Bridge,bridge 865,N2,A,False,False,0,6.3
2,2,456,1002543,Bridge,bridge 866,N2,A,False,False,140,2.6
2,2,456,1002544,Bridge,bridge 867,N2,A,False,False,0,2.6
2,2,456,1002545,Bridge,bridge 868,N2,A,False,False,239,2.6
2,2,456,1002546,Bridge,bridge 869,N2,A,False,False,0,2.0
2,2,456,1002547,Link,,N2,,,,5469,444.16499999999996
2,2,456,1002549,Bridge,bridge 870,N2,A,False,False,0,7.6
2,2,456,1002550,Bridge,bridge 871,N2,A,False,False,0,2.0
2,2,456,1002551,Bridge,bridge 872,N2,A,False,False,0,2.0
2,2,456,1002552,Bridge,bridge 873,N2,A,False,False,0,6.3
2,2,456,1002553,Bridge,bridge 874,N2,B,False,False,0,7.5
2,2,456,1002554,Link,,N2,,,,841,136.019
2,2,456,1002555,Bridge,bridge 875,N2,A,False,False,0,9.6
2,2,456,1002556,Bridge,bridge 876,N2,A,False,False,0,3.0
2,2,456,1002557,Link,,N2,,,,9250,182.292
2,2,456,1002558,Bridge,bridge 877,N2,A,False,False,0,4.0
2,2,456,1002559,Bridge,bridge 878,N2,A,False,False,0,1.0
2,2,456,1002560,Bridge,bridge 879,N2,A,False,False,0,1.0
2,2,456,1002561,Link,,N2,,,,15184,725.751
2,2,456,1002564,Bridge,bridge 880,N2,A,False,False,0,2.5
2,2,456,1002565,Bridge,bridge 881,N2,A,False,False,0,4.3
2,2,456,1002566,Bridge,bridge 882,N2,A,False,False,0,1.8
2,2,456,1002567,Bridge,bridge 883,N2,A,False,False,0,3.2
2,2,456,1002568,Link,,N2,,,,0,45.938
2,2,456,1002569,Bridge,bridge 884,N2,A,False,False,0,2.0
2,2,456,1002570,Bridge,bridge 885,N2,A,False,False,140,1.5
2,2,456,1002571,Bridge,bridge 886,N2,A,False,False,0,1.5
2,2,456,1002572,Bridge,bridge 887,N2,A,False,False,239,1.5
2,2,456,1002573,Bridge,bridge 888,N2,A,False,False,0,6.4
2,2,456,1002574,Link,,N2,,,,5242,206.677
2,2,456,1002576,Bridge,bridge 889,N2,A,False,False,0,7.0
2,2,456,1002577,Bridge,bridge 890,N2,C,False,False,0,44.3
2,2,456,1002578,Link,,N2,,,,1068,321.725
2,2,456,1002580,Bridge,bridge 891,N2,A,False,False,0,1.5
2,2,456,1002581,Bridge,bridge 892,N2,A,False,False,0,1.5
2,2,456,1002582,Link,,N2,,,,15563,774.3059999999999
2,2,456,1002587,Bridge,bridge 893,N2,A,False,False,0,2.0
2,2,456,1002588,Bridge,bridge 894,N2,A,False,False,0,22.0
2,2,456,1002589,Link,,N2,,,,14494,447.80199999999996
2,2,456,1002591,Bridge,bridge 895,N2,B,False,False,0,14.0
2,2,456,1002592,Link,,N2,,,,0,14.671
2,2,456,1002593,Bridge,bridge 896,N2,A,False,False,0,2.0
2,2,456,1002594,Link,,N2,,,,1068,328.095
2,2,456,1002595,Bridge,bridge 897,N2,A,False,False,0,35.5
2,2,456,1002596,Link,,N2,,,,53,70.67
2,2,456,1002597,Bridge,bridge 898,N2,A,True,True,13590,3.0
2,2,456,1002598,Bridge,bridge 899,N2,A,False,False,0,34.9
2,2,456,1002599,Link,,N2,,,,874,232.391
2,2,456,1002601,Bridge,bridge 900,N2,A,False,False,0,2.0
2,2,456,1002602,Bridge,bridge 901,N2,A,False,False,0,6.03
2,2,456,1002603,Link,,N2,,,,226,154.847
2,2,456,1002604,Bridge,bridge 902,N2,A,False,False,0,2.0
2,2,456,1002605,Link,,N2,,,,3195,301.416
2,2,456,1002606,Bridge,bridge 903,N2,A,False,False,0,1.5
2,2,456,1002607,Link,,N2,,,,12153,398.507
2,2,456,1002608,Bridge,bridge 904,N2,A,False,False,0,1.5
2,2,456,1002609,Link,,N2,,,,226,233.235
2,2,456,1002610,Bridge,bridge 905,N2,A,False,False,3195,73.0
2,2,456,1002611,Link,,N2,,,,0,52.78
2,2,456,1002612,Bridge,bridge 906,N2,A,False,False,0,3.0
2,2,456,1002613,Link,,N2,,,,11279,138.44
2,2,456,1002615,Bridge,bridge 907,N2,A,False,False,0,3.0
2,2,456,1002616,Link,,N2,,,,4295,606.608
2,2,456,1002617,Bridge,bridge 908,N2,A,False,False,0,2.0
2,2,456,1002618,Bridge,bridge 909,N2,A,False,False,0,7.2
2,2,456,1002619,Bridge,bridge 910,N2,A,False,False,0,4.0
2,2,456,1002620,Bridge,bridge 911,N2,B,False,False,0,60.4
2,2,456,1002621,Link,,N2,,,,15576,1311.367
2,2,456,1002625,Bridge,bridge 912,N2,A,False,False,0,15.0
2,2,456,1002626,Link,,N2,,,,0,94.507
2,2,456,1002627,Bridge,bridge 913,N2,A,False,False,0,9.3
2,2,456,1002628,Link,,N2,,,,14858,353.881
2,2,456,1002629,Bridge,bridge 914,N2,B,False,False,229,30.0
2,2,456,1002630,Link,,N2,,,,492,435.484
2,2,456,1002632,Bridge,bridge 915,N2,A,False,False,0,16.75
2,2,456,1002633,Link,,N2,,,,15088,390.369
2,2,456,1002636,Bridge,bridge 916,N2,A,False,False,0,4.0
2,2,456,1002637,Intersection,intersection 12,N2,,,,492,298.701
2,2,456,1002638,Bridge,bridge 917,N2,D,True,True,9613,282.35
2,2,456,1002639,Link,,N2,,,,11600,1881.74
2,2,456,1002643,Bridge,bridge 918,N2,A,False,False,141,25.4
2,2,456,1002644,Link,,N2,,,,11602,1919.023
2,2,456,1002648,Bridge,bridge 919,N2,A,False,False,0,2.0
2,2,456,1002649,Link,,N2,,,,8198,684.982
2,2,456,1002650,Bridge,bridge 920,N2,C,False,False,3403,62.5
2,2,456,1002651,Link,,N2,,,,11602,888.77
2,2,456,1002653,Bridge,bridge 921,N2,A,False,False,0,22.0
2,2,456,1002654,Link,,N2,,,,11604,936.536
2,2,456,1002657,Bridge,bridge 922,N2,A,False,False,0,3.0
2,2,456,1002658,Bridge,bridge 923,N2,A,False,False,1210,24.7
2,2,456,1002659,Link,,N2,,,,10356,660.433
2,2,456,1002661,Bridge,bridge 924,N2,A,False,False,0,24.5
2,2,456,1002662,Link,,N2,,,,0,21.809
2,2,456,1002663,Bridge,bridge 925,N2,A,False,False,0,3.0
2,2,456,1002664,Link,,N2,,,,11448,694.17
2,2,456,1002666,Bridge,bridge 926,N2,A,False,False,158,2.5
2,2,456,1002667,Bridge,bridge 927,N2,A,False,False,0,2.0
2,2,456,1002668,Link,,N2,,,,11606,1032.427
2,2,456,1002670,Bridge,bridge 928,N2,A,False,False,0,8.2
2,2,456,1002671,Link,,N2,,,,11611,1870.109
2,2,456,1002673,Bridge,bridge 929,N2,A,False,False,0,3.0
2,2,456,1002674,Link,,N2,,,,11610,1061.1970000000001
2,2,456,1002677,Bridge,bridge 930,N2,A,False,False,0,7.2
2,2,456,1002678,Link,,N2,,,,158,22.84
2,2,456,1002679,Bridge,bridge 931,N2,A,False,False,0,2.0
2,2,456,1002680,Link,,N2,,,,11609,1558.5
2,2,456,1002683,Bridge,bridge 932,N2,A,False,False,0,2.0
2,2,456,1002684,Link,,N2,,,,11610,746.356
2,2,456,1002686,Bridge,bridge 933,N2,A,False,False,0,1.5
2,2,456,1002687,Link,,N2,,,,1490,346.666
2,2,456,1002688,Bridge,bridge 934,N2,A,False,False,0,2.0
2,2,456,1002689,Bridge,bridge 935,N2,A,False,False,0,1.5
2,2,456,1002690,Link,,N2,,,,11615,1445.407
2,2,456,1002693,Bridge,bridge 936,N2,A,False,False,0,2.0
2,2,456,1002694,Bridge,bridge 937,N2,A,False,False,0,2.0
2,2,456,1002695,Link,,N2,,,,1248,67.272
2,2,456,1002696,Bridge,bridge 938,N2,A,False,False,0,2.0
2,2,456,1002697,Bridge,bridge 939,N2,A,False,False,0,2.0
2,2,456,1002698,Link,,N2,,,,316,99.465
2,2,456,1002699,Bridge,bridge 940,N2,C,True,True,9609,12.4
2,2,456,1002700,Link,,N2,,,,174,198.038
2,2,456,1002701,Bridge,bridge 941,N2,A,False,False,0,2.5
2,2,456,1002702,Bridge,bridge 942,N2,A,False,False,0,2.5
2,2,456,1002703,Link,,N2,,,,11624,2581.869
2,2,456,1002707,Bridge,bridge 943,N2,A,False,False,0,2.5
2,2,456,1002708,Link,,N2,,,,11626,1307.872
2,2,456,1002710,Bridge,bridge 944,N2,B,False,False,0,11.8
2,2,456,1002711,Link,,N2,,,,11629,1429.0349999999999
2,2,456,1002714,Bridge,bridge 945,N2,B,False,False,0,3.0
2,2,456,1002715,Link,,N2,,,,11630,984.1110000000001
2,2,456,1002717,Bridge,bridge 946,N2,B,False,False,174,12.2
2,2,456,1002718,Link,,N2,,,,5092,249.482
2,2,456,1002719,Bridge,bridge 947,N2,A,False,False,0,3.0
2,2,456,1002720,Bridge,bridge 948,N2,A,False,False,0,3.0
2,2,456,1002721,Link,,N2,,,,6363,434.363
2,2,456,1002724,Bridge,bridge 949,N2,A,False,False,0,40.8
2,2,456,1002725,Link,,N2,,,,11632,1123.91
2,2,456,1002729,Bridge,bridge 950,N2,A,False,False,0,1.5
2,2,456,1002730,Link,,N2,,,,157,142.249
2,2,456,1002731,Bridge,bridge 951,N2,B,False,False,0,7.0
2,2,456,1002732,Link,,N2,,,,11474,686.334
2,2,456,1002734,Bridge,bridge 952,N2,A,False,False,0,21.0
2,2,456,1002735,Intersection,intersection 13,N2,,,,157,165.466
2,2,456,1002736,Link,,N2,,,,12,34.551
2,2,456,1002737,Bridge,bridge 953,N2,A,False,False,0,9.5
2,2,456,1002738,Link,,N2,,,,3236,203.526
2,2,456,1002739,Bridge,bridge 954,N2,B,False,False,5850,298.2
2,2,456,1002740,Link,,N2,,,,101,287.749
2,2,456,1002741,Bridge,bridge 955,N2,A,False,False,0,9.1
2,2,456,1002742,Link,,N2,,,,9176,643.649
2,2,456,1002744,Bridge,bridge 956,N2,A,False,False,0,4.4
2,2,456,1002745,Bridge,bridge 957,N2,A,False,False,0,3.0
2,2,456,1002746,Bridge,bridge 958,N2,A,False,False,0,2.0
2,2,456,1002747,Bridge,bridge 959,N2,A,False,False,0,8.5
2,2,456,1002748,Link,,N2,,,,9187,1384.93
2,2,456,1002752,Bridge,bridge 960,N2,A,True,True,7368,2.0
2,2,456,1002753,Bridge,bridge 961,N2,B,True,True,7380,6.1
2,2,456,1002754,Link,,N2,,,,5623,162.772
2,2,456,1002755,Bridge,bridge 962,N2,A,False,False,0,2.0
2,2,456,1002756,Link,,N2,,,,9207,1022.999
2,2,456,1002758,Bridge,bridge 963,N2,C,False,False,0,11.85
2,2,456,1002759,Link,,N2,,,,9207,956.4200000000001
2,2,456,1002761,Bridge,bridge 964,N2,A,False,False,0,11.7
2,2,456,1002762,Link,,N2,,,,1930,319.173
2,2,456,1002764,Bridge,bridge 965,N2,C,True,True,7413,15.0
2,2,456,1002765,Link,,N2,,,,0,12.797
2,2,456,1002766,Bridge,bridge 966,N2,A,False,False,0,3.0
2,2,456,1002767,Link,,N2,,,,5759,216.553
2,2,456,1002768,Bridge,bridge 967,N2,A,False,False,0,3.0
2,2,456,1002769,Link,,N2,,,,9236,957.067
2,2,456,1002770,Bridge,bridge 968,N2,A,False,False,0,14.4
2,2,456,1002771,Link,,N2,,,,9236,974.998
2,2,456,1002773,Bridge,bridge 969,N2,B,False,False,0,12.45
2,2,456,1002774,Link,,N2,,,,0,12.354
2,2,456,1002775,Bridge,bridge 970,N2,A,False,False,0,3.0
2,2,456,1002776,Link,,N2,,,,99,107.866
2,2,456,1002777,Bridge,bridge 971,N2,A,False,False,0,3.0
2,2,456,1002778,Link,,N2,,,,7497,342.216
2,2,456,1002779,Bridge,bridge 972,N2,A,False,False,1405,6.0
2,2,456,1002780,Bridge,bridge 973,N2,A,False,False,0,9.25
2,2,456,1002781,Link,,N2,,,,9240,1732.716
2,2,456,1002784,Bridge,bridge 974,N2,A,False,False,0,3.0
2,2,456,1002785,Link,,N2,,,,181,325.774
2,2,456,1002786,Bridge,bridge 975,N2,A,False,False,0,9.25
2,2,456,1002787,Link,,N2,,,,0,6.401
2,2,456,1002788,Bridge,bridge 976,N2,A,False,False,0,3.9
2,2,456,1002789,Link,,N2,,,,1823,173.234
2,2,456,1002790,Bridge,bridge 977,N2,A,True,True,7413,6.5
2,2,456,1002791,Link,,N2,,,,9248,935.453
2,2,456,1002793,Bridge,bridge 978,N2,A,False,False,0,9.0
2,2,456,1002794,Link,,N2,,,,330,469.895
2,2,456,1002795,Bridge,bridge 979,N2,A,False,False,0,6.85
2,2,456,1002796,Link,,N2,,,,89,160.336
2,2,456,1002797,Bridge,bridge 980,N2,A,True,True,7432,3.0
2,2,456,1002798,Link,,N2,,,,9263,819.379
2,2,456,1002799,Bridge,bridge 981,N2,A,False,False,0,4.5
2,2,456,1002800,Link,,N2,,,,9264,801.479
2,2,456,1002801,Bridge,bridge 982,N2,A,False,False,12,90.8
2,2,456,1002802,Link,,N2,,,,9263,956.509
2,2,456,1002804,Bridge,bridge 983,N2,B,False,False,0,83.1
2,2,456,1002805,Link,,N2,,,,9264,1446.856
2,2,456,1002808,Bridge,bridge 984,N2,B,False,False,40,36.3
2,2,456,1002809,Link,,N2,,,,9266,1499.504
2,2,456,1002812,Bridge,bridge 985,N2,C,False,False,1427,36.0
2,2,456,1002813,Link,,N2,,,,328,513.029
2,2,456,1002815,Bridge,bridge 986,N2,B,False,False,5681,55.5
2,2,456,1002816,Link,,N2,,,,9266,1023.5450000000001
2,2,456,1002819,Bridge,bridge 987,N2,A,False,False,0,12.4
2,2,456,1002820,Link,,N2,,,,231,292.574
2,2,456,1002821,Bridge,bridge 988,N2,A,False,False,0,6.1
2,2,456,1002822,Bridge,bridge 989,N2,A,False,False,0,9.1
2,2,456,1002823,Link,,N2,,,,97,148.438
2,2,456,1002824,Bridge,bridge 990,N2,A,False,False,0,9.1
2,2,456,1002825,Link,,N2,,,,9264,815.6800000000001
2,2,456,1002827,Bridge,bridge 991,N2,B,False,False,0,21.75
2,2,456,1002828,Link,,N2,,,,9266,1619.202
2,2,456,1002831,Bridge,bridge 992,N2,A,False,False,5685,21.4
2,2,456,1002832,Link,,N2,,,,9268,825.895
2,2,456,1002835,Bridge,bridge 993,N2,B,False,False,1828,190.5
2,2,456,1002836,Link,,N2,,,,9270,775.3
2,2,456,1002838,Bridge,bridge 994,N2,B,False,False,0,26.0
2,2,456,1002839,Link,,N2,,,,9271,1558.544
2,2,456,1002842,Bridge,bridge 995,N2,A,False,False,1427,87.5
2,2,456,1002843,Link,,N2,,,,149,100.771
2,2,456,1002845,Bridge,bridge 996,N2,A,False,False,0,26.0
2,2,456,1002846,Link,,N2,,,,0,21.627
2,2,456,1002847,Bridge,bridge 997,N2,A,False,False,0,22.0
2,2,456,1002848,Link,,N2,,,,82,39.883
2,2,456,1002850,Bridge,bridge 998,N2,A,False,False,0,79.0
2,2,456,1002851,Link,,N2,,,,97,93.065
2,2,456,1002853,Bridge,bridge 999,N2,A,False,False,0,14.4
2,2,456,1002854,Link,,N2,,,,9091,545.778
2,2,456,1002856,Bridge,bridge 1000,N2,B,False,False,82,63.5
2,2,456,1002857,Link,,N2,,,,5876,380.79999999999995
2,2,456,1002859,Bridge,bridge 1001,N2,A,False,False,1724,47.5
2,2,456,1002860,Link,,N2,,,,0,45.447
2,2,456,1002861,Bridge,bridge 1002,N2,A,False,False,0,17.0
2,2,456,1002862,Link,,N2,,,,12,20.842
2,2,456,1002863,Bridge,bridge 1003,N2,C,False,False,0,36.5
2,2,456,1002864,Link,,N2,,,,1755,486.054
2,2,456,1002866,Bridge,bridge 1004,N2,A,True,True,7488,81.0
2,2,456,1002867,Link,,N2,,,,9312,732.939
2,2,456,1002869,Bridge,bridge 1005,N2,B,False,False,0,36.5
2,2,456,1002870,Link,,N2,,,,9317,3796.6769999999997
2,2,456,1002875,Bridge,bridge 1006,N2,A,False,False,0,39.5
2,2,456,1002876,Link,,N2,,,,96,107.761
2,2,456,1002878,Bridge,bridge 1007,N2,A,False,False,1695,24.5
2,2,456,1002879,Link,,N2,,,,9317,2738.575
2,2,456,1002883,Bridge,bridge 1008,N2,A,False,False,0,6.5
2,2,456,1002884,Bridge,bridge 1009,N2,A,False,False,0,7.0
2,2,456,1002885,Link,,N2,,,,2017,508.615
2,2,456,1002886,Bridge,bridge 1010,N2,A,False,False,0,5.0
2,2,456,1002887,Bridge,bridge 1011,N2,A,False,False,0,40.0
2,2,456,1002888,Link,,N2,,,,9316,1494.3740000000003
2,2,456,1002895,SourceSink,sourcesink 12,N2,,,,2116,300.072
2,2,456,1002897,SourceSink,sourcesink 13,N204,,,,2507,485.16
2,2,456,1002898,Link,,N204,,,,0,89.623
2,2,456,1002899,Bridge,bridge 1012,N204,B,False,False,0,40.0
2,2,456,1002900,Link,,N204,,,,0,33.97
2,2,456,1002901,Bridge,bridge 1013,N204,C,False,False,0,3.85
2,2,456,1002902,Bridge,bridge 1014,N204,C,False,False,0,12.6
2,2,456,1002903,Link,,N204,,,,0,124.062
2,2,456,1002904,Bridge,bridge 1015,N204,B,False,False,0,9.5
2,2,456,1002905,Link,,N204,,,,0,455.787
2,2,456,1002906,Bridge,bridge 1016,N204,B,False,False,0,3.0
2,2,456,1002907,Link,,N204,,,,0,8665.160000000002
2,2,456,1002922,Bridge,bridge 1017,N204,C,False,False,0,4.6
2,2,456,1002923,Link,,N204,,,,0,1324.397
2,2,456,1002927,Bridge,bridge 1018,N204,A,False,False,0,24.8
2,2,456,1002928,Link,,N204,,,,0,2102.199
2,2,456,1002936,Bridge,bridge 1019,N204,A,False,False,0,1.65
2,2,456,1002937,Link,,N204,,,,0,3502.014
2,2,456,1002949,Bridge,bridge 1020,N204,D,False,False,0,13.5
2,2,456,1002950,Link,,N204,,,,0,3232.085
2,2,456,1002959,Bridge,bridge 1021,N204,A,False,False,0,6.2
2,2,456,1002960,Link,,N204,,,,0,278.216
2,2,456,1002961,Bridge,bridge 1022,N204,B,False,False,0,39.5
2,2,456,1002962,Link,,N204,,,,0,3110.06
2,2,456,1002970,Bridge,bridge 1023,N204,A,False,False,0,9.24
2,2,456,1002971,Link,,N204,,,,0,3458.5240000000003
2,2,456,1002979,Bridge,bridge 1024,N204,A,False,False,0,2.24
2,2,456,1002980,Link,,N204,,,,0,89.915
2,2,456,1002982,Bridge,bridge 1025,N204,A,False,False,0,3.1
2,2,456,1002983,Link,,N204,,,,0,681.198
2,2,456,1002984,Bridge,bridge 1026,N204,C,False,False,0,24.2
2,2,456,1002985,Link,,N204,,,,0,727.84
2,2,456,1002987,SourceSink,sourcesink 14,N204,,,,2549,27.37
2,2,456,1002990,SourceSink,sourcesink 15,N207,,,,5469,276.736
2,2,456,1002991,Bridge,bridge 1027,N207,C,False,False,0,22.29
2,2,456,1002992,Link,,N207,,,,1360,542.263
2,2,456,1002994,Bridge,bridge 1028,N207,C,False,False,0,19.4
2,2,456,1002995,Link,,N207,,,,228,474.715
2,2,456,1002997,Bridge,bridge 1029,N207,C,False,False,0,30.76
2,2,456,1002998,Link,,N207,,,,0,105.483
2,2,456,1003001,Bridge,bridge 1030,N207,B,False,False,942,38.25
2,2,456,1003002,Link,,N207,,,,1360,3948.8269999999998
2,2,456,1003009,Bridge,bridge 1031,N207,C,True,True,1094,18.7
2,2,456,1003010,Link,,N207,,,,1364,5187.763999999999
2,2,456,1003022,Bridge,bridge 1032,N207,A,False,False,0,2.5
2,2,456,1003023,Link,,N207,,,,1364,2610.16
2,2,456,1003027,Bridge,bridge 1033,N207,A,False,False,0,13.5
2,2,456,1003028,Link,,N207,,,,377,184.585
2,2,456,1003029,Bridge,bridge 1034,N207,B,False,False,0,31.4
2,2,456,1003030,Link,,N207,,,,0,31.571
2,2,456,1003031,Bridge,bridge 1035,N207,A,False,False,0,1.5
2,2,456,1003032,Link,,N207,,,,0,35.965
2,2,456,1003033,Bridge,bridge 1036,N207,A,True,True,1143,45.0
2,2,456,1003034,Link,,N207,,,,1371,917.582
2,2,456,1003036,Bridge,bridge 1037,N207,B,False,False,0,23.2
2,2,456,1003037,Link,,N207,,,,1371,2849.6859999999997
2,2,456,1003042,Bridge,bridge 1038,N207,A,False,False,0,12.0
2,2,456,1003043,Link,,N207,,,,1372,2059.217
2,2,456,1003048,Bridge,bridge 1039,N207,A,False,False,0,3.0
2,2,456,1003049,Bridge,bridge 1040,N207,B,False,False,0,9.2
2,2,456,1003050,Link,,N207,,,,1184,236.082
2,2,456,1003051,Bridge,bridge 1041,N207,B,False,False,0,4.5
2,2,456,1003052,Link,,N207,,,,0,176.482
2,2,456,1003053,Bridge,bridge 1042,N207,A,False,False,0,19.0
2,2,456,1003054,Link,,N207,,,,1372,863.5150000000001
2,2,456,1003056,Bridge,bridge 1043,N207,B,False,False,39,6.0
2,2,456,1003057,Link,,N207,,,,0,342.462
2,2,456,1003058,Bridge,bridge 1044,N207,A,False,False,0,15.8
2,2,456,1003059,Link,,N207,,,,0,126.023
2,2,456,1003061,Bridge,bridge 1045,N207,A,True,True,1105,4.0
2,2,456,1003062,Bridge,bridge 1046,N207,A,False,False,0,4.5
2,2,456,1003063,Link,,N207,,,,1227,352.926
2,2,456,1003064,Bridge,bridge 1047,N207,A,False,False,0,1.5
2,2,456,1003065,Bridge,bridge 1048,N207,A,False,False,0,4.5
2,2,456,1003066,Link,,N207,,,,379,458.633
2,2,456,1003068,Bridge,bridge 1049,N207,C,True,True,1108,6.0
2,2,456,1003069,Bridge,bridge 1050,N207,A,False,False,0,12.4
2,2,456,1003070,Link,,N207,,,,1377,1928.826
2,2,456,1003074,Bridge,bridge 1051,N207,D,False,False,0,12.7
2,2,456,1003075,Link,,N207,,,,0,369.303
2,2,456,1003077,Bridge,bridge 1052,N207,A,False,False,0,6.0
2,2,456,1003078,Bridge,bridge 1053,N207,A,False,False,0,4.5
2,2,456,1003079,Link,,N207,,,,1377,487.679
2,2,456,1003080,Bridge,bridge 1054,N207,A,False,False,0,6.0
2,2,456,1003081,Link,,N207,,,,1378,2930.5520000000006
2,2,456,1003087,Bridge,bridge 1055,N207,C,True,True,1110,6.0
2,2,456,1003088,Bridge,bridge 1056,N207,A,False,False,0,8.2
2,2,456,1003089,Link,,N207,,,,39,167.644
2,2,456,1003090,Bridge,bridge 1057,N207,B,False,False,0,6.0
2,2,456,1003091,Bridge,bridge 1058,N207,B,False,False,0,12.2
2,2,456,1003092,Link,,N207,,,,0,106.521
2,2,456,1003093,Bridge,bridge 1059,N207,A,False,False,0,4.5
2,2,456,1003094,Bridge,bridge 1060,N207,A,False,False,0,4.5
2,2,456,1003095,Link,,N207,,,,0,235.164
2,2,456,1003096,Bridge,bridge 1061,N207,A,False,False,0,1.5
2,2,456,1003097,Bridge,bridge 1062,N207,D,True,True,1113,4.35
2,2,456,1003098,Link,,N207,,,,271,410.51
2,2,456,1003099,Bridge,bridge 1063,N207,A,False,False,0,3.0
2,2,456,1003100,Bridge,bridge 1064,N207,A,False,False,0,3.0
2,2,456,1003101,Link,,N207,,,,0,336.098
2,2,456,1003102,Bridge,bridge 1065,N207,C,True,True,1115,6.0
2,2,456,1003104,Bridge,bridge 1066,N207,A,False,False,0,38.0
2,2,456,1003105,Link,,N207,,,,290,7278.420999999999
2,2,456,1003118,Bridge,bridge 1067,N207,A,True,True,227,4.55
2,2,456,1003119,Bridge,bridge 1068,N207,A,False,False,0,9.2
2,2,456,1003120,Link,,N207,,,,0,18.737
2,2,456,1003121,Bridge,bridge 1069,N207,A,False,False,0,12.1
2,2,456,1003122,Link,,N207,,,,223,677.04
2,2,456,1003123,Bridge,bridge 1070,N207,A,False,False,0,1.5
2,2,456,1003124,Link,,N207,,,,290,2428.211
2,2,456,1003128,Bridge,bridge 1071,N207,A,False,False,0,20.8
2,2,456,1003129,Link,,N207,,,,268,322.37399999999997
2,2,456,1003131,Bridge,bridge 1072,N207,A,False,False,0,14.0
2,2,456,1003132,Link,,N207,,,,290,2234.423
2,2,456,1003135,Bridge,bridge 1073,N207,A,False,False,0,4.5
2,2,456,1003136,Link,,N207,,,,290,1212.159
2,2,456,1003139,Bridge,bridge 1074,N207,C,False,False,22,61.6
2,2,456,1003140,Link,,N207,,,,0,85.165
2,2,456,1003141,Bridge,bridge 1075,N207,A,False,False,0,3.5
2,2,456,1003142,Link,,N207,,,,268,631.517
2,2,456,1003143,Bridge,bridge 1076,N207,A,False,False,0,12.5
2,2,456,1003144,Link,,N207,,,,290,699.0550000000001
2,2,456,1003146,Bridge,bridge 1077,N207,B,False,False,0,101.6
2,2,456,1003147,Link,,N207,,,,290,2653.833
2,2,456,1003153,SourceSink,sourcesink 16,N207,,,,2585,919.16
2,2,456,1003156,SourceSink,sourcesink 17,N208,,,,478,879.095
2,2,456,1003157,Bridge,bridge 1079,N208,B,False,False,0,51.0
2,2,456,1003158,Link,,N208,,,,90,630.398
2,2,456,1003160,Bridge,bridge 1080,N208,A,False,False,0,18.0
2,2,456,1003161,Link,,N208,,,,171,672.3910000000001
2,2,456,1003164,Bridge,bridge 1081,N208,B,False,False,72,137.4
2,2,456,1003165,Link,,N208,,,,153,488.461
2,2,456,1003167,Bridge,bridge 1082,N208,A,False,False,0,1.0
2,2,456,1003168,Link,,N208,,,,243,394.686
2,2,456,1003169,Bridge,bridge 1083,N208,A,False,False,0,9.5
2,2,456,1003170,Link,,N208,,,,18,497.864
2,2,456,1003172,Bridge,bridge 1084,N208,A,False,False,0,18.0
2,2,456,1003173,Link,,N208,,,,224,365.169
2,2,456,1003174,Bridge,bridge 1085,N208,A,False,False,0,14.0
2,2,456,1003175,Link,,N208,,,,242,939.511
2,2,456,1003177,Bridge,bridge 1086,N208,A,False,False,0,12.5
2,2,456,1003178,Link,,N208,,,,18,307.172
2,2,456,1003179,Bridge,bridge 1087,N208,C,False,False,72,41.7
2,2,456,1003180,Link,,N208,,,,152,409.35699999999997
2,2,456,1003182,Bridge,bridge 1088,N208,A,False,False,0,9.3
2,2,456,1003183,Bridge,bridge 1089,N208,A,False,False,0,2.1
2,2,456,1003184,Link,,N208,,,,242,566.354
2,2,456,1003185,Bridge,bridge 1090,N208,A,False,False,0,3.0
2,2,456,1003186,Bridge,bridge 1091,N208,A,False,False,0,1.6
2,2,456,1003187,Link,,N208,,,,0,155.54
2,2,456,1003188,Bridge,bridge 1092,N208,A,False,False,0,12.4
2,2,456,1003189,Link,,N208,,,,242,647.296
2,2,456,1003191,Bridge,bridge 1093,N208,A,False,False,0,3.0
2,2,456,1003192,Link,,N208,,,,0,341.125
2,2,456,1003194,Bridge,bridge 1094,N208,B,False,False,0,6.0
2,2,456,1003195,Link,,N208,,,,18,198.986
2,2,456,1003196,Bridge,bridge 1095,N208,A,False,False,0,13.4
2,2,456,1003197,Link,,N208,,,,242,849.493
2,2,456,1003198,Bridge,bridge 1096,N208,A,False,False,0,8.25
2,2,456,1003199,Bridge,bridge 1097,N208,B,False,False,0,12.45
2,2,456,1003200,Link,,N208,,,,170,744.427
2,2,456,1003201,Bridge,bridge 1098,N208,A,True,True,190,9.25
2,2,456,1003202,Link,,N208,,,,243,1909.788
2,2,456,1003206,Bridge,bridge 1099,N208,C,False,False,0,22.0
2,2,456,1003207,Link,,N208,,,,243,917.7479999999999
2,2,456,1003209,Bridge,bridge 1100,N208,A,False,False,0,38.8
2,2,456,1003210,Link,,N208,,,,0,39.263
2,2,456,1003211,Bridge,bridge 1101,N208,A,False,False,0,4.5
2,2,456,1003212,Bridge,bridge 1102,N208,B,False,False,0,14.0
2,2,456,1003213,Link,,N208,,,,136,330.88
2,2,456,1003215,Bridge,bridge 1103,N208,A,False,False,0,3.0
2,2,456,1003216,Link,,N208,,,,125,568.654
2,2,456,1003217,Bridge,bridge 1104,N208,B,False,False,0,3.1
2,2,456,1003218,Bridge,bridge 1105,N208,A,False,False,0,3.1
2,2,456,1003219,Link,,N208,,,,118,241.195
2,2,456,1003221,Bridge,bridge 1106,N208,A,False,False,0,3.1
2,2,456,1003222,Bridge,bridge 1107,N208,A,False,False,0,3.1
2,2,456,1003223,Bridge,bridge 1108,N208,A,False,False,0,9.5
2,2,456,1003224,Link,,N208,,,,107,525.529
2,2,456,1003227,Bridge,bridge 1109,N208,C,False,False,18,10.3
2,2,456,1003228,Link,,N208,,,,118,263.49
2,2,456,1003229,Bridge,bridge 1110,N208,B,False,False,0,3.0
2,2,456,1003230,Bridge,bridge 1111,N208,D,True,True,225,41.55
2,2,456,1003231,Link,,N208,,,,0,42.537
2,2,456,1003232,Bridge,bridge 1112,N208,B,False,False,0,3.0
2,2,456,1003233,Link,,N208,,,,0,172.081
2,2,456,1003234,Bridge,bridge 1113,N208,A,False,False,0,3.0
2,2,456,1003235,Link,,N208,,,,243,930.405
2,2,456,1003237,Bridge,bridge 1114,N208,B,False,False,0,3.0
2,2,456,1003238,Bridge,bridge 1115,N208,B,False,False,0,31.1
2,2,456,1003239,Link,,N208,,,,18,369.387
2,2,456,1003240,Bridge,bridge 1116,N208,A,False,False,118,4.5
2,2,456,1003241,Bridge,bridge 1117,N208,B,True,True,191,1.5
2,2,456,1003242,Bridge,bridge 1118,N208,A,False,False,0,3.0
2,2,456,1003243,Link,,N208,,,,34,18.746
2,2,456,1003244,Bridge,bridge 1119,N208,A,False,False,0,4.5
2,2,456,1003245,Link,,N208,,,,73,291.376
2,2,456,1003246,Bridge,bridge 1120,N208,A,False,False,0,4.6
2,2,456,1003247,Link,,N208,,,,0,118.184
2,2,456,1003248,Bridge,bridge 1121,N208,A,False,False,0,4.6
2,2,456,1003249,Bridge,bridge 1122,N208,A,False,False,0,3.0
2,2,456,1003250,Bridge,bridge 1123,N208,A,False,False,0,29.0
2,2,456,1003251,Link,,N208,,,,170,405.848
2,2,456,1003253,Bridge,bridge 1124,N208,A,False,False,0,4.6
2,2,456,1003254,Bridge,bridge 1125,N208,A,False,False,0,3.0
2,2,456,1003255,Link,,N208,,,,73,433.09000000000003
2,2,456,1003257,Bridge,bridge 1126,N208,A,False,False,0,3.0
2,2,456,1003258,Bridge,bridge 1127,N208,A,False,False,18,6.0
2,2,456,1003259,Bridge,bridge 1128,N208,A,False,False,0,3.0
2,2,456,1003260,Link,,N208,,,,0,164.302
2,2,456,1003261,Bridge,bridge 1129,N208,A,False,False,0,6.0
2,2,456,1003262,Bridge,bridge 1130,N208,A,False,False,0,3.0
2,2,456,1003263,Bridge,bridge 1131,N208,A,False,False,0,25.8
2,2,456,1003264,Link,,N208,,,,225,351.64
2,2,456,1003267,Bridge,bridge 1132,N208,A,False,False,0,3.0
2,2,456,1003268,Bridge,bridge 1133,N208,A,False,False,0,3.0
2,2,456,1003269,Link,,N208,,,,170,540.662
2,2,456,1003270,Bridge,bridge 1134,N208,A,False,False,0,3.0
2,2,456,1003271,Bridge,bridge 1135,N208,A,False,False,0,4.6
2,2,456,1003272,Bridge,bridge 1136,N208,A,False,False,0,3.0
2,2,456,1003273,Bridge,bridge 1137,N208,A,False,False,0,4.6
2,2,456,1003274,Link,,N208,,,,0,108.699
2,2,456,1003275,Bridge,bridge 1138,N208,C,True,True,191,6.0
2,2,456,1003276,Bridge,bridge 1139,N208,A,False,False,0,3.0
2,2,456,1003277,Bridge,bridge 1140,N208,A,False,False,0,3.0
2,2,456,1003278,Bridge,bridge 1141,N208,A,False,False,0,6.0
2,2,456,1003279,Bridge,bridge 1142,N208,A,False,False,0,6.0
2,2,456,1003280,Link,,N208,,,,0,322.598
2,2,456,1003282,Bridge,bridge 1143,N208,A,False,False,0,6.1
2,2,456,1003283,Link,,N208,,,,242,1839.938
2,2,456,1003287,Bridge,bridge 1144,N208,C,True,True,224,117.0
2,2,456,1003288,Link,,N208,,,,73,424.957
2,2,456,1003290,Bridge,bridge 1145,N208,A,False,False,0,5.7
2,2,456,1003291,Link,,N208,,,,241,1396.933
2,2,456,1003294,Bridge,bridge 1146,N208,B,False,False,73,89.6
2,2,456,1003295,Link,,N208,,,,241,3060.69
2,2,456,1003303,Bridge,bridge 1147,N208,A,False,False,0,30.3
2,2,456,1003304,Link,,N208,,,,241,827.4179999999999
2,2,456,1003306,Bridge,bridge 1148,N208,A,False,False,0,1.5
2,2,456,1003307,Bridge,bridge 1149,N208,C,True,True,190,29.2
2,2,456,1003308,Link,,N208,,,,239,5801.887000000001
2,2,456,1003319,Bridge,bridge 1150,N208,B,False,False,0,32.0
2,2,456,1003320,Link,,N208,,,,239,4576.815
2,2,456,1003330,SourceSink,sourcesink 18,N208,,,,3057,985.176
2,3,789,1000000,SourceSink,sourcesink 1,N1,,,,2673,0.0
2,3,789,1000001,Link,,N1,,,,9874,7901.113999999999
2,3,789,1000015,Bridge,bridge 1,N1,C,False,False,9632,397.0
2,3,789,1000016,Link,,N1,,,,75,70.954
2,3,789,1000017,Intersection,intersection 1,N1,,,,324,252.369
2,3,789,1000018,Link,,N1,,,,10243,715.823
2,3,789,1000019,Bridge,bridge 2,N1,B,False,False,0,8.0
2,3,789,1000020,Bridge,bridge 3,N1,A,False,False,0,6.3
2,3,789,1000021,Bridge,bridge 4,N1,A,False,False,0,6.3
2,3,789,1000022,Link,,N1,,,,156,135.756
2,3,789,1000023,Bridge,bridge 5,N1,A,False,False,0,8.3
2,3,789,1000024,Link,,N1,,,,10075,587.193
2,3,789,1000026,Bridge,bridge 6,N1,A,False,False,0,9.3
2,3,789,1000027,Bridge,bridge 7,N1,A,False,False,0,6.1
2,3,789,1000028,Intersection,intersection 2,N1,,,,620,163.334
2,3,789,1000029,Link,,N1,,,,14216,582.564
2,3,789,1000030,Bridge,bridge 8,N1,A,False,False,0,26.3
2,3,789,1000031,Link,,N1,,,,14839,2839.505
2,3,789,1000035,Bridge,bridge 9,N1,B,False,False,0,5.55
2,3,789,1000036,Link,,N1,,,,14835,888.934
2,3,789,1000040,Bridge,bridge 10,N1,C,False,False,5365,159.52
2,3,789,1000041,Link,,N1,,,,11979,663.843
2,3,789,1000044,Bridge,bridge 11,N1,B,False,False,0,20.0
2,3,789,1000045,Bridge,bridge 12,N1,A,False,False,0,20.45
2,3,789,1000046,Link,,N1,,,,6356,621.042
2,3,789,1000047,Bridge,bridge 13,N1,C,False,False,0,40.5
2,3,789,1000048,Bridge,bridge 14,N1,B,True,True,12165,40.33
2,3,789,1000049,Link,,N1,,,,0,6.8
2,3,789,1000050,Bridge,bridge 15,N1,A,False,False,0,6.0
2,3,789,1000051,Bridge,bridge 16,N1,B,False,False,0,10.4
2,3,789,1000052,Link,,N1,,,,14859,1280.083
2,3,789,1000056,Bridge,bridge 17,N1,B,False,False,0,5.5
2,3,789,1000057,Link,,N1,,,,14858,874.029
2,3,789,1000061,Bridge,bridge 18,N1,B,False,False,6587,213.5
2,3,789,1000062,Link,,N1,,,,747,67.955
2,3,789,1000063,Bridge,bridge 19,N1,C,False,False,14859,900.0
2,3,789,1000064,Link,,N1,,,,14859,1110.6100000000001
2,3,789,1000066,Bridge,bridge 20,N1,A,False,False,0,5.6
2,3,789,1000067,Bridge,bridge 21,N1,A,True,True,11895,5.5
2,3,789,1000068,Link,,N1,,,,1077,316.921
2,3,789,1000069,Bridge,bridge 22,N1,A,False,False,0,5.6
2,3,789,1000070,Link,,N1,,,,969,140.219
2,3,789,1000071,Bridge,bridge 23,N1,A,False,False,309,163.5
2,3,789,1000072,Bridge,bridge 24,N1,A,True,True,12582,172.1
2,3,789,1000073,Link,,N1,,,,7456,415.733
2,3,789,1000075,Bridge,bridge 25,N1,A,False,False,473,29.0
2,3,789,1000076,Bridge,bridge 26,N1,A,False,False,0,29.77
2,3,789,1000077,Link,,N1,,,,13892,649.727
2,3,789,1000078,Bridge,bridge 27,N1,A,False,False,0,34.7
2,3,789,1000079,Link,,N1,,,,8731,643.097
2,3,789,1000083,Bridge,bridge 28,N1,B,False,False,5880,26.3
2,3,789,1000084,Link,,N1,,,,14862,845.4590000000001
2,3,789,1000087,Bridge,bridge 29,N1,A,False,False,0,29.0
2,3,789,1000088,Link,,N1,,,,8486,582.337
2,3,789,1000089,Bridge,bridge 30,N1,A,False,False,0,9.1
2,3,789,1000090,Bridge,bridge 31,N1,A,False,False,0,5.2
2,3,789,1000091,Link,,N1,,,,14863,1700.003
2,3,789,1000094,Bridge,bridge 32,N1,A,True,True,11889,9.5
2,3,789,1000095,Link,,N1,,,,14857,945.9390000000001
2,3,789,1000098,Bridge,bridge 33,N1,B,False,False,494,24.5
2,3,789,1000099,Link,,N1,,,,14869,8876.918
2,3,789,1000118,Bridge,bridge 34,N1,C,False,False,0,3.9
2,3,789,1000119,Link,,N1,,,,14864,932.32
2,3,789,1000122,Bridge,bridge 35,N1,C,False,False,0,6.5
2,3,789,1000123,Link,,N1,,,,14877,8687.705000000002
2,3,789,1000137,Bridge,bridge 36,N1,C,True,True,11926,28.9
2,3,789,1000138,Link,,N1,,,,14883,11234.391
2,3,789,1000158,Bridge,bridge 37,N1,A,False,False,0,4.5
2,3,789,1000159,Link,,N1,,,,14867,2988.225
2,3,789,1000165,Bridge,bridge 38,N1,C,True,True,11942,23.1
2,3,789,1000166,Link,,N1,,,,14871,2177.616
2,3,789,1000170,Bridge,bridge 39,N1,B,False,False,0,4.6
2,3,789,1000171,Link,,N1,,,,0,159.478
2,3,789,1000172,Bridge,bridge 40,N1,B,False,False,0,4.6
2,3,789,1000173,Link,,N1,,,,11279,130.454
2,3,789,1000174,Bridge,bridge 41,N1,A,False,False,0,1.5
2,3,789,1000175,Link,,N1,,,,14872,1197.6689999999999
2,3,789,1000177,Bridge,bridge 42,N1,C,False,False,0,1.0
2,3,789,1000178,Link,,N1,,,,14872,2718.9559999999997
2,3,789,1000183,Bridge,bridge 43,N1,A,False,False,0,1.4
2,3,789,1000186,Link,,N1,,,,27064,3986.3759999999997
2,3,789,1000191,Bridge,bridge 44,N1,C,True,True,22085,22.85
2,3,789,1000192,Link,,N1,,,,27155,5553.24
2,3,789,1000204,Bridge,bridge 45,N1,C,False,False,6590,27.35
2,3,789,1000205,Link,,N1,,,,27160,3923.617
2,3,789,1000211,Bridge,bridge 46,N1,C,False,False,0,27.35
2,3,789,1000212,Link,,N1,,,,27169,2922.4700000000003
2,3,789,1000217,Bridge,bridge 47,N1,A,False,False,409,30.4
2,3,789,1000218,Link,,N1,,,,27174,2987.0919999999996
2,3,789,1000225,Bridge,bridge 48,N1,C,False,False,0,22.8
2,3,789,1000226,Link,,N1,,,,27171,882.272
2,3,789,1000227,Bridge,bridge 49,N1,A,False,False,0,14.3
2,3,789,1000228,Link,,N1,,,,27192,4594.812
2,3,789,1000238,Bridge,bridge 50,N1,B,True,True,21756,19.2
2,3,789,1000239,Link,,N1,,,,27273,910.9010000000001
2,3,789,1000241,Bridge,bridge 51,N1,A,False,False,0,3.2
2,3,789,1000242,Link,,N1,,,,27277,722.8969999999999
2,3,789,1000245,Bridge,bridge 52,N1,A,False,False,0,13.4
2,3,789,1000246,Link,,N1,,,,2828,442.339
2,3,789,1000247,Bridge,bridge 53,N1,B,True,True,21765,4.6
2,3,789,1000248,Link,,N1,,,,3769,469.17999999999995
2,3,789,1000250,Bridge,bridge 54,N1,B,False,False,0,6.3
2,3,789,1000251,Link,,N1,,,,27311,2449.126
2,3,789,1000255,Bridge,bridge 55,N1,B,False,False,0,4.5
2,3,789,1000256,Link,,N1,,,,27306,874.0070000000001
2,3,789,1000259,Bridge,bridge 56,N1,B,False,False,0,2.5
2,3,789,1000260,Link,,N1,,,,27310,845.902
2,3,789,1000261,Bridge,bridge 57,N1,A,False,False,0,2.5
2,3,789,1000262,Bridge,bridge 58,N1,B,False,False,0,3.1
2,3,789,1000263,Link,,N1,,,,10684,622.412
2,3,789,1000266,Bridge,bridge 59,N1,B,True,True,21792,2.6
2,3,789,1000267,Bridge,bridge 60,N1,A,False,False,0,6.0
2,3,789,1000268,Link,,N1,,,,1794,333.68
2,3,789,1000270,Bridge,bridge 61,N1,B,False,False,0,14.3
2,3,789,1000271,Link,,N1,,,,2729,240.993
2,3,789,1000272,Bridge,bridge 62,N1,A,True,True,21801,6.1
2,3,789,1000273,Link,,N1,,,,18112,554.159
2,3,789,1000275,Bridge,bridge 63,N1,A,False,False,879,6.1
2,3,789,1000276,Link,,N1,,,,8349,269.937
2,3,789,1000277,Bridge,bridge 64,N1,C,False,False,0,6.1
2,3,789,1000278,Link,,N1,,,,1037,220.826
2,3,789,1000279,Bridge,bridge 65,N1,B,True,True,21838,9.5
2,3,789,1000280,Link,,N1,,,,1795,142.484
2,3,789,1000281,Bridge,bridge 66,N1,B,True,True,21861,3.1
2,3,789,1000282,Link,,N1,,,,18116,451.869
2,3,789,1000284,Bridge,bridge 67,N1,A,False,False,0,9.5
2,3,789,1000285,Link,,N1,,,,10165,499.678
2,3,789,1000286,Bridge,bridge 68,N1,B,False,False,0,6.3
2,3,789,1000287,Link,,N1,,,,18279,444.93399999999997
2,3,789,1000289,Bridge,bridge 69,N1,B,False,False,0,3.5
2,3,789,1000290,Link,,N1,,,,8244,210.212
2,3,789,1000291,Bridge,bridge 70,N1,B,False,False,0,6.1
2,3,789,1000292,Link,,N1,,,,2733,309.453
2,3,789,1000294,Bridge,bridge 71,N1,B,True,True,21879,3.0
2,3,789,1000295,Link,,N1,,,,2835,575.696
2,3,789,1000296,Bridge,bridge 72,N1,B,True,True,21908,4.5
2,3,789,1000297,Link,,N1,,,,27462,895.394
2,3,789,1000298,Bridge,bridge 73,N1,B,False,False,0,5.3
2,3,789,1000299,Link,,N1,,,,27464,926.731
2,3,789,1000301,Bridge,bridge 74,N1,A,False,False,0,6.1
2,3,789,1000302,Link,,N1,,,,27463,1010.901
2,3,789,1000304,Bridge,bridge 75,N1,A,True,True,21937,3.1
2,3,789,1000305,Link,,N1,,,,27498,914.716
2,3,789,1000307,Bridge,bridge 76,N1,A,False,False,0,3.5
2,3,789,1000308,Bridge,bridge 77,N1,B,False,False,0,14.2
2,3,789,1000309,Link,,N1,,,,1424,76.023
2,3,789,1000310,Bridge,bridge 78,N1,B,False,False,0,6.1
2,3,789,1000311,Link,,N1,,,,27504,1374.7530000000004
2,3,789,1000316,Bridge,bridge 79,N1,B,False,False,0,4.0
2,3,789,1000317,Link,,N1,,,,27505,1106.592
2,3,789,1000321,Bridge,bridge 80,N1,A,False,False,0,10.8
2,3,789,1000322,Link,,N1,,,,27505,872.053
2,3,789,1000323,Bridge,bridge 81,N1,A,False,False,0,1.6
2,3,789,1000324,Link,,N1,,,,27510,1326.687
2,3,789,1000328,Bridge,bridge 82,N1,A,False,False,0,3.4
2,3,789,1000329,Link,,N1,,,,27520,2255.781
2,3,789,1000335,Bridge,bridge 83,N1,A,False,False,0,1.5
2,3,789,1000336,Link,,N1,,,,17366,20306.901999999995
2,3,789,1000368,Bridge,bridge 84,N1,A,False,False,0,3.0
2,3,789,1000369,Link,,N1,,,,17347,2511.829
2,3,789,1000376,Bridge,bridge 85,N1,A,True,True,13753,2.0
2,3,789,1000377,Link,,N1,,,,210,84.291
2,3,789,1000378,Bridge,bridge 86,N1,A,False,False,0,1.5
2,3,789,1000379,Bridge,bridge 87,N1,A,False,False,0,1.5
2,3,789,1000380,Link,,N1,,,,457,270.143
2,3,789,1000381,Bridge,bridge 88,N1,A,False,False,0,8.5
2,3,789,1000382,Bridge,bridge 89,N1,A,False,False,0,3.0
2,3,789,1000383,Link,,N1,,,,9315,226.116
2,3,789,1000384,Bridge,bridge 90,N1,A,False,False,0,3.0
2,3,789,1000385,Bridge,bridge 91,N1,A,False,False,0,3.0
2,3,789,1000386,Link,,N1,,,,8035,712.513
2,3,789,1000387,Bridge,bridge 92,N1,A,False,False,221,4.5
2,3,789,1000388,Bridge,bridge 93,N1,C,True,True,13801,12.4
2,3,789,1000389,Link,,N1,,,,17379,4915.830999999999
2,3,789,1000401,Bridge,bridge 94,N1,A,False,False,0,4.5
2,3,789,1000402,Link,,N1,,,,17375,823.7
2,3,789,1000403,Bridge,bridge 95,N1,B,False,False,0,23.2
2,3,789,1000404,Link,,N1,,,,17376,1500.095
2,3,789,1000408,Bridge,bridge 96,N1,A,False,False,217,9.7
2,3,789,1000409,Link,,N1,,,,17377,984.6680000000001
2,3,789,1000412,Bridge,bridge 97,N1,A,False,False,0,4.0
2,3,789,1000413,Link,,N1,,,,14630,527.327
2,3,789,1000415,Bridge,bridge 98,N1,A,False,False,0,12.9
2,3,789,1000416,Link,,N1,,,,3161,535.717
2,3,789,1000417,Bridge,bridge 99,N1,A,False,False,0,3.0
2,3,789,1000418,Bridge,bridge 100,N1,B,True,True,13791,8.1
2,3,789,1000419,Link,,N1,,,,17389,2144.2219999999998
2,3,789,1000424,Bridge,bridge 101,N1,A,False,False,0,3.0
2,3,789,1000425,Link,,N1,,,,17388,990.984
2,3,789,1000426,Bridge,bridge 102,N1,A,True,True,13788,3.0
2,3,789,1000427,Link,,N1,,,,17407,992.876
2,3,789,1000431,Bridge,bridge 103,N1,A,False,False,0,19.2
2,3,789,1000432,Link,,N1,,,,17408,734.708
2,3,789,1000434,Bridge,bridge 104,N1,A,False,False,0,4.2
2,3,789,1000435,Link,,N1,,,,17410,928.3919999999999
2,3,789,1000438,Bridge,bridge 105,N1,A,False,False,0,3.2
2,3,789,1000439,Link,,N1,,,,9888,186.006
2,3,789,1000440,Bridge,bridge 106,N1,A,False,False,0,6.0
2,3,789,1000441,Link,,N1,,,,17415,854.695
2,3,789,1000443,Bridge,bridge 107,N1,A,False,False,0,3.0
2,3,789,1000444,Bridge,bridge 108,N1,A,False,False,0,3.0
2,3,789,1000445,Link,,N1,,,,1293,97.817
2,3,789,1000446,Bridge,bridge 109,N1,A,False,False,0,3.0
2,3,789,1000447,Link,,N1,,,,17417,999.592
2,3,789,1000450,Bridge,bridge 110,N1,A,False,False,0,3.1
2,3,789,1000451,Bridge,bridge 111,N1,A,False,False,0,4.6
2,3,789,1000452,Link,,N1,,,,17418,1294.152
2,3,789,1000456,Bridge,bridge 112,N1,A,False,False,0,3.0
2,3,789,1000457,Bridge,bridge 113,N1,A,False,False,0,3.0
2,3,789,1000458,Link,,N1,,,,7519,461.797
2,3,789,1000459,Bridge,bridge 114,N1,A,False,False,0,3.0
2,3,789,1000460,Link,,N1,,,,220,94.124
2,3,789,1000461,Bridge,bridge 115,N1,A,False,False,0,3.0
2,3,789,1000462,Bridge,bridge 116,N1,A,False,False,0,3.0
2,3,789,1000463,Link,,N1,,,,1681,86.921
2,3,789,1000464,Bridge,bridge 117,N1,A,False,False,0,4.6
2,3,789,1000465,Link,,N1,,,,17420,811.473
2,3,789,1000470,Bridge,bridge 118,N1,A,True,True,13825,3.0
2,3,789,1000471,Link,,N1,,,,17439,971.988
2,3,789,1000473,Bridge,bridge 119,N1,A,False,False,0,2.95
2,3,789,1000474,Link,,N1,,,,17441,945.951
2,3,789,1000475,Bridge,bridge 120,N1,A,True,True,13839,4.5
2,3,789,1000476,Link,,N1,,,,17454,909.5069999999998
2,3,789,1000480,Bridge,bridge 121,N1,C,False,False,0,22.25
2,3,789,1000481,Link,,N1,,,,17456,736.243
2,3,789,1000482,Bridge,bridge 122,N1,A,False,False,0,10.2
2,3,789,1000483,Link,,N1,,,,17456,881.943
2,3,789,1000487,Bridge,bridge 123,N1,A,False,False,0,3.0
2,3,789,1000488,Bridge,bridge 124,N1,A,True,True,13856,8.2
2,3,789,1000489,Link,,N1,,,,3634,585.853
2,3,789,1000490,Bridge,bridge 125,N1,A,True,True,13860,4.1
2,3,789,1000491,Link,,N1,,,,17479,1737.667
2,3,789,1000496,Bridge,bridge 126,N1,A,False,False,0,3.0
2,3,789,1000497,Bridge,bridge 127,N1,A,False,False,0,5.2
2,3,789,1000498,Link,,N1,,,,17482,817.307
2,3,789,1000499,Bridge,bridge 128,N1,A,False,False,0,8.2
2,3,789,1000500,Link,,N1,,,,17481,871.608
2,3,789,1000501,Bridge,bridge 129,N1,A,False,False,0,3.0
2,3,789,1000502,Link,,N1,,,,17486,1934.493
2,3,789,1000506,Bridge,bridge 130,N1,C,False,False,0,27.0
2,3,789,1000507,Link,,N1,,,,9373,709.408
2,3,789,1000512,Bridge,bridge 131,N1,A,False,False,0,4.5
2,3,789,1000513,Bridge,bridge 132,N1,A,False,False,0,17.6
2,3,789,1000514,Link,,N1,,,,17482,832.067
2,3,789,1000518,Bridge,bridge 133,N1,B,True,True,13862,3.0
2,3,789,1000519,Link,,N1,,,,1514,303.226
2,3,789,1000521,Bridge,bridge 134,N1,A,False,False,0,4.5
2,3,789,1000522,Link,,N1,,,,241,172.264
2,3,789,1000523,Bridge,bridge 135,N1,A,False,False,0,6.0
2,3,789,1000524,Link,,N1,,,,17501,2704.069
2,3,789,1000530,Bridge,bridge 136,N1,A,False,False,0,3.0
2,3,789,1000531,Link,,N1,,,,17500,1826.897
2,3,789,1000534,Bridge,bridge 137,N1,A,False,False,0,3.0
2,3,789,1000535,Bridge,bridge 138,N1,A,False,False,0,40.0
2,3,789,1000536,Link,,N1,,,,17501,3848.636
2,3,789,1000545,Bridge,bridge 139,N1,A,False,False,0,5.0
2,3,789,1000546,Link,,N1,,,,17494,796.469
2,3,789,1000549,Bridge,bridge 140,N1,A,False,False,0,3.0
2,3,789,1000550,Bridge,bridge 141,N1,A,False,False,202,18.0
2,3,789,1000551,Link,,N1,,,,656,496.452
2,3,789,1000553,Bridge,bridge 142,N1,A,True,True,13878,3.0
2,3,789,1000554,Link,,N1,,,,17508,903.2339999999999
2,3,789,1000558,Bridge,bridge 143,N1,A,False,False,0,8.3
2,3,789,1000559,Link,,N1,,,,1513,357.539
2,3,789,1000560,Bridge,bridge 144,N1,A,False,False,0,3.0
2,3,789,1000561,Link,,N1,,,,17514,2514.719
2,3,789,1000565,Bridge,bridge 145,N1,B,False,False,0,5.7
2,3,789,1000566,Intersection,intersection 3,N1,,,,240,34.053
2,3,789,1000567,Bridge,bridge 146,N1,A,False,False,0,1.5
2,3,789,1000568,Link,,N1,,,,7583,815.73
2,3,789,1000569,Bridge,bridge 147,N1,A,False,False,0,3.0
2,3,789,1000570,Bridge,bridge 148,N1,A,False,False,0,3.0
2,3,789,1000571,Link,,N1,,,,7581,896.903
2,3,789,1000572,Bridge,bridge 149,N1,C,True,True,5925,116.5
2,3,789,1000573,Link,,N1,,,,1639,444.081
2,3,789,1000575,Bridge,bridge 150,N1,B,False,False,0,3.0
2,3,789,1000576,Link,,N1,,,,7624,860.717
2,3,789,1000580,Bridge,bridge 151,N1,B,False,False,0,3.1
2,3,789,1000581,Link,,N1,,,,7624,783.311
2,3,789,1000582,Bridge,bridge 152,N1,A,False,False,0,3.0
2,3,789,1000583,Link,,N1,,,,7625,733.736
2,3,789,1000586,Bridge,bridge 153,N1,B,False,False,0,10.8
2,3,789,1000587,Link,,N1,,,,6136,500.781
2,3,789,1000590,Bridge,bridge 154,N1,A,False,False,0,3.0
2,3,789,1000591,Link,,N1,,,,7475,604.3140000000001
2,3,789,1000593,Bridge,bridge 155,N1,A,False,False,0,5.3
2,3,789,1000594,Link,,N1,,,,7626,1371.711
2,3,789,1000600,Bridge,bridge 156,N1,A,False,False,0,3.0
2,3,789,1000601,Link,,N1,,,,7630,1637.5109999999997
2,3,789,1000605,Bridge,bridge 157,N1,C,False,False,0,50.8
2,3,789,1000606,Link,,N1,,,,7635,2418.32
2,3,789,1000612,Bridge,bridge 158,N1,A,False,False,0,12.4
2,3,789,1000613,Link,,N1,,,,7632,820.245
2,3,789,1000616,Bridge,bridge 159,N1,C,True,True,5976,60.5
2,3,789,1000617,Link,,N1,,,,7675,2948.45
2,3,789,1000622,Bridge,bridge 160,N1,A,False,False,0,9.2
2,3,789,1000623,Bridge,bridge 161,N1,A,False,False,0,6.0
2,3,789,1000624,Link,,N1,,,,7682,1008.8340000000001
2,3,789,1000626,Bridge,bridge 162,N1,A,False,False,0,9.4
2,3,789,1000627,Link,,N1,,,,1623,410.712
2,3,789,1000629,Bridge,bridge 163,N1,A,False,False,0,14.0
2,3,789,1000630,Bridge,bridge 164,N1,A,False,False,89,14.0
2,3,789,1000631,Link,,N1,,,,7681,796.4269999999999
2,3,789,1000633,Bridge,bridge 165,N1,B,False,False,3638,12.6
2,3,789,1000634,Link,,N1,,,,0,57.573
2,3,789,1000635,Bridge,bridge 166,N1,B,False,False,0,9.4
2,3,789,1000636,Link,,N1,,,,3832,595.713
2,3,789,1000637,Bridge,bridge 167,N1,A,False,False,63,14.0
2,3,789,1000638,Link,,N1,,,,7680,878.325
2,3,789,1000639,Bridge,bridge 168,N1,A,False,False,0,9.2
2,3,789,1000640,Link,,N1,,,,7621,777.0820000000001
2,3,789,1000642,Bridge,bridge 169,N1,D,True,True,6101,50.8
2,3,789,1000643,Link,,N1,,,,3708,13.737
2,3,789,1000644,Bridge,bridge 170,N1,B,False,False,0,9.2
2,3,789,1000645,Link,,N1,,,,7732,3164.849
2,3,789,1000654,Bridge,bridge 171,N1,B,True,True,6058,12.3
2,3,789,1000655,Link,,N1,,,,7752,2506.407
2,3,789,1000665,Bridge,bridge 172,N1,C,True,True,6187,211.3
2,3,789,1000666,Link,,N1,,,,7830,3367.46
2,3,789,1000674,Bridge,bridge 173,N1,A,False,False,0,28.0
2,3,789,1000675,Link,,N1,,,,7833,2607.6369999999997
2,3,789,1000679,Bridge,bridge 174,N1,A,False,False,0,7.2
2,3,789,1000680,Link,,N1,,,,6158,275.877
2,3,789,1000681,Bridge,bridge 175,N1,A,False,False,90,11.2
2,3,789,1000682,Link,,N1,,,,7835,1146.637
2,3,789,1000685,Bridge,bridge 176,N1,A,False,False,0,12.6
2,3,789,1000686,Link,,N1,,,,7840,1556.8100000000002
2,3,789,1000693,Bridge,bridge 177,N1,B,False,False,0,30.3
2,3,789,1000694,Link,,N1,,,,7839,945.446
2,3,789,1000696,Bridge,bridge 178,N1,A,False,False,0,2.5
2,3,789,1000697,Link,,N1,,,,7840,795.912
2,3,789,1000698,Bridge,bridge 179,N1,A,False,False,0,12.6
2,3,789,1000699,Link,,N1,,,,6255,319.737
2,3,789,1000700,Bridge,bridge 180,N1,A,False,False,0,6.0
2,3,789,1000701,Link,,N1,,,,0,27.297
2,3,789,1000702,Bridge,bridge 181,N1,A,False,False,0,13.64
2,3,789,1000703,Link,,N1,,,,7842,1157.8890000000001
2,3,789,1000705,Bridge,bridge 182,N1,A,False,False,0,2.0
2,3,789,1000706,Link,,N1,,,,7843,1388.13
2,3,789,1000709,Bridge,bridge 183,N1,A,False,False,0,3.0
2,3,789,1000710,Link,,N1,,,,1457,201.583
2,3,789,1000712,Bridge,bridge 184,N1,A,False,False,0,12.6
2,3,789,1000713,Link,,N1,,,,62,35.049
2,3,789,1000714,Bridge,bridge 185,N1,A,False,False,0,6.2
2,3,789,1000715,Link,,N1,,,,0,10.896
2,3,789,1000716,Bridge,bridge 186,N1,A,False,False,0,3.0
2,3,789,1000717,Bridge,bridge 187,N1,A,False,False,0,12.4
2,3,789,1000718,Link,,N1,,,,56,65.437
2,3,789,1000719,Bridge,bridge 188,N1,A,False,False,87,14.2
2,3,789,1000720,Bridge,bridge 189,N1,B,False,False,0,22.0
2,3,789,1000721,Link,,N1,,,,6114,232.624
2,3,789,1000723,Bridge,bridge 190,N1,B,False,False,0,22.4
2,3,789,1000724,Link,,N1,,,,0,92.703
2,3,789,1000725,Bridge,bridge 191,N1,A,False,False,67,2.5
2,3,789,1000726,Link,,N1,,,,7844,1301.643
2,3,789,1000730,Bridge,bridge 192,N1,A,False,False,3886,22.4
2,3,789,1000731,Link,,N1,,,,7848,901.686
2,3,789,1000732,Bridge,bridge 193,N1,A,False,False,0,3.0
2,3,789,1000733,Link,,N1,,,,90,42.641
2,3,789,1000734,Bridge,bridge 194,N1,A,False,False,0,1.4
2,3,789,1000735,Link,,N1,,,,1642,518.433
2,3,789,1000737,Bridge,bridge 195,N1,A,False,False,0,4.5
2,3,789,1000738,Bridge,bridge 196,N1,A,False,False,0,9.3
2,3,789,1000739,Link,,N1,,,,6413,503.492
2,3,789,1000742,Bridge,bridge 197,N1,A,False,False,0,4.5
2,3,789,1000743,Bridge,bridge 198,N1,A,False,False,0,4.7
2,3,789,1000744,Link,,N1,,,,1519,403.97999999999996
2,3,789,1000746,Bridge,bridge 199,N1,A,True,True,6054,2.0
2,3,789,1000747,Bridge,bridge 200,N1,A,False,False,0,3.0
2,3,789,1000748,Link,,N1,,,,7857,2992.2650000000003
2,3,789,1000756,Bridge,bridge 201,N1,A,False,False,0,13.64
2,3,789,1000757,Link,,N1,,,,2502,553.982
2,3,789,1000759,Bridge,bridge 202,N1,A,False,False,0,9.3
2,3,789,1000760,Link,,N1,,,,7857,891.135
2,3,789,1000763,Bridge,bridge 203,N1,A,True,True,6062,3.0
2,3,789,1000764,Link,,N1,,,,5532,517.927
2,3,789,1000765,Bridge,bridge 204,N1,A,False,False,0,3.0
2,3,789,1000766,Link,,N1,,,,3657,393.273
2,3,789,1000768,Bridge,bridge 205,N1,C,True,True,6183,56.2
2,3,789,1000769,Link,,N1,,,,7901,929.458
2,3,789,1000771,Bridge,bridge 206,N1,A,False,False,0,14.3
2,3,789,1000772,Bridge,bridge 207,N1,A,False,False,0,2.1
2,3,789,1000773,Link,,N1,,,,87,143.183
2,3,789,1000774,Bridge,bridge 208,N1,A,False,False,0,4.5
2,3,789,1000775,Bridge,bridge 209,N1,A,False,False,0,3.0
2,3,789,1000776,Link,,N1,,,,205,274.761
2,3,789,1000777,Bridge,bridge 210,N1,A,False,False,0,15.8
2,3,789,1000778,Link,,N1,,,,7762,685.763
2,3,789,1000779,Bridge,bridge 211,N1,A,False,False,0,7.3
2,3,789,1000780,Bridge,bridge 212,N1,C,False,False,73,45.0
2,3,789,1000781,Link,,N1,,,,7538,281.291
2,3,789,1000782,Bridge,bridge 213,N1,A,False,False,0,14.0
2,3,789,1000783,Link,,N1,,,,7902,2157.717
2,3,789,1000788,Bridge,bridge 214,N1,A,False,False,3989,20.6
2,3,789,1000789,Link,,N1,,,,3915,779.9290000000001
2,3,789,1000791,Bridge,bridge 215,N1,B,True,True,6108,14.2
2,3,789,1000792,Link,,N1,,,,7910,967.735
2,3,789,1000794,Bridge,bridge 216,N1,A,False,False,0,15.7
2,3,789,1000795,Link,,N1,,,,7910,789.5029999999999
2,3,789,1000797,Bridge,bridge 217,N1,D,True,True,6387,294.15
2,3,789,1000798,Link,,N1,,,,8005,2638.283
2,3,789,1000806,Bridge,bridge 218,N1,B,False,False,0,9.3
2,3,789,1000807,Link,,N1,,,,8003,1156.384
2,3,789,1000811,Bridge,bridge 219,N1,A,False,False,0,12.6
2,3,789,1000812,Link,,N1,,,,8004,1193.986
2,3,789,1000816,Bridge,bridge 220,N1,A,False,False,0,12.8
2,3,789,1000817,Link,,N1,,,,8004,826.8240000000001
2,3,789,1000821,Bridge,bridge 221,N1,A,False,False,0,9.3
2,3,789,1000822,Link,,N1,,,,8008,3043.6690000000003
2,3,789,1000828,Bridge,bridge 222,N1,C,False,False,0,58.57
2,3,789,1000829,Link,,N1,,,,205,141.869
2,3,789,1000830,Bridge,bridge 223,N1,A,False,False,0,3.5
2,3,789,1000831,Link,,N1,,,,8006,958.518
2,3,789,1000835,Bridge,bridge 224,N1,C,False,False,2069,54.03
2,3,789,1000836,Link,,N1,,,,222,307.645
2,3,789,1000838,Bridge,bridge 225,N1,C,True,True,6237,60.03
2,3,789,1000839,Link,,N1,,,,8048,4445.05
2,3,789,1000846,Bridge,bridge 226,N1,A,False,False,0,7.0
2,3,789,1000847,Bridge,bridge 227,N1,A,False,False,0,5.2
2,3,789,1000848,Link,,N1,,,,2343,522.525
2,3,789,1000850,Bridge,bridge 228,N1,A,False,False,0,9.3
2,3,789,1000851,Bridge,bridge 229,N1,A,True,True,6307,14.0
2,3,789,1000852,Link,,N1,,,,0,143.125
2,3,789,1000853,Bridge,bridge 230,N1,A,False,False,0,1.4
2,3,789,1000854,Bridge,bridge 231,N1,C,False,False,0,4.5
2,3,789,1000855,Link,,N1,,,,1554,193.459
2,3,789,1000856,Bridge,bridge 232,N1,A,False,False,0,2.5
2,3,789,1000857,Link,,N1,,,,8061,2724.735
2,3,789,1000863,Bridge,bridge 233,N1,A,False,False,0,4.8
2,3,789,1000864,Link,,N1,,,,2168,265.051
2,3,789,1000865,Bridge,bridge 234,N1,A,False,False,1358,46.0
2,3,789,1000866,Link,,N1,,,,8064,2604.727
2,3,789,1000875,Bridge,bridge 235,N1,A,False,False,0,14.0
2,3,789,1000876,Link,,N1,,,,8064,818.905
2,3,789,1000878,Bridge,bridge 236,N1,A,False,False,0,3.0
2,3,789,1000879,Bridge,bridge 237,N1,A,True,True,6242,2.5
2,3,789,1000880,Link,,N1,,,,5976,648.054
2,3,789,1000881,Bridge,bridge 238,N1,A,False,False,51,7.5
2,3,789,1000882,Link,,N1,,,,2332,625.143
2,3,789,1000883,Bridge,bridge 239,N1,A,False,False,0,14.0
2,3,789,1000884,Link,,N1,,,,8075,3926.423
2,3,789,1000895,Bridge,bridge 240,N1,B,False,False,0,14.0
2,3,789,1000896,Link,,N1,,,,8076,1840.962
2,3,789,1000904,Bridge,bridge 241,N1,A,False,False,82,9.2
2,3,789,1000905,Link,,N1,,,,2245,475.65200000000004
2,3,789,1000907,Bridge,bridge 242,N1,A,False,False,0,1.5
2,3,789,1000908,Link,,N1,,,,0,78.97
2,3,789,1000909,Bridge,bridge 243,N1,A,False,False,0,3.0
2,3,789,1000910,Link,,N1,,,,8077,1744.132
2,3,789,1000912,Bridge,bridge 244,N1,A,False,False,0,8.2
2,3,789,1000913,Link,,N1,,,,2377,694.793
2,3,789,1000914,Bridge,bridge 245,N1,A,False,False,0,12.4
2,3,789,1000915,Link,,N1,,,,8078,731.289
2,3,789,1000917,Bridge,bridge 246,N1,A,False,False,0,2.0
2,3,789,1000918,Bridge,bridge 247,N1,A,False,False,0,6.8
2,3,789,1000919,Link,,N1,,,,8081,1659.246
2,3,789,1000922,Bridge,bridge 248,N1,A,False,False,0,13.0
2,3,789,1000923,Link,,N1,,,,7946,568.385
2,3,789,1000925,Bridge,bridge 249,N1,A,False,False,0,9.2
2,3,789,1000926,Link,,N1,,,,8084,954.924
2,3,789,1000930,Bridge,bridge 250,N1,C,True,True,7749,136.3
2,3,789,1000931,Link,,N1,,,,274,482.81399999999996
2,3,789,1000933,Bridge,bridge 251,N1,C,True,True,6306,4.5
2,3,789,1000934,Bridge,bridge 252,N1,C,True,True,6340,11.3
2,3,789,1000935,Link,,N1,,,,1695,454.447
2,3,789,1000938,Bridge,bridge 253,N1,C,True,True,6334,2.4
2,3,789,1000939,Bridge,bridge 254,N1,B,True,True,6346,7.2
2,3,789,1000940,Bridge,bridge 255,N1,C,True,True,6357,8.1
2,3,789,1000941,Link,,N1,,,,4514,204.765
2,3,789,1000942,Bridge,bridge 256,N1,A,False,False,0,10.9
2,3,789,1000943,Link,,N1,,,,8186,767.3389999999999
2,3,789,1000945,Bridge,bridge 257,N1,B,False,False,0,2.2
2,3,789,1000946,Link,,N1,,,,3672,659.094
2,3,789,1000947,Bridge,bridge 258,N1,A,False,False,0,3.0
2,3,789,1000948,Bridge,bridge 259,N1,A,False,False,0,2.8
2,3,789,1000949,Bridge,bridge 260,N1,D,True,True,6385,10.0
2,3,789,1000950,Link,,N1,,,,4619,262.551
2,3,789,1000952,Bridge,bridge 261,N1,A,False,False,0,1.6
2,3,789,1000953,Bridge,bridge 262,N1,A,False,False,0,3.6
2,3,789,1000954,Bridge,bridge 263,N1,C,False,False,0,8.0
2,3,789,1000955,Link,,N1,,,,1511,266.301
2,3,789,1000956,Bridge,bridge 264,N1,A,False,False,0,8.3
2,3,789,1000957,Bridge,bridge 265,N1,C,False,False,58,22.0
2,3,789,1000958,Link,,N1,,,,2021,250.441
2,3,789,1000959,Bridge,bridge 266,N1,C,False,False,0,2.7
2,3,789,1000960,Bridge,bridge 267,N1,B,True,True,6382,2.7
2,3,789,1000961,Bridge,bridge 268,N1,C,True,True,6393,2.9
2,3,789,1000962,Bridge,bridge 269,N1,C,True,True,6402,1.8
2,3,789,1000963,Link,,N1,,,,82,101.638
2,3,789,1000964,Bridge,bridge 270,N1,A,False,False,0,0.8
2,3,789,1000965,Bridge,bridge 271,N1,B,True,True,6409,1.5
2,3,789,1000966,Bridge,bridge 272,N1,A,False,False,0,1.5
2,3,789,1000967,Link,,N1,,,,0,10.603
2,3,789,1000968,Bridge,bridge 273,N1,A,False,False,0,1.3
2,3,789,1000969,Bridge,bridge 274,N1,A,False,False,0,1.3
2,3,789,1000970,Link,,N1,,,,194,340.96
2,3,789,1000971,Bridge,bridge 275,N1,A,False,False,0,1.3
2,3,789,1000972,Bridge,bridge 276,N1,B,False,False,0,1.3
2,3,789,1000973,Bridge,bridge 277,N1,C,False,False,0,7.1
2,3,789,1000974,Link,,N1,,,,1439,132.046
2,3,789,1000975,Bridge,bridge 278,N1,A,True,True,6464,2.5
2,3,789,1000976,Bridge,bridge 279,N1,A,False,False,0,1.3
2,3,789,1000977,Bridge,bridge 280,N1,C,False,False,0,2.2
2,3,789,1000978,Bridge,bridge 281,N1,A,False,False,0,4.0
2,3,789,1000979,Link,,N1,,,,81,212.482
2,3,789,1000981,Bridge,bridge 282,N1,C,True,True,6440,21.5
2,3,789,1000982,Link,,N1,,,,276,287.742
2,3,789,1000983,Bridge,bridge 283,N1,C,True,True,6456,11.3
2,3,789,1000984,Link,,N1,,,,1382,165.251
2,3,789,1000985,Bridge,bridge 284,N1,A,False,False,0,14.1
2,3,789,1000986,Link,,N1,,,,187,176.808
2,3,789,1000987,Bridge,bridge 285,N1,B,False,False,0,2.3
2,3,789,1000988,Link,,N1,,,,145,332.11
2,3,789,1000989,Bridge,bridge 286,N1,C,True,True,6489,24.1
2,3,789,1000990,Link,,N1,,,,8327,909.5799999999999
2,3,789,1000995,Bridge,bridge 287,N1,C,True,True,6508,45.6
2,3,789,1000996,Link,,N1,,,,1652,472.657
2,3,789,1000997,Bridge,bridge 288,N1,C,True,True,6521,5.0
2,3,789,1000998,Link,,N1,,,,0,67.358
2,3,789,1000999,Bridge,bridge 289,N1,D,True,True,6559,11.2
2,3,789,1001000,Link,,N1,,,,194,171.98
2,3,789,1001001,Bridge,bridge 290,N1,B,False,False,0,1.3
2,3,789,1001002,Link,,N1,,,,0,71.565
2,3,789,1001003,Bridge,bridge 291,N1,C,False,False,0,49.3
2,3,789,1001004,Link,,N1,,,,1573,349.98699999999997
2,3,789,1001007,Bridge,bridge 292,N1,B,False,False,0,2.4
2,3,789,1001008,Link,,N1,,,,8390,837.0160000000001
2,3,789,1001016,Bridge,bridge 293,N1,C,False,False,0,2.3
2,3,789,1001017,Bridge,bridge 294,N1,D,True,True,6615,61.3
2,3,789,1001018,Link,,N1,,,,8440,1862.991
2,3,789,1001028,Bridge,bridge 295,N1,A,False,False,0,14.1
2,3,789,1001029,Bridge,bridge 296,N1,B,False,False,0,11.0
2,3,789,1001030,Link,,N1,,,,1450,120.457
2,3,789,1001031,Bridge,bridge 297,N1,A,False,False,0,10.3
2,3,789,1001032,Link,,N1,,,,8440,1364.3339999999998
2,3,789,1001037,Bridge,bridge 298,N1,A,False,False,61,14.0
2,3,789,1001038,Bridge,bridge 299,N1,A,False,False,0,23.5
2,3,789,1001039,Link,,N1,,,,1392,153.1
2,3,789,1001040,Bridge,bridge 300,N1,C,False,False,58,50.6
2,3,789,1001041,Link,,N1,,,,8442,828.562
2,3,789,1001043,Bridge,bridge 301,N1,C,True,True,6606,6.6
2,3,789,1001044,Bridge,bridge 302,N1,A,False,False,0,2.4
2,3,789,1001045,Bridge,bridge 303,N1,A,False,False,0,17.0
2,3,789,1001046,Link,,N1,,,,208,326.336
2,3,789,1001047,Bridge,bridge 304,N1,A,False,False,0,2.4
2,3,789,1001048,Bridge,bridge 305,N1,C,False,False,0,11.1
2,3,789,1001049,Link,,N1,,,,61,81.501
2,3,789,1001050,Bridge,bridge 306,N1,C,True,True,6606,8.5
2,3,789,1001051,Link,,N1,,,,70,80.084
2,3,789,1001053,Bridge,bridge 307,N1,C,False,False,61,2.4
2,3,789,1001054,Bridge,bridge 308,N1,B,False,False,0,20.7
2,3,789,1001055,Link,,N1,,,,8453,4007.664
2,3,789,1001067,Bridge,bridge 309,N1,B,False,False,0,2.2
2,3,789,1001068,Bridge,bridge 310,N1,C,False,False,0,10.9
2,3,789,1001069,Link,,N1,,,,0,21.237
2,3,789,1001070,Bridge,bridge 311,N1,C,False,False,0,2.1
2,3,789,1001071,Link,,N1,,,,0,86.454
2,3,789,1001072,Bridge,bridge 312,N1,A,True,True,6613,2.0
2,3,789,1001073,Bridge,bridge 313,N1,A,False,False,0,1.8
2,3,789,1001074,Bridge,bridge 314,N1,A,False,False,0,2.2
2,3,789,1001075,Link,,N1,,,,1856,728.848
2,3,789,1001077,Bridge,bridge 315,N1,A,False,False,0,6.4
2,3,789,1001078,Bridge,bridge 316,N1,A,False,False,4861,2.2
2,3,789,1001079,Link,,N1,,,,3600,757.9369999999999
2,3,789,1001082,Bridge,bridge 317,N1,A,False,False,0,3.1
2,3,789,1001083,Bridge,bridge 318,N1,C,True,True,6638,38.7
2,3,789,1001084,Link,,N1,,,,0,6.171
2,3,789,1001085,Bridge,bridge 319,N1,A,False,False,0,3.0
2,3,789,1001086,Link,,N1,,,,1584,320.477
2,3,789,1001088,Bridge,bridge 320,N1,B,False,False,0,9.4
2,3,789,1001089,Bridge,bridge 321,N1,D,True,True,6670,15.4
2,3,789,1001090,Link,,N1,,,,8513,2981.3250000000003
2,3,789,1001095,Bridge,bridge 322,N1,C,True,True,6664,3.0
2,3,789,1001096,Bridge,bridge 323,N1,A,False,False,0,4.6
2,3,789,1001097,Link,,N1,,,,5207,505.318
2,3,789,1001098,Bridge,bridge 324,N1,C,False,False,0,9.4
2,3,789,1001099,Bridge,bridge 325,N1,C,False,False,0,15.2
2,3,789,1001100,Link,,N1,,,,3308,307.552
2,3,789,1001102,Bridge,bridge 326,N1,C,True,True,6856,58.0
2,3,789,1001103,Link,,N1,,,,80,239.243
2,3,789,1001104,Bridge,bridge 327,N1,B,False,False,0,3.3
2,3,789,1001105,Link,,N1,,,,6670,492.784
2,3,789,1001106,Bridge,bridge 328,N1,C,False,False,1687,15.4
2,3,789,1001107,Link,,N1,,,,125,237.938
2,3,789,1001108,Bridge,bridge 329,N1,A,False,False,0,3.3
2,3,789,1001109,Link,,N1,,,,80,88.805
2,3,789,1001110,Bridge,bridge 330,N1,D,True,True,6738,12.3
2,3,789,1001111,Link,,N1,,,,1655,460.183
2,3,789,1001112,Bridge,bridge 331,N1,C,True,True,6734,1.2
2,3,789,1001113,Bridge,bridge 332,N1,C,False,False,45,15.2
2,3,789,1001114,Link,,N1,,,,79,161.131
2,3,789,1001115,Bridge,bridge 333,N1,C,False,False,0,1.3
2,3,789,1001116,Bridge,bridge 334,N1,A,False,False,0,3.3
2,3,789,1001117,Bridge,bridge 335,N1,B,False,False,0,4.7
2,3,789,1001118,Link,,N1,,,,139,230.319
2,3,789,1001119,Bridge,bridge 336,N1,C,True,True,6731,1.2
2,3,789,1001120,Link,,N1,,,,1539,289.032
2,3,789,1001121,Bridge,bridge 337,N1,D,True,True,6749,6.4
2,3,789,1001122,Bridge,bridge 338,N1,A,False,False,0,3.35
2,3,789,1001123,Bridge,bridge 339,N1,C,False,False,0,13.0
2,3,789,1001124,Link,,N1,,,,57,44.541
2,3,789,1001125,Bridge,bridge 340,N1,A,False,False,0,3.2
2,3,789,1001126,Link,,N1,,,,124,93.005
2,3,789,1001127,Bridge,bridge 341,N1,A,False,False,0,3.4
2,3,789,1001128,Bridge,bridge 342,N1,A,True,True,6759,2.8
2,3,789,1001129,Bridge,bridge 343,N1,D,True,True,6791,12.8
2,3,789,1001130,Link,,N1,,,,79,188.431
2,3,789,1001131,Bridge,bridge 344,N1,A,False,False,0,1.2
2,3,789,1001132,Link,,N1,,,,191,332.301
2,3,789,1001134,Bridge,bridge 345,N1,A,False,False,0,1.2
2,3,789,1001135,Bridge,bridge 346,N1,A,False,False,0,1.2
2,3,789,1001136,Bridge,bridge 347,N1,A,False,False,0,2.8
2,3,789,1001137,Bridge,bridge 348,N1,A,False,False,0,2.8
2,3,789,1001138,Bridge,bridge 349,N1,A,True,True,6787,1.2
2,3,789,1001139,Link,,N1,,,,1511,192.257
2,3,789,1001140,Bridge,bridge 350,N1,C,False,False,0,1.2
2,3,789,1001141,Bridge,bridge 351,N1,C,False,False,79,34.2
2,3,789,1001142,Link,,N1,,,,0,90.29100000000001
2,3,789,1001144,Bridge,bridge 352,N1,A,False,False,0,2.7
2,3,789,1001145,Bridge,bridge 353,N1,A,False,False,0,2.7
2,3,789,1001146,Bridge,bridge 354,N1,A,True,True,6789,4.2
2,3,789,1001147,Link,,N1,,,,78,110.564
2,3,789,1001148,Bridge,bridge 355,N1,A,False,False,0,1.2
2,3,789,1001149,Bridge,bridge 356,N1,A,True,True,6809,2.8
2,3,789,1001150,Bridge,bridge 357,N1,A,False,False,0,1.2
2,3,789,1001151,Bridge,bridge 358,N1,B,False,False,0,14.0
2,3,789,1001152,Link,,N1,,,,0,120.676
2,3,789,1001153,Bridge,bridge 359,N1,A,False,False,0,1.2
2,3,789,1001154,Link,,N1,,,,190,121.05
2,3,789,1001155,Bridge,bridge 360,N1,A,False,False,0,1.0
2,3,789,1001156,Bridge,bridge 361,N1,A,True,True,6820,1.0
2,3,789,1001157,Bridge,bridge 362,N1,A,False,False,0,3.0
2,3,789,1001158,Bridge,bridge 363,N1,C,False,False,0,6.1
2,3,789,1001159,Link,,N1,,,,6669,269.735
2,3,789,1001161,Bridge,bridge 364,N1,A,False,False,45,5.8
2,3,789,1001162,Bridge,bridge 365,N1,A,False,False,0,1.3
2,3,789,1001163,Link,,N1,,,,1955,648.947
2,3,789,1001164,Bridge,bridge 366,N1,A,False,False,0,1.2
2,3,789,1001165,Bridge,bridge 367,N1,C,True,True,8263,30.9
2,3,789,1001166,Link,,N1,,,,449,624.2850000000001
2,3,789,1001171,Bridge,bridge 368,N1,C,True,True,6847,1.2
2,3,789,1001172,Bridge,bridge 369,N1,D,True,True,6855,9.4
2,3,789,1001173,Bridge,bridge 370,N1,C,True,True,6888,11.8
2,3,789,1001174,Bridge,bridge 371,N1,C,True,True,6886,2.8
2,3,789,1001175,Link,,N1,,,,1671,564.835
2,3,789,1001179,Bridge,bridge 372,N1,C,True,True,6895,1.2
2,3,789,1001180,Bridge,bridge 373,N1,C,False,False,0,31.7
2,3,789,1001181,Link,,N1,,,,1784,530.9250000000001
2,3,789,1001184,Bridge,bridge 374,N1,C,True,True,6902,1.2
2,3,789,1001185,Bridge,bridge 375,N1,C,True,True,6908,1.2
2,3,789,1001186,Bridge,bridge 376,N1,A,False,False,0,6.2
2,3,789,1001187,Link,,N1,,,,7049,636.894
2,3,789,1001190,Bridge,bridge 377,N1,C,False,False,57,32.1
2,3,789,1001191,Link,,N1,,,,8767,954.6469999999999
2,3,789,1001196,Bridge,bridge 378,N1,A,False,False,0,4.4
2,3,789,1001197,Bridge,bridge 379,N1,A,False,False,0,2.9
2,3,789,1001198,Link,,N1,,,,5633,561.268
2,3,789,1001200,Bridge,bridge 380,N1,A,False,False,0,2.8
2,3,789,1001201,Bridge,bridge 381,N1,A,False,False,0,2.8
2,3,789,1001202,Bridge,bridge 382,N1,A,False,False,0,1.9
2,3,789,1001203,Link,,N1,,,,3339,632.759
2,3,789,1001206,Bridge,bridge 383,N1,C,False,False,5428,45.6
2,3,789,1001207,Link,,N1,,,,1418,166.121
2,3,789,1001208,Bridge,bridge 384,N1,B,False,False,0,2.8
2,3,789,1001209,Link,,N1,,,,1793,392.326
2,3,789,1001211,Bridge,bridge 385,N1,C,False,False,0,12.5
2,3,789,1001212,Link,,N1,,,,8768,983.598
2,3,789,1001217,Bridge,bridge 386,N1,C,True,True,7003,29.9
2,3,789,1001218,Link,,N1,,,,1735,693.396
2,3,789,1001221,Bridge,bridge 387,N1,C,True,True,6933,1.2
2,3,789,1001222,Link,,N1,,,,8790,957.382
2,3,789,1001226,Bridge,bridge 388,N1,C,True,True,6964,36.6
2,3,789,1001227,Link,,N1,,,,7132,538.547
2,3,789,1001228,Bridge,bridge 389,N1,A,False,False,0,2.8
2,3,789,1001229,Link,,N1,,,,1676,261.894
2,3,789,1001230,Bridge,bridge 390,N1,A,False,False,0,1.2
2,3,789,1001231,Bridge,bridge 391,N1,B,False,False,0,8.8
2,3,789,1001232,Bridge,bridge 392,N1,A,True,True,6962,1.2
2,3,789,1001233,Link,,N1,,,,1600,216.91
2,3,789,1001234,Bridge,bridge 393,N1,A,False,False,0,9.2
2,3,789,1001235,Bridge,bridge 394,N1,C,True,True,6989,41.75
2,3,789,1001236,Link,,N1,,,,264,458.775
2,3,789,1001237,Bridge,bridge 395,N1,A,False,False,0,7.5
2,3,789,1001238,Bridge,bridge 396,N1,C,True,True,7006,37.2
2,3,789,1001239,Link,,N1,,,,1736,599.083
2,3,789,1001240,Bridge,bridge 397,N1,A,False,False,0,2.7
2,3,789,1001241,Bridge,bridge 398,N1,A,False,False,0,1.2
2,3,789,1001242,Bridge,bridge 399,N1,C,True,True,7027,38.0
2,3,789,1001243,Link,,N1,,,,7308,405.914
2,3,789,1001244,Bridge,bridge 400,N1,B,False,False,0,51.0
2,3,789,1001245,Link,,N1,,,,0,44.745
2,3,789,1001246,Bridge,bridge 401,N1,B,False,False,0,13.5
2,3,789,1001247,Link,,N1,,,,0,26.188
2,3,789,1001248,Bridge,bridge 402,N1,B,False,False,0,13.5
2,3,789,1001249,Link,,N1,,,,1568,267.679
2,3,789,1001250,Bridge,bridge 403,N1,C,True,True,7185,37.6
2,3,789,1001251,Link,,N1,,,,0,110.32300000000001
2,3,789,1001253,Bridge,bridge 404,N1,B,False,False,0,1.2
2,3,789,1001254,Link,,N1,,,,1480,162.705
2,3,789,1001255,Bridge,bridge 405,N1,C,True,True,7107,29.3
2,3,789,1001256,Link,,N1,,,,79,40.06
2,3,789,1001257,Bridge,bridge 406,N1,A,False,False,0,2.8
2,3,789,1001258,Bridge,bridge 407,N1,A,True,True,7056,2.8
2,3,789,1001259,Bridge,bridge 408,N1,A,True,True,7064,2.8
2,3,789,1001260,Link,,N1,,,,0,164.149
2,3,789,1001261,Bridge,bridge 409,N1,B,True,True,7100,15.1
2,3,789,1001262,Link,,N1,,,,7589,704.308
2,3,789,1001267,Bridge,bridge 410,N1,A,False,False,0,9.0
2,3,789,1001268,Bridge,bridge 411,N1,B,False,False,0,9.0
2,3,789,1001269,Link,,N1,,,,1628,463.751
2,3,789,1001272,Bridge,bridge 412,N1,C,True,True,7124,37.3
2,3,789,1001273,Link,,N1,,,,8977,878.693
2,3,789,1001276,Bridge,bridge 413,N1,A,False,False,0,1.5
2,3,789,1001277,Bridge,bridge 414,N1,C,False,False,0,1.5
2,3,789,1001278,Bridge,bridge 415,N1,C,False,False,0,35.9
2,3,789,1001279,Link,,N1,,,,8988,9480.691
2,3,789,1001338,SourceSink,sourcesink 2,N1,,,,1784,6.171
2,3,789,1001340,SourceSink,sourcesink 3,N102,,,,16587,308.839
2,3,789,1001341,Link,,N102,,,,5763,1670.9609999999998
2,3,789,1001344,Bridge,bridge 417,N102,A,False,False,0,1.5
2,3,789,1001345,Bridge,bridge 418,N102,A,False,False,0,1.6
2,3,789,1001346,Bridge,bridge 419,N102,A,False,False,0,1.4
2,3,789,1001347,Link,,N102,,,,5763,1467.22
2,3,789,1001349,Bridge,bridge 420,N102,B,False,False,0,2.5
2,3,789,1001350,Link,,N102,,,,5762,2777.792
2,3,789,1001353,Bridge,bridge 421,N102,C,False,False,0,3.75
2,3,789,1001354,Link,,N102,,,,5761,1236.07
2,3,789,1001355,Bridge,bridge 422,N102,A,False,False,0,17.8
2,3,789,1001356,Link,,N102,,,,5761,544.388
2,3,789,1001358,Bridge,bridge 423,N102,A,False,False,0,3.0
2,3,789,1001359,Link,,N102,,,,5761,1228.19
2,3,789,1001362,Bridge,bridge 424,N102,A,False,False,0,3.2
2,3,789,1001363,Bridge,bridge 425,N102,C,True,True,4592,3.0
2,3,789,1001364,Link,,N102,,,,5764,5407.765
2,3,789,1001368,Bridge,bridge 426,N102,A,False,False,0,5.7
2,3,789,1001369,Link,,N102,,,,5762,1753.4470000000001
2,3,789,1001371,Bridge,bridge 427,N102,A,False,False,0,3.0
2,3,789,1001372,Link,,N102,,,,3848,643.745
2,3,789,1001373,Bridge,bridge 428,N102,C,False,False,0,6.2
2,3,789,1001374,Link,,N102,,,,5760,723.825
2,3,789,1001375,Bridge,bridge 429,N102,A,False,False,0,6.0
2,3,789,1001376,Bridge,bridge 430,N102,A,False,False,0,2.5
2,3,789,1001377,Link,,N102,,,,5763,1469.645
2,3,789,1001380,Bridge,bridge 431,N102,B,False,False,0,4.6
2,3,789,1001381,Bridge,bridge 432,N102,A,False,False,0,1.3
2,3,789,1001382,Link,,N102,,,,4578,419.476
2,3,789,1001383,Bridge,bridge 433,N102,A,False,False,0,9.6
2,3,789,1001384,Link,,N102,,,,5759,894.684
2,3,789,1001386,Bridge,bridge 434,N102,A,False,False,0,33.4
2,3,789,1001387,Link,,N102,,,,1180,380.324
2,3,789,1001389,Bridge,bridge 435,N102,A,False,False,0,113.8
2,3,789,1001390,Link,,N102,,,,5085,383.24199999999996
2,3,789,1001393,Bridge,bridge 436,N102,A,False,False,0,9.4
2,3,789,1001394,Link,,N102,,,,674,148.294
2,3,789,1001395,Bridge,bridge 437,N102,A,False,False,0,9.3
2,3,789,1001396,Link,,N102,,,,1917,344.598
2,3,789,1001397,Bridge,bridge 438,N102,B,False,False,0,6.1
2,3,789,1001398,Link,,N102,,,,2662,67.642
2,3,789,1001399,Bridge,bridge 439,N102,C,False,False,0,51.25
2,3,789,1001400,Link,,N102,,,,0,50.734
2,3,789,1001401,Bridge,bridge 440,N102,A,False,False,0,12.3
2,3,789,1001402,Link,,N102,,,,1180,341.629
2,3,789,1001403,Bridge,bridge 441,N102,A,False,False,0,6.0
2,3,789,1001404,Bridge,bridge 442,N102,C,False,False,0,52.0
2,3,789,1001405,Link,,N102,,,,0,52.49
2,3,789,1001406,Bridge,bridge 443,N102,A,False,False,0,12.6
2,3,789,1001407,Link,,N102,,,,1917,94.473
2,3,789,1001408,Bridge,bridge 444,N102,C,False,False,0,24.5
2,3,789,1001409,Link,,N102,,,,3168,373.41299999999995
2,3,789,1001411,Bridge,bridge 445,N102,B,False,False,0,4.5
2,3,789,1001412,Bridge,bridge 446,N102,B,False,False,674,6.0
2,3,789,1001413,Bridge,bridge 447,N102,C,False,False,0,12.6
2,3,789,1001414,Link,,N102,,,,0,38.153
2,3,789,1001416,Bridge,bridge 448,N102,C,False,False,0,9.5
2,3,789,1001417,Link,,N102,,,,0,293.923
2,3,789,1001418,Bridge,bridge 449,N102,C,True,True,4593,9.2
2,3,789,1001419,Link,,N102,,,,0,8.376
2,3,789,1001420,Bridge,bridge 450,N102,A,False,False,0,9.4
2,3,789,1001421,Link,,N102,,,,3094,607.501
2,3,789,1001423,Bridge,bridge 451,N102,C,False,False,0,3.0
2,3,789,1001424,Bridge,bridge 452,N102,A,False,False,0,9.5
2,3,789,1001425,Link,,N102,,,,2664,438.565
2,3,789,1001426,Bridge,bridge 453,N102,C,False,False,507,35.5
2,3,789,1001427,Link,,N102,,,,0,41.978
2,3,789,1001428,Bridge,bridge 454,N102,B,True,True,4590,9.3
2,3,789,1001429,Link,,N102,,,,0,50.283
2,3,789,1001431,Bridge,bridge 455,N102,A,False,False,0,6.5
2,3,789,1001432,Bridge,bridge 456,N102,A,False,False,0,12.2
2,3,789,1001433,Link,,N102,,,,664,14.985
2,3,789,1001434,Bridge,bridge 457,N102,A,False,False,0,12.2
2,3,789,1001435,Link,,N102,,,,0,125.284
2,3,789,1001437,Bridge,bridge 458,N102,C,False,False,0,12.6
2,3,789,1001438,Link,,N102,,,,0,10.489
2,3,789,1001439,Bridge,bridge 459,N102,A,False,False,0,4.8
2,3,789,1001440,Link,,N102,,,,1925,425.805
2,3,789,1001442,Bridge,bridge 460,N102,A,False,False,0,12.5
2,3,789,1001443,Link,,N102,,,,0,12.565
2,3,789,1001444,Bridge,bridge 461,N102,A,False,False,0,6.2
2,3,789,1001445,Link,,N102,,,,0,21.819
2,3,789,1001446,Bridge,bridge 462,N102,B,False,False,507,17.2
2,3,789,1001447,Link,,N102,,,,3322,272.484
2,3,789,1001449,Bridge,bridge 463,N102,B,True,True,4603,52.4
2,3,789,1001450,Link,,N102,,,,1171,685.42
2,3,789,1001452,Bridge,bridge 464,N102,B,True,True,4575,12.3
2,3,789,1001453,Link,,N102,,,,5733,1704.49
2,3,789,1001455,Bridge,bridge 465,N102,A,False,False,0,12.2
2,3,789,1001456,Link,,N102,,,,0,290.834
2,3,789,1001459,Bridge,bridge 466,N102,A,False,False,0,37.0
2,3,789,1001460,Link,,N102,,,,0,37.54
2,3,789,1001461,Bridge,bridge 467,N102,B,False,False,0,18.6
2,3,789,1001462,Link,,N102,,,,1175,275.724
2,3,789,1001464,Bridge,bridge 468,N102,A,False,False,0,6.0
2,3,789,1001465,Link,,N102,,,,5070,702.905
2,3,789,1001466,Bridge,bridge 469,N102,A,False,False,0,14.5
2,3,789,1001467,Link,,N102,,,,5222,253.27800000000002
2,3,789,1001469,Bridge,bridge 470,N102,C,False,False,0,12.0
2,3,789,1001470,Link,,N102,,,,511,475.519
2,3,789,1001471,Bridge,bridge 471,N102,B,False,False,0,12.6
2,3,789,1001472,Link,,N102,,,,5222,381.043
2,3,789,1001473,Bridge,bridge 472,N102,B,False,False,0,16.06
2,3,789,1001474,Link,,N102,,,,5732,826.211
2,3,789,1001476,Bridge,bridge 473,N102,A,False,False,0,12.2
2,3,789,1001477,Link,,N102,,,,511,367.648
2,3,789,1001478,Bridge,bridge 474,N102,C,False,False,0,17.3
2,3,789,1001479,Link,,N102,,,,5733,1057.094
2,3,789,1001482,Bridge,bridge 475,N102,B,False,False,0,49.75
2,3,789,1001483,Link,,N102,,,,511,458.86199999999997
2,3,789,1001485,Bridge,bridge 476,N102,B,False,False,0,36.8
2,3,789,1001486,Link,,N102,,,,5733,1697.849
2,3,789,1001489,Bridge,bridge 477,N102,B,False,False,0,8.7
2,3,789,1001490,Link,,N102,,,,2598,9.263
2,3,789,1001491,Bridge,bridge 478,N102,A,False,False,0,4.6
2,3,789,1001492,Link,,N102,,,,3134,789.269
2,3,789,1001494,Bridge,bridge 479,N102,B,False,False,4556,166.3
2,3,789,1001495,Link,,N102,,,,5731,1209.554
2,3,789,1001498,Bridge,bridge 480,N102,B,False,False,511,34.2
2,3,789,1001499,Link,,N102,,,,3261,262.714
2,3,789,1001501,Bridge,bridge 481,N102,B,False,False,0,3.0
2,3,789,1001502,Bridge,bridge 482,N102,C,True,True,4574,16.38
2,3,789,1001503,Link,,N102,,,,5729,2555.9179999999997
2,3,789,1001509,Bridge,bridge 483,N102,A,False,False,0,5.5
2,3,789,1001510,Bridge,bridge 484,N102,A,False,False,0,5.6
2,3,789,1001511,Link,,N102,,,,0,68.285
2,3,789,1001512,Bridge,bridge 485,N102,C,False,False,0,21.25
2,3,789,1001513,Link,,N102,,,,5729,1028.276
2,3,789,1001516,Bridge,bridge 486,N102,C,True,True,5097,50.25
2,3,789,1001517,Link,,N102,,,,657,445.74
2,3,789,1001519,Bridge,bridge 487,N102,A,True,True,4564,5.6
2,3,789,1001520,Link,,N102,,,,2517,336.013
2,3,789,1001521,Bridge,bridge 488,N102,A,False,False,0,5.6
2,3,789,1001522,Link,,N102,,,,656,351.684
2,3,789,1001523,Bridge,bridge 489,N102,B,False,False,0,12.0
2,3,789,1001524,Link,,N102,,,,5719,1877.7669999999998
2,3,789,1001528,Bridge,bridge 490,N102,B,False,False,0,3.0
2,3,789,1001529,Link,,N102,,,,3174,451.313
2,3,789,1001530,Bridge,bridge 491,N102,C,False,False,0,90.6
2,3,789,1001531,Link,,N102,,,,5719,5966.170000000001
2,3,789,1001545,Bridge,bridge 492,N102,C,False,False,2521,16.68
2,3,789,1001546,Link,,N102,,,,3195,536.826
2,3,789,1001548,Bridge,bridge 493,N102,A,False,False,0,3.0
2,3,789,1001549,Bridge,bridge 494,N102,B,False,False,0,6.5
2,3,789,1001550,Link,,N102,,,,0,224.173
2,3,789,1001551,Bridge,bridge 495,N102,A,False,False,0,7.0
2,3,789,1001552,Link,,N102,,,,5717,777.982
2,3,789,1001553,Bridge,bridge 496,N102,B,False,False,0,3.0
2,3,789,1001554,Link,,N102,,,,5716,619.614
2,3,789,1001555,SourceSink,sourcesink 4,N102,,,,11855,1009.585
2,3,789,1001556,Bridge,bridge 497,N102,A,False,False,0,3.0
2,3,789,1001557,Intersection,intersection 4,N102,,,,25976,830.934
2,3,789,1001558,SourceSink,sourcesink 5,N104,,,,2641,0.0
2,3,789,1001559,Bridge,bridge 498,N104,A,False,False,0,3.65
2,3,789,1001560,Link,,N104,,,,2457,557.245
2,3,789,1001562,Link,,N104,,,,2678,102.395
2,3,789,1001563,Bridge,bridge 500,N104,C,False,False,0,2.7
2,3,789,1001564,Link,,N104,,,,9711,1627.341
2,3,789,1001567,Bridge,bridge 501,N104,B,False,False,0,2.7
2,3,789,1001568,Link,,N104,,,,9715,2848.844
2,3,789,1001572,Bridge,bridge 502,N104,A,False,False,0,1.9
2,3,789,1001573,Bridge,bridge 503,N104,B,True,True,7900,89.23
2,3,789,1001574,Link,,N104,,,,7473,633.268
2,3,789,1001577,Bridge,bridge 504,N104,C,False,False,0,2.8
2,3,789,1001578,Link,,N104,,,,9603,576.053
2,3,789,1001579,Bridge,bridge 505,N104,A,False,False,0,3.0
2,3,789,1001580,Link,,N104,,,,2433,366.155
2,3,789,1001581,Bridge,bridge 506,N104,A,False,False,0,48.1
2,3,789,1001582,Link,,N104,,,,9755,1101.237
2,3,789,1001585,Bridge,bridge 507,N104,C,True,True,7810,3.0
2,3,789,1001586,Link,,N104,,,,9767,1861.9930000000002
2,3,789,1001590,Bridge,bridge 508,N104,C,True,True,7820,4.4
2,3,789,1001591,Link,,N104,,,,9777,1706.8919999999998
2,3,789,1001594,Bridge,bridge 509,N104,A,False,False,0,6.0
2,3,789,1001595,Link,,N104,,,,9778,3234.114
2,3,789,1001602,Bridge,bridge 510,N104,C,False,False,0,3.1
2,3,789,1001603,Link,,N104,,,,1663,404.318
2,3,789,1001604,Bridge,bridge 511,N104,C,True,True,7910,9.25
2,3,789,1001605,Link,,N104,,,,6000,550.039
2,3,789,1001608,Bridge,bridge 512,N104,B,False,False,0,2.8
2,3,789,1001609,Link,,N104,,,,9789,1167.6860000000001
2,3,789,1001612,Bridge,bridge 513,N104,A,False,False,0,2.5
2,3,789,1001613,Link,,N104,,,,9792,1709.763
2,3,789,1001615,Bridge,bridge 514,N104,C,False,False,0,2.7
2,3,789,1001616,Link,,N104,,,,3937,585.304
2,3,789,1001617,Bridge,bridge 515,N104,A,False,False,0,9.1
2,3,789,1001618,Link,,N104,,,,9793,1268.649
2,3,789,1001620,Bridge,bridge 516,N104,B,False,False,0,3.0
2,3,789,1001621,Link,,N104,,,,3787,419.033
2,3,789,1001622,Bridge,bridge 517,N104,C,True,True,7841,6.0
2,3,789,1001623,Link,,N104,,,,6017,375.107
2,3,789,1001624,Bridge,bridge 518,N104,B,False,False,0,3.2
2,3,789,1001625,Link,,N104,,,,9807,1656.213
2,3,789,1001627,Bridge,bridge 519,N104,A,False,False,0,20.5
2,3,789,1001628,Link,,N104,,,,9807,1209.173
2,3,789,1001634,Bridge,bridge 520,N104,B,True,True,7944,38.2
2,3,789,1001635,Link,,N104,,,,7428,503.601
2,3,789,1001637,Bridge,bridge 521,N104,A,False,False,0,3.1
2,3,789,1001638,Bridge,bridge 522,N104,A,False,False,0,6.5
2,3,789,1001639,Link,,N104,,,,9831,938.934
2,3,789,1001641,Bridge,bridge 523,N104,C,False,False,0,3.2
2,3,789,1001642,Link,,N104,,,,9832,957.988
2,3,789,1001644,Bridge,bridge 524,N104,B,False,False,0,18.6
2,3,789,1001645,Link,,N104,,,,9832,1231.3249999999998
2,3,789,1001649,Bridge,bridge 525,N104,D,False,False,0,6.2
2,3,789,1001650,Link,,N104,,,,9836,3622.993
2,3,789,1001660,Bridge,bridge 526,N104,C,False,False,0,1.0
2,3,789,1001661,Link,,N104,,,,79,72.151
2,3,789,1001662,Bridge,bridge 527,N104,A,False,False,0,6.4
2,3,789,1001663,Link,,N104,,,,9616,604.281
2,3,789,1001666,Bridge,bridge 528,N104,A,False,False,0,6.5
2,3,789,1001667,Link,,N104,,,,9839,2592.199
2,3,789,1001673,Bridge,bridge 529,N104,B,False,False,0,2.0
2,3,789,1001674,Bridge,bridge 530,N104,A,False,False,0,3.0
2,3,789,1001675,Link,,N104,,,,9840,1656.762
2,3,789,1001680,SourceSink,sourcesink 6,N104,,,,2640,118.23
2,3,789,1001682,SourceSink,sourcesink 7,N105,,,,8796,999.355
2,3,789,1001683,Bridge,bridge 531,N105,A,False,False,0,6.25
2,3,789,1001684,Link,,N105,,,,8124,934.321
2,3,789,1001685,Bridge,bridge 532,N105,A,False,False,0,6.1
2,3,789,1001686,Link,,N105,,,,8125,761.352
2,3,789,1001687,Bridge,bridge 533,N105,A,False,False,0,6.0
2,3,789,1001688,Link,,N105,,,,8126,2302.9480000000003
2,3,789,1001693,Bridge,bridge 534,N105,A,False,False,0,6.0
2,3,789,1001694,Link,,N105,,,,8128,5891.884999999999
2,3,789,1002030,Bridge,bridge 535,N105,A,False,False,12821,546.0
2,3,789,1001712,Link,,N105,,,,9400,4232.207
2,3,789,1001717,Bridge,bridge 536,N105,A,False,False,0,10.4
2,3,789,1001718,Bridge,bridge 537,N105,A,False,False,0,6.2
2,3,789,1001719,Link,,N105,,,,9401,967.871
2,3,789,1001722,Bridge,bridge 538,N105,A,False,False,0,4.6
2,3,789,1001723,Link,,N105,,,,9410,7952.779
2,3,789,1001741,Bridge,bridge 539,N105,A,False,False,20,4.5
2,3,789,1001742,Bridge,bridge 540,N105,A,False,False,0,4.5
2,3,789,1001743,Link,,N105,,,,11,156.1
2,3,789,1001745,Bridge,bridge 541,N105,A,False,False,440,4.5
2,3,789,1001746,Link,,N105,,,,9412,2525.4930000000004
2,3,789,1001752,Bridge,bridge 542,N105,A,False,False,0,4.5
2,3,789,1001753,Bridge,bridge 543,N105,A,False,False,0,1.0
2,3,789,1001754,Link,,N105,,,,8877,513.289
2,3,789,1001755,Bridge,bridge 544,N105,A,False,False,0,3.4
2,3,789,1001756,Link,,N105,,,,9413,1724.134
2,3,789,1001761,Bridge,bridge 545,N105,A,False,False,0,5.0
2,3,789,1001762,Link,,N105,,,,9383,642.369
2,3,789,1001763,Bridge,bridge 546,N105,A,False,False,20,13.0
2,3,789,1001764,Link,,N105,,,,9415,965.64
2,3,789,1001766,Bridge,bridge 547,N105,A,False,False,0,4.5
2,3,789,1001767,Link,,N105,,,,9417,1945.8090000000002
2,3,789,1001772,Bridge,bridge 548,N105,A,False,False,0,7.0
2,3,789,1001773,Link,,N105,,,,8278,599.635
2,3,789,1001774,Bridge,bridge 549,N105,A,False,False,0,3.0
2,3,789,1001775,Link,,N105,,,,9418,1055.609
2,3,789,1001778,Bridge,bridge 550,N105,A,False,False,12,3.0
2,3,789,1001779,Bridge,bridge 551,N105,A,False,False,0,3.0
2,3,789,1001780,Link,,N105,,,,9426,5919.028999999999
2,3,789,1001797,SourceSink,sourcesink 8,N105,,,,2226,544.112
2,3,789,1001799,Bridge,bridge 552,N106,C,True,True,9569,2.1
2,3,789,1001800,Bridge,bridge 553,N106,A,False,False,0,3.0
2,3,789,1001801,Bridge,bridge 554,N106,C,True,True,9574,2.1
2,3,789,1001802,SourceSink,sourcesink 9,N106,,,,11787,177.932
2,3,789,1001803,Link,,N106,,,,6687,325.115
2,3,789,1001804,Bridge,bridge 555,N106,A,False,False,0,3.0
2,3,789,1001805,Link,,N106,,,,1797,532.991
2,3,789,1001806,Bridge,bridge 556,N106,A,True,True,5672,12.3
2,3,789,1001807,Link,,N106,,,,0,372.884
2,3,789,1001808,Bridge,bridge 557,N106,C,False,False,0,18.78
2,3,789,1001809,Link,,N106,,,,7139,445.288
2,3,789,1001810,Bridge,bridge 558,N106,A,False,False,0,4.0
2,3,789,1001811,Bridge,bridge 559,N106,C,False,False,0,3.3
2,3,789,1001812,Link,,N106,,,,0,497.417
2,3,789,1001813,Bridge,bridge 560,N106,C,False,False,0,4.5
2,3,789,1001814,Link,,N106,,,,7141,1745.084
2,3,789,1001819,Bridge,bridge 561,N106,C,True,True,5688,8.8
2,3,789,1001820,Bridge,bridge 562,N106,C,True,True,5699,6.0
2,3,789,1001821,Link,,N106,,,,6761,185.877
2,3,789,1001822,Bridge,bridge 563,N106,A,False,False,0,8.0
2,3,789,1001823,Bridge,bridge 564,N106,A,False,False,0,8.2
2,3,789,1001824,Link,,N106,,,,1800,757.654
2,3,789,1001826,Bridge,bridge 565,N106,B,True,True,5717,9.4
2,3,789,1001827,Link,,N106,,,,6860,774.0169999999999
2,3,789,1001830,Bridge,bridge 566,N106,A,False,False,0,10.2
2,3,789,1001831,Link,,N106,,,,7191,2255.387
2,3,789,1001836,Bridge,bridge 567,N106,C,True,True,5729,3.8
2,3,789,1001837,Link,,N106,,,,7202,2203.3630000000003
2,3,789,1001842,Bridge,bridge 568,N106,B,True,True,5745,9.5
2,3,789,1001843,Link,,N106,,,,6895,594.519
2,3,789,1001844,Bridge,bridge 569,N106,C,False,False,0,63.86
2,3,789,1001845,Link,,N106,,,,7221,937.933
2,3,789,1001848,Bridge,bridge 570,N106,C,True,True,5858,34.2
2,3,789,1001849,Link,,N106,,,,1398,667.187
2,3,789,1001852,Bridge,bridge 571,N106,C,True,True,5808,37.3
2,3,789,1001853,Link,,N106,,,,6966,525.373
2,3,789,1001854,Bridge,bridge 572,N106,C,False,False,0,102.69
2,3,789,1001855,Link,,N106,,,,0,25.865
2,3,789,1001856,Bridge,bridge 573,N106,A,False,False,0,3.0
2,3,789,1001857,Link,,N106,,,,320,164.084
2,3,789,1001858,Bridge,bridge 574,N106,C,False,False,0,25.3
2,3,789,1001859,Link,,N106,,,,6968,649.927
2,3,789,1001862,Bridge,bridge 575,N106,A,False,False,0,12.4
2,3,789,1001863,Link,,N106,,,,7288,445.087
2,3,789,1001864,Bridge,bridge 576,N106,A,False,False,0,3.0
2,3,789,1001865,Link,,N106,,,,5887,610.272
2,3,789,1001867,Bridge,bridge 577,N106,A,False,False,0,37.78
2,3,789,1001868,Link,,N106,,,,1804,689.967
2,3,789,1001869,Bridge,bridge 578,N106,C,True,True,5842,24.69
2,3,789,1001870,Bridge,bridge 579,N106,B,True,True,5881,24.0
2,3,789,1001871,Link,,N106,,,,6966,477.266
2,3,789,1001874,Bridge,bridge 580,N106,C,False,False,0,24.13
2,3,789,1001875,Bridge,bridge 581,N106,C,False,False,0,4.3
2,3,789,1001876,Link,,N106,,,,400,343.8310000000001
2,3,789,1001880,Bridge,bridge 582,N106,A,True,True,5894,3.0
2,3,789,1001881,Link,,N106,,,,7059,759.3489999999999
2,3,789,1001884,Bridge,bridge 583,N106,A,False,False,0,9.4
2,3,789,1001885,Link,,N106,,,,7379,1230.147
2,3,789,1001890,Bridge,bridge 584,N106,C,True,True,5931,12.2
2,3,789,1001891,Link,,N106,,,,0,125.867
2,3,789,1001892,Bridge,bridge 585,N106,C,True,True,5937,6.0
2,3,789,1001893,Link,,N106,,,,7428,2142.994
2,3,789,1001897,Bridge,bridge 586,N106,A,False,False,0,14.6
2,3,789,1001898,Link,,N106,,,,7428,923.479
2,3,789,1001901,Bridge,bridge 587,N106,A,False,False,0,18.0
2,3,789,1001902,Link,,N106,,,,314,214.316
2,3,789,1001903,Bridge,bridge 588,N106,A,True,True,5978,11.7
2,3,789,1001904,Bridge,bridge 589,N106,A,False,False,0,1.2
2,3,789,1001905,Link,,N106,,,,1492,265.493
2,3,789,1001906,Bridge,bridge 590,N106,C,False,False,0,6.0
2,3,789,1001907,Bridge,bridge 591,N106,A,False,False,0,4.5
2,3,789,1001908,Link,,N106,,,,0,240.399
2,3,789,1001911,Bridge,bridge 592,N106,C,True,True,5988,5.2
2,3,789,1001912,Bridge,bridge 593,N106,B,False,False,0,5.3
2,3,789,1001913,Bridge,bridge 594,N106,D,False,False,0,2.0
2,3,789,1001914,Link,,N106,,,,0,221.417
2,3,789,1001916,Bridge,bridge 595,N106,A,False,False,0,3.0
2,3,789,1001917,Bridge,bridge 596,N106,A,False,False,0,3.0
2,3,789,1001918,Bridge,bridge 597,N106,A,False,False,0,1.5
2,3,789,1001919,Bridge,bridge 598,N106,A,False,False,0,3.0
2,3,789,1001920,Bridge,bridge 599,N106,A,False,False,0,6.0
2,3,789,1001921,Link,,N106,,,,1493,240.032
2,3,789,1001922,Bridge,bridge 600,N106,A,True,True,6026,12.3
2,3,789,1001923,Link,,N106,,,,7517,988.536
2,3,789,1001930,Bridge,bridge 601,N106,A,False,False,0,4.5
2,3,789,1001931,Bridge,bridge 602,N106,B,False,False,0,4.4
2,3,789,1001932,Bridge,bridge 603,N106,A,False,False,0,1.8
2,3,789,1001933,Link,,N106,,,,0,42.215
2,3,789,1001934,Bridge,bridge 604,N106,A,False,False,0,3.0
2,3,789,1001935,Link,,N106,,,,1801,598.953
2,3,789,1001937,Bridge,bridge 605,N106,A,True,True,6036,5.0
2,3,789,1001938,Bridge,bridge 606,N106,D,True,True,6049,2.2
2,3,789,1001939,Link,,N106,,,,81,556.457
2,3,789,1001943,Bridge,bridge 607,N106,A,False,False,0,1.9
2,3,789,1001944,Link,,N106,,,,7547,960.5050000000001
2,3,789,1001947,Bridge,bridge 608,N106,A,False,False,0,4.5
2,3,789,1001948,Link,,N106,,,,1729,250.382
2,3,789,1001949,Bridge,bridge 609,N106,D,False,False,0,95.0
2,3,789,1001950,Link,,N106,,,,7547,1067.536
2,3,789,1001953,Bridge,bridge 610,N106,A,False,False,0,6.6
2,3,789,1001954,Bridge,bridge 611,N106,A,False,False,81,9.4
2,3,789,1001955,Link,,N106,,,,5737,148.675
2,3,789,1001956,Bridge,bridge 612,N106,A,False,False,0,1.5
2,3,789,1001957,Bridge,bridge 613,N106,A,False,False,0,3.0
2,3,789,1001958,Link,,N106,,,,1810,663.81
2,3,789,1001961,Bridge,bridge 614,N106,A,False,False,0,11.2
2,3,789,1001962,Link,,N106,,,,7468,409.901
2,3,789,1001963,Bridge,bridge 615,N106,B,False,False,0,14.8
2,3,789,1001964,Link,,N106,,,,7549,716.395
2,3,789,1001965,Bridge,bridge 616,N106,A,False,False,0,3.0
2,3,789,1001966,Link,,N106,,,,7552,3169.65
2,3,789,1001975,Bridge,bridge 617,N106,A,False,False,0,1.0
2,3,789,1001976,Link,,N106,,,,5825,562.827
2,3,789,1001977,Bridge,bridge 618,N106,C,False,False,0,3.0
2,3,789,1001978,Bridge,bridge 619,N106,A,False,False,0,1.5
2,3,789,1001979,Link,,N106,,,,1727,138.564
2,3,789,1001980,Bridge,bridge 620,N106,A,False,False,0,1.0
2,3,789,1001981,Bridge,bridge 621,N106,A,False,False,0,1.0
2,3,789,1001982,Link,,N106,,,,81,642.761
2,3,789,1001984,Bridge,bridge 622,N106,B,False,False,0,2.0
2,3,789,1001985,Bridge,bridge 623,N106,A,True,True,6061,1.2
2,3,789,1001986,Link,,N106,,,,7568,1295.9160000000002
2,3,789,1001991,Bridge,bridge 624,N106,A,False,False,0,2.0
2,3,789,1001992,Link,,N106,,,,7580,9411.997000000003
2,3,789,1002009,SourceSink,sourcesink 10,N106,,,,380,568.335
2,3,789,1002011,SourceSink,sourcesink 11,N2,,,,10160,139.902
2,3,789,1002012,Link,,N2,,,,7545,989.34
2,3,789,1002013,Bridge,bridge 625,N2,C,False,False,960,36.7
2,3,789,1002014,Link,,N2,,,,7551,9602.278
2,3,789,1002031,Link,,N2,,,,15697,1701.5790000000002
2,3,789,1002035,Bridge,bridge 627,N2,B,False,False,0,4.9
2,3,789,1002036,Link,,N2,,,,15692,837.335
2,3,789,1002037,Bridge,bridge 628,N2,B,False,False,0,3.5
2,3,789,1002038,Link,,N2,,,,15691,876.249
2,3,789,1002039,Bridge,bridge 629,N2,A,False,False,0,3.4
2,3,789,1002040,Link,,N2,,,,12120,584.637
2,3,789,1002043,Bridge,bridge 630,N2,C,False,False,3327,72.15
2,3,789,1002044,Link,,N2,,,,244,74.539
2,3,789,1002045,Bridge,bridge 631,N2,A,False,False,0,4.5
2,3,789,1002046,Link,,N2,,,,4628,250.826
2,3,789,1002047,Bridge,bridge 632,N2,B,False,False,0,8.3
2,3,789,1002048,Link,,N2,,,,11063,563.996
2,3,789,1002050,Bridge,bridge 633,N2,A,False,False,0,8.3
2,3,789,1002051,Link,,N2,,,,4939,325.455
2,3,789,1002052,Bridge,bridge 634,N2,A,False,False,0,4.0
2,3,789,1002053,Bridge,bridge 635,N2,A,False,False,0,8.0
2,3,789,1002054,Link,,N2,,,,3394,46.622
2,3,789,1002055,Bridge,bridge 636,N2,B,False,False,0,4.0
2,3,789,1002056,Link,,N2,,,,15691,1068.625
2,3,789,1002058,Bridge,bridge 637,N2,A,False,False,0,4.0
2,3,789,1002059,Bridge,bridge 638,N2,A,False,False,0,4.0
2,3,789,1002060,Link,,N2,,,,88,36.851
2,3,789,1002061,Bridge,bridge 639,N2,A,False,False,0,4.0
2,3,789,1002062,Bridge,bridge 640,N2,A,False,False,0,2.0
2,3,789,1002063,Link,,N2,,,,15690,2848.4570000000003
2,3,789,1002068,Bridge,bridge 641,N2,A,False,False,0,2.5
2,3,789,1002069,Bridge,bridge 642,N2,A,False,False,0,2.5
2,3,789,1002070,Link,,N2,,,,15685,1575.5320000000002
2,3,789,1002075,Bridge,bridge 643,N2,B,False,False,3391,30.3
2,3,789,1002076,Link,,N2,,,,15683,1237.3110000000001
2,3,789,1002079,Bridge,bridge 644,N2,A,False,False,0,3.6
2,3,789,1002080,Link,,N2,,,,15682,1763.8339999999998
2,3,789,1002085,Bridge,bridge 645,N2,A,False,False,0,12.7
2,3,789,1002086,Link,,N2,,,,311,112.317
2,3,789,1002087,Bridge,bridge 646,N2,A,False,False,0,3.0
2,3,789,1002088,Link,,N2,,,,10734,492.193
2,3,789,1002089,Bridge,bridge 647,N2,A,False,False,0,27.4
2,3,789,1002090,Link,,N2,,,,15677,852.567
2,3,789,1002092,Bridge,bridge 648,N2,C,False,False,0,69.5
2,3,789,1002093,Link,,N2,,,,4483,64.933
2,3,789,1002094,Bridge,bridge 649,N2,A,False,False,0,3.0
2,3,789,1002095,Link,,N2,,,,7169,307.618
2,3,789,1002096,Bridge,bridge 650,N2,A,False,False,309,12.6
2,3,789,1002097,Link,,N2,,,,15675,996.406
2,3,789,1002099,Bridge,bridge 651,N2,A,False,False,0,3.4
2,3,789,1002100,Bridge,bridge 652,N2,A,False,False,156,3.0
2,3,789,1002101,Link,,N2,,,,152,221.156
2,3,789,1002102,Bridge,bridge 653,N2,B,True,True,12548,3.5
2,3,789,1002103,Bridge,bridge 654,N2,A,False,False,0,3.0
2,3,789,1002104,Link,,N2,,,,2741,517.48
2,3,789,1002105,Bridge,bridge 655,N2,A,False,False,0,1.8
2,3,789,1002106,Bridge,bridge 656,N2,B,True,True,12560,14.1
2,3,789,1002107,Link,,N2,,,,6036,596.554
2,3,789,1002109,Bridge,bridge 657,N2,A,False,False,676,2.0
2,3,789,1002110,Link,,N2,,,,15648,842.05
2,3,789,1002113,Bridge,bridge 658,N2,A,False,False,0,2.5
2,3,789,1002114,Link,,N2,,,,13394,300.057
2,3,789,1002115,Bridge,bridge 659,N2,A,False,False,0,4.0
2,3,789,1002116,Link,,N2,,,,15646,1091.473
2,3,789,1002119,Bridge,bridge 660,N2,B,False,False,718,105.15
2,3,789,1002120,Link,,N2,,,,1070,106.043
2,3,789,1002121,Bridge,bridge 661,N2,A,False,False,0,10.3
2,3,789,1002122,Link,,N2,,,,0,38.6
2,3,789,1002123,Bridge,bridge 662,N2,A,False,False,0,3.9
2,3,789,1002124,Link,,N2,,,,15646,860.674
2,3,789,1002126,Bridge,bridge 663,N2,A,False,False,0,9.6
2,3,789,1002127,Bridge,bridge 664,N2,A,False,False,0,9.5
2,3,789,1002128,Link,,N2,,,,12749,103.474
2,3,789,1002129,Bridge,bridge 665,N2,A,False,False,0,9.55
2,3,789,1002130,Link,,N2,,,,0,52.4
2,3,789,1002131,Bridge,bridge 666,N2,A,False,False,0,3.0
2,3,789,1002132,Link,,N2,,,,15643,731.705
2,3,789,1002133,Bridge,bridge 667,N2,A,False,False,0,5.4
2,3,789,1002134,Link,,N2,,,,154,142.604
2,3,789,1002135,Bridge,bridge 668,N2,A,False,False,0,11.0
2,3,789,1002136,Link,,N2,,,,2099,401.493
2,3,789,1002137,Bridge,bridge 669,N2,A,False,False,0,7.3
2,3,789,1002138,Link,,N2,,,,13390,293.873
2,3,789,1002139,Bridge,bridge 670,N2,A,False,False,0,7.25
2,3,789,1002140,Bridge,bridge 671,N2,A,False,False,154,3.5
2,3,789,1002141,Link,,N2,,,,981,313.296
2,3,789,1002143,Bridge,bridge 672,N2,A,False,False,48,4.0
2,3,789,1002144,Link,,N2,,,,1715,270.021
2,3,789,1002145,Bridge,bridge 673,N2,A,False,False,0,4.0
2,3,789,1002146,Bridge,bridge 674,N2,B,False,False,0,17.75
2,3,789,1002147,Link,,N2,,,,13211,469.11
2,3,789,1002149,Bridge,bridge 675,N2,A,False,False,0,3.5
2,3,789,1002150,Bridge,bridge 676,N2,A,False,False,0,3.5
2,3,789,1002151,Bridge,bridge 677,N2,B,False,False,0,3.5
2,3,789,1002152,Link,,N2,,,,1788,281.932
2,3,789,1002153,Bridge,bridge 678,N2,C,True,True,13459,141.61
2,3,789,1002154,Link,,N2,,,,154,150.41
2,3,789,1002155,Bridge,bridge 679,N2,B,True,True,12516,40.6
2,3,789,1002156,Link,,N2,,,,311,131.251
2,3,789,1002158,Bridge,bridge 680,N2,A,False,False,0,4.0
2,3,789,1002159,Link,,N2,,,,15590,806.271
2,3,789,1002161,Bridge,bridge 681,N2,A,False,False,0,37.9
2,3,789,1002162,Link,,N2,,,,716,39.489
2,3,789,1002163,Bridge,bridge 682,N2,A,True,True,12467,7.3
2,3,789,1002164,Link,,N2,,,,1954,414.736
2,3,789,1002165,Bridge,bridge 683,N2,A,False,False,0,7.3
2,3,789,1002166,Link,,N2,,,,15334,674.724
2,3,789,1002167,Bridge,bridge 684,N2,A,False,False,0,11.8
2,3,789,1002168,Link,,N2,,,,713,371.26500000000004
2,3,789,1002170,Bridge,bridge 685,N2,B,False,False,0,11.5
2,3,789,1002171,Link,,N2,,,,15583,903.098
2,3,789,1002173,Bridge,bridge 686,N2,A,False,False,0,4.0
2,3,789,1002174,Bridge,bridge 687,N2,A,False,False,1065,202.0
2,3,789,1002175,Link,,N2,,,,15584,1378.6390000000001
2,3,789,1002179,Bridge,bridge 688,N2,A,False,False,0,3.6
2,3,789,1002180,Link,,N2,,,,8931,212.096
2,3,789,1002181,Bridge,bridge 689,N2,A,False,False,0,15.85
2,3,789,1002182,Link,,N2,,,,0,14.103
2,3,789,1002183,Bridge,bridge 690,N2,A,False,False,0,4.0
2,3,789,1002184,Link,,N2,,,,1355,460.44399999999996
2,3,789,1002186,Bridge,bridge 691,N2,B,True,True,12469,7.3
2,3,789,1002187,Link,,N2,,,,1777,291.493
2,3,789,1002188,Bridge,bridge 692,N2,C,False,False,1043,428.91
2,3,789,1002189,Link,,N2,,,,15581,746.184
2,3,789,1002191,Bridge,bridge 693,N2,A,False,False,0,4.0
2,3,789,1002192,Bridge,bridge 694,N2,C,False,False,0,6.0
2,3,789,1002193,Bridge,bridge 695,N2,A,False,False,0,6.0
2,3,789,1002194,Link,,N2,,,,15579,1387.257
2,3,789,1002199,Bridge,bridge 696,N2,A,False,False,0,14.0
2,3,789,1002200,Link,,N2,,,,15575,1542.121
2,3,789,1002204,Bridge,bridge 697,N2,A,False,False,90,6.1
2,3,789,1002205,Bridge,bridge 698,N2,C,False,False,0,3.1
2,3,789,1002206,Link,,N2,,,,13780,574.585
2,3,789,1002210,Bridge,bridge 699,N2,C,False,False,81,3.15
2,3,789,1002211,Bridge,bridge 700,N2,D,False,False,982,79.75
2,3,789,1002212,Link,,N2,,,,888,275.50699999999995
2,3,789,1002214,Bridge,bridge 701,N2,A,False,False,0,3.15
2,3,789,1002215,Bridge,bridge 702,N2,A,False,False,155,6.1
2,3,789,1002216,Link,,N2,,,,13462,333.595
2,3,789,1002217,Bridge,bridge 703,N2,A,False,False,0,12.5
2,3,789,1002218,Link,,N2,,,,1063,184.302
2,3,789,1002219,Bridge,bridge 704,N2,A,False,False,0,12.3
2,3,789,1002220,Link,,N2,,,,1043,419.64300000000003
2,3,789,1002222,Bridge,bridge 705,N2,A,True,True,12455,3.1
2,3,789,1002223,Link,,N2,,,,15554,1065.8580000000002
2,3,789,1002226,Bridge,bridge 706,N2,A,False,False,743,9.5
2,3,789,1002227,Bridge,bridge 707,N2,A,True,True,12450,6.1
2,3,789,1002228,Link,,N2,,,,317,99.493
2,3,789,1002229,Bridge,bridge 708,N2,B,True,True,12450,4.5
2,3,789,1002230,Link,,N2,,,,15550,1414.289
2,3,789,1002233,Bridge,bridge 709,N2,A,False,False,0,3.6
2,3,789,1002234,Link,,N2,,,,15549,1434.1729999999998
2,3,789,1002238,Bridge,bridge 710,N2,C,True,True,12454,22.96
2,3,789,1002240,Bridge,bridge 711,N2,A,False,False,0,3.0
2,3,789,1002241,Link,,N2,,,,12029,454.905
2,3,789,1002244,Bridge,bridge 712,N2,C,False,False,0,22.95
2,3,789,1002245,Link,,N2,,,,443,71.591
2,3,789,1002246,Bridge,bridge 713,N2,A,False,False,3030,23.0
2,3,789,1002247,Link,,N2,,,,0,113.50299999999999
2,3,789,1002249,Bridge,bridge 714,N2,C,False,False,0,43.88
2,3,789,1002250,Link,,N2,,,,9136,361.83500000000004
2,3,789,1002252,Bridge,bridge 715,N2,B,False,False,0,4.1
2,3,789,1002253,Bridge,bridge 716,N2,C,False,False,9814,42.65
2,3,789,1002254,Link,,N2,,,,13282,777.997
2,3,789,1002255,Bridge,bridge 717,N2,A,True,True,19026,12.0
2,3,789,1002256,Bridge,bridge 718,N2,A,False,False,0,10.45
2,3,789,1002257,Link,,N2,,,,11056,228.608
2,3,789,1002259,Bridge,bridge 719,N2,C,False,False,889,202.55
2,3,789,1002260,Link,,N2,,,,22216,711.127
2,3,789,1002261,Bridge,bridge 720,N2,C,False,False,0,4.0
2,3,789,1002262,Link,,N2,,,,23107,739.54
2,3,789,1002266,Bridge,bridge 721,N2,A,False,False,0,10.4
2,3,789,1002267,Link,,N2,,,,1475,208.765
2,3,789,1002268,Bridge,bridge 722,N2,A,False,False,165,10.4
2,3,789,1002269,Link,,N2,,,,789,194.765
2,3,789,1002270,Bridge,bridge 723,N2,B,False,False,0,35.01
2,3,789,1002271,Link,,N2,,,,22551,689.623
2,3,789,1002274,Bridge,bridge 724,N2,C,False,False,556,27.03
2,3,789,1002275,Bridge,bridge 725,N2,A,False,False,0,4.0
2,3,789,1002276,Link,,N2,,,,23111,1598.779
2,3,789,1002280,Bridge,bridge 726,N2,A,False,False,0,65.3
2,3,789,1002281,Link,,N2,,,,20680,296.149
2,3,789,1002282,Bridge,bridge 727,N2,A,False,False,0,4.0
2,3,789,1002283,Link,,N2,,,,2429,455.779
2,3,789,1002285,Bridge,bridge 728,N2,A,False,False,0,9.3
2,3,789,1002286,Link,,N2,,,,20680,502.457
2,3,789,1002288,Bridge,bridge 729,N2,B,False,False,889,3.5
2,3,789,1002289,Link,,N2,,,,751,170.932
2,3,789,1002290,Bridge,bridge 730,N2,A,False,False,0,9.0
2,3,789,1002291,Link,,N2,,,,22360,673.77
2,3,789,1002293,Bridge,bridge 731,N2,A,False,False,0,3.5
2,3,789,1002294,Link,,N2,,,,1540,295.736
2,3,789,1002295,Bridge,bridge 732,N2,A,False,False,0,4.0
2,3,789,1002296,Link,,N2,,,,9614,54.252
2,3,789,1002297,Bridge,bridge 733,N2,C,True,True,19228,68.09
2,3,789,1002298,Link,,N2,,,,2692,534.082
2,3,789,1002300,Bridge,bridge 734,N2,A,False,False,0,3.0
2,3,789,1002301,Link,,N2,,,,20431,316.345
2,3,789,1002303,Bridge,bridge 735,N2,C,False,False,0,19.4
2,3,789,1002304,Link,,N2,,,,3482,553.349
2,3,789,1002305,Bridge,bridge 736,N2,C,False,False,0,36.7
2,3,789,1002306,Link,,N2,,,,21583,510.447
2,3,789,1002308,Bridge,bridge 737,N2,A,False,False,0,4.0
2,3,789,1002309,Link,,N2,,,,23120,747.03
2,3,789,1002311,Bridge,bridge 738,N2,B,False,False,0,30.0
2,3,789,1002312,Link,,N2,,,,21174,516.068
2,3,789,1002313,Bridge,bridge 739,N2,B,False,False,0,25.0
2,3,789,1002314,Link,,N2,,,,3482,572.9789999999999
2,3,789,1002316,Bridge,bridge 740,N2,A,False,False,9052,40.7
2,3,789,1002317,Link,,N2,,,,12531,482.038
2,3,789,1002319,Bridge,bridge 741,N2,A,False,False,0,22.8
2,3,789,1002320,Link,,N2,,,,23119,733.919
2,3,789,1002322,Bridge,bridge 742,N2,B,False,False,0,2.0
2,3,789,1002323,Link,,N2,,,,22222,682.235
2,3,789,1002325,Bridge,bridge 743,N2,A,False,False,0,2.0
2,3,789,1002326,Bridge,bridge 744,N2,A,False,False,0,10.6
2,3,789,1002327,Intersection,intersection 9,N2,,,,0,40.738
2,3,789,1002328,Bridge,bridge 745,N2,C,False,False,0,2.0
2,3,789,1002329,Link,,N2,,,,2994,369.62300000000005
2,3,789,1002331,Bridge,bridge 746,N2,A,False,False,0,4.25
2,3,789,1002332,Bridge,bridge 747,N2,A,False,False,0,10.6
2,3,789,1002333,Link,,N2,,,,17993,200.841
2,3,789,1002334,Bridge,bridge 748,N2,A,False,False,0,2.0
2,3,789,1002335,Link,,N2,,,,496,52.582
2,3,789,1002336,Bridge,bridge 749,N2,A,False,False,502,8.2
2,3,789,1002337,Bridge,bridge 750,N2,B,False,False,0,6.4
2,3,789,1002338,Bridge,bridge 751,N2,A,False,False,0,3.1
2,3,789,1002339,Link,,N2,,,,958,265.67199999999997
2,3,789,1002341,Bridge,bridge 752,N2,A,False,False,0,4.2
2,3,789,1002342,Bridge,bridge 753,N2,A,False,False,496,1.6
2,3,789,1002343,Link,,N2,,,,20529,579.409
2,3,789,1002345,Bridge,bridge 754,N2,A,False,False,0,17.12
2,3,789,1002346,Link,,N2,,,,2994,403.716
2,3,789,1002347,Bridge,bridge 755,N2,A,False,False,0,6.22
2,3,789,1002348,Bridge,bridge 756,N2,A,False,False,0,3.5
2,3,789,1002349,Link,,N2,,,,18991,406.534
2,3,789,1002350,Bridge,bridge 757,N2,A,False,False,0,7.8
2,3,789,1002351,Link,,N2,,,,2994,418.14
2,3,789,1002352,Bridge,bridge 758,N2,A,False,False,0,2.0
2,3,789,1002353,Link,,N2,,,,18989,316.295
2,3,789,1002354,Bridge,bridge 759,N2,A,False,False,0,29.5
2,3,789,1002355,Link,,N2,,,,958,140.977
2,3,789,1002356,Bridge,bridge 760,N2,A,False,False,0,3.3
2,3,789,1002357,Link,,N2,,,,20029,453.899
2,3,789,1002359,Bridge,bridge 761,N2,A,False,False,0,6.3
2,3,789,1002360,Bridge,bridge 762,N2,A,False,False,0,4.3
2,3,789,1002361,Bridge,bridge 763,N2,A,False,False,0,6.6
2,3,789,1002362,Bridge,bridge 764,N2,A,False,False,0,5.3
2,3,789,1002363,Link,,N2,,,,0,18.749
2,3,789,1002364,Bridge,bridge 765,N2,A,False,False,0,8.1
2,3,789,1002365,Bridge,bridge 766,N2,A,False,False,0,2.0
2,3,789,1002366,Bridge,bridge 767,N2,A,False,False,0,6.6
2,3,789,1002367,Bridge,bridge 768,N2,A,False,False,0,4.3
2,3,789,1002368,Link,,N2,,,,0,12.671
2,3,789,1002369,Bridge,bridge 769,N2,A,False,False,0,2.0
2,3,789,1002370,Bridge,bridge 770,N2,A,False,False,0,1.5
2,3,789,1002371,Bridge,bridge 771,N2,A,False,False,0,1.5
2,3,789,1002372,Link,,N2,,,,2635,358.019
2,3,789,1002373,Bridge,bridge 772,N2,A,False,False,0,1.5
2,3,789,1002374,Bridge,bridge 773,N2,A,False,False,0,6.6
2,3,789,1002375,Link,,N2,,,,20350,596.505
2,3,789,1002376,Bridge,bridge 774,N2,A,False,False,0,1.5
2,3,789,1002377,Bridge,bridge 775,N2,A,False,False,0,3.3
2,3,789,1002378,Bridge,bridge 776,N2,A,False,False,0,3.3
2,3,789,1002379,Link,,N2,,,,2994,325.119
2,3,789,1002380,Bridge,bridge 777,N2,A,False,False,0,1.5
2,3,789,1002381,Bridge,bridge 778,N2,A,False,False,0,4.3
2,3,789,1002382,Bridge,bridge 779,N2,A,False,False,0,3.0
2,3,789,1002383,Bridge,bridge 780,N2,B,False,False,0,4.2
2,3,789,1002384,Link,,N2,,,,17492,157.096
2,3,789,1002385,Bridge,bridge 781,N2,B,False,False,0,2.6
2,3,789,1002386,Bridge,bridge 782,N2,A,False,False,0,2.0
2,3,789,1002387,Link,,N2,,,,2957,479.362
2,3,789,1002388,Bridge,bridge 783,N2,A,False,False,183,4.3
2,3,789,1002389,Bridge,bridge 784,N2,A,False,False,0,1.7
2,3,789,1002390,Bridge,bridge 785,N2,A,False,False,0,2.0
2,3,789,1002391,Link,,N2,,,,1357,157.573
2,3,789,1002392,Bridge,bridge 786,N2,A,True,True,17684,83.3
2,3,789,1002393,Link,,N2,,,,22005,957.405
2,3,789,1002394,Bridge,bridge 787,N2,A,False,False,0,2.6
2,3,789,1002395,Bridge,bridge 788,N2,A,False,False,0,2.6
2,3,789,1002396,Bridge,bridge 789,N2,A,False,False,0,2.5
2,3,789,1002397,Link,,N2,,,,9072,488.108
2,3,789,1002400,Bridge,bridge 790,N2,A,False,False,0,2.6
2,3,789,1002401,Link,,N2,,,,22014,1331.09
2,3,789,1002405,Bridge,bridge 791,N2,A,False,False,0,12.5
2,3,789,1002406,Link,,N2,,,,12020,486.617
2,3,789,1002407,Bridge,bridge 792,N2,A,False,False,0,2.6
2,3,789,1002408,Link,,N2,,,,11641,502.857
2,3,789,1002409,Bridge,bridge 793,N2,A,False,False,0,2.6
2,3,789,1002410,Bridge,bridge 794,N2,A,False,False,0,2.1
2,3,789,1002411,Link,,N2,,,,13931,495.036
2,3,789,1002413,Bridge,bridge 795,N2,A,False,False,0,2.1
2,3,789,1002414,Link,,N2,,,,17981,507.796
2,3,789,1002416,Bridge,bridge 796,N2,A,False,False,0,1.6
2,3,789,1002417,Link,,N2,,,,10451,400.264
2,3,789,1002419,Intersection,intersection 10,N2,,,,1749,239.533
2,3,789,1002420,Link,,N2,,,,20518,2703.691
2,3,789,1002428,Bridge,bridge 797,N2,C,False,False,0,12.6
2,3,789,1002429,Link,,N2,,,,17349,643.403
2,3,789,1002431,Bridge,bridge 798,N2,A,False,False,0,2.0
2,3,789,1002432,Intersection,intersection 11,N2,,,,14626,634.696
2,3,789,1002434,Bridge,bridge 799,N2,A,False,False,0,1.5
2,3,789,1002435,Bridge,bridge 800,N2,A,False,False,0,17.2
2,3,789,1002436,Link,,N2,,,,5329,418.133
2,3,789,1002438,Bridge,bridge 801,N2,A,False,False,0,2.0
2,3,789,1002439,Bridge,bridge 802,N2,A,False,False,0,1.5
2,3,789,1002440,Link,,N2,,,,10086,292.532
2,3,789,1002441,Bridge,bridge 803,N2,A,False,False,0,6.3
2,3,789,1002442,Link,,N2,,,,12868,544.802
2,3,789,1002443,Bridge,bridge 804,N2,A,False,False,0,41.0
2,3,789,1002444,Link,,N2,,,,15418,739.9720000000001
2,3,789,1002447,Bridge,bridge 805,N2,A,False,False,0,8.0
2,3,789,1002448,Link,,N2,,,,7035,664.476
2,3,789,1002449,Bridge,bridge 806,N2,A,False,False,0,1.3
2,3,789,1002450,Bridge,bridge 807,N2,A,False,False,0,1.3
2,3,789,1002451,Bridge,bridge 808,N2,A,False,False,0,4.2
2,3,789,1002452,Bridge,bridge 809,N2,A,False,False,0,10.6
2,3,789,1002453,Link,,N2,,,,8726,182.843
2,3,789,1002454,Bridge,bridge 810,N2,A,False,False,0,3.0
2,3,789,1002455,Bridge,bridge 811,N2,A,False,False,0,2.5
2,3,789,1002456,Link,,N2,,,,6694,545.8820000000001
2,3,789,1002458,Bridge,bridge 812,N2,B,False,False,0,58.5
2,3,789,1002459,Link,,N2,,,,840,64.635
2,3,789,1002460,Bridge,bridge 813,N2,A,False,False,0,3.0
2,3,789,1002461,Link,,N2,,,,10097,369.361
2,3,789,1002462,Bridge,bridge 814,N2,A,False,False,0,3.0
2,3,789,1002463,Link,,N2,,,,5326,463.353
2,3,789,1002464,Bridge,bridge 815,N2,A,False,False,7549,19.0
2,3,789,1002465,Link,,N2,,,,15424,834.386
2,3,789,1002468,Bridge,bridge 816,N2,A,False,False,0,3.0
2,3,789,1002469,Bridge,bridge 817,N2,B,False,False,0,13.7
2,3,789,1002470,Link,,N2,,,,1468,154.538
2,3,789,1002472,Bridge,bridge 818,N2,A,False,False,0,2.6
2,3,789,1002473,Link,,N2,,,,1079,73.038
2,3,789,1002474,Bridge,bridge 819,N2,A,False,False,0,7.9
2,3,789,1002475,Bridge,bridge 820,N2,A,False,False,0,5.2
2,3,789,1002476,Bridge,bridge 821,N2,A,False,False,0,5.4
2,3,789,1002477,Link,,N2,,,,4248,149.622
2,3,789,1002478,Bridge,bridge 822,N2,A,False,False,0,2.0
2,3,789,1002479,Bridge,bridge 823,N2,A,False,False,0,19.5
2,3,789,1002480,Link,,N2,,,,1077,290.755
2,3,789,1002481,Bridge,bridge 824,N2,C,False,False,0,1.5
2,3,789,1002482,Link,,N2,,,,7890,105.061
2,3,789,1002483,Bridge,bridge 825,N2,A,False,False,0,2.6
2,3,789,1002484,Bridge,bridge 826,N2,A,False,False,0,5.0
2,3,789,1002485,Link,,N2,,,,7531,681.335
2,3,789,1002486,Bridge,bridge 827,N2,A,False,False,0,10.6
2,3,789,1002487,Link,,N2,,,,10097,314.907
2,3,789,1002488,Bridge,bridge 828,N2,A,False,False,0,4.0
2,3,789,1002489,Bridge,bridge 829,N2,A,False,False,0,2.0
2,3,789,1002490,Bridge,bridge 830,N2,A,False,False,0,3.8
2,3,789,1002491,Link,,N2,,,,0,53.179
2,3,789,1002492,Bridge,bridge 831,N2,A,False,False,0,1.5
2,3,789,1002493,Bridge,bridge 832,N2,A,False,False,0,1.5
2,3,789,1002494,Bridge,bridge 833,N2,A,False,False,0,1.5
2,3,789,1002495,Bridge,bridge 834,N2,A,False,False,0,5.3
2,3,789,1002496,Link,,N2,,,,13216,539.038
2,3,789,1002498,Bridge,bridge 835,N2,A,False,False,0,6.2
2,3,789,1002499,Bridge,bridge 836,N2,A,False,False,0,14.8
2,3,789,1002500,Link,,N2,,,,1128,40.913
2,3,789,1002501,Bridge,bridge 837,N2,A,False,False,0,3.0
2,3,789,1002502,Link,,N2,,,,5562,378.18
2,3,789,1002504,Bridge,bridge 838,N2,B,False,False,0,19.5
2,3,789,1002505,Link,,N2,,,,0,25.338
2,3,789,1002506,Bridge,bridge 839,N2,A,False,False,0,2.0
2,3,789,1002507,Bridge,bridge 840,N2,A,False,False,0,4.3
2,3,789,1002508,Link,,N2,,,,10720,436.1
2,3,789,1002509,Bridge,bridge 841,N2,A,False,False,0,4.5
2,3,789,1002510,Bridge,bridge 842,N2,C,False,False,0,4.5
2,3,789,1002511,Bridge,bridge 843,N2,A,False,False,0,2.06
2,3,789,1002512,Bridge,bridge 844,N2,A,False,False,0,6.12
2,3,789,1002513,Bridge,bridge 845,N2,A,False,False,218,3.5
2,3,789,1002514,Link,,N2,,,,282,140.014
2,3,789,1002515,Bridge,bridge 846,N2,A,False,False,0,7.4
2,3,789,1002516,Bridge,bridge 847,N2,A,False,False,0,3.5
2,3,789,1002517,Bridge,bridge 848,N2,B,False,False,3964,51.5
2,3,789,1002518,Link,,N2,,,,11177,711.4839999999999
2,3,789,1002521,Bridge,bridge 849,N2,B,False,False,282,21.5
2,3,789,1002522,Link,,N2,,,,0,19.358
2,3,789,1002523,Bridge,bridge 850,N2,A,False,False,0,6.2
2,3,789,1002524,Link,,N2,,,,5041,352.205
2,3,789,1002525,Bridge,bridge 851,N2,A,False,False,0,5.1
2,3,789,1002526,Bridge,bridge 852,N2,A,False,False,0,2.0
2,3,789,1002527,Bridge,bridge 853,N2,A,False,False,0,1.5
2,3,789,1002528,Bridge,bridge 854,N2,A,False,False,0,2.6
2,3,789,1002529,Bridge,bridge 855,N2,A,False,False,0,2.0
2,3,789,1002530,Link,,N2,,,,7556,88.117
2,3,789,1002531,Bridge,bridge 856,N2,A,False,False,0,1.0
2,3,789,1002532,Bridge,bridge 857,N2,A,False,False,0,1.5
2,3,789,1002533,Bridge,bridge 858,N2,B,False,False,339,24.0
2,3,789,1002534,Link,,N2,,,,0,29.049
2,3,789,1002535,Bridge,bridge 859,N2,A,False,False,0,6.5
2,3,789,1002536,Bridge,bridge 860,N2,A,False,False,0,2.0
2,3,789,1002537,Bridge,bridge 861,N2,A,False,False,1128,2.0
2,3,789,1002538,Bridge,bridge 862,N2,A,False,False,0,2.0
2,3,789,1002539,Bridge,bridge 863,N2,A,False,False,0,2.0
2,3,789,1002540,Link,,N2,,,,0,78.028
2,3,789,1002541,Bridge,bridge 864,N2,A,False,False,0,2.5
2,3,789,1002542,Bridge,bridge 865,N2,A,False,False,0,6.3
2,3,789,1002543,Bridge,bridge 866,N2,A,False,False,627,2.6
2,3,789,1002544,Bridge,bridge 867,N2,A,False,False,0,2.6
2,3,789,1002545,Bridge,bridge 868,N2,A,False,False,233,2.6
2,3,789,1002546,Bridge,bridge 869,N2,A,False,False,0,2.0
2,3,789,1002547,Link,,N2,,,,4699,444.16499999999996
2,3,789,1002549,Bridge,bridge 870,N2,A,False,False,0,7.6
2,3,789,1002550,Bridge,bridge 871,N2,A,False,False,0,2.0
2,3,789,1002551,Bridge,bridge 872,N2,A,False,False,0,2.0
2,3,789,1002552,Bridge,bridge 873,N2,A,False,False,0,6.3
2,3,789,1002553,Bridge,bridge 874,N2,B,False,False,0,7.5
2,3,789,1002554,Link,,N2,,,,8397,136.019
2,3,789,1002555,Bridge,bridge 875,N2,A,False,False,0,9.6
2,3,789,1002556,Bridge,bridge 876,N2,A,False,False,0,3.0
2,3,789,1002557,Link,,N2,,,,2327,182.292
2,3,789,1002558,Bridge,bridge 877,N2,A,False,False,0,4.0
2,3,789,1002559,Bridge,bridge 878,N2,A,False,False,0,1.0
2,3,789,1002560,Bridge,bridge 879,N2,A,False,False,0,1.0
2,3,789,1002561,Link,,N2,,,,14561,725.751
2,3,789,1002564,Bridge,bridge 880,N2,A,False,False,0,2.5
2,3,789,1002565,Bridge,bridge 881,N2,A,False,False,0,4.3
2,3,789,1002566,Bridge,bridge 882,N2,A,False,False,0,1.8
2,3,789,1002567,Bridge,bridge 883,N2,A,False,False,0,3.2
2,3,789,1002568,Link,,N2,,,,0,45.938
2,3,789,1002569,Bridge,bridge 884,N2,A,False,False,0,2.0
2,3,789,1002570,Bridge,bridge 885,N2,A,False,False,627,1.5
2,3,789,1002571,Bridge,bridge 886,N2,A,False,False,0,1.5
2,3,789,1002572,Bridge,bridge 887,N2,A,False,False,233,1.5
2,3,789,1002573,Bridge,bridge 888,N2,A,False,False,0,6.4
2,3,789,1002574,Link,,N2,,,,4461,206.677
2,3,789,1002576,Bridge,bridge 889,N2,A,False,False,0,7.0
2,3,789,1002577,Bridge,bridge 890,N2,C,False,False,0,44.3
2,3,789,1002578,Link,,N2,,,,8634,321.725
2,3,789,1002580,Bridge,bridge 891,N2,A,False,False,0,1.5
2,3,789,1002581,Bridge,bridge 892,N2,A,False,False,0,1.5
2,3,789,1002582,Link,,N2,,,,7863,774.3059999999999
2,3,789,1002587,Bridge,bridge 893,N2,A,True,True,12345,2.0
2,3,789,1002588,Bridge,bridge 894,N2,A,False,False,0,22.0
2,3,789,1002589,Link,,N2,,,,2043,447.80199999999996
2,3,789,1002591,Bridge,bridge 895,N2,B,False,False,0,14.0
2,3,789,1002592,Link,,N2,,,,0,14.671
2,3,789,1002593,Bridge,bridge 896,N2,A,False,False,0,2.0
2,3,789,1002594,Link,,N2,,,,13380,328.095
2,3,789,1002595,Bridge,bridge 897,N2,A,False,False,0,35.5
2,3,789,1002596,Link,,N2,,,,62,70.67
2,3,789,1002597,Bridge,bridge 898,N2,A,False,False,1140,3.0
2,3,789,1002598,Bridge,bridge 899,N2,A,False,False,0,34.9
2,3,789,1002599,Link,,N2,,,,841,232.391
2,3,789,1002601,Bridge,bridge 900,N2,A,False,False,0,2.0
2,3,789,1002602,Bridge,bridge 901,N2,A,False,False,0,6.03
2,3,789,1002603,Link,,N2,,,,230,154.847
2,3,789,1002604,Bridge,bridge 902,N2,A,False,False,0,2.0
2,3,789,1002605,Link,,N2,,,,13152,301.416
2,3,789,1002606,Bridge,bridge 903,N2,A,False,False,0,1.5
2,3,789,1002607,Link,,N2,,,,2043,398.507
2,3,789,1002608,Bridge,bridge 904,N2,A,False,False,0,1.5
2,3,789,1002609,Link,,N2,,,,5394,233.235
2,3,789,1002610,Bridge,bridge 905,N2,A,False,False,3230,73.0
2,3,789,1002611,Link,,N2,,,,4759,52.78
2,3,789,1002612,Bridge,bridge 906,N2,A,False,False,0,3.0
2,3,789,1002613,Link,,N2,,,,1202,138.44
2,3,789,1002615,Bridge,bridge 907,N2,A,False,False,0,3.0
2,3,789,1002616,Link,,N2,,,,9466,606.608
2,3,789,1002617,Bridge,bridge 908,N2,A,False,False,0,2.0
2,3,789,1002618,Bridge,bridge 909,N2,A,False,False,0,7.2
2,3,789,1002619,Bridge,bridge 910,N2,A,False,False,0,4.0
2,3,789,1002620,Bridge,bridge 911,N2,B,False,False,4758,60.4
2,3,789,1002621,Link,,N2,,,,15427,1311.367
2,3,789,1002625,Bridge,bridge 912,N2,A,False,False,0,15.0
2,3,789,1002626,Link,,N2,,,,5166,94.507
2,3,789,1002627,Bridge,bridge 913,N2,A,False,False,0,9.3
2,3,789,1002628,Link,,N2,,,,9534,353.881
2,3,789,1002629,Bridge,bridge 914,N2,B,False,False,221,30.0
2,3,789,1002630,Link,,N2,,,,5672,435.484
2,3,789,1002632,Bridge,bridge 915,N2,A,False,False,0,16.75
2,3,789,1002633,Link,,N2,,,,9753,390.369
2,3,789,1002636,Bridge,bridge 916,N2,A,False,False,0,4.0
2,3,789,1002637,Intersection,intersection 12,N2,,,,506,298.701
2,3,789,1002638,Bridge,bridge 917,N2,D,False,False,8896,282.35
2,3,789,1002639,Link,,N2,,,,11347,1881.74
2,3,789,1002643,Bridge,bridge 918,N2,A,False,False,137,25.4
2,3,789,1002644,Link,,N2,,,,11348,1919.023
2,3,789,1002648,Bridge,bridge 919,N2,A,False,False,0,2.0
2,3,789,1002649,Link,,N2,,,,5779,684.982
2,3,789,1002650,Bridge,bridge 920,N2,C,True,True,9106,62.5
2,3,789,1002651,Link,,N2,,,,11377,888.77
2,3,789,1002653,Bridge,bridge 921,N2,A,False,False,0,22.0
2,3,789,1002654,Link,,N2,,,,11377,936.536
2,3,789,1002657,Bridge,bridge 922,N2,A,False,False,0,3.0
2,3,789,1002658,Bridge,bridge 923,N2,A,False,False,1239,24.7
2,3,789,1002659,Link,,N2,,,,10105,660.433
2,3,789,1002661,Bridge,bridge 924,N2,A,False,False,0,24.5
2,3,789,1002662,Link,,N2,,,,0,21.809
2,3,789,1002663,Bridge,bridge 925,N2,A,False,False,0,3.0
2,3,789,1002664,Link,,N2,,,,11220,694.17
2,3,789,1002666,Bridge,bridge 926,N2,A,False,False,160,2.5
2,3,789,1002667,Bridge,bridge 927,N2,A,False,False,0,2.0
2,3,789,1002668,Link,,N2,,,,11379,1032.427
2,3,789,1002670,Bridge,bridge 928,N2,A,False,False,0,8.2
2,3,789,1002671,Link,,N2,,,,11380,1870.109
2,3,789,1002673,Bridge,bridge 929,N2,A,False,False,0,3.0
2,3,789,1002674,Link,,N2,,,,11378,1061.1970000000001
2,3,789,1002677,Bridge,bridge 930,N2,A,False,False,0,7.2
2,3,789,1002678,Link,,N2,,,,160,22.84
2,3,789,1002679,Bridge,bridge 931,N2,A,False,False,0,2.0
2,3,789,1002680,Link,,N2,,,,11379,1558.5
2,3,789,1002683,Bridge,bridge 932,N2,A,False,False,0,2.0
2,3,789,1002684,Link,,N2,,,,11380,746.356
2,3,789,1002686,Bridge,bridge 933,N2,A,False,False,0,1.5
2,3,789,1002687,Link,,N2,,,,1509,346.666
2,3,789,1002688,Bridge,bridge 934,N2,A,False,False,0,2.0
2,3,789,1002689,Bridge,bridge 935,N2,A,False,False,0,1.5
2,3,789,1002690,Link,,N2,,,,11382,1445.407
2,3,789,1002693,Bridge,bridge 936,N2,A,False,False,0,2.0
2,3,789,1002694,Bridge,bridge 937,N2,A,False,False,0,2.0
2,3,789,1002695,Link,,N2,,,,1273,67.272
2,3,789,1002696,Bridge,bridge 938,N2,A,False,False,0,2.0
2,3,789,1002697,Bridge,bridge 939,N2,A,False,False,0,2.0
2,3,789,1002698,Link,,N2,,,,311,99.465
2,3,789,1002699,Bridge,bridge 940,N2,C,True,True,9355,12.4
2,3,789,1002700,Link,,N2,,,,5857,198.038
2,3,789,1002701,Bridge,bridge 941,N2,A,False,False,0,2.5
2,3,789,1002702,Bridge,bridge 942,N2,A,False,False,0,2.5
2,3,789,1002703,Link,,N2,,,,11409,2581.869
2,3,789,1002707,Bridge,bridge 943,N2,A,False,False,0,2.5
2,3,789,1002708,Link,,N2,,,,11409,1307.872
2,3,789,1002710,Bridge,bridge 944,N2,B,False,False,0,11.8
2,3,789,1002711,Link,,N2,,,,11411,1429.0349999999999
2,3,789,1002714,Bridge,bridge 945,N2,B,False,False,0,3.0
2,3,789,1002715,Link,,N2,,,,11409,984.1110000000001
2,3,789,1002717,Bridge,bridge 946,N2,B,True,True,9308,12.2
2,3,789,1002718,Link,,N2,,,,150,249.482
2,3,789,1002719,Bridge,bridge 947,N2,A,False,False,0,3.0
2,3,789,1002720,Bridge,bridge 948,N2,A,True,True,9118,3.0
2,3,789,1002721,Link,,N2,,,,3030,434.363
2,3,789,1002724,Bridge,bridge 949,N2,A,False,False,0,40.8
2,3,789,1002725,Link,,N2,,,,11432,1123.91
2,3,789,1002729,Bridge,bridge 950,N2,A,False,False,0,1.5
2,3,789,1002730,Link,,N2,,,,159,142.249
2,3,789,1002731,Bridge,bridge 951,N2,B,False,False,0,7.0
2,3,789,1002732,Link,,N2,,,,11269,686.334
2,3,789,1002734,Bridge,bridge 952,N2,A,False,False,0,21.0
2,3,789,1002735,Intersection,intersection 13,N2,,,,159,165.466
2,3,789,1002736,Link,,N2,,,,18,34.551
2,3,789,1002737,Bridge,bridge 953,N2,A,False,False,0,9.5
2,3,789,1002738,Link,,N2,,,,1533,203.526
2,3,789,1002739,Bridge,bridge 954,N2,B,True,True,7421,298.2
2,3,789,1002740,Link,,N2,,,,93,287.749
2,3,789,1002741,Bridge,bridge 955,N2,A,False,False,0,9.1
2,3,789,1002742,Link,,N2,,,,8997,643.649
2,3,789,1002744,Bridge,bridge 956,N2,A,False,False,0,4.4
2,3,789,1002745,Bridge,bridge 957,N2,A,False,False,0,3.0
2,3,789,1002746,Bridge,bridge 958,N2,A,False,False,0,2.0
2,3,789,1002747,Bridge,bridge 959,N2,A,False,False,0,8.5
2,3,789,1002748,Link,,N2,,,,9017,1384.93
2,3,789,1002752,Bridge,bridge 960,N2,A,False,False,0,2.0
2,3,789,1002753,Bridge,bridge 961,N2,B,False,False,0,6.1
2,3,789,1002754,Link,,N2,,,,0,162.772
2,3,789,1002755,Bridge,bridge 962,N2,A,False,False,0,2.0
2,3,789,1002756,Link,,N2,,,,9016,1022.999
2,3,789,1002758,Bridge,bridge 963,N2,C,True,True,7233,11.85
2,3,789,1002759,Link,,N2,,,,9034,956.4200000000001
2,3,789,1002761,Bridge,bridge 964,N2,A,False,False,0,11.7
2,3,789,1002762,Link,,N2,,,,185,319.173
2,3,789,1002764,Bridge,bridge 965,N2,C,False,False,0,15.0
2,3,789,1002765,Link,,N2,,,,0,12.797
2,3,789,1002766,Bridge,bridge 966,N2,A,False,False,0,3.0
2,3,789,1002767,Link,,N2,,,,93,216.553
2,3,789,1002768,Bridge,bridge 967,N2,A,False,False,0,3.0
2,3,789,1002769,Link,,N2,,,,9038,957.067
2,3,789,1002770,Bridge,bridge 968,N2,A,False,False,0,14.4
2,3,789,1002771,Link,,N2,,,,9039,974.998
2,3,789,1002773,Bridge,bridge 969,N2,B,False,False,0,12.45
2,3,789,1002774,Link,,N2,,,,0,12.354
2,3,789,1002775,Bridge,bridge 970,N2,A,False,False,0,3.0
2,3,789,1002776,Link,,N2,,,,97,107.866
2,3,789,1002777,Bridge,bridge 971,N2,A,False,False,0,3.0
2,3,789,1002778,Link,,N2,,,,93,342.216
2,3,789,1002779,Bridge,bridge 972,N2,A,True,True,8638,6.0
2,3,789,1002780,Bridge,bridge 973,N2,A,False,False,0,9.25
2,3,789,1002781,Link,,N2,,,,9048,1732.716
2,3,789,1002784,Bridge,bridge 974,N2,A,False,False,0,3.0
2,3,789,1002785,Link,,N2,,,,5727,325.774
2,3,789,1002786,Bridge,bridge 975,N2,A,False,False,0,9.25
2,3,789,1002787,Link,,N2,,,,0,6.401
2,3,789,1002788,Bridge,bridge 976,N2,A,False,False,0,3.9
2,3,789,1002789,Link,,N2,,,,75,173.234
2,3,789,1002790,Bridge,bridge 977,N2,A,False,False,0,6.5
2,3,789,1002791,Link,,N2,,,,9050,935.453
2,3,789,1002793,Bridge,bridge 978,N2,A,False,False,0,9.0
2,3,789,1002794,Link,,N2,,,,5866,469.895
2,3,789,1002795,Bridge,bridge 979,N2,A,False,False,0,6.85
2,3,789,1002796,Link,,N2,,,,75,160.336
2,3,789,1002797,Bridge,bridge 980,N2,A,False,False,0,3.0
2,3,789,1002798,Link,,N2,,,,9049,819.379
2,3,789,1002799,Bridge,bridge 981,N2,A,False,False,0,4.5
2,3,789,1002800,Link,,N2,,,,9051,801.479
2,3,789,1002801,Bridge,bridge 982,N2,A,False,False,18,90.8
2,3,789,1002802,Link,,N2,,,,9053,956.509
2,3,789,1002804,Bridge,bridge 983,N2,B,True,True,7299,83.1
2,3,789,1002805,Link,,N2,,,,9099,1446.856
2,3,789,1002808,Bridge,bridge 984,N2,B,False,False,29,36.3
2,3,789,1002809,Link,,N2,,,,9100,1499.504
2,3,789,1002812,Bridge,bridge 985,N2,C,False,False,1426,36.0
2,3,789,1002813,Link,,N2,,,,7580,513.029
2,3,789,1002815,Bridge,bridge 986,N2,B,False,False,0,55.5
2,3,789,1002816,Link,,N2,,,,9099,1023.5450000000001
2,3,789,1002819,Bridge,bridge 987,N2,A,False,False,0,12.4
2,3,789,1002820,Link,,N2,,,,7484,292.574
2,3,789,1002821,Bridge,bridge 988,N2,A,False,False,0,6.1
2,3,789,1002822,Bridge,bridge 989,N2,A,False,False,0,9.1
2,3,789,1002823,Link,,N2,,,,96,148.438
2,3,789,1002824,Bridge,bridge 990,N2,A,False,False,0,9.1
2,3,789,1002825,Link,,N2,,,,9097,815.6800000000001
2,3,789,1002827,Bridge,bridge 991,N2,B,False,False,0,21.75
2,3,789,1002828,Link,,N2,,,,9101,1619.202
2,3,789,1002831,Bridge,bridge 992,N2,A,False,False,0,21.4
2,3,789,1002832,Link,,N2,,,,9099,825.895
2,3,789,1002835,Bridge,bridge 993,N2,B,False,False,93,190.5
2,3,789,1002836,Link,,N2,,,,9101,775.3
2,3,789,1002838,Bridge,bridge 994,N2,B,False,False,0,26.0
2,3,789,1002839,Link,,N2,,,,9104,1558.544
2,3,789,1002842,Bridge,bridge 995,N2,A,False,False,1426,87.5
2,3,789,1002843,Link,,N2,,,,1788,100.771
2,3,789,1002845,Bridge,bridge 996,N2,A,False,False,0,26.0
2,3,789,1002846,Link,,N2,,,,0,21.627
2,3,789,1002847,Bridge,bridge 997,N2,A,False,False,0,22.0
2,3,789,1002848,Link,,N2,,,,5701,39.883
2,3,789,1002850,Bridge,bridge 998,N2,A,False,False,0,79.0
2,3,789,1002851,Link,,N2,,,,96,93.065
2,3,789,1002853,Bridge,bridge 999,N2,A,False,False,0,14.4
2,3,789,1002854,Link,,N2,,,,3306,545.778
2,3,789,1002856,Bridge,bridge 1000,N2,B,True,True,7421,63.5
2,3,789,1002857,Link,,N2,,,,171,380.79999999999995
2,3,789,1002859,Bridge,bridge 1001,N2,A,False,False,0,47.5
2,3,789,1002860,Link,,N2,,,,0,45.447
2,3,789,1002861,Bridge,bridge 1002,N2,A,False,False,0,17.0
2,3,789,1002862,Link,,N2,,,,18,20.842
2,3,789,1002863,Bridge,bridge 1003,N2,C,True,True,7353,36.5
2,3,789,1002864,Link,,N2,,,,1752,486.054
2,3,789,1002866,Bridge,bridge 1004,N2,A,False,False,5714,81.0
2,3,789,1002867,Link,,N2,,,,3472,732.939
2,3,789,1002869,Bridge,bridge 1005,N2,B,False,False,5715,36.5
2,3,789,1002870,Link,,N2,,,,9191,3796.6769999999997
2,3,789,1002875,Bridge,bridge 1006,N2,A,False,False,0,39.5
2,3,789,1002876,Link,,N2,,,,96,107.761
2,3,789,1002878,Bridge,bridge 1007,N2,A,True,True,7387,24.5
2,3,789,1002879,Link,,N2,,,,9215,2738.575
2,3,789,1002883,Bridge,bridge 1008,N2,A,False,False,0,6.5
2,3,789,1002884,Bridge,bridge 1009,N2,A,False,False,0,7.0
2,3,789,1002885,Link,,N2,,,,1923,508.615
2,3,789,1002886,Bridge,bridge 1010,N2,A,False,False,0,5.0
2,3,789,1002887,Bridge,bridge 1011,N2,A,False,False,0,40.0
2,3,789,1002888,Link,,N2,,,,9215,1494.3740000000003
2,3,789,1002895,SourceSink,sourcesink 12,N2,,,,2014,300.072
2,3,789,1002897,SourceSink,sourcesink 13,N204,,,,2645,485.16
2,3,789,1002898,Link,,N204,,,,0,89.623
2,3,789,1002899,Bridge,bridge 1012,N204,B,False,False,0,40.0
2,3,789,1002900,Link,,N204,,,,0,33.97
2,3,789,1002901,Bridge,bridge 1013,N204,C,True,True,0,3.85
2,3,789,1002902,Bridge,bridge 1014,N204,C,False,False,0,12.6
2,3,789,1002903,Link,,N204,,,,0,124.062
2,3,789,1002904,Bridge,bridge 1015,N204,B,False,False,0,9.5
2,3,789,1002905,Link,,N204,,,,0,455.787
2,3,789,1002906,Bridge,bridge 1016,N204,B,False,False,0,3.0
2,3,789,1002907,Link,,N204,,,,0,8665.160000000002
2,3,789,1002922,Bridge,bridge 1017,N204,C,False,False,0,4.6
2,3,789,1002923,Link,,N204,,,,0,1324.397
2,3,789,1002927,Bridge,bridge 1018,N204,A,False,False,0,24.8
2,3,789,1002928,Link,,N204,,,,0,2102.199
2,3,789,1002936,Bridge,bridge 1019,N204,A,False,False,0,1.65
2,3,789,1002937,Link,,N204,,,,0,3502.014
2,3,789,1002949,Bridge,bridge 1020,N204,D,False,False,0,13.5
2,3,789,1002950,Link,,N204,,,,0,3232.085
2,3,789,1002959,Bridge,bridge 1021,N204,A,False,False,0,6.2
2,3,789,1002960,Link,,N204,,,,0,278.216
2,3,789,1002961,Bridge,bridge 1022,N204,B,False,False,0,39.5
2,3,789,1002962,Link,,N204,,,,0,3110.06
2,3,789,1002970,Bridge,bridge 1023,N204,A,False,False,0,9.24
2,3,789,1002971,Link,,N204,,,,0,3458.5240000000003
2,3,789,1002979,Bridge,bridge 1024,N204,A,False,False,0,2.24
2,3,789,1002980,Link,,N204,,,,0,89.915
2,3,789,1002982,Bridge,bridge 1025,N204,A,False,False,0,3.1
2,3,789,1002983,Link,,N204,,,,0,681.198
2,3,789,1002984,Bridge,bridge 1026,N204,C,False,False,0,24.2
2,3,789,1002985,Link,,N204,,,,0,727.84
2,3,789,1002987,SourceSink,sourcesink 14,N204,,,,2664,27.37
2,3,789,1002990,SourceSink,sourcesink 15,N207,,,,5414,276.736
2,3,789,1002991,Bridge,bridge 1027,N207,C,False,False,0,22.29
2,3,789,1002992,Link,,N207,,,,1327,542.263
2,3,789,1002994,Bridge,bridge 1028,N207,C,False,False,0,19.4
2,3,789,1002995,Link,,N207,,,,1139,474.715
2,3,789,1002997,Bridge,bridge 1029,N207,C,False,False,0,30.76
2,3,789,1002998,Link,,N207,,,,0,105.483
2,3,789,1003001,Bridge,bridge 1030,N207,B,False,False,0,38.25
2,3,789,1003002,Link,,N207,,,,1329,3948.8269999999998
2,3,789,1003009,Bridge,bridge 1031,N207,C,False,False,0,18.7
2,3,789,1003010,Link,,N207,,,,1329,5187.763999999999
2,3,789,1003022,Bridge,bridge 1032,N207,A,False,False,0,2.5
2,3,789,1003023,Link,,N207,,,,1330,2610.16
2,3,789,1003027,Bridge,bridge 1033,N207,A,False,False,0,13.5
2,3,789,1003028,Link,,N207,,,,229,184.585
2,3,789,1003029,Bridge,bridge 1034,N207,B,False,False,0,31.4
2,3,789,1003030,Link,,N207,,,,0,31.571
2,3,789,1003031,Bridge,bridge 1035,N207,A,False,False,0,1.5
2,3,789,1003032,Link,,N207,,,,0,35.965
2,3,789,1003033,Bridge,bridge 1036,N207,A,False,False,188,45.0
2,3,789,1003034,Link,,N207,,,,1330,917.582
2,3,789,1003036,Bridge,bridge 1037,N207,B,False,False,0,23.2
2,3,789,1003037,Link,,N207,,,,1332,2849.6859999999997
2,3,789,1003042,Bridge,bridge 1038,N207,A,False,False,0,12.0
2,3,789,1003043,Link,,N207,,,,1333,2059.217
2,3,789,1003048,Bridge,bridge 1039,N207,A,False,False,0,3.0
2,3,789,1003049,Bridge,bridge 1040,N207,B,False,False,0,9.2
2,3,789,1003050,Link,,N207,,,,1145,236.082
2,3,789,1003051,Bridge,bridge 1041,N207,B,False,False,0,4.5
2,3,789,1003052,Link,,N207,,,,0,176.482
2,3,789,1003053,Bridge,bridge 1042,N207,A,False,False,0,19.0
2,3,789,1003054,Link,,N207,,,,1333,863.5150000000001
2,3,789,1003056,Bridge,bridge 1043,N207,B,False,False,188,6.0
2,3,789,1003057,Link,,N207,,,,0,342.462
2,3,789,1003058,Bridge,bridge 1044,N207,A,True,True,1069,15.8
2,3,789,1003059,Link,,N207,,,,0,126.023
2,3,789,1003061,Bridge,bridge 1045,N207,A,False,False,0,4.0
2,3,789,1003062,Bridge,bridge 1046,N207,A,False,False,0,4.5
2,3,789,1003063,Link,,N207,,,,1194,352.926
2,3,789,1003064,Bridge,bridge 1047,N207,A,False,False,0,1.5
2,3,789,1003065,Bridge,bridge 1048,N207,A,False,False,0,4.5
2,3,789,1003066,Link,,N207,,,,374,458.633
2,3,789,1003068,Bridge,bridge 1049,N207,C,True,True,1069,6.0
2,3,789,1003069,Bridge,bridge 1050,N207,A,False,False,0,12.4
2,3,789,1003070,Link,,N207,,,,1340,1928.826
2,3,789,1003074,Bridge,bridge 1051,N207,D,True,True,1075,12.7
2,3,789,1003075,Link,,N207,,,,0,369.303
2,3,789,1003077,Bridge,bridge 1052,N207,A,False,False,0,6.0
2,3,789,1003078,Bridge,bridge 1053,N207,A,False,False,0,4.5
2,3,789,1003079,Link,,N207,,,,1346,487.679
2,3,789,1003080,Bridge,bridge 1054,N207,A,False,False,0,6.0
2,3,789,1003081,Link,,N207,,,,1346,2930.5520000000006
2,3,789,1003087,Bridge,bridge 1055,N207,C,False,False,0,6.0
2,3,789,1003088,Bridge,bridge 1056,N207,A,False,False,0,8.2
2,3,789,1003089,Link,,N207,,,,42,167.644
2,3,789,1003090,Bridge,bridge 1057,N207,B,False,False,144,6.0
2,3,789,1003091,Bridge,bridge 1058,N207,B,False,False,0,12.2
2,3,789,1003092,Link,,N207,,,,0,106.521
2,3,789,1003093,Bridge,bridge 1059,N207,A,False,False,0,4.5
2,3,789,1003094,Bridge,bridge 1060,N207,A,False,False,0,4.5
2,3,789,1003095,Link,,N207,,,,0,235.164
2,3,789,1003096,Bridge,bridge 1061,N207,A,False,False,0,1.5
2,3,789,1003097,Bridge,bridge 1062,N207,D,False,False,0,4.35
2,3,789,1003098,Link,,N207,,,,1202,410.51
2,3,789,1003099,Bridge,bridge 1063,N207,A,False,False,0,3.0
2,3,789,1003100,Bridge,bridge 1064,N207,A,False,False,0,3.0
2,3,789,1003101,Link,,N207,,,,144,336.098
2,3,789,1003102,Bridge,bridge 1065,N207,C,False,False,0,6.0
2,3,789,1003104,Bridge,bridge 1066,N207,A,False,False,0,38.0
2,3,789,1003105,Link,,N207,,,,308,7278.420999999999
2,3,789,1003118,Bridge,bridge 1067,N207,A,False,False,0,4.55
2,3,789,1003119,Bridge,bridge 1068,N207,A,False,False,0,9.2
2,3,789,1003120,Link,,N207,,,,0,18.737
2,3,789,1003121,Bridge,bridge 1069,N207,A,False,False,0,12.1
2,3,789,1003122,Link,,N207,,,,307,677.04
2,3,789,1003123,Bridge,bridge 1070,N207,A,False,False,0,1.5
2,3,789,1003124,Link,,N207,,,,307,2428.211
2,3,789,1003128,Bridge,bridge 1071,N207,A,False,False,0,20.8
2,3,789,1003129,Link,,N207,,,,208,322.37399999999997
2,3,789,1003131,Bridge,bridge 1072,N207,A,False,False,0,14.0
2,3,789,1003132,Link,,N207,,,,307,2234.423
2,3,789,1003135,Bridge,bridge 1073,N207,A,False,False,0,4.5
2,3,789,1003136,Link,,N207,,,,307,1212.159
2,3,789,1003139,Bridge,bridge 1074,N207,C,False,False,99,61.6
2,3,789,1003140,Link,,N207,,,,0,85.165
2,3,789,1003141,Bridge,bridge 1075,N207,A,False,False,0,3.5
2,3,789,1003142,Link,,N207,,,,208,631.517
2,3,789,1003143,Bridge,bridge 1076,N207,A,False,False,0,12.5
2,3,789,1003144,Link,,N207,,,,308,699.0550000000001
2,3,789,1003146,Bridge,bridge 1077,N207,B,False,False,0,101.6
2,3,789,1003147,Link,,N207,,,,308,2653.833
2,3,789,1003153,SourceSink,sourcesink 16,N207,,,,2592,919.16
2,3,789,1003156,SourceSink,sourcesink 17,N208,,,,470,879.095
2,3,789,1003157,Bridge,bridge 1079,N208,B,False,False,0,51.0
2,3,789,1003158,Link,,N208,,,,76,630.398
2,3,789,1003160,Bridge,bridge 1080,N208,A,False,False,0,18.0
2,3,789,1003161,Link,,N208,,,,200,672.3910000000001
2,3,789,1003164,Bridge,bridge 1081,N208,B,False,False,56,137.4
2,3,789,1003165,Link,,N208,,,,180,488.461
2,3,789,1003167,Bridge,bridge 1082,N208,A,False,False,0,1.0
2,3,789,1003168,Link,,N208,,,,256,394.686
2,3,789,1003169,Bridge,bridge 1083,N208,A,False,False,0,9.5
2,3,789,1003170,Link,,N208,,,,20,497.864
2,3,789,1003172,Bridge,bridge 1084,N208,A,False,False,0,18.0
2,3,789,1003173,Link,,N208,,,,236,365.169
2,3,789,1003174,Bridge,bridge 1085,N208,A,False,False,0,14.0
2,3,789,1003175,Link,,N208,,,,256,939.511
2,3,789,1003177,Bridge,bridge 1086,N208,A,False,False,0,12.5
2,3,789,1003178,Link,,N208,,,,20,307.172
2,3,789,1003179,Bridge,bridge 1087,N208,C,True,True,198,41.7
2,3,789,1003180,Link,,N208,,,,39,409.35699999999997
2,3,789,1003182,Bridge,bridge 1088,N208,A,False,False,0,9.3
2,3,789,1003183,Bridge,bridge 1089,N208,A,False,False,0,2.1
2,3,789,1003184,Link,,N208,,,,257,566.354
2,3,789,1003185,Bridge,bridge 1090,N208,A,False,False,0,3.0
2,3,789,1003186,Bridge,bridge 1091,N208,A,False,False,0,1.6
2,3,789,1003187,Link,,N208,,,,0,155.54
2,3,789,1003188,Bridge,bridge 1092,N208,A,False,False,0,12.4
2,3,789,1003189,Link,,N208,,,,257,647.296
2,3,789,1003191,Bridge,bridge 1093,N208,A,False,False,0,3.0
2,3,789,1003192,Link,,N208,,,,0,341.125
2,3,789,1003194,Bridge,bridge 1094,N208,B,True,True,198,6.0
2,3,789,1003195,Link,,N208,,,,20,198.986
2,3,789,1003196,Bridge,bridge 1095,N208,A,False,False,0,13.4
2,3,789,1003197,Link,,N208,,,,257,849.493
2,3,789,1003198,Bridge,bridge 1096,N208,A,False,False,0,8.25
2,3,789,1003199,Bridge,bridge 1097,N208,B,False,False,0,12.45
2,3,789,1003200,Link,,N208,,,,257,744.427
2,3,789,1003201,Bridge,bridge 1098,N208,A,False,False,0,9.25
2,3,789,1003202,Link,,N208,,,,257,1909.788
2,3,789,1003206,Bridge,bridge 1099,N208,C,False,False,0,22.0
2,3,789,1003207,Link,,N208,,,,257,917.7479999999999
2,3,789,1003209,Bridge,bridge 1100,N208,A,False,False,0,38.8
2,3,789,1003210,Link,,N208,,,,0,39.263
2,3,789,1003211,Bridge,bridge 1101,N208,A,False,False,0,4.5
2,3,789,1003212,Bridge,bridge 1102,N208,B,False,False,0,14.0
2,3,789,1003213,Link,,N208,,,,161,330.88
2,3,789,1003215,Bridge,bridge 1103,N208,A,False,False,0,3.0
2,3,789,1003216,Link,,N208,,,,257,568.654
2,3,789,1003217,Bridge,bridge 1104,N208,B,False,False,0,3.1
2,3,789,1003218,Bridge,bridge 1105,N208,A,False,False,0,3.1
2,3,789,1003219,Link,,N208,,,,0,241.195
2,3,789,1003221,Bridge,bridge 1106,N208,A,True,True,198,3.1
2,3,789,1003222,Bridge,bridge 1107,N208,A,False,False,0,3.1
2,3,789,1003223,Bridge,bridge 1108,N208,A,True,True,198,9.5
2,3,789,1003224,Link,,N208,,,,97,525.529
2,3,789,1003227,Bridge,bridge 1109,N208,C,False,False,20,10.3
2,3,789,1003228,Link,,N208,,,,138,263.49
2,3,789,1003229,Bridge,bridge 1110,N208,B,False,False,0,3.0
2,3,789,1003230,Bridge,bridge 1111,N208,D,True,True,235,41.55
2,3,789,1003231,Link,,N208,,,,0,42.537
2,3,789,1003232,Bridge,bridge 1112,N208,B,False,False,0,3.0
2,3,789,1003233,Link,,N208,,,,0,172.081
2,3,789,1003234,Bridge,bridge 1113,N208,A,False,False,0,3.0
2,3,789,1003235,Link,,N208,,,,254,930.405
2,3,789,1003237,Bridge,bridge 1114,N208,B,False,False,0,3.0
2,3,789,1003238,Bridge,bridge 1115,N208,B,False,False,0,31.1
2,3,789,1003239,Link,,N208,,,,20,369.387
2,3,789,1003240,Bridge,bridge 1116,N208,A,False,False,137,4.5
2,3,789,1003241,Bridge,bridge 1117,N208,B,False,False,0,1.5
2,3,789,1003242,Bridge,bridge 1118,N208,A,True,True,195,3.0
2,3,789,1003243,Link,,N208,,,,39,18.746
2,3,789,1003244,Bridge,bridge 1119,N208,A,False,False,0,4.5
2,3,789,1003245,Link,,N208,,,,0,291.376
2,3,789,1003246,Bridge,bridge 1120,N208,A,True,True,195,4.6
2,3,789,1003247,Link,,N208,,,,0,118.184
2,3,789,1003248,Bridge,bridge 1121,N208,A,False,False,0,4.6
2,3,789,1003249,Bridge,bridge 1122,N208,A,False,False,0,3.0
2,3,789,1003250,Bridge,bridge 1123,N208,A,False,False,0,29.0
2,3,789,1003251,Link,,N208,,,,117,405.848
2,3,789,1003253,Bridge,bridge 1124,N208,A,False,False,0,4.6
2,3,789,1003254,Bridge,bridge 1125,N208,A,False,False,0,3.0
2,3,789,1003255,Link,,N208,,,,137,433.09000000000003
2,3,789,1003257,Bridge,bridge 1126,N208,A,False,False,0,3.0
2,3,789,1003258,Bridge,bridge 1127,N208,A,False,False,20,6.0
2,3,789,1003259,Bridge,bridge 1128,N208,A,False,False,0,3.0
2,3,789,1003260,Link,,N208,,,,0,164.302
2,3,789,1003261,Bridge,bridge 1129,N208,A,False,False,0,6.0
2,3,789,1003262,Bridge,bridge 1130,N208,A,False,False,0,3.0
2,3,789,1003263,Bridge,bridge 1131,N208,A,False,False,0,25.8
2,3,789,1003264,Link,,N208,,,,97,351.64
2,3,789,1003267,Bridge,bridge 1132,N208,A,False,False,0,3.0
2,3,789,1003268,Bridge,bridge 1133,N208,A,False,False,0,3.0
2,3,789,1003269,Link,,N208,,,,196,540.662
2,3,789,1003270,Bridge,bridge 1134,N208,A,False,False,0,3.0
2,3,789,1003271,Bridge,bridge 1135,N208,A,False,False,0,4.6
2,3,789,1003272,Bridge,bridge 1136,N208,A,True,True,195,3.0
2,3,789,1003273,Bridge,bridge 1137,N208,A,False,False,0,4.6
2,3,789,1003274,Link,,N208,,,,0,108.699
2,3,789,1003275,Bridge,bridge 1138,N208,C,False,False,0,6.0
2,3,789,1003276,Bridge,bridge 1139,N208,A,True,True,195,3.0
2,3,789,1003277,Bridge,bridge 1140,N208,A,False,False,0,3.0
2,3,789,1003278,Bridge,bridge 1141,N208,A,True,True,194,6.0
2,3,789,1003279,Bridge,bridge 1142,N208,A,False,False,0,6.0
2,3,789,1003280,Link,,N208,,,,58,322.598
2,3,789,1003282,Bridge,bridge 1143,N208,A,False,False,0,6.1
2,3,789,1003283,Link,,N208,,,,253,1839.938
2,3,789,1003287,Bridge,bridge 1144,N208,C,False,False,39,117.0
2,3,789,1003288,Link,,N208,,,,194,424.957
2,3,789,1003290,Bridge,bridge 1145,N208,A,False,False,0,5.7
2,3,789,1003291,Link,,N208,,,,253,1396.933
2,3,789,1003294,Bridge,bridge 1146,N208,B,True,True,195,89.6
2,3,789,1003295,Link,,N208,,,,253,3060.69
2,3,789,1003303,Bridge,bridge 1147,N208,A,False,False,0,30.3
2,3,789,1003304,Link,,N208,,,,252,827.4179999999999
2,3,789,1003306,Bridge,bridge 1148,N208,A,True,True,194,1.5
2,3,789,1003307,Bridge,bridge 1149,N208,C,False,False,0,29.2
2,3,789,1003308,Link,,N208,,,,253,5801.887000000001
2,3,789,1003319,Bridge,bridge 1150,N208,B,True,True,194,32.0
2,3,789,1003320,Link,,N208,,,,253,4576.815
2,3,789,1003330,SourceSink,sourcesink 18,N208,,,,3091,985.176
2,4,101,1000000,SourceSink,sourcesink 1,N1,,,,2728,0.0
2,4,101,1000001,Link,,N1,,,,9935,7901.113999999999
2,4,101,1000015,Bridge,bridge 1,N1,C,True,True,9764,397.0
2,4,101,1000016,Link,,N1,,,,80,70.954
2,4,101,1000017,Intersection,intersection 1,N1,,,,4034,252.369
2,4,101,1000018,Link,,N1,,,,6624,715.823
2,4,101,1000019,Bridge,bridge 2,N1,B,True,True,8441,8.0
2,4,101,1000020,Bridge,bridge 3,N1,A,False,False,0,6.3
2,4,101,1000021,Bridge,bridge 4,N1,A,False,False,0,6.3
2,4,101,1000022,Link,,N1,,,,152,135.756
2,4,101,1000023,Bridge,bridge 5,N1,A,False,False,0,8.3
2,4,101,1000024,Link,,N1,,,,5523,587.193
2,4,101,1000026,Bridge,bridge 6,N1,A,False,False,0,9.3
2,4,101,1000027,Bridge,bridge 7,N1,A,False,False,0,6.1
2,4,101,1000028,Intersection,intersection 2,N1,,,,5290,163.334
2,4,101,1000029,Link,,N1,,,,10237,582.564
2,4,101,1000030,Bridge,bridge 8,N1,A,False,False,0,26.3
2,4,101,1000031,Link,,N1,,,,14832,2839.505
2,4,101,1000035,Bridge,bridge 9,N1,B,False,False,0,5.55
2,4,101,1000036,Link,,N1,,,,14829,888.934
2,4,101,1000040,Bridge,bridge 10,N1,C,False,False,9211,159.52
2,4,101,1000041,Link,,N1,,,,6114,663.843
2,4,101,1000044,Bridge,bridge 11,N1,B,False,False,0,20.0
2,4,101,1000045,Bridge,bridge 12,N1,A,False,False,0,20.45
2,4,101,1000046,Link,,N1,,,,14089,621.042
2,4,101,1000047,Bridge,bridge 13,N1,C,False,False,0,40.5
2,4,101,1000048,Bridge,bridge 14,N1,B,False,False,245,40.33
2,4,101,1000049,Link,,N1,,,,0,6.8
2,4,101,1000050,Bridge,bridge 15,N1,A,False,False,0,6.0
2,4,101,1000051,Bridge,bridge 16,N1,B,False,False,0,10.4
2,4,101,1000052,Link,,N1,,,,14833,1280.083
2,4,101,1000056,Bridge,bridge 17,N1,B,False,False,0,5.5
2,4,101,1000057,Link,,N1,,,,14832,874.029
2,4,101,1000061,Bridge,bridge 18,N1,B,False,False,471,213.5
2,4,101,1000062,Link,,N1,,,,741,67.955
2,4,101,1000063,Bridge,bridge 19,N1,C,True,True,14996,900.0
2,4,101,1000064,Link,,N1,,,,14843,1110.6100000000001
2,4,101,1000066,Bridge,bridge 20,N1,A,True,True,11941,5.6
2,4,101,1000067,Bridge,bridge 21,N1,A,False,False,0,5.5
2,4,101,1000068,Link,,N1,,,,1026,316.921
2,4,101,1000069,Bridge,bridge 22,N1,A,False,False,0,5.6
2,4,101,1000070,Link,,N1,,,,954,140.219
2,4,101,1000071,Bridge,bridge 23,N1,A,False,False,6426,163.5
2,4,101,1000072,Bridge,bridge 24,N1,A,False,False,6437,172.1
2,4,101,1000073,Link,,N1,,,,1518,415.733
2,4,101,1000075,Bridge,bridge 25,N1,A,False,False,462,29.0
2,4,101,1000076,Bridge,bridge 26,N1,A,True,True,11964,29.77
2,4,101,1000077,Link,,N1,,,,8104,649.727
2,4,101,1000078,Bridge,bridge 27,N1,A,False,False,0,34.7
2,4,101,1000079,Link,,N1,,,,8455,643.097
2,4,101,1000083,Bridge,bridge 28,N1,B,True,True,11947,26.3
2,4,101,1000084,Link,,N1,,,,14831,845.4590000000001
2,4,101,1000087,Bridge,bridge 29,N1,A,False,False,0,29.0
2,4,101,1000088,Link,,N1,,,,2455,582.337
2,4,101,1000089,Bridge,bridge 30,N1,A,False,False,0,9.1
2,4,101,1000090,Bridge,bridge 31,N1,A,True,True,11927,5.2
2,4,101,1000091,Link,,N1,,,,14828,1700.003
2,4,101,1000094,Bridge,bridge 32,N1,A,False,False,0,9.5
2,4,101,1000095,Link,,N1,,,,14830,945.9390000000001
2,4,101,1000098,Bridge,bridge 33,N1,B,False,False,491,24.5
2,4,101,1000099,Link,,N1,,,,14837,8876.918
2,4,101,1000118,Bridge,bridge 34,N1,C,True,True,11928,3.9
2,4,101,1000119,Link,,N1,,,,14831,932.32
2,4,101,1000122,Bridge,bridge 35,N1,C,True,True,11922,6.5
2,4,101,1000123,Link,,N1,,,,14839,8687.705000000002
2,4,101,1000137,Bridge,bridge 36,N1,C,False,False,0,28.9
2,4,101,1000138,Link,,N1,,,,14849,11234.391
2,4,101,1000158,Bridge,bridge 37,N1,A,False,False,0,4.5
2,4,101,1000159,Link,,N1,,,,14841,2988.225
2,4,101,1000165,Bridge,bridge 38,N1,C,False,False,0,23.1
2,4,101,1000166,Link,,N1,,,,14843,2177.616
2,4,101,1000170,Bridge,bridge 39,N1,B,False,False,0,4.6
2,4,101,1000171,Link,,N1,,,,0,159.478
2,4,101,1000172,Bridge,bridge 40,N1,B,False,False,0,4.6
2,4,101,1000173,Link,,N1,,,,744,130.454
2,4,101,1000174,Bridge,bridge 41,N1,A,True,True,11931,1.5
2,4,101,1000175,Link,,N1,,,,14843,1197.6689999999999
2,4,101,1000177,Bridge,bridge 42,N1,C,True,True,11935,1.0
2,4,101,1000178,Link,,N1,,,,14849,2718.9559999999997
2,4,101,1000183,Bridge,bridge 43,N1,A,False,False,0,1.4
2,4,101,1000186,Link,,N1,,,,27602,3986.3759999999997
2,4,101,1000191,Bridge,bridge 44,N1,C,False,False,388,22.85
2,4,101,1000192,Link,,N1,,,,27611,5553.24
2,4,101,1000204,Bridge,bridge 45,N1,C,False,False,0,27.35
2,4,101,1000205,Link,,N1,,,,27612,3923.617
2,4,101,1000211,Bridge,bridge 46,N1,C,False,False,0,27.35
2,4,101,1000212,Link,,N1,,,,27617,2922.4700000000003
2,4,101,1000217,Bridge,bridge 47,N1,A,False,False,6827,30.4
2,4,101,1000218,Link,,N1,,,,27626,2987.0919999999996
2,4,101,1000225,Bridge,bridge 48,N1,C,False,False,0,22.8
2,4,101,1000226,Link,,N1,,,,27622,882.272
2,4,101,1000227,Bridge,bridge 49,N1,A,False,False,0,14.3
2,4,101,1000228,Link,,N1,,,,27646,4594.812
2,4,101,1000238,Bridge,bridge 50,N1,B,False,False,0,19.2
2,4,101,1000239,Link,,N1,,,,27643,910.9010000000001
2,4,101,1000241,Bridge,bridge 51,N1,A,False,False,0,3.2
2,4,101,1000242,Link,,N1,,,,27643,722.8969999999999
2,4,101,1000245,Bridge,bridge 52,N1,A,False,False,0,13.4
2,4,101,1000246,Link,,N1,,,,24955,442.339
2,4,101,1000247,Bridge,bridge 53,N1,B,False,False,0,4.6
2,4,101,1000248,Link,,N1,,,,3757,469.17999999999995
2,4,101,1000250,Bridge,bridge 54,N1,B,False,False,0,6.3
2,4,101,1000251,Link,,N1,,,,27655,2449.126
2,4,101,1000255,Bridge,bridge 55,N1,B,False,False,0,4.5
2,4,101,1000256,Link,,N1,,,,27651,874.0070000000001
2,4,101,1000259,Bridge,bridge 56,N1,B,False,False,0,2.5
2,4,101,1000260,Link,,N1,,,,27651,845.902
2,4,101,1000261,Bridge,bridge 57,N1,A,False,False,0,2.5
2,4,101,1000262,Bridge,bridge 58,N1,B,True,True,22187,3.1
2,4,101,1000263,Link,,N1,,,,19825,622.412
2,4,101,1000266,Bridge,bridge 59,N1,B,False,False,0,2.6
2,4,101,1000267,Bridge,bridge 60,N1,A,False,False,0,6.0
2,4,101,1000268,Link,,N1,,,,23950,333.68
2,4,101,1000270,Bridge,bridge 61,N1,B,False,False,0,14.3
2,4,101,1000271,Link,,N1,,,,2675,240.993
2,4,101,1000272,Bridge,bridge 62,N1,A,False,False,0,6.1
2,4,101,1000273,Link,,N1,,,,25024,554.159
2,4,101,1000275,Bridge,bridge 63,N1,A,False,False,875,6.1
2,4,101,1000276,Link,,N1,,,,1800,269.937
2,4,101,1000277,Bridge,bridge 64,N1,C,False,False,0,6.1
2,4,101,1000278,Link,,N1,,,,1073,220.826
2,4,101,1000279,Bridge,bridge 65,N1,B,False,False,0,9.5
2,4,101,1000280,Link,,N1,,,,23952,142.484
2,4,101,1000281,Bridge,bridge 66,N1,B,False,False,0,3.1
2,4,101,1000282,Link,,N1,,,,2675,451.869
2,4,101,1000284,Bridge,bridge 67,N1,A,False,False,0,9.5
2,4,101,1000285,Link,,N1,,,,25901,499.678
2,4,101,1000286,Bridge,bridge 68,N1,B,False,False,0,6.3
2,4,101,1000287,Link,,N1,,,,2873,444.93399999999997
2,4,101,1000289,Bridge,bridge 69,N1,B,False,False,0,3.5
2,4,101,1000290,Link,,N1,,,,23954,210.212
2,4,101,1000291,Bridge,bridge 70,N1,B,False,False,0,6.1
2,4,101,1000292,Link,,N1,,,,2675,309.453
2,4,101,1000294,Bridge,bridge 71,N1,B,False,False,0,3.0
2,4,101,1000295,Link,,N1,,,,25025,575.696
2,4,101,1000296,Bridge,bridge 72,N1,B,False,False,0,4.5
2,4,101,1000297,Link,,N1,,,,27702,895.394
2,4,101,1000298,Bridge,bridge 73,N1,B,False,False,0,5.3
2,4,101,1000299,Link,,N1,,,,27707,926.731
2,4,101,1000301,Bridge,bridge 74,N1,A,False,False,0,6.1
2,4,101,1000302,Link,,N1,,,,27707,1010.901
2,4,101,1000304,Bridge,bridge 75,N1,A,False,False,0,3.1
2,4,101,1000305,Link,,N1,,,,27708,914.716
2,4,101,1000307,Bridge,bridge 76,N1,A,False,False,0,3.5
2,4,101,1000308,Bridge,bridge 77,N1,B,False,False,0,14.2
2,4,101,1000309,Link,,N1,,,,7792,76.023
2,4,101,1000310,Bridge,bridge 78,N1,B,True,True,22212,6.1
2,4,101,1000311,Link,,N1,,,,27733,1374.7530000000004
2,4,101,1000316,Bridge,bridge 79,N1,B,True,True,22248,4.0
2,4,101,1000317,Link,,N1,,,,27771,1106.592
2,4,101,1000321,Bridge,bridge 80,N1,A,False,False,0,10.8
2,4,101,1000322,Link,,N1,,,,27769,872.053
2,4,101,1000323,Bridge,bridge 81,N1,A,True,True,22262,1.6
2,4,101,1000324,Link,,N1,,,,27793,1326.687
2,4,101,1000328,Bridge,bridge 82,N1,A,False,False,0,3.4
2,4,101,1000329,Link,,N1,,,,27800,2255.781
2,4,101,1000335,Bridge,bridge 83,N1,A,True,True,26087,1.5
2,4,101,1000336,Link,,N1,,,,17666,20306.901999999995
2,4,101,1000368,Bridge,bridge 84,N1,A,False,False,0,3.0
2,4,101,1000369,Link,,N1,,,,17641,2511.829
2,4,101,1000376,Bridge,bridge 85,N1,A,False,False,0,2.0
2,4,101,1000377,Link,,N1,,,,199,84.291
2,4,101,1000378,Bridge,bridge 86,N1,A,False,False,0,1.5
2,4,101,1000379,Bridge,bridge 87,N1,A,False,False,0,1.5
2,4,101,1000380,Link,,N1,,,,430,270.143
2,4,101,1000381,Bridge,bridge 88,N1,A,False,False,0,8.5
2,4,101,1000382,Bridge,bridge 89,N1,A,False,False,0,3.0
2,4,101,1000383,Link,,N1,,,,15493,226.116
2,4,101,1000384,Bridge,bridge 90,N1,A,False,False,0,3.0
2,4,101,1000385,Bridge,bridge 91,N1,A,False,False,0,3.0
2,4,101,1000386,Link,,N1,,,,7961,712.513
2,4,101,1000387,Bridge,bridge 92,N1,A,False,False,249,4.5
2,4,101,1000388,Bridge,bridge 93,N1,C,True,True,14136,12.4
2,4,101,1000389,Link,,N1,,,,17675,4915.830999999999
2,4,101,1000401,Bridge,bridge 94,N1,A,False,False,0,4.5
2,4,101,1000402,Link,,N1,,,,17669,823.7
2,4,101,1000403,Bridge,bridge 95,N1,B,False,False,0,23.2
2,4,101,1000404,Link,,N1,,,,17673,1500.095
2,4,101,1000408,Bridge,bridge 96,N1,A,False,False,195,9.7
2,4,101,1000409,Link,,N1,,,,17671,984.6680000000001
2,4,101,1000412,Bridge,bridge 97,N1,A,False,False,0,4.0
2,4,101,1000413,Link,,N1,,,,14935,527.327
2,4,101,1000415,Bridge,bridge 98,N1,A,False,False,0,12.9
2,4,101,1000416,Link,,N1,,,,11414,535.717
2,4,101,1000417,Bridge,bridge 99,N1,A,False,False,0,3.0
2,4,101,1000418,Bridge,bridge 100,N1,B,False,False,0,8.1
2,4,101,1000419,Link,,N1,,,,17677,2144.2219999999998
2,4,101,1000424,Bridge,bridge 101,N1,A,False,False,0,3.0
2,4,101,1000425,Link,,N1,,,,17676,990.984
2,4,101,1000426,Bridge,bridge 102,N1,A,True,True,14133,3.0
2,4,101,1000427,Link,,N1,,,,17687,992.876
2,4,101,1000431,Bridge,bridge 103,N1,A,False,False,0,19.2
2,4,101,1000432,Link,,N1,,,,17689,734.708
2,4,101,1000434,Bridge,bridge 104,N1,A,False,False,0,4.2
2,4,101,1000435,Link,,N1,,,,17689,928.3919999999999
2,4,101,1000438,Bridge,bridge 105,N1,A,False,False,0,3.2
2,4,101,1000439,Link,,N1,,,,1910,186.006
2,4,101,1000440,Bridge,bridge 106,N1,A,False,False,0,6.0
2,4,101,1000441,Link,,N1,,,,17690,854.695
2,4,101,1000443,Bridge,bridge 107,N1,A,False,False,0,3.0
2,4,101,1000444,Bridge,bridge 108,N1,A,False,False,0,3.0
2,4,101,1000445,Link,,N1,,,,9580,97.817
2,4,101,1000446,Bridge,bridge 109,N1,A,False,False,0,3.0
2,4,101,1000447,Link,,N1,,,,17693,999.592
2,4,101,1000450,Bridge,bridge 110,N1,A,False,False,0,3.1
2,4,101,1000451,Bridge,bridge 111,N1,A,False,False,0,4.6
2,4,101,1000452,Link,,N1,,,,17692,1294.152
2,4,101,1000456,Bridge,bridge 112,N1,A,False,False,0,3.0
2,4,101,1000457,Bridge,bridge 113,N1,A,True,True,14142,3.0
2,4,101,1000458,Link,,N1,,,,10008,461.797
2,4,101,1000459,Bridge,bridge 114,N1,A,False,False,0,3.0
2,4,101,1000460,Link,,N1,,,,242,94.124
2,4,101,1000461,Bridge,bridge 115,N1,A,False,False,0,3.0
2,4,101,1000462,Bridge,bridge 116,N1,A,False,False,0,3.0
2,4,101,1000463,Link,,N1,,,,1671,86.921
2,4,101,1000464,Bridge,bridge 117,N1,A,False,False,0,4.6
2,4,101,1000465,Link,,N1,,,,17701,811.473
2,4,101,1000470,Bridge,bridge 118,N1,A,False,False,0,3.0
2,4,101,1000471,Link,,N1,,,,17701,971.988
2,4,101,1000473,Bridge,bridge 119,N1,A,False,False,0,2.95
2,4,101,1000474,Link,,N1,,,,17703,945.951
2,4,101,1000475,Bridge,bridge 120,N1,A,False,False,0,4.5
2,4,101,1000476,Link,,N1,,,,17704,909.5069999999998
2,4,101,1000480,Bridge,bridge 121,N1,C,True,True,14203,22.25
2,4,101,1000481,Link,,N1,,,,12010,736.243
2,4,101,1000482,Bridge,bridge 122,N1,A,False,False,0,10.2
2,4,101,1000483,Link,,N1,,,,17737,881.943
2,4,101,1000487,Bridge,bridge 123,N1,A,False,False,0,3.0
2,4,101,1000488,Bridge,bridge 124,N1,A,False,False,0,8.2
2,4,101,1000489,Link,,N1,,,,12016,585.853
2,4,101,1000490,Bridge,bridge 125,N1,A,False,False,0,4.1
2,4,101,1000491,Link,,N1,,,,17745,1737.667
2,4,101,1000496,Bridge,bridge 126,N1,A,False,False,0,3.0
2,4,101,1000497,Bridge,bridge 127,N1,A,False,False,0,5.2
2,4,101,1000498,Link,,N1,,,,17740,817.307
2,4,101,1000499,Bridge,bridge 128,N1,A,False,False,0,8.2
2,4,101,1000500,Link,,N1,,,,17737,871.608
2,4,101,1000501,Bridge,bridge 129,N1,A,False,False,0,3.0
2,4,101,1000502,Link,,N1,,,,17740,1934.493
2,4,101,1000506,Bridge,bridge 130,N1,C,False,False,0,27.0
2,4,101,1000507,Link,,N1,,,,9322,709.408
2,4,101,1000512,Bridge,bridge 131,N1,A,False,False,0,4.5
2,4,101,1000513,Bridge,bridge 132,N1,A,False,False,0,17.6
2,4,101,1000514,Link,,N1,,,,17742,832.067
2,4,101,1000518,Bridge,bridge 133,N1,B,False,False,0,3.0
2,4,101,1000519,Link,,N1,,,,1467,303.226
2,4,101,1000521,Bridge,bridge 134,N1,A,False,False,0,4.5
2,4,101,1000522,Link,,N1,,,,5925,172.264
2,4,101,1000523,Bridge,bridge 135,N1,A,False,False,0,6.0
2,4,101,1000524,Link,,N1,,,,17744,2704.069
2,4,101,1000530,Bridge,bridge 136,N1,A,True,True,14169,3.0
2,4,101,1000531,Link,,N1,,,,17753,1826.897
2,4,101,1000534,Bridge,bridge 137,N1,A,False,False,0,3.0
2,4,101,1000535,Bridge,bridge 138,N1,A,True,True,14213,40.0
2,4,101,1000536,Link,,N1,,,,17778,3848.636
2,4,101,1000545,Bridge,bridge 139,N1,A,False,False,0,5.0
2,4,101,1000546,Link,,N1,,,,17771,796.469
2,4,101,1000549,Bridge,bridge 140,N1,A,False,False,0,3.0
2,4,101,1000550,Bridge,bridge 141,N1,A,False,False,188,18.0
2,4,101,1000551,Link,,N1,,,,14784,496.452
2,4,101,1000553,Bridge,bridge 142,N1,A,False,False,0,3.0
2,4,101,1000554,Link,,N1,,,,17773,903.2339999999999
2,4,101,1000558,Bridge,bridge 143,N1,A,False,False,0,8.3
2,4,101,1000559,Link,,N1,,,,7126,357.539
2,4,101,1000560,Bridge,bridge 144,N1,A,False,False,0,3.0
2,4,101,1000561,Link,,N1,,,,17773,2514.719
2,4,101,1000565,Bridge,bridge 145,N1,B,False,False,0,5.7
2,4,101,1000566,Intersection,intersection 3,N1,,,,209,34.053
2,4,101,1000567,Bridge,bridge 146,N1,A,False,False,0,1.5
2,4,101,1000568,Link,,N1,,,,7909,815.73
2,4,101,1000569,Bridge,bridge 147,N1,A,False,False,0,3.0
2,4,101,1000570,Bridge,bridge 148,N1,A,False,False,0,3.0
2,4,101,1000571,Link,,N1,,,,7909,896.903
2,4,101,1000572,Bridge,bridge 149,N1,C,False,False,75,116.5
2,4,101,1000573,Link,,N1,,,,3501,444.081
2,4,101,1000575,Bridge,bridge 150,N1,B,True,True,6200,3.0
2,4,101,1000576,Link,,N1,,,,7921,860.717
2,4,101,1000580,Bridge,bridge 151,N1,B,False,False,0,3.1
2,4,101,1000581,Link,,N1,,,,7920,783.311
2,4,101,1000582,Bridge,bridge 152,N1,A,False,False,0,3.0
2,4,101,1000583,Link,,N1,,,,5668,733.736
2,4,101,1000586,Bridge,bridge 153,N1,B,False,False,0,10.8
2,4,101,1000587,Link,,N1,,,,6470,500.781
2,4,101,1000590,Bridge,bridge 154,N1,A,False,False,0,3.0
2,4,101,1000591,Link,,N1,,,,7783,604.3140000000001
2,4,101,1000593,Bridge,bridge 155,N1,A,False,False,0,5.3
2,4,101,1000594,Link,,N1,,,,7925,1371.711
2,4,101,1000600,Bridge,bridge 156,N1,A,True,True,6206,3.0
2,4,101,1000601,Link,,N1,,,,7937,1637.5109999999997
2,4,101,1000605,Bridge,bridge 157,N1,C,False,False,0,50.8
2,4,101,1000606,Link,,N1,,,,7936,2418.32
2,4,101,1000612,Bridge,bridge 158,N1,A,False,False,0,12.4
2,4,101,1000613,Link,,N1,,,,7937,820.245
2,4,101,1000616,Bridge,bridge 159,N1,C,True,True,6334,60.5
2,4,101,1000617,Link,,N1,,,,7976,2948.45
2,4,101,1000622,Bridge,bridge 160,N1,A,False,False,0,9.2
2,4,101,1000623,Bridge,bridge 161,N1,A,False,False,0,6.0
2,4,101,1000624,Link,,N1,,,,7979,1008.8340000000001
2,4,101,1000626,Bridge,bridge 162,N1,A,False,False,0,9.4
2,4,101,1000627,Link,,N1,,,,1600,410.712
2,4,101,1000629,Bridge,bridge 163,N1,A,False,False,0,14.0
2,4,101,1000630,Bridge,bridge 164,N1,A,False,False,78,14.0
2,4,101,1000631,Link,,N1,,,,7977,796.4269999999999
2,4,101,1000633,Bridge,bridge 165,N1,B,False,False,0,12.6
2,4,101,1000634,Link,,N1,,,,0,57.573
2,4,101,1000635,Bridge,bridge 166,N1,B,True,True,6245,9.4
2,4,101,1000636,Link,,N1,,,,1561,595.713
2,4,101,1000637,Bridge,bridge 167,N1,A,False,False,56,14.0
2,4,101,1000638,Link,,N1,,,,7980,878.325
2,4,101,1000639,Bridge,bridge 168,N1,A,True,True,6253,9.2
2,4,101,1000640,Link,,N1,,,,5735,777.0820000000001
2,4,101,1000642,Bridge,bridge 169,N1,D,False,False,2336,50.8
2,4,101,1000643,Link,,N1,,,,4041,13.737
2,4,101,1000644,Bridge,bridge 170,N1,B,False,False,0,9.2
2,4,101,1000645,Link,,N1,,,,8000,3164.849
2,4,101,1000654,Bridge,bridge 171,N1,B,True,True,6369,12.3
2,4,101,1000655,Link,,N1,,,,8022,2506.407
2,4,101,1000665,Bridge,bridge 172,N1,C,True,True,6473,211.3
2,4,101,1000666,Link,,N1,,,,8105,3367.46
2,4,101,1000674,Bridge,bridge 173,N1,A,False,False,0,28.0
2,4,101,1000675,Link,,N1,,,,8105,2607.6369999999997
2,4,101,1000679,Bridge,bridge 174,N1,A,False,False,0,7.2
2,4,101,1000680,Link,,N1,,,,2264,275.877
2,4,101,1000681,Bridge,bridge 175,N1,A,False,False,67,11.2
2,4,101,1000682,Link,,N1,,,,8106,1146.637
2,4,101,1000685,Bridge,bridge 176,N1,A,True,True,6382,12.6
2,4,101,1000686,Link,,N1,,,,8125,1556.8100000000002
2,4,101,1000693,Bridge,bridge 177,N1,B,False,False,0,30.3
2,4,101,1000694,Link,,N1,,,,8126,945.446
2,4,101,1000696,Bridge,bridge 178,N1,A,False,False,0,2.5
2,4,101,1000697,Link,,N1,,,,8126,795.912
2,4,101,1000698,Bridge,bridge 179,N1,A,True,True,6416,12.6
2,4,101,1000699,Link,,N1,,,,4455,319.737
2,4,101,1000700,Bridge,bridge 180,N1,A,False,False,0,6.0
2,4,101,1000701,Link,,N1,,,,0,27.297
2,4,101,1000702,Bridge,bridge 181,N1,A,False,False,0,13.64
2,4,101,1000703,Link,,N1,,,,8160,1157.8890000000001
2,4,101,1000705,Bridge,bridge 182,N1,A,False,False,0,2.0
2,4,101,1000706,Link,,N1,,,,8159,1388.13
2,4,101,1000709,Bridge,bridge 183,N1,A,False,False,0,3.0
2,4,101,1000710,Link,,N1,,,,1465,201.583
2,4,101,1000712,Bridge,bridge 184,N1,A,False,False,0,12.6
2,4,101,1000713,Link,,N1,,,,53,35.049
2,4,101,1000714,Bridge,bridge 185,N1,A,False,False,0,6.2
2,4,101,1000715,Link,,N1,,,,0,10.896
2,4,101,1000716,Bridge,bridge 186,N1,A,False,False,0,3.0
2,4,101,1000717,Bridge,bridge 187,N1,A,False,False,2114,12.4
2,4,101,1000718,Link,,N1,,,,50,65.437
2,4,101,1000719,Bridge,bridge 188,N1,A,False,False,76,14.2
2,4,101,1000720,Bridge,bridge 189,N1,B,False,False,0,22.0
2,4,101,1000721,Link,,N1,,,,4333,232.624
2,4,101,1000723,Bridge,bridge 190,N1,B,False,False,0,22.4
2,4,101,1000724,Link,,N1,,,,0,92.703
2,4,101,1000725,Bridge,bridge 191,N1,A,False,False,70,2.5
2,4,101,1000726,Link,,N1,,,,8160,1301.643
2,4,101,1000730,Bridge,bridge 192,N1,A,False,False,0,22.4
2,4,101,1000731,Link,,N1,,,,8160,901.686
2,4,101,1000732,Bridge,bridge 193,N1,A,False,False,0,3.0
2,4,101,1000733,Link,,N1,,,,67,42.641
2,4,101,1000734,Bridge,bridge 194,N1,A,False,False,0,1.4
2,4,101,1000735,Link,,N1,,,,3749,518.433
2,4,101,1000737,Bridge,bridge 195,N1,A,False,False,0,4.5
2,4,101,1000738,Bridge,bridge 196,N1,A,False,False,0,9.3
2,4,101,1000739,Link,,N1,,,,4616,503.492
2,4,101,1000742,Bridge,bridge 197,N1,A,False,False,0,4.5
2,4,101,1000743,Bridge,bridge 198,N1,A,False,False,0,4.7
2,4,101,1000744,Link,,N1,,,,3620,403.97999999999996
2,4,101,1000746,Bridge,bridge 199,N1,A,False,False,0,2.0
2,4,101,1000747,Bridge,bridge 200,N1,A,False,False,0,3.0
2,4,101,1000748,Link,,N1,,,,8165,2992.2650000000003
2,4,101,1000756,Bridge,bridge 201,N1,A,False,False,0,13.64
2,4,101,1000757,Link,,N1,,,,6705,553.982
2,4,101,1000759,Bridge,bridge 202,N1,A,False,False,0,9.3
2,4,101,1000760,Link,,N1,,,,8164,891.135
2,4,101,1000763,Bridge,bridge 203,N1,A,False,False,0,3.0
2,4,101,1000764,Link,,N1,,,,7959,517.927
2,4,101,1000765,Bridge,bridge 204,N1,A,False,False,0,3.0
2,4,101,1000766,Link,,N1,,,,1535,393.273
2,4,101,1000768,Bridge,bridge 205,N1,C,False,False,2161,56.2
2,4,101,1000769,Link,,N1,,,,8165,929.458
2,4,101,1000771,Bridge,bridge 206,N1,A,False,False,0,14.3
2,4,101,1000772,Bridge,bridge 207,N1,A,False,False,0,2.1
2,4,101,1000773,Link,,N1,,,,4345,143.183
2,4,101,1000774,Bridge,bridge 208,N1,A,False,False,0,4.5
2,4,101,1000775,Bridge,bridge 209,N1,A,False,False,0,3.0
2,4,101,1000776,Link,,N1,,,,205,274.761
2,4,101,1000777,Bridge,bridge 210,N1,A,False,False,0,15.8
2,4,101,1000778,Link,,N1,,,,8034,685.763
2,4,101,1000779,Bridge,bridge 211,N1,A,False,False,0,7.3
2,4,101,1000780,Bridge,bridge 212,N1,C,False,False,60,45.0
2,4,101,1000781,Link,,N1,,,,3566,281.291
2,4,101,1000782,Bridge,bridge 213,N1,A,False,False,0,14.0
2,4,101,1000783,Link,,N1,,,,8176,2157.717
2,4,101,1000788,Bridge,bridge 214,N1,A,False,False,0,20.6
2,4,101,1000789,Link,,N1,,,,8175,779.9290000000001
2,4,101,1000791,Bridge,bridge 215,N1,B,False,False,0,14.2
2,4,101,1000792,Link,,N1,,,,8177,967.735
2,4,101,1000794,Bridge,bridge 216,N1,A,False,False,2105,15.7
2,4,101,1000795,Link,,N1,,,,6073,789.5029999999999
2,4,101,1000797,Bridge,bridge 217,N1,D,True,True,6661,294.15
2,4,101,1000798,Link,,N1,,,,8252,2638.283
2,4,101,1000806,Bridge,bridge 218,N1,B,False,False,0,9.3
2,4,101,1000807,Link,,N1,,,,8251,1156.384
2,4,101,1000811,Bridge,bridge 219,N1,A,False,False,0,12.6
2,4,101,1000812,Link,,N1,,,,8250,1193.986
2,4,101,1000816,Bridge,bridge 220,N1,A,False,False,0,12.8
2,4,101,1000817,Link,,N1,,,,8250,826.8240000000001
2,4,101,1000821,Bridge,bridge 221,N1,A,False,False,0,9.3
2,4,101,1000822,Link,,N1,,,,8253,3043.6690000000003
2,4,101,1000828,Bridge,bridge 222,N1,C,False,False,0,58.57
2,4,101,1000829,Link,,N1,,,,200,141.869
2,4,101,1000830,Bridge,bridge 223,N1,A,False,False,0,3.5
2,4,101,1000831,Link,,N1,,,,8252,958.518
2,4,101,1000835,Bridge,bridge 224,N1,C,False,False,2098,54.03
2,4,101,1000836,Link,,N1,,,,186,307.645
2,4,101,1000838,Bridge,bridge 225,N1,C,True,True,6554,60.03
2,4,101,1000839,Link,,N1,,,,8306,4445.05
2,4,101,1000846,Bridge,bridge 226,N1,A,False,False,0,7.0
2,4,101,1000847,Bridge,bridge 227,N1,A,False,False,0,5.2
2,4,101,1000848,Link,,N1,,,,2329,522.525
2,4,101,1000850,Bridge,bridge 228,N1,A,False,False,0,9.3
2,4,101,1000851,Bridge,bridge 229,N1,A,False,False,74,14.0
2,4,101,1000852,Link,,N1,,,,4494,143.125
2,4,101,1000853,Bridge,bridge 230,N1,A,False,False,0,1.4
2,4,101,1000854,Bridge,bridge 231,N1,C,False,False,0,4.5
2,4,101,1000855,Link,,N1,,,,1530,193.459
2,4,101,1000856,Bridge,bridge 232,N1,A,False,False,0,2.5
2,4,101,1000857,Link,,N1,,,,8310,2724.735
2,4,101,1000863,Bridge,bridge 233,N1,A,False,False,0,4.8
2,4,101,1000864,Link,,N1,,,,4695,265.051
2,4,101,1000865,Bridge,bridge 234,N1,A,False,False,1359,46.0
2,4,101,1000866,Link,,N1,,,,8312,2604.727
2,4,101,1000875,Bridge,bridge 235,N1,A,False,False,0,14.0
2,4,101,1000876,Link,,N1,,,,8311,818.905
2,4,101,1000878,Bridge,bridge 236,N1,A,False,False,0,3.0
2,4,101,1000879,Bridge,bridge 237,N1,A,False,False,0,2.5
2,4,101,1000880,Link,,N1,,,,8192,648.054
2,4,101,1000881,Bridge,bridge 238,N1,A,False,False,48,7.5
2,4,101,1000882,Link,,N1,,,,2352,625.143
2,4,101,1000883,Bridge,bridge 239,N1,A,True,True,6557,14.0
2,4,101,1000884,Link,,N1,,,,8335,3926.423
2,4,101,1000895,Bridge,bridge 240,N1,B,False,False,0,14.0
2,4,101,1000896,Link,,N1,,,,8338,1840.962
2,4,101,1000904,Bridge,bridge 241,N1,A,False,False,72,9.2
2,4,101,1000905,Link,,N1,,,,256,475.65200000000004
2,4,101,1000907,Bridge,bridge 242,N1,A,False,False,0,1.5
2,4,101,1000908,Link,,N1,,,,0,78.97
2,4,101,1000909,Bridge,bridge 243,N1,A,False,False,0,3.0
2,4,101,1000910,Link,,N1,,,,8340,1744.132
2,4,101,1000912,Bridge,bridge 244,N1,A,False,False,0,8.2
2,4,101,1000913,Link,,N1,,,,2386,694.793
2,4,101,1000914,Bridge,bridge 245,N1,A,False,False,0,12.4
2,4,101,1000915,Link,,N1,,,,6330,731.289
2,4,101,1000917,Bridge,bridge 246,N1,A,False,False,0,2.0
2,4,101,1000918,Bridge,bridge 247,N1,A,False,False,0,6.8
2,4,101,1000919,Link,,N1,,,,8338,1659.246
2,4,101,1000922,Bridge,bridge 248,N1,A,False,False,0,13.0
2,4,101,1000923,Link,,N1,,,,6202,568.385
2,4,101,1000925,Bridge,bridge 249,N1,A,False,False,0,9.2
2,4,101,1000926,Link,,N1,,,,8341,954.924
2,4,101,1000930,Bridge,bridge 250,N1,C,True,True,8038,136.3
2,4,101,1000931,Link,,N1,,,,245,482.81399999999996
2,4,101,1000933,Bridge,bridge 251,N1,C,True,True,6589,4.5
2,4,101,1000934,Bridge,bridge 252,N1,C,False,False,0,11.3
2,4,101,1000935,Link,,N1,,,,1674,454.447
2,4,101,1000938,Bridge,bridge 253,N1,C,False,False,0,2.4
2,4,101,1000939,Bridge,bridge 254,N1,B,False,False,0,7.2
2,4,101,1000940,Bridge,bridge 255,N1,C,True,True,6594,8.1
2,4,101,1000941,Link,,N1,,,,4687,204.765
2,4,101,1000942,Bridge,bridge 256,N1,A,False,False,0,10.9
2,4,101,1000943,Link,,N1,,,,8390,767.3389999999999
2,4,101,1000945,Bridge,bridge 257,N1,B,False,False,0,2.2
2,4,101,1000946,Link,,N1,,,,3700,659.094
2,4,101,1000947,Bridge,bridge 258,N1,A,False,False,0,3.0
2,4,101,1000948,Bridge,bridge 259,N1,A,False,False,0,2.8
2,4,101,1000949,Bridge,bridge 260,N1,D,True,True,6623,10.0
2,4,101,1000950,Link,,N1,,,,126,262.551
2,4,101,1000952,Bridge,bridge 261,N1,A,False,False,0,1.6
2,4,101,1000953,Bridge,bridge 262,N1,A,False,False,0,3.6
2,4,101,1000954,Bridge,bridge 263,N1,C,False,False,0,8.0
2,4,101,1000955,Link,,N1,,,,1508,266.301
2,4,101,1000956,Bridge,bridge 264,N1,A,False,False,0,8.3
2,4,101,1000957,Bridge,bridge 265,N1,C,True,True,6712,22.0
2,4,101,1000958,Link,,N1,,,,119,250.441
2,4,101,1000959,Bridge,bridge 266,N1,C,True,True,6669,2.7
2,4,101,1000960,Bridge,bridge 267,N1,B,False,False,0,2.7
2,4,101,1000961,Bridge,bridge 268,N1,C,False,False,0,2.9
2,4,101,1000962,Bridge,bridge 269,N1,C,True,True,6679,1.8
2,4,101,1000963,Link,,N1,,,,62,101.638
2,4,101,1000964,Bridge,bridge 270,N1,A,False,False,0,0.8
2,4,101,1000965,Bridge,bridge 271,N1,B,False,False,0,1.5
2,4,101,1000966,Bridge,bridge 272,N1,A,False,False,0,1.5
2,4,101,1000967,Link,,N1,,,,0,10.603
2,4,101,1000968,Bridge,bridge 273,N1,A,False,False,0,1.3
2,4,101,1000969,Bridge,bridge 274,N1,A,False,False,0,1.3
2,4,101,1000970,Link,,N1,,,,192,340.96
2,4,101,1000971,Bridge,bridge 275,N1,A,False,False,0,1.3
2,4,101,1000972,Bridge,bridge 276,N1,B,False,False,0,1.3
2,4,101,1000973,Bridge,bridge 277,N1,C,False,False,0,7.1
2,4,101,1000974,Link,,N1,,,,1431,132.046
2,4,101,1000975,Bridge,bridge 278,N1,A,False,False,47,2.5
2,4,101,1000976,Bridge,bridge 279,N1,A,False,False,0,1.3
2,4,101,1000977,Bridge,bridge 280,N1,C,True,True,6683,2.2
2,4,101,1000978,Bridge,bridge 281,N1,A,False,False,0,4.0
2,4,101,1000979,Link,,N1,,,,72,212.482
2,4,101,1000981,Bridge,bridge 282,N1,C,False,False,0,21.5
2,4,101,1000982,Link,,N1,,,,5008,287.742
2,4,101,1000983,Bridge,bridge 283,N1,C,False,False,0,11.3
2,4,101,1000984,Link,,N1,,,,1384,165.251
2,4,101,1000985,Bridge,bridge 284,N1,A,False,False,0,14.1
2,4,101,1000986,Link,,N1,,,,2086,176.808
2,4,101,1000987,Bridge,bridge 285,N1,B,False,False,0,2.3
2,4,101,1000988,Link,,N1,,,,4880,332.11
2,4,101,1000989,Bridge,bridge 286,N1,C,False,False,0,24.1
2,4,101,1000990,Link,,N1,,,,8479,909.5799999999999
2,4,101,1000995,Bridge,bridge 287,N1,C,False,False,0,45.6
2,4,101,1000996,Link,,N1,,,,3531,472.657
2,4,101,1000997,Bridge,bridge 288,N1,C,False,False,0,5.0
2,4,101,1000998,Link,,N1,,,,0,67.358
2,4,101,1000999,Bridge,bridge 289,N1,D,True,True,6705,11.2
2,4,101,1001000,Link,,N1,,,,192,171.98
2,4,101,1001001,Bridge,bridge 290,N1,B,True,True,6701,1.3
2,4,101,1001002,Link,,N1,,,,0,71.565
2,4,101,1001003,Bridge,bridge 291,N1,C,True,True,6729,49.3
2,4,101,1001004,Link,,N1,,,,1554,349.98699999999997
2,4,101,1001007,Bridge,bridge 292,N1,B,False,False,0,2.4
2,4,101,1001008,Link,,N1,,,,8523,837.0160000000001
2,4,101,1001016,Bridge,bridge 293,N1,C,False,False,0,2.3
2,4,101,1001017,Bridge,bridge 294,N1,D,True,True,6786,61.3
2,4,101,1001018,Link,,N1,,,,8570,1862.991
2,4,101,1001028,Bridge,bridge 295,N1,A,False,False,0,14.1
2,4,101,1001029,Bridge,bridge 296,N1,B,False,False,0,11.0
2,4,101,1001030,Link,,N1,,,,1441,120.457
2,4,101,1001031,Bridge,bridge 297,N1,A,False,False,0,10.3
2,4,101,1001032,Link,,N1,,,,8572,1364.3339999999998
2,4,101,1001037,Bridge,bridge 298,N1,A,False,False,74,14.0
2,4,101,1001038,Bridge,bridge 299,N1,A,False,False,0,23.5
2,4,101,1001039,Link,,N1,,,,1391,153.1
2,4,101,1001040,Bridge,bridge 300,N1,C,True,True,6870,50.6
2,4,101,1001041,Link,,N1,,,,8605,828.562
2,4,101,1001043,Bridge,bridge 301,N1,C,False,False,0,6.6
2,4,101,1001044,Bridge,bridge 302,N1,A,False,False,0,2.4
2,4,101,1001045,Bridge,bridge 303,N1,A,False,False,0,17.0
2,4,101,1001046,Link,,N1,,,,178,326.336
2,4,101,1001047,Bridge,bridge 304,N1,A,False,False,0,2.4
2,4,101,1001048,Bridge,bridge 305,N1,C,False,False,0,11.1
2,4,101,1001049,Link,,N1,,,,63,81.501
2,4,101,1001050,Bridge,bridge 306,N1,C,False,False,0,8.5
2,4,101,1001051,Link,,N1,,,,54,80.084
2,4,101,1001053,Bridge,bridge 307,N1,C,False,False,74,2.4
2,4,101,1001054,Bridge,bridge 308,N1,B,False,False,0,20.7
2,4,101,1001055,Link,,N1,,,,8611,4007.664
2,4,101,1001067,Bridge,bridge 309,N1,B,False,False,0,2.2
2,4,101,1001068,Bridge,bridge 310,N1,C,True,True,6840,10.9
2,4,101,1001069,Link,,N1,,,,0,21.237
2,4,101,1001070,Bridge,bridge 311,N1,C,False,False,0,2.1
2,4,101,1001071,Link,,N1,,,,5010,86.454
2,4,101,1001072,Bridge,bridge 312,N1,A,False,False,0,2.0
2,4,101,1001073,Bridge,bridge 313,N1,A,False,False,0,1.8
2,4,101,1001074,Bridge,bridge 314,N1,A,False,False,0,2.2
2,4,101,1001075,Link,,N1,,,,3629,728.848
2,4,101,1001077,Bridge,bridge 315,N1,A,False,False,0,6.4
2,4,101,1001078,Bridge,bridge 316,N1,A,False,False,5010,2.2
2,4,101,1001079,Link,,N1,,,,3629,757.9369999999999
2,4,101,1001082,Bridge,bridge 317,N1,A,False,False,0,3.1
2,4,101,1001083,Bridge,bridge 318,N1,C,True,True,6857,38.7
2,4,101,1001084,Link,,N1,,,,0,6.171
2,4,101,1001085,Bridge,bridge 319,N1,A,False,False,0,3.0
2,4,101,1001086,Link,,N1,,,,1568,320.477
2,4,101,1001088,Bridge,bridge 320,N1,B,False,False,0,9.4
2,4,101,1001089,Bridge,bridge 321,N1,D,True,True,6874,15.4
2,4,101,1001090,Link,,N1,,,,8674,2981.3250000000003
2,4,101,1001095,Bridge,bridge 322,N1,C,True,True,6867,3.0
2,4,101,1001096,Bridge,bridge 323,N1,A,False,False,0,4.6
2,4,101,1001097,Link,,N1,,,,5332,505.318
2,4,101,1001098,Bridge,bridge 324,N1,C,False,False,0,9.4
2,4,101,1001099,Bridge,bridge 325,N1,C,False,False,0,15.2
2,4,101,1001100,Link,,N1,,,,3348,307.552
2,4,101,1001102,Bridge,bridge 326,N1,C,False,False,5213,58.0
2,4,101,1001103,Link,,N1,,,,59,239.243
2,4,101,1001104,Bridge,bridge 327,N1,B,False,False,0,3.3
2,4,101,1001105,Link,,N1,,,,3410,492.784
2,4,101,1001106,Bridge,bridge 328,N1,C,True,True,6896,15.4
2,4,101,1001107,Link,,N1,,,,117,237.938
2,4,101,1001108,Bridge,bridge 329,N1,A,False,False,0,3.3
2,4,101,1001109,Link,,N1,,,,59,88.805
2,4,101,1001110,Bridge,bridge 330,N1,D,True,True,6921,12.3
2,4,101,1001111,Link,,N1,,,,1645,460.183
2,4,101,1001112,Bridge,bridge 331,N1,C,False,False,0,1.2
2,4,101,1001113,Bridge,bridge 332,N1,C,True,True,6986,15.2
2,4,101,1001114,Link,,N1,,,,70,161.131
2,4,101,1001115,Bridge,bridge 333,N1,C,True,True,6935,1.3
2,4,101,1001116,Bridge,bridge 334,N1,A,True,True,6942,3.3
2,4,101,1001117,Bridge,bridge 335,N1,B,False,False,0,4.7
2,4,101,1001118,Link,,N1,,,,121,230.319
2,4,101,1001119,Bridge,bridge 336,N1,C,False,False,0,1.2
2,4,101,1001120,Link,,N1,,,,1534,289.032
2,4,101,1001121,Bridge,bridge 337,N1,D,True,True,6945,6.4
2,4,101,1001122,Bridge,bridge 338,N1,A,False,False,0,3.35
2,4,101,1001123,Bridge,bridge 339,N1,C,True,True,6988,13.0
2,4,101,1001124,Link,,N1,,,,50,44.541
2,4,101,1001125,Bridge,bridge 340,N1,A,False,False,0,3.2
2,4,101,1001126,Link,,N1,,,,117,93.005
2,4,101,1001127,Bridge,bridge 341,N1,A,False,False,0,3.4
2,4,101,1001128,Bridge,bridge 342,N1,A,False,False,0,2.8
2,4,101,1001129,Bridge,bridge 343,N1,D,True,True,7002,12.8
2,4,101,1001130,Link,,N1,,,,58,188.431
2,4,101,1001131,Bridge,bridge 344,N1,A,False,False,0,1.2
2,4,101,1001132,Link,,N1,,,,188,332.301
2,4,101,1001134,Bridge,bridge 345,N1,A,False,False,0,1.2
2,4,101,1001135,Bridge,bridge 346,N1,A,False,False,0,1.2
2,4,101,1001136,Bridge,bridge 347,N1,A,False,False,0,2.8
2,4,101,1001137,Bridge,bridge 348,N1,A,False,False,0,2.8
2,4,101,1001138,Bridge,bridge 349,N1,A,False,False,0,1.2
2,4,101,1001139,Link,,N1,,,,6832,192.257
2,4,101,1001140,Bridge,bridge 350,N1,C,False,False,0,1.2
2,4,101,1001141,Bridge,bridge 351,N1,C,False,False,70,34.2
2,4,101,1001142,Link,,N1,,,,1656,90.29100000000001
2,4,101,1001144,Bridge,bridge 352,N1,A,False,False,0,2.7
2,4,101,1001145,Bridge,bridge 353,N1,A,False,False,0,2.7
2,4,101,1001146,Bridge,bridge 354,N1,A,False,False,0,4.2
2,4,101,1001147,Link,,N1,,,,58,110.564
2,4,101,1001148,Bridge,bridge 355,N1,A,False,False,0,1.2
2,4,101,1001149,Bridge,bridge 356,N1,A,False,False,0,2.8
2,4,101,1001150,Bridge,bridge 357,N1,A,False,False,0,1.2
2,4,101,1001151,Bridge,bridge 358,N1,B,False,False,0,14.0
2,4,101,1001152,Link,,N1,,,,0,120.676
2,4,101,1001153,Bridge,bridge 359,N1,A,False,False,0,1.2
2,4,101,1001154,Link,,N1,,,,188,121.05
2,4,101,1001155,Bridge,bridge 360,N1,A,False,False,0,1.0
2,4,101,1001156,Bridge,bridge 361,N1,A,False,False,0,1.0
2,4,101,1001157,Bridge,bridge 362,N1,A,False,False,0,3.0
2,4,101,1001158,Bridge,bridge 363,N1,C,False,False,0,6.1
2,4,101,1001159,Link,,N1,,,,6787,269.735
2,4,101,1001161,Bridge,bridge 364,N1,A,False,False,46,5.8
2,4,101,1001162,Bridge,bridge 365,N1,A,False,False,0,1.3
2,4,101,1001163,Link,,N1,,,,1972,648.947
2,4,101,1001164,Bridge,bridge 366,N1,A,False,False,0,1.2
2,4,101,1001165,Bridge,bridge 367,N1,C,True,True,8426,30.9
2,4,101,1001166,Link,,N1,,,,410,624.2850000000001
2,4,101,1001171,Bridge,bridge 368,N1,C,True,True,7031,1.2
2,4,101,1001172,Bridge,bridge 369,N1,D,True,True,7035,9.4
2,4,101,1001173,Bridge,bridge 370,N1,C,True,True,7073,11.8
2,4,101,1001174,Bridge,bridge 371,N1,C,False,False,0,2.8
2,4,101,1001175,Link,,N1,,,,1635,564.835
2,4,101,1001179,Bridge,bridge 372,N1,C,False,False,0,1.2
2,4,101,1001180,Bridge,bridge 373,N1,C,True,True,7084,31.7
2,4,101,1001181,Link,,N1,,,,1764,530.9250000000001
2,4,101,1001184,Bridge,bridge 374,N1,C,True,True,7083,1.2
2,4,101,1001185,Bridge,bridge 375,N1,C,False,False,0,1.2
2,4,101,1001186,Bridge,bridge 376,N1,A,False,False,0,6.2
2,4,101,1001187,Link,,N1,,,,7133,636.894
2,4,101,1001190,Bridge,bridge 377,N1,C,False,False,49,32.1
2,4,101,1001191,Link,,N1,,,,8907,954.6469999999999
2,4,101,1001196,Bridge,bridge 378,N1,A,False,False,0,4.4
2,4,101,1001197,Bridge,bridge 379,N1,A,False,False,0,2.9
2,4,101,1001198,Link,,N1,,,,5719,561.268
2,4,101,1001200,Bridge,bridge 380,N1,A,False,False,0,2.8
2,4,101,1001201,Bridge,bridge 381,N1,A,False,False,0,2.8
2,4,101,1001202,Bridge,bridge 382,N1,A,False,False,0,1.9
2,4,101,1001203,Link,,N1,,,,3360,632.759
2,4,101,1001206,Bridge,bridge 383,N1,C,True,True,7199,45.6
2,4,101,1001207,Link,,N1,,,,1418,166.121
2,4,101,1001208,Bridge,bridge 384,N1,B,False,False,0,2.8
2,4,101,1001209,Link,,N1,,,,223,392.326
2,4,101,1001211,Bridge,bridge 385,N1,C,False,False,0,12.5
2,4,101,1001212,Link,,N1,,,,8933,983.598
2,4,101,1001217,Bridge,bridge 386,N1,C,True,True,7216,29.9
2,4,101,1001218,Link,,N1,,,,1702,693.396
2,4,101,1001221,Bridge,bridge 387,N1,C,True,True,7147,1.2
2,4,101,1001222,Link,,N1,,,,8971,957.382
2,4,101,1001226,Bridge,bridge 388,N1,C,False,False,0,36.6
2,4,101,1001227,Link,,N1,,,,1645,538.547
2,4,101,1001228,Bridge,bridge 389,N1,A,False,False,0,2.8
2,4,101,1001229,Link,,N1,,,,7327,261.894
2,4,101,1001230,Bridge,bridge 390,N1,A,False,False,0,1.2
2,4,101,1001231,Bridge,bridge 391,N1,B,False,False,0,8.8
2,4,101,1001232,Bridge,bridge 392,N1,A,False,False,0,1.2
2,4,101,1001233,Link,,N1,,,,1587,216.91
2,4,101,1001234,Bridge,bridge 393,N1,A,False,False,0,9.2
2,4,101,1001235,Bridge,bridge 394,N1,C,False,False,0,41.75
2,4,101,1001236,Link,,N1,,,,7384,458.775
2,4,101,1001237,Bridge,bridge 395,N1,A,False,False,0,7.5
2,4,101,1001238,Bridge,bridge 396,N1,C,False,False,0,37.2
2,4,101,1001239,Link,,N1,,,,1705,599.083
2,4,101,1001240,Bridge,bridge 397,N1,A,False,False,0,2.7
2,4,101,1001241,Bridge,bridge 398,N1,A,False,False,0,1.2
2,4,101,1001242,Bridge,bridge 399,N1,C,True,True,7174,38.0
2,4,101,1001243,Link,,N1,,,,7316,405.914
2,4,101,1001244,Bridge,bridge 400,N1,B,False,False,0,51.0
2,4,101,1001245,Link,,N1,,,,0,44.745
2,4,101,1001246,Bridge,bridge 401,N1,B,False,False,0,13.5
2,4,101,1001247,Link,,N1,,,,0,26.188
2,4,101,1001248,Bridge,bridge 402,N1,B,False,False,0,13.5
2,4,101,1001249,Link,,N1,,,,1667,267.679
2,4,101,1001250,Bridge,bridge 403,N1,C,True,True,7317,37.6
2,4,101,1001251,Link,,N1,,,,0,110.32300000000001
2,4,101,1001253,Bridge,bridge 404,N1,B,False,False,0,1.2
2,4,101,1001254,Link,,N1,,,,1474,162.705
2,4,101,1001255,Bridge,bridge 405,N1,C,False,False,45,29.3
2,4,101,1001256,Link,,N1,,,,70,40.06
2,4,101,1001257,Bridge,bridge 406,N1,A,False,False,0,2.8
2,4,101,1001258,Bridge,bridge 407,N1,A,True,True,7195,2.8
2,4,101,1001259,Bridge,bridge 408,N1,A,False,False,0,2.8
2,4,101,1001260,Link,,N1,,,,0,164.149
2,4,101,1001261,Bridge,bridge 409,N1,B,True,True,7229,15.1
2,4,101,1001262,Link,,N1,,,,1833,704.308
2,4,101,1001267,Bridge,bridge 410,N1,A,True,True,7226,9.0
2,4,101,1001268,Bridge,bridge 411,N1,B,False,False,0,9.0
2,4,101,1001269,Link,,N1,,,,243,463.751
2,4,101,1001272,Bridge,bridge 412,N1,C,False,False,0,37.3
2,4,101,1001273,Link,,N1,,,,9051,878.693
2,4,101,1001276,Bridge,bridge 413,N1,A,False,False,0,1.5
2,4,101,1001277,Bridge,bridge 414,N1,C,True,True,7230,1.5
2,4,101,1001278,Bridge,bridge 415,N1,C,True,True,7258,35.9
2,4,101,1001279,Link,,N1,,,,9080,9480.691
2,4,101,1001338,SourceSink,sourcesink 2,N1,,,,1878,6.171
2,4,101,1001340,SourceSink,sourcesink 3,N102,,,,17091,308.839
2,4,101,1001341,Link,,N102,,,,5788,1670.9609999999998
2,4,101,1001344,Bridge,bridge 417,N102,A,False,False,0,1.5
2,4,101,1001345,Bridge,bridge 418,N102,A,False,False,0,1.6
2,4,101,1001346,Bridge,bridge 419,N102,A,False,False,0,1.4
2,4,101,1001347,Link,,N102,,,,5789,1467.22
2,4,101,1001349,Bridge,bridge 420,N102,B,True,True,4616,2.5
2,4,101,1001350,Link,,N102,,,,5788,2777.792
2,4,101,1001353,Bridge,bridge 421,N102,C,False,False,0,3.75
2,4,101,1001354,Link,,N102,,,,5788,1236.07
2,4,101,1001355,Bridge,bridge 422,N102,A,False,False,0,17.8
2,4,101,1001356,Link,,N102,,,,3100,544.388
2,4,101,1001358,Bridge,bridge 423,N102,A,False,False,0,3.0
2,4,101,1001359,Link,,N102,,,,5788,1228.19
2,4,101,1001362,Bridge,bridge 424,N102,A,False,False,0,3.2
2,4,101,1001363,Bridge,bridge 425,N102,C,False,False,0,3.0
2,4,101,1001364,Link,,N102,,,,5789,5407.765
2,4,101,1001368,Bridge,bridge 426,N102,A,False,False,0,5.7
2,4,101,1001369,Link,,N102,,,,5787,1753.4470000000001
2,4,101,1001371,Bridge,bridge 427,N102,A,False,False,0,3.0
2,4,101,1001372,Link,,N102,,,,3865,643.745
2,4,101,1001373,Bridge,bridge 428,N102,C,True,True,4620,6.2
2,4,101,1001374,Link,,N102,,,,1173,723.825
2,4,101,1001375,Bridge,bridge 429,N102,A,True,True,4617,6.0
2,4,101,1001376,Bridge,bridge 430,N102,A,False,False,0,2.5
2,4,101,1001377,Link,,N102,,,,5784,1469.645
2,4,101,1001380,Bridge,bridge 431,N102,B,True,True,4618,4.6
2,4,101,1001381,Bridge,bridge 432,N102,A,False,False,0,1.3
2,4,101,1001382,Link,,N102,,,,0,419.476
2,4,101,1001383,Bridge,bridge 433,N102,A,False,False,0,9.6
2,4,101,1001384,Link,,N102,,,,5788,894.684
2,4,101,1001386,Bridge,bridge 434,N102,A,False,False,0,33.4
2,4,101,1001387,Link,,N102,,,,5787,380.324
2,4,101,1001389,Bridge,bridge 435,N102,A,False,False,0,113.8
2,4,101,1001390,Link,,N102,,,,492,383.24199999999996
2,4,101,1001393,Bridge,bridge 436,N102,A,True,True,4617,9.4
2,4,101,1001394,Link,,N102,,,,681,148.294
2,4,101,1001395,Bridge,bridge 437,N102,A,False,False,0,9.3
2,4,101,1001396,Link,,N102,,,,1945,344.598
2,4,101,1001397,Bridge,bridge 438,N102,B,False,False,0,6.1
2,4,101,1001398,Link,,N102,,,,0,67.642
2,4,101,1001399,Bridge,bridge 439,N102,C,False,False,0,51.25
2,4,101,1001400,Link,,N102,,,,0,50.734
2,4,101,1001401,Bridge,bridge 440,N102,A,False,False,0,12.3
2,4,101,1001402,Link,,N102,,,,3834,341.629
2,4,101,1001403,Bridge,bridge 441,N102,A,False,False,0,6.0
2,4,101,1001404,Bridge,bridge 442,N102,C,False,False,0,52.0
2,4,101,1001405,Link,,N102,,,,0,52.49
2,4,101,1001406,Bridge,bridge 443,N102,A,False,False,0,12.6
2,4,101,1001407,Link,,N102,,,,0,94.473
2,4,101,1001408,Bridge,bridge 444,N102,C,True,True,4619,24.5
2,4,101,1001409,Link,,N102,,,,2451,373.41299999999995
2,4,101,1001411,Bridge,bridge 445,N102,B,False,False,0,4.5
2,4,101,1001412,Bridge,bridge 446,N102,B,False,False,680,6.0
2,4,101,1001413,Bridge,bridge 447,N102,C,False,False,0,12.6
2,4,101,1001414,Link,,N102,,,,0,38.153
2,4,101,1001416,Bridge,bridge 448,N102,C,False,False,0,9.5
2,4,101,1001417,Link,,N102,,,,0,293.923
2,4,101,1001418,Bridge,bridge 449,N102,C,False,False,0,9.2
2,4,101,1001419,Link,,N102,,,,0,8.376
2,4,101,1001420,Bridge,bridge 450,N102,A,False,False,0,9.4
2,4,101,1001421,Link,,N102,,,,5775,607.501
2,4,101,1001423,Bridge,bridge 451,N102,C,False,False,0,3.0
2,4,101,1001424,Bridge,bridge 452,N102,A,False,False,0,9.5
2,4,101,1001425,Link,,N102,,,,2643,438.565
2,4,101,1001426,Bridge,bridge 453,N102,C,False,False,494,35.5
2,4,101,1001427,Link,,N102,,,,0,41.978
2,4,101,1001428,Bridge,bridge 454,N102,B,True,True,4607,9.3
2,4,101,1001429,Link,,N102,,,,0,50.283
2,4,101,1001431,Bridge,bridge 455,N102,A,False,False,0,6.5
2,4,101,1001432,Bridge,bridge 456,N102,A,False,False,0,12.2
2,4,101,1001433,Link,,N102,,,,679,14.985
2,4,101,1001434,Bridge,bridge 457,N102,A,False,False,0,12.2
2,4,101,1001435,Link,,N102,,,,1963,125.284
2,4,101,1001437,Bridge,bridge 458,N102,C,False,False,0,12.6
2,4,101,1001438,Link,,N102,,,,0,10.489
2,4,101,1001439,Bridge,bridge 459,N102,A,False,False,0,4.8
2,4,101,1001440,Link,,N102,,,,0,425.805
2,4,101,1001442,Bridge,bridge 460,N102,A,False,False,0,12.5
2,4,101,1001443,Link,,N102,,,,0,12.565
2,4,101,1001444,Bridge,bridge 461,N102,A,False,False,0,6.2
2,4,101,1001445,Link,,N102,,,,0,21.819
2,4,101,1001446,Bridge,bridge 462,N102,B,False,False,494,17.2
2,4,101,1001447,Link,,N102,,,,5279,272.484
2,4,101,1001449,Bridge,bridge 463,N102,B,False,False,0,52.4
2,4,101,1001450,Link,,N102,,,,3808,685.42
2,4,101,1001452,Bridge,bridge 464,N102,B,True,True,4608,12.3
2,4,101,1001453,Link,,N102,,,,5762,1704.49
2,4,101,1001455,Bridge,bridge 465,N102,A,False,False,0,12.2
2,4,101,1001456,Link,,N102,,,,0,290.834
2,4,101,1001459,Bridge,bridge 466,N102,A,False,False,0,37.0
2,4,101,1001460,Link,,N102,,,,0,37.54
2,4,101,1001461,Bridge,bridge 467,N102,B,False,False,0,18.6
2,4,101,1001462,Link,,N102,,,,3145,275.724
2,4,101,1001464,Bridge,bridge 468,N102,A,False,False,0,6.0
2,4,101,1001465,Link,,N102,,,,5082,702.905
2,4,101,1001466,Bridge,bridge 469,N102,A,False,False,0,14.5
2,4,101,1001467,Link,,N102,,,,3292,253.27800000000002
2,4,101,1001469,Bridge,bridge 470,N102,C,False,False,0,12.0
2,4,101,1001470,Link,,N102,,,,2467,475.519
2,4,101,1001471,Bridge,bridge 471,N102,B,False,False,0,12.6
2,4,101,1001472,Link,,N102,,,,3291,381.043
2,4,101,1001473,Bridge,bridge 472,N102,B,False,False,0,16.06
2,4,101,1001474,Link,,N102,,,,5757,826.211
2,4,101,1001476,Bridge,bridge 473,N102,A,False,False,0,12.2
2,4,101,1001477,Link,,N102,,,,2467,367.648
2,4,101,1001478,Bridge,bridge 474,N102,C,False,False,0,17.3
2,4,101,1001479,Link,,N102,,,,5757,1057.094
2,4,101,1001482,Bridge,bridge 475,N102,B,False,False,0,49.75
2,4,101,1001483,Link,,N102,,,,2467,458.86199999999997
2,4,101,1001485,Bridge,bridge 476,N102,B,False,False,0,36.8
2,4,101,1001486,Link,,N102,,,,5757,1697.849
2,4,101,1001489,Bridge,bridge 477,N102,B,False,False,0,8.7
2,4,101,1001490,Link,,N102,,,,2611,9.263
2,4,101,1001491,Bridge,bridge 478,N102,A,False,False,0,4.6
2,4,101,1001492,Link,,N102,,,,3146,789.269
2,4,101,1001494,Bridge,bridge 479,N102,B,False,False,2610,166.3
2,4,101,1001495,Link,,N102,,,,5755,1209.554
2,4,101,1001498,Bridge,bridge 480,N102,B,False,False,498,34.2
2,4,101,1001499,Link,,N102,,,,5257,262.714
2,4,101,1001501,Bridge,bridge 481,N102,B,False,False,0,3.0
2,4,101,1001502,Bridge,bridge 482,N102,C,False,False,0,16.38
2,4,101,1001503,Link,,N102,,,,5758,2555.9179999999997
2,4,101,1001509,Bridge,bridge 483,N102,A,False,False,0,5.5
2,4,101,1001510,Bridge,bridge 484,N102,A,False,False,0,5.6
2,4,101,1001511,Link,,N102,,,,0,68.285
2,4,101,1001512,Bridge,bridge 485,N102,C,False,False,0,21.25
2,4,101,1001513,Link,,N102,,,,5757,1028.276
2,4,101,1001516,Bridge,bridge 486,N102,C,True,True,5118,50.25
2,4,101,1001517,Link,,N102,,,,668,445.74
2,4,101,1001519,Bridge,bridge 487,N102,A,False,False,0,5.6
2,4,101,1001520,Link,,N102,,,,5089,336.013
2,4,101,1001521,Bridge,bridge 488,N102,A,False,False,0,5.6
2,4,101,1001522,Link,,N102,,,,668,351.684
2,4,101,1001523,Bridge,bridge 489,N102,B,False,False,0,12.0
2,4,101,1001524,Link,,N102,,,,5756,1877.7669999999998
2,4,101,1001528,Bridge,bridge 490,N102,B,False,False,0,3.0
2,4,101,1001529,Link,,N102,,,,5755,451.313
2,4,101,1001530,Bridge,bridge 491,N102,C,False,False,0,90.6
2,4,101,1001531,Link,,N102,,,,5755,5966.170000000001
2,4,101,1001545,Bridge,bridge 492,N102,C,True,True,5108,16.68
2,4,101,1001546,Link,,N102,,,,662,536.826
2,4,101,1001548,Bridge,bridge 493,N102,A,False,False,0,3.0
2,4,101,1001549,Bridge,bridge 494,N102,B,False,False,0,6.5
2,4,101,1001550,Link,,N102,,,,0,224.173
2,4,101,1001551,Bridge,bridge 495,N102,A,False,False,0,7.0
2,4,101,1001552,Link,,N102,,,,5751,777.982
2,4,101,1001553,Bridge,bridge 496,N102,B,False,False,0,3.0
2,4,101,1001554,Link,,N102,,,,5751,619.614
2,4,101,1001555,SourceSink,sourcesink 4,N102,,,,12093,1009.585
2,4,101,1001556,Bridge,bridge 497,N102,A,False,False,0,3.0
2,4,101,1001557,Intersection,intersection 4,N102,,,,26677,830.934
2,4,101,1001558,SourceSink,sourcesink 5,N104,,,,2631,0.0
2,4,101,1001559,Bridge,bridge 498,N104,A,False,False,0,3.65
2,4,101,1001560,Link,,N104,,,,405,557.245
2,4,101,1001562,Link,,N104,,,,1429,102.395
2,4,101,1001563,Bridge,bridge 500,N104,C,False,False,0,2.7
2,4,101,1001564,Link,,N104,,,,9837,1627.341
2,4,101,1001567,Bridge,bridge 501,N104,B,False,False,0,2.7
2,4,101,1001568,Link,,N104,,,,9837,2848.844
2,4,101,1001572,Bridge,bridge 502,N104,A,False,False,0,1.9
2,4,101,1001573,Bridge,bridge 503,N104,B,False,False,74,89.23
2,4,101,1001574,Link,,N104,,,,9696,633.268
2,4,101,1001577,Bridge,bridge 504,N104,C,False,False,0,2.8
2,4,101,1001578,Link,,N104,,,,9699,576.053
2,4,101,1001579,Bridge,bridge 505,N104,A,False,False,0,3.0
2,4,101,1001580,Link,,N104,,,,276,366.155
2,4,101,1001581,Bridge,bridge 506,N104,A,False,False,0,48.1
2,4,101,1001582,Link,,N104,,,,9838,1101.237
2,4,101,1001585,Bridge,bridge 507,N104,C,False,False,0,3.0
2,4,101,1001586,Link,,N104,,,,9841,1861.9930000000002
2,4,101,1001590,Bridge,bridge 508,N104,C,False,False,0,4.4
2,4,101,1001591,Link,,N104,,,,9841,1706.8919999999998
2,4,101,1001594,Bridge,bridge 509,N104,A,False,False,0,6.0
2,4,101,1001595,Link,,N104,,,,9847,3234.114
2,4,101,1001602,Bridge,bridge 510,N104,C,False,False,0,3.1
2,4,101,1001603,Link,,N104,,,,9569,404.318
2,4,101,1001604,Bridge,bridge 511,N104,C,False,False,76,9.25
2,4,101,1001605,Link,,N104,,,,276,550.039
2,4,101,1001608,Bridge,bridge 512,N104,B,False,False,0,2.8
2,4,101,1001609,Link,,N104,,,,9851,1167.6860000000001
2,4,101,1001612,Bridge,bridge 513,N104,A,False,False,0,2.5
2,4,101,1001613,Link,,N104,,,,9852,1709.763
2,4,101,1001615,Bridge,bridge 514,N104,C,False,False,0,2.7
2,4,101,1001616,Link,,N104,,,,9714,585.304
2,4,101,1001617,Bridge,bridge 515,N104,A,False,False,0,9.1
2,4,101,1001618,Link,,N104,,,,9850,1268.649
2,4,101,1001620,Bridge,bridge 516,N104,B,False,False,0,3.0
2,4,101,1001621,Link,,N104,,,,9575,419.033
2,4,101,1001622,Bridge,bridge 517,N104,C,False,False,0,6.0
2,4,101,1001623,Link,,N104,,,,276,375.107
2,4,101,1001624,Bridge,bridge 518,N104,B,False,False,0,3.2
2,4,101,1001625,Link,,N104,,,,9854,1656.213
2,4,101,1001627,Bridge,bridge 519,N104,A,False,False,0,20.5
2,4,101,1001628,Link,,N104,,,,9854,1209.173
2,4,101,1001634,Bridge,bridge 520,N104,B,False,False,68,38.2
2,4,101,1001635,Link,,N104,,,,9575,503.601
2,4,101,1001637,Bridge,bridge 521,N104,A,False,False,0,3.1
2,4,101,1001638,Bridge,bridge 522,N104,A,False,False,0,6.5
2,4,101,1001639,Link,,N104,,,,9856,938.934
2,4,101,1001641,Bridge,bridge 523,N104,C,False,False,0,3.2
2,4,101,1001642,Link,,N104,,,,9857,957.988
2,4,101,1001644,Bridge,bridge 524,N104,B,False,False,0,18.6
2,4,101,1001645,Link,,N104,,,,9858,1231.3249999999998
2,4,101,1001649,Bridge,bridge 525,N104,D,True,True,7947,6.2
2,4,101,1001650,Link,,N104,,,,9874,3622.993
2,4,101,1001660,Bridge,bridge 526,N104,C,False,False,0,1.0
2,4,101,1001661,Link,,N104,,,,73,72.151
2,4,101,1001662,Bridge,bridge 527,N104,A,False,False,0,6.4
2,4,101,1001663,Link,,N104,,,,9668,604.281
2,4,101,1001666,Bridge,bridge 528,N104,A,False,False,0,6.5
2,4,101,1001667,Link,,N104,,,,9876,2592.199
2,4,101,1001673,Bridge,bridge 529,N104,B,False,False,0,2.0
2,4,101,1001674,Bridge,bridge 530,N104,A,False,False,0,3.0
2,4,101,1001675,Link,,N104,,,,9878,1656.762
2,4,101,1001680,SourceSink,sourcesink 6,N104,,,,2679,118.23
2,4,101,1001682,SourceSink,sourcesink 7,N105,,,,8801,999.355
2,4,101,1001683,Bridge,bridge 531,N105,A,False,False,0,6.25
2,4,101,1001684,Link,,N105,,,,8166,934.321
2,4,101,1001685,Bridge,bridge 532,N105,A,False,False,0,6.1
2,4,101,1001686,Link,,N105,,,,8166,761.352
2,4,101,1001687,Bridge,bridge 533,N105,A,False,False,0,6.0
2,4,101,1001688,Link,,N105,,,,8167,2302.9480000000003
2,4,101,1001693,Bridge,bridge 534,N105,A,False,False,0,6.0
2,4,101,1001694,Link,,N105,,,,8170,5891.884999999999
2,4,101,1002030,Bridge,bridge 535,N105,A,False,False,13179,546.0
2,4,101,1001712,Link,,N105,,,,9476,4232.207
2,4,101,1001717,Bridge,bridge 536,N105,A,False,False,0,10.4
2,4,101,1001718,Bridge,bridge 537,N105,A,False,False,0,6.2
2,4,101,1001719,Link,,N105,,,,9475,967.871
2,4,101,1001722,Bridge,bridge 538,N105,A,False,False,0,4.6
2,4,101,1001723,Link,,N105,,,,9484,7952.779
2,4,101,1001741,Bridge,bridge 539,N105,A,False,False,26,4.5
2,4,101,1001742,Bridge,bridge 540,N105,A,False,False,0,4.5
2,4,101,1001743,Link,,N105,,,,17,156.1
2,4,101,1001745,Bridge,bridge 541,N105,A,False,False,399,4.5
2,4,101,1001746,Link,,N105,,,,9484,2525.4930000000004
2,4,101,1001752,Bridge,bridge 542,N105,A,False,False,0,4.5
2,4,101,1001753,Bridge,bridge 543,N105,A,False,False,0,1.0
2,4,101,1001754,Link,,N105,,,,7852,513.289
2,4,101,1001755,Bridge,bridge 544,N105,A,False,False,0,3.4
2,4,101,1001756,Link,,N105,,,,9486,1724.134
2,4,101,1001761,Bridge,bridge 545,N105,A,False,False,0,5.0
2,4,101,1001762,Link,,N105,,,,9444,642.369
2,4,101,1001763,Bridge,bridge 546,N105,A,False,False,26,13.0
2,4,101,1001764,Link,,N105,,,,9488,965.64
2,4,101,1001766,Bridge,bridge 547,N105,A,False,False,0,4.5
2,4,101,1001767,Link,,N105,,,,9490,1945.8090000000002
2,4,101,1001772,Bridge,bridge 548,N105,A,False,False,0,7.0
2,4,101,1001773,Link,,N105,,,,9458,599.635
2,4,101,1001774,Bridge,bridge 549,N105,A,False,False,0,3.0
2,4,101,1001775,Link,,N105,,,,9492,1055.609
2,4,101,1001778,Bridge,bridge 550,N105,A,False,False,26,3.0
2,4,101,1001779,Bridge,bridge 551,N105,A,False,False,0,3.0
2,4,101,1001780,Link,,N105,,,,9500,5919.028999999999
2,4,101,1001797,SourceSink,sourcesink 8,N105,,,,2298,544.112
2,4,101,1001799,Bridge,bridge 552,N106,C,True,True,9647,2.1
2,4,101,1001800,Bridge,bridge 553,N106,A,False,False,0,3.0
2,4,101,1001801,Bridge,bridge 554,N106,C,False,False,0,2.1
2,4,101,1001802,SourceSink,sourcesink 9,N106,,,,12008,177.932
2,4,101,1001803,Link,,N106,,,,1387,325.115
2,4,101,1001804,Bridge,bridge 555,N106,A,False,False,0,3.0
2,4,101,1001805,Link,,N106,,,,7214,532.991
2,4,101,1001806,Bridge,bridge 556,N106,A,False,False,0,12.3
2,4,101,1001807,Link,,N106,,,,0,372.884
2,4,101,1001808,Bridge,bridge 557,N106,C,False,False,0,18.78
2,4,101,1001809,Link,,N106,,,,7214,445.288
2,4,101,1001810,Bridge,bridge 558,N106,A,False,False,0,4.0
2,4,101,1001811,Bridge,bridge 559,N106,C,False,False,0,3.3
2,4,101,1001812,Link,,N106,,,,0,497.417
2,4,101,1001813,Bridge,bridge 560,N106,C,False,False,0,4.5
2,4,101,1001814,Link,,N106,,,,7216,1745.084
2,4,101,1001819,Bridge,bridge 561,N106,C,True,True,5737,8.8
2,4,101,1001820,Bridge,bridge 562,N106,C,False,False,0,6.0
2,4,101,1001821,Link,,N106,,,,1396,185.877
2,4,101,1001822,Bridge,bridge 563,N106,A,False,False,0,8.0
2,4,101,1001823,Bridge,bridge 564,N106,A,False,False,0,8.2
2,4,101,1001824,Link,,N106,,,,7230,757.654
2,4,101,1001826,Bridge,bridge 565,N106,B,False,False,0,9.4
2,4,101,1001827,Link,,N106,,,,7230,774.0169999999999
2,4,101,1001830,Bridge,bridge 566,N106,A,False,False,0,10.2
2,4,101,1001831,Link,,N106,,,,7233,2255.387
2,4,101,1001836,Bridge,bridge 567,N106,C,False,False,0,3.8
2,4,101,1001837,Link,,N106,,,,7239,2203.3630000000003
2,4,101,1001842,Bridge,bridge 568,N106,B,False,False,0,9.5
2,4,101,1001843,Link,,N106,,,,1836,594.519
2,4,101,1001844,Bridge,bridge 569,N106,C,True,True,5801,63.86
2,4,101,1001845,Link,,N106,,,,7296,937.933
2,4,101,1001848,Bridge,bridge 570,N106,C,False,False,106,34.2
2,4,101,1001849,Link,,N106,,,,7192,667.187
2,4,101,1001852,Bridge,bridge 571,N106,C,False,False,0,37.3
2,4,101,1001853,Link,,N106,,,,1505,525.373
2,4,101,1001854,Bridge,bridge 572,N106,C,True,True,5869,102.69
2,4,101,1001855,Link,,N106,,,,0,25.865
2,4,101,1001856,Bridge,bridge 573,N106,A,False,False,0,3.0
2,4,101,1001857,Link,,N106,,,,0,164.084
2,4,101,1001858,Bridge,bridge 574,N106,C,True,True,5898,25.3
2,4,101,1001859,Link,,N106,,,,7081,649.927
2,4,101,1001862,Bridge,bridge 575,N106,A,False,False,0,12.4
2,4,101,1001863,Link,,N106,,,,1831,445.087
2,4,101,1001864,Bridge,bridge 576,N106,A,False,False,0,3.0
2,4,101,1001865,Link,,N106,,,,5999,610.272
2,4,101,1001867,Bridge,bridge 577,N106,A,False,False,0,37.78
2,4,101,1001868,Link,,N106,,,,7403,689.967
2,4,101,1001869,Bridge,bridge 578,N106,C,False,False,0,24.69
2,4,101,1001870,Bridge,bridge 579,N106,B,False,False,0,24.0
2,4,101,1001871,Link,,N106,,,,1403,477.266
2,4,101,1001874,Bridge,bridge 580,N106,C,True,True,5938,24.13
2,4,101,1001875,Bridge,bridge 581,N106,C,True,True,5949,4.3
2,4,101,1001876,Link,,N106,,,,106,343.8310000000001
2,4,101,1001880,Bridge,bridge 582,N106,A,False,False,0,3.0
2,4,101,1001881,Link,,N106,,,,7457,759.3489999999999
2,4,101,1001884,Bridge,bridge 583,N106,A,False,False,0,9.4
2,4,101,1001885,Link,,N106,,,,7458,1230.147
2,4,101,1001890,Bridge,bridge 584,N106,C,True,True,5979,12.2
2,4,101,1001891,Link,,N106,,,,0,125.867
2,4,101,1001892,Bridge,bridge 585,N106,C,False,False,0,6.0
2,4,101,1001893,Link,,N106,,,,7488,2142.994
2,4,101,1001897,Bridge,bridge 586,N106,A,False,False,0,14.6
2,4,101,1001898,Link,,N106,,,,7495,923.479
2,4,101,1001901,Bridge,bridge 587,N106,A,False,False,0,18.0
2,4,101,1001902,Link,,N106,,,,0,214.316
2,4,101,1001903,Bridge,bridge 588,N106,A,False,False,0,11.7
2,4,101,1001904,Bridge,bridge 589,N106,A,False,False,0,1.2
2,4,101,1001905,Link,,N106,,,,1517,265.493
2,4,101,1001906,Bridge,bridge 590,N106,C,False,False,0,6.0
2,4,101,1001907,Bridge,bridge 591,N106,A,False,False,0,4.5
2,4,101,1001908,Link,,N106,,,,0,240.399
2,4,101,1001911,Bridge,bridge 592,N106,C,False,False,0,5.2
2,4,101,1001912,Bridge,bridge 593,N106,B,True,True,5989,5.3
2,4,101,1001913,Bridge,bridge 594,N106,D,True,True,6002,2.0
2,4,101,1001914,Link,,N106,,,,5687,221.417
2,4,101,1001916,Bridge,bridge 595,N106,A,False,False,0,3.0
2,4,101,1001917,Bridge,bridge 596,N106,A,False,False,0,3.0
2,4,101,1001918,Bridge,bridge 597,N106,A,False,False,0,1.5
2,4,101,1001919,Bridge,bridge 598,N106,A,False,False,0,3.0
2,4,101,1001920,Bridge,bridge 599,N106,A,False,False,0,6.0
2,4,101,1001921,Link,,N106,,,,1522,240.032
2,4,101,1001922,Bridge,bridge 600,N106,A,False,False,0,12.3
2,4,101,1001923,Link,,N106,,,,7521,988.536
2,4,101,1001930,Bridge,bridge 601,N106,A,False,False,0,4.5
2,4,101,1001931,Bridge,bridge 602,N106,B,False,False,0,4.4
2,4,101,1001932,Bridge,bridge 603,N106,A,False,False,0,1.8
2,4,101,1001933,Link,,N106,,,,0,42.215
2,4,101,1001934,Bridge,bridge 604,N106,A,False,False,0,3.0
2,4,101,1001935,Link,,N106,,,,7521,598.953
2,4,101,1001937,Bridge,bridge 605,N106,A,False,False,0,5.0
2,4,101,1001938,Bridge,bridge 606,N106,D,False,False,0,2.2
2,4,101,1001939,Link,,N106,,,,6105,556.457
2,4,101,1001943,Bridge,bridge 607,N106,A,False,False,0,1.9
2,4,101,1001944,Link,,N106,,,,7521,960.5050000000001
2,4,101,1001947,Bridge,bridge 608,N106,A,False,False,0,4.5
2,4,101,1001948,Link,,N106,,,,1416,250.382
2,4,101,1001949,Bridge,bridge 609,N106,D,True,True,6072,95.0
2,4,101,1001950,Link,,N106,,,,7591,1067.536
2,4,101,1001953,Bridge,bridge 610,N106,A,False,False,0,6.6
2,4,101,1001954,Bridge,bridge 611,N106,A,False,False,106,9.4
2,4,101,1001955,Link,,N106,,,,0,148.675
2,4,101,1001956,Bridge,bridge 612,N106,A,False,False,0,1.5
2,4,101,1001957,Bridge,bridge 613,N106,A,False,False,0,3.0
2,4,101,1001958,Link,,N106,,,,7591,663.81
2,4,101,1001961,Bridge,bridge 614,N106,A,False,False,0,11.2
2,4,101,1001962,Link,,N106,,,,7486,409.901
2,4,101,1001963,Bridge,bridge 615,N106,B,False,False,0,14.8
2,4,101,1001964,Link,,N106,,,,7286,716.395
2,4,101,1001965,Bridge,bridge 616,N106,A,False,False,0,3.0
2,4,101,1001966,Link,,N106,,,,7597,3169.65
2,4,101,1001975,Bridge,bridge 617,N106,A,False,False,0,1.0
2,4,101,1001976,Link,,N106,,,,413,562.827
2,4,101,1001977,Bridge,bridge 618,N106,C,False,False,0,3.0
2,4,101,1001978,Bridge,bridge 619,N106,A,False,False,0,1.5
2,4,101,1001979,Link,,N106,,,,7185,138.564
2,4,101,1001980,Bridge,bridge 620,N106,A,False,False,0,1.0
2,4,101,1001981,Bridge,bridge 621,N106,A,False,False,0,1.0
2,4,101,1001982,Link,,N106,,,,413,642.761
2,4,101,1001984,Bridge,bridge 622,N106,B,False,False,0,2.0
2,4,101,1001985,Bridge,bridge 623,N106,A,False,False,0,1.2
2,4,101,1001986,Link,,N106,,,,7600,1295.9160000000002
2,4,101,1001991,Bridge,bridge 624,N106,A,False,False,0,2.0
2,4,101,1001992,Link,,N106,,,,7612,9411.997000000003
2,4,101,1002009,SourceSink,sourcesink 10,N106,,,,413,568.335
2,4,101,1002011,SourceSink,sourcesink 11,N2,,,,10330,139.902
2,4,101,1002012,Link,,N2,,,,7719,989.34
2,4,101,1002013,Bridge,bridge 625,N2,C,False,False,979,36.7
2,4,101,1002014,Link,,N2,,,,7724,9602.278
2,4,101,1002031,Link,,N2,,,,16093,1701.5790000000002
2,4,101,1002035,Bridge,bridge 627,N2,B,False,False,0,4.9
2,4,101,1002036,Link,,N2,,,,16091,837.335
2,4,101,1002037,Bridge,bridge 628,N2,B,False,False,0,3.5
2,4,101,1002038,Link,,N2,,,,16089,876.249
2,4,101,1002039,Bridge,bridge 629,N2,A,False,False,0,3.4
2,4,101,1002040,Link,,N2,,,,12473,584.637
2,4,101,1002043,Bridge,bridge 630,N2,C,False,False,3373,72.15
2,4,101,1002044,Link,,N2,,,,242,74.539
2,4,101,1002045,Bridge,bridge 631,N2,A,False,False,0,4.5
2,4,101,1002046,Link,,N2,,,,144,250.826
2,4,101,1002047,Bridge,bridge 632,N2,B,True,True,12899,8.3
2,4,101,1002048,Link,,N2,,,,7784,563.996
2,4,101,1002050,Bridge,bridge 633,N2,A,False,False,0,8.3
2,4,101,1002051,Link,,N2,,,,8605,325.455
2,4,101,1002052,Bridge,bridge 634,N2,A,False,False,0,4.0
2,4,101,1002053,Bridge,bridge 635,N2,A,True,True,12889,8.0
2,4,101,1002054,Link,,N2,,,,765,46.622
2,4,101,1002055,Bridge,bridge 636,N2,B,False,False,0,4.0
2,4,101,1002056,Link,,N2,,,,16063,1068.625
2,4,101,1002058,Bridge,bridge 637,N2,A,False,False,0,4.0
2,4,101,1002059,Bridge,bridge 638,N2,A,False,False,0,4.0
2,4,101,1002060,Link,,N2,,,,86,36.851
2,4,101,1002061,Bridge,bridge 639,N2,A,False,False,0,4.0
2,4,101,1002062,Bridge,bridge 640,N2,A,False,False,0,2.0
2,4,101,1002063,Link,,N2,,,,16065,2848.4570000000003
2,4,101,1002068,Bridge,bridge 641,N2,A,False,False,0,2.5
2,4,101,1002069,Bridge,bridge 642,N2,A,False,False,0,2.5
2,4,101,1002070,Link,,N2,,,,16060,1575.5320000000002
2,4,101,1002075,Bridge,bridge 643,N2,B,False,False,765,30.3
2,4,101,1002076,Link,,N2,,,,16057,1237.3110000000001
2,4,101,1002079,Bridge,bridge 644,N2,A,False,False,0,3.6
2,4,101,1002080,Link,,N2,,,,16056,1763.8339999999998
2,4,101,1002085,Bridge,bridge 645,N2,A,False,False,0,12.7
2,4,101,1002086,Link,,N2,,,,319,112.317
2,4,101,1002087,Bridge,bridge 646,N2,A,False,False,0,3.0
2,4,101,1002088,Link,,N2,,,,10875,492.193
2,4,101,1002089,Bridge,bridge 647,N2,A,False,False,0,27.4
2,4,101,1002090,Link,,N2,,,,16053,852.567
2,4,101,1002092,Bridge,bridge 648,N2,C,False,False,0,69.5
2,4,101,1002093,Link,,N2,,,,4717,64.933
2,4,101,1002094,Bridge,bridge 649,N2,A,False,False,0,3.0
2,4,101,1002095,Link,,N2,,,,9937,307.618
2,4,101,1002096,Bridge,bridge 650,N2,A,False,False,342,12.6
2,4,101,1002097,Link,,N2,,,,16052,996.406
2,4,101,1002099,Bridge,bridge 651,N2,A,False,False,0,3.4
2,4,101,1002100,Bridge,bridge 652,N2,A,False,False,162,3.0
2,4,101,1002101,Link,,N2,,,,4863,221.156
2,4,101,1002102,Bridge,bridge 653,N2,B,False,False,0,3.5
2,4,101,1002103,Bridge,bridge 654,N2,A,False,False,0,3.0
2,4,101,1002104,Link,,N2,,,,10940,517.48
2,4,101,1002105,Bridge,bridge 655,N2,A,False,False,0,1.8
2,4,101,1002106,Bridge,bridge 656,N2,B,False,False,0,14.1
2,4,101,1002107,Link,,N2,,,,14388,596.554
2,4,101,1002109,Bridge,bridge 657,N2,A,False,False,657,2.0
2,4,101,1002110,Link,,N2,,,,16052,842.05
2,4,101,1002113,Bridge,bridge 658,N2,A,False,False,0,2.5
2,4,101,1002114,Link,,N2,,,,911,300.057
2,4,101,1002115,Bridge,bridge 659,N2,A,False,False,0,4.0
2,4,101,1002116,Link,,N2,,,,16056,1091.473
2,4,101,1002119,Bridge,bridge 660,N2,B,False,False,765,105.15
2,4,101,1002120,Link,,N2,,,,1089,106.043
2,4,101,1002121,Bridge,bridge 661,N2,A,False,False,0,10.3
2,4,101,1002122,Link,,N2,,,,0,38.6
2,4,101,1002123,Bridge,bridge 662,N2,A,False,False,0,3.9
2,4,101,1002124,Link,,N2,,,,16053,860.674
2,4,101,1002126,Bridge,bridge 663,N2,A,False,False,0,9.6
2,4,101,1002127,Bridge,bridge 664,N2,A,False,False,0,9.5
2,4,101,1002128,Link,,N2,,,,248,103.474
2,4,101,1002129,Bridge,bridge 665,N2,A,False,False,0,9.55
2,4,101,1002130,Link,,N2,,,,0,52.4
2,4,101,1002131,Bridge,bridge 666,N2,A,False,False,0,3.0
2,4,101,1002132,Link,,N2,,,,16053,731.705
2,4,101,1002133,Bridge,bridge 667,N2,A,False,False,0,5.4
2,4,101,1002134,Link,,N2,,,,145,142.604
2,4,101,1002135,Bridge,bridge 668,N2,A,False,False,0,11.0
2,4,101,1002136,Link,,N2,,,,14993,401.493
2,4,101,1002137,Bridge,bridge 669,N2,A,False,False,0,7.3
2,4,101,1002138,Link,,N2,,,,911,293.873
2,4,101,1002139,Bridge,bridge 670,N2,A,False,False,0,7.25
2,4,101,1002140,Bridge,bridge 671,N2,A,False,False,145,3.5
2,4,101,1002141,Link,,N2,,,,13831,313.296
2,4,101,1002143,Bridge,bridge 672,N2,A,False,False,73,4.0
2,4,101,1002144,Link,,N2,,,,1752,270.021
2,4,101,1002145,Bridge,bridge 673,N2,A,False,False,0,4.0
2,4,101,1002146,Bridge,bridge 674,N2,B,False,False,0,17.75
2,4,101,1002147,Link,,N2,,,,5444,469.11
2,4,101,1002149,Bridge,bridge 675,N2,A,False,False,8089,3.5
2,4,101,1002150,Bridge,bridge 676,N2,A,False,False,0,3.5
2,4,101,1002151,Bridge,bridge 677,N2,B,False,False,0,3.5
2,4,101,1002152,Link,,N2,,,,1854,281.932
2,4,101,1002153,Bridge,bridge 678,N2,C,False,False,911,141.61
2,4,101,1002154,Link,,N2,,,,145,150.41
2,4,101,1002155,Bridge,bridge 679,N2,B,False,False,4733,40.6
2,4,101,1002156,Link,,N2,,,,319,131.251
2,4,101,1002158,Bridge,bridge 680,N2,A,False,False,0,4.0
2,4,101,1002159,Link,,N2,,,,16048,806.271
2,4,101,1002161,Bridge,bridge 681,N2,A,False,False,8084,37.9
2,4,101,1002162,Link,,N2,,,,765,39.489
2,4,101,1002163,Bridge,bridge 682,N2,A,False,False,0,7.3
2,4,101,1002164,Link,,N2,,,,2000,414.736
2,4,101,1002165,Bridge,bridge 683,N2,A,False,False,0,7.3
2,4,101,1002166,Link,,N2,,,,15797,674.724
2,4,101,1002167,Bridge,bridge 684,N2,A,False,False,0,11.8
2,4,101,1002168,Link,,N2,,,,5446,371.26500000000004
2,4,101,1002170,Bridge,bridge 685,N2,B,False,False,0,11.5
2,4,101,1002171,Link,,N2,,,,16045,903.098
2,4,101,1002173,Bridge,bridge 686,N2,A,False,False,0,4.0
2,4,101,1002174,Bridge,bridge 687,N2,A,False,False,1089,202.0
2,4,101,1002175,Link,,N2,,,,16042,1378.6390000000001
2,4,101,1002179,Bridge,bridge 688,N2,A,False,False,0,3.6
2,4,101,1002180,Link,,N2,,,,1162,212.096
2,4,101,1002181,Bridge,bridge 689,N2,A,False,False,0,15.85
2,4,101,1002182,Link,,N2,,,,0,14.103
2,4,101,1002183,Bridge,bridge 690,N2,A,False,False,0,4.0
2,4,101,1002184,Link,,N2,,,,6111,460.44399999999996
2,4,101,1002186,Bridge,bridge 691,N2,B,False,False,0,7.3
2,4,101,1002187,Link,,N2,,,,9927,291.493
2,4,101,1002188,Bridge,bridge 692,N2,C,False,False,5792,428.91
2,4,101,1002189,Link,,N2,,,,11300,746.184
2,4,101,1002191,Bridge,bridge 693,N2,A,True,True,12875,4.0
2,4,101,1002192,Bridge,bridge 694,N2,C,False,False,0,6.0
2,4,101,1002193,Bridge,bridge 695,N2,A,False,False,0,6.0
2,4,101,1002194,Link,,N2,,,,16044,1387.257
2,4,101,1002199,Bridge,bridge 696,N2,A,False,False,0,14.0
2,4,101,1002200,Link,,N2,,,,16042,1542.121
2,4,101,1002204,Bridge,bridge 697,N2,A,False,False,86,6.1
2,4,101,1002205,Bridge,bridge 698,N2,C,False,False,0,3.1
2,4,101,1002206,Link,,N2,,,,14234,574.585
2,4,101,1002210,Bridge,bridge 699,N2,C,False,False,91,3.15
2,4,101,1002211,Bridge,bridge 700,N2,D,False,False,983,79.75
2,4,101,1002212,Link,,N2,,,,896,275.50699999999995
2,4,101,1002214,Bridge,bridge 701,N2,A,True,True,12875,3.15
2,4,101,1002215,Bridge,bridge 702,N2,A,False,False,146,6.1
2,4,101,1002216,Link,,N2,,,,5830,333.595
2,4,101,1002217,Bridge,bridge 703,N2,A,False,False,0,12.5
2,4,101,1002218,Link,,N2,,,,1074,184.302
2,4,101,1002219,Bridge,bridge 704,N2,A,False,False,0,12.3
2,4,101,1002220,Link,,N2,,,,9125,419.64300000000003
2,4,101,1002222,Bridge,bridge 705,N2,A,False,False,0,3.1
2,4,101,1002223,Link,,N2,,,,16029,1065.8580000000002
2,4,101,1002226,Bridge,bridge 706,N2,A,False,False,730,9.5
2,4,101,1002227,Bridge,bridge 707,N2,A,False,False,0,6.1
2,4,101,1002228,Link,,N2,,,,344,99.493
2,4,101,1002229,Bridge,bridge 708,N2,B,False,False,0,4.5
2,4,101,1002230,Link,,N2,,,,16030,1414.289
2,4,101,1002233,Bridge,bridge 709,N2,A,False,False,0,3.6
2,4,101,1002234,Link,,N2,,,,16030,1434.1729999999998
2,4,101,1002238,Bridge,bridge 710,N2,C,True,True,12897,22.96
2,4,101,1002240,Bridge,bridge 711,N2,A,False,False,0,3.0
2,4,101,1002241,Link,,N2,,,,2789,454.905
2,4,101,1002244,Bridge,bridge 712,N2,C,True,True,19202,22.95
2,4,101,1002245,Link,,N2,,,,427,71.591
2,4,101,1002246,Bridge,bridge 713,N2,A,False,False,593,23.0
2,4,101,1002247,Link,,N2,,,,0,113.50299999999999
2,4,101,1002249,Bridge,bridge 714,N2,C,False,False,0,43.88
2,4,101,1002250,Link,,N2,,,,2406,361.83500000000004
2,4,101,1002252,Bridge,bridge 715,N2,B,True,True,19167,4.1
2,4,101,1002253,Bridge,bridge 716,N2,C,False,False,575,42.65
2,4,101,1002254,Link,,N2,,,,23223,777.997
2,4,101,1002255,Bridge,bridge 717,N2,A,False,False,575,12.0
2,4,101,1002256,Bridge,bridge 718,N2,A,False,False,0,10.45
2,4,101,1002257,Link,,N2,,,,1671,228.608
2,4,101,1002259,Bridge,bridge 719,N2,C,False,False,10596,202.55
2,4,101,1002260,Link,,N2,,,,13202,711.127
2,4,101,1002261,Bridge,bridge 720,N2,C,True,True,19181,4.0
2,4,101,1002262,Link,,N2,,,,14436,739.54
2,4,101,1002266,Bridge,bridge 721,N2,A,False,False,0,10.4
2,4,101,1002267,Link,,N2,,,,10804,208.765
2,4,101,1002268,Bridge,bridge 722,N2,A,False,False,200,10.4
2,4,101,1002269,Link,,N2,,,,794,194.765
2,4,101,1002270,Bridge,bridge 723,N2,B,False,False,9768,35.01
2,4,101,1002271,Link,,N2,,,,13495,689.623
2,4,101,1002274,Bridge,bridge 724,N2,C,False,False,553,27.03
2,4,101,1002275,Bridge,bridge 725,N2,A,False,False,0,4.0
2,4,101,1002276,Link,,N2,,,,23818,1598.779
2,4,101,1002280,Bridge,bridge 726,N2,A,False,False,0,65.3
2,4,101,1002281,Link,,N2,,,,12023,296.149
2,4,101,1002282,Bridge,bridge 727,N2,A,False,False,0,4.0
2,4,101,1002283,Link,,N2,,,,11792,455.779
2,4,101,1002285,Bridge,bridge 728,N2,A,False,False,0,9.3
2,4,101,1002286,Link,,N2,,,,21398,502.457
2,4,101,1002288,Bridge,bridge 729,N2,B,False,False,851,3.5
2,4,101,1002289,Link,,N2,,,,773,170.932
2,4,101,1002290,Bridge,bridge 730,N2,A,False,False,0,9.0
2,4,101,1002291,Link,,N2,,,,23043,673.77
2,4,101,1002293,Bridge,bridge 731,N2,A,False,False,0,3.5
2,4,101,1002294,Link,,N2,,,,11346,295.736
2,4,101,1002295,Bridge,bridge 732,N2,A,False,False,0,4.0
2,4,101,1002296,Link,,N2,,,,572,54.252
2,4,101,1002297,Bridge,bridge 733,N2,C,False,False,657,68.09
2,4,101,1002298,Link,,N2,,,,12014,534.082
2,4,101,1002300,Bridge,bridge 734,N2,A,False,False,0,3.0
2,4,101,1002301,Link,,N2,,,,11803,316.345
2,4,101,1002303,Bridge,bridge 735,N2,C,False,False,0,19.4
2,4,101,1002304,Link,,N2,,,,12806,553.349
2,4,101,1002305,Bridge,bridge 736,N2,C,True,True,19212,36.7
2,4,101,1002306,Link,,N2,,,,12919,510.447
2,4,101,1002308,Bridge,bridge 737,N2,A,False,False,0,4.0
2,4,101,1002309,Link,,N2,,,,13978,747.03
2,4,101,1002311,Bridge,bridge 738,N2,B,False,False,9824,30.0
2,4,101,1002312,Link,,N2,,,,12107,516.068
2,4,101,1002313,Bridge,bridge 739,N2,B,False,False,0,25.0
2,4,101,1002314,Link,,N2,,,,22573,572.9789999999999
2,4,101,1002316,Bridge,bridge 740,N2,A,False,False,568,40.7
2,4,101,1002317,Link,,N2,,,,12356,482.038
2,4,101,1002319,Bridge,bridge 741,N2,A,False,False,0,22.8
2,4,101,1002320,Link,,N2,,,,13974,733.919
2,4,101,1002322,Bridge,bridge 742,N2,B,True,True,19169,2.0
2,4,101,1002323,Link,,N2,,,,13653,682.235
2,4,101,1002325,Bridge,bridge 743,N2,A,False,False,0,2.0
2,4,101,1002326,Bridge,bridge 744,N2,A,False,False,0,10.6
2,4,101,1002327,Intersection,intersection 9,N2,,,,0,40.738
2,4,101,1002328,Bridge,bridge 745,N2,C,False,False,0,2.0
2,4,101,1002329,Link,,N2,,,,10991,369.62300000000005
2,4,101,1002331,Bridge,bridge 746,N2,A,False,False,0,4.25
2,4,101,1002332,Bridge,bridge 747,N2,A,False,False,0,10.6
2,4,101,1002333,Link,,N2,,,,977,200.841
2,4,101,1002334,Bridge,bridge 748,N2,A,False,False,0,2.0
2,4,101,1002335,Link,,N2,,,,477,52.582
2,4,101,1002336,Bridge,bridge 749,N2,A,True,True,18655,8.2
2,4,101,1002337,Bridge,bridge 750,N2,B,False,False,0,6.4
2,4,101,1002338,Bridge,bridge 751,N2,A,False,False,0,3.1
2,4,101,1002339,Link,,N2,,,,937,265.67199999999997
2,4,101,1002341,Bridge,bridge 752,N2,A,False,False,0,4.2
2,4,101,1002342,Bridge,bridge 753,N2,A,False,False,488,1.6
2,4,101,1002343,Link,,N2,,,,21186,579.409
2,4,101,1002345,Bridge,bridge 754,N2,A,False,False,0,17.12
2,4,101,1002346,Link,,N2,,,,2528,403.716
2,4,101,1002347,Bridge,bridge 755,N2,A,True,True,18167,6.22
2,4,101,1002348,Bridge,bridge 756,N2,A,False,False,0,3.5
2,4,101,1002349,Link,,N2,,,,10644,406.534
2,4,101,1002350,Bridge,bridge 757,N2,A,False,False,0,7.8
2,4,101,1002351,Link,,N2,,,,11974,418.14
2,4,101,1002352,Bridge,bridge 758,N2,A,False,False,0,2.0
2,4,101,1002353,Link,,N2,,,,10645,316.295
2,4,101,1002354,Bridge,bridge 759,N2,A,False,False,0,29.5
2,4,101,1002355,Link,,N2,,,,951,140.977
2,4,101,1002356,Bridge,bridge 760,N2,A,False,False,0,3.3
2,4,101,1002357,Link,,N2,,,,20692,453.899
2,4,101,1002359,Bridge,bridge 761,N2,A,False,False,0,6.3
2,4,101,1002360,Bridge,bridge 762,N2,A,False,False,0,4.3
2,4,101,1002361,Bridge,bridge 763,N2,A,False,False,0,6.6
2,4,101,1002362,Bridge,bridge 764,N2,A,False,False,0,5.3
2,4,101,1002363,Link,,N2,,,,0,18.749
2,4,101,1002364,Bridge,bridge 765,N2,A,False,False,0,8.1
2,4,101,1002365,Bridge,bridge 766,N2,A,False,False,0,2.0
2,4,101,1002366,Bridge,bridge 767,N2,A,False,False,0,6.6
2,4,101,1002367,Bridge,bridge 768,N2,A,False,False,0,4.3
2,4,101,1002368,Link,,N2,,,,0,12.671
2,4,101,1002369,Bridge,bridge 769,N2,A,False,False,0,2.0
2,4,101,1002370,Bridge,bridge 770,N2,A,False,False,0,1.5
2,4,101,1002371,Bridge,bridge 771,N2,A,False,False,0,1.5
2,4,101,1002372,Link,,N2,,,,2633,358.019
2,4,101,1002373,Bridge,bridge 772,N2,A,False,False,0,1.5
2,4,101,1002374,Bridge,bridge 773,N2,A,False,False,0,6.6
2,4,101,1002375,Link,,N2,,,,20964,596.505
2,4,101,1002376,Bridge,bridge 774,N2,A,False,False,0,1.5
2,4,101,1002377,Bridge,bridge 775,N2,A,False,False,0,3.3
2,4,101,1002378,Bridge,bridge 776,N2,A,False,False,0,3.3
2,4,101,1002379,Link,,N2,,,,3552,325.119
2,4,101,1002380,Bridge,bridge 777,N2,A,False,False,0,1.5
2,4,101,1002381,Bridge,bridge 778,N2,A,False,False,0,4.3
2,4,101,1002382,Bridge,bridge 779,N2,A,False,False,0,3.0
2,4,101,1002383,Bridge,bridge 780,N2,B,False,False,0,4.2
2,4,101,1002384,Link,,N2,,,,17601,157.096
2,4,101,1002385,Bridge,bridge 781,N2,B,False,False,0,2.6
2,4,101,1002386,Bridge,bridge 782,N2,A,False,False,0,2.0
2,4,101,1002387,Link,,N2,,,,2907,479.362
2,4,101,1002388,Bridge,bridge 783,N2,A,False,False,218,4.3
2,4,101,1002389,Bridge,bridge 784,N2,A,False,False,0,1.7
2,4,101,1002390,Bridge,bridge 785,N2,A,False,False,0,2.0
2,4,101,1002391,Link,,N2,,,,1896,157.573
2,4,101,1002392,Bridge,bridge 786,N2,A,False,False,8417,83.3
2,4,101,1002393,Link,,N2,,,,22625,957.405
2,4,101,1002394,Bridge,bridge 787,N2,A,False,False,0,2.6
2,4,101,1002395,Bridge,bridge 788,N2,A,False,False,0,2.6
2,4,101,1002396,Bridge,bridge 789,N2,A,False,False,0,2.5
2,4,101,1002397,Link,,N2,,,,2633,488.108
2,4,101,1002400,Bridge,bridge 790,N2,A,False,False,0,2.6
2,4,101,1002401,Link,,N2,,,,22626,1331.09
2,4,101,1002405,Bridge,bridge 791,N2,A,False,False,0,12.5
2,4,101,1002406,Link,,N2,,,,21158,486.617
2,4,101,1002407,Bridge,bridge 792,N2,A,False,False,0,2.6
2,4,101,1002408,Link,,N2,,,,3125,502.857
2,4,101,1002409,Bridge,bridge 793,N2,A,False,False,0,2.6
2,4,101,1002410,Bridge,bridge 794,N2,A,False,False,0,2.1
2,4,101,1002411,Link,,N2,,,,20968,495.036
2,4,101,1002413,Bridge,bridge 795,N2,A,False,False,0,2.1
2,4,101,1002414,Link,,N2,,,,11964,507.796
2,4,101,1002416,Bridge,bridge 796,N2,A,False,False,0,1.6
2,4,101,1002417,Link,,N2,,,,10662,400.264
2,4,101,1002419,Intersection,intersection 10,N2,,,,1754,239.533
2,4,101,1002420,Link,,N2,,,,20991,2703.691
2,4,101,1002428,Bridge,bridge 797,N2,C,False,False,0,12.6
2,4,101,1002429,Link,,N2,,,,10577,643.403
2,4,101,1002431,Bridge,bridge 798,N2,A,True,True,16882,2.0
2,4,101,1002432,Intersection,intersection 11,N2,,,,14458,634.696
2,4,101,1002434,Bridge,bridge 799,N2,A,False,False,0,1.5
2,4,101,1002435,Bridge,bridge 800,N2,A,False,False,0,17.2
2,4,101,1002436,Link,,N2,,,,5826,418.133
2,4,101,1002438,Bridge,bridge 801,N2,A,False,False,0,2.0
2,4,101,1002439,Bridge,bridge 802,N2,A,False,False,0,1.5
2,4,101,1002440,Link,,N2,,,,10162,292.532
2,4,101,1002441,Bridge,bridge 803,N2,A,False,False,0,6.3
2,4,101,1002442,Link,,N2,,,,5826,544.802
2,4,101,1002443,Bridge,bridge 804,N2,A,False,False,0,41.0
2,4,101,1002444,Link,,N2,,,,15988,739.9720000000001
2,4,101,1002447,Bridge,bridge 805,N2,A,False,False,0,8.0
2,4,101,1002448,Link,,N2,,,,15157,664.476
2,4,101,1002449,Bridge,bridge 806,N2,A,False,False,0,1.3
2,4,101,1002450,Bridge,bridge 807,N2,A,False,False,0,1.3
2,4,101,1002451,Bridge,bridge 808,N2,A,False,False,0,4.2
2,4,101,1002452,Bridge,bridge 809,N2,A,False,False,0,10.6
2,4,101,1002453,Link,,N2,,,,884,182.843
2,4,101,1002454,Bridge,bridge 810,N2,A,False,False,0,3.0
2,4,101,1002455,Bridge,bridge 811,N2,A,False,False,0,2.5
2,4,101,1002456,Link,,N2,,,,15106,545.8820000000001
2,4,101,1002458,Bridge,bridge 812,N2,B,False,False,0,58.5
2,4,101,1002459,Link,,N2,,,,832,64.635
2,4,101,1002460,Bridge,bridge 813,N2,A,False,False,0,3.0
2,4,101,1002461,Link,,N2,,,,10166,369.361
2,4,101,1002462,Bridge,bridge 814,N2,A,False,False,0,3.0
2,4,101,1002463,Link,,N2,,,,5825,463.353
2,4,101,1002464,Bridge,bridge 815,N2,A,False,False,0,19.0
2,4,101,1002465,Link,,N2,,,,15992,834.386
2,4,101,1002468,Bridge,bridge 816,N2,A,False,False,0,3.0
2,4,101,1002469,Bridge,bridge 817,N2,B,False,False,0,13.7
2,4,101,1002470,Link,,N2,,,,9030,154.538
2,4,101,1002472,Bridge,bridge 818,N2,A,False,False,0,2.6
2,4,101,1002473,Link,,N2,,,,1139,73.038
2,4,101,1002474,Bridge,bridge 819,N2,A,False,False,0,7.9
2,4,101,1002475,Bridge,bridge 820,N2,A,False,False,0,5.2
2,4,101,1002476,Bridge,bridge 821,N2,A,False,False,0,5.4
2,4,101,1002477,Link,,N2,,,,309,149.622
2,4,101,1002478,Bridge,bridge 822,N2,A,False,False,0,2.0
2,4,101,1002479,Bridge,bridge 823,N2,A,False,False,0,19.5
2,4,101,1002480,Link,,N2,,,,5514,290.755
2,4,101,1002481,Bridge,bridge 824,N2,C,False,False,0,1.5
2,4,101,1002482,Link,,N2,,,,52,105.061
2,4,101,1002483,Bridge,bridge 825,N2,A,False,False,0,2.6
2,4,101,1002484,Bridge,bridge 826,N2,A,True,True,12862,5.0
2,4,101,1002485,Link,,N2,,,,10988,681.335
2,4,101,1002486,Bridge,bridge 827,N2,A,False,False,0,10.6
2,4,101,1002487,Link,,N2,,,,14632,314.907
2,4,101,1002488,Bridge,bridge 828,N2,A,False,False,0,4.0
2,4,101,1002489,Bridge,bridge 829,N2,A,False,False,0,2.0
2,4,101,1002490,Bridge,bridge 830,N2,A,False,False,0,3.8
2,4,101,1002491,Link,,N2,,,,0,53.179
2,4,101,1002492,Bridge,bridge 831,N2,A,False,False,0,1.5
2,4,101,1002493,Bridge,bridge 832,N2,A,False,False,0,1.5
2,4,101,1002494,Bridge,bridge 833,N2,A,False,False,0,1.5
2,4,101,1002495,Bridge,bridge 834,N2,A,False,False,0,5.3
2,4,101,1002496,Link,,N2,,,,6381,539.038
2,4,101,1002498,Bridge,bridge 835,N2,A,False,False,0,6.2
2,4,101,1002499,Bridge,bridge 836,N2,A,False,False,0,14.8
2,4,101,1002500,Link,,N2,,,,1113,40.913
2,4,101,1002501,Bridge,bridge 837,N2,A,True,True,12869,3.0
2,4,101,1002502,Link,,N2,,,,9059,378.18
2,4,101,1002504,Bridge,bridge 838,N2,B,False,False,0,19.5
2,4,101,1002505,Link,,N2,,,,0,25.338
2,4,101,1002506,Bridge,bridge 839,N2,A,False,False,0,2.0
2,4,101,1002507,Bridge,bridge 840,N2,A,False,False,0,4.3
2,4,101,1002508,Link,,N2,,,,15236,436.1
2,4,101,1002509,Bridge,bridge 841,N2,A,False,False,0,4.5
2,4,101,1002510,Bridge,bridge 842,N2,C,False,False,0,4.5
2,4,101,1002511,Bridge,bridge 843,N2,A,False,False,0,2.06
2,4,101,1002512,Bridge,bridge 844,N2,A,False,False,0,6.12
2,4,101,1002513,Bridge,bridge 845,N2,A,False,False,243,3.5
2,4,101,1002514,Link,,N2,,,,307,140.014
2,4,101,1002515,Bridge,bridge 846,N2,A,False,False,0,7.4
2,4,101,1002516,Bridge,bridge 847,N2,A,False,False,0,3.5
2,4,101,1002517,Bridge,bridge 848,N2,B,False,False,0,51.5
2,4,101,1002518,Link,,N2,,,,15707,711.4839999999999
2,4,101,1002521,Bridge,bridge 849,N2,B,False,False,307,21.5
2,4,101,1002522,Link,,N2,,,,0,19.358
2,4,101,1002523,Bridge,bridge 850,N2,A,False,False,0,6.2
2,4,101,1002524,Link,,N2,,,,1061,352.205
2,4,101,1002525,Bridge,bridge 851,N2,A,False,False,0,5.1
2,4,101,1002526,Bridge,bridge 852,N2,A,False,False,0,2.0
2,4,101,1002527,Bridge,bridge 853,N2,A,False,False,0,1.5
2,4,101,1002528,Bridge,bridge 854,N2,A,False,False,0,2.6
2,4,101,1002529,Bridge,bridge 855,N2,A,False,False,0,2.0
2,4,101,1002530,Link,,N2,,,,0,88.117
2,4,101,1002531,Bridge,bridge 856,N2,A,False,False,0,1.0
2,4,101,1002532,Bridge,bridge 857,N2,A,False,False,0,1.5
2,4,101,1002533,Bridge,bridge 858,N2,B,False,False,52,24.0
2,4,101,1002534,Link,,N2,,,,0,29.049
2,4,101,1002535,Bridge,bridge 859,N2,A,False,False,0,6.5
2,4,101,1002536,Bridge,bridge 860,N2,A,False,False,0,2.0
2,4,101,1002537,Bridge,bridge 861,N2,A,False,False,1118,2.0
2,4,101,1002538,Bridge,bridge 862,N2,A,False,False,0,2.0
2,4,101,1002539,Bridge,bridge 863,N2,A,False,False,0,2.0
2,4,101,1002540,Link,,N2,,,,12857,78.028
2,4,101,1002541,Bridge,bridge 864,N2,A,False,False,0,2.5
2,4,101,1002542,Bridge,bridge 865,N2,A,False,False,0,6.3
2,4,101,1002543,Bridge,bridge 866,N2,A,False,False,130,2.6
2,4,101,1002544,Bridge,bridge 867,N2,A,False,False,0,2.6
2,4,101,1002545,Bridge,bridge 868,N2,A,False,False,247,2.6
2,4,101,1002546,Bridge,bridge 869,N2,A,False,False,0,2.0
2,4,101,1002547,Link,,N2,,,,779,444.16499999999996
2,4,101,1002549,Bridge,bridge 870,N2,A,False,False,0,7.6
2,4,101,1002550,Bridge,bridge 871,N2,A,False,False,0,2.0
2,4,101,1002551,Bridge,bridge 872,N2,A,False,False,0,2.0
2,4,101,1002552,Bridge,bridge 873,N2,A,False,False,0,6.3
2,4,101,1002553,Bridge,bridge 874,N2,B,False,False,0,7.5
2,4,101,1002554,Link,,N2,,,,832,136.019
2,4,101,1002555,Bridge,bridge 875,N2,A,False,False,0,9.6
2,4,101,1002556,Bridge,bridge 876,N2,A,False,False,0,3.0
2,4,101,1002557,Link,,N2,,,,14405,182.292
2,4,101,1002558,Bridge,bridge 877,N2,A,False,False,0,4.0
2,4,101,1002559,Bridge,bridge 878,N2,A,False,False,0,1.0
2,4,101,1002560,Bridge,bridge 879,N2,A,False,False,0,1.0
2,4,101,1002561,Link,,N2,,,,7725,725.751
2,4,101,1002564,Bridge,bridge 880,N2,A,False,False,0,2.5
2,4,101,1002565,Bridge,bridge 881,N2,A,False,False,0,4.3
2,4,101,1002566,Bridge,bridge 882,N2,A,False,False,0,1.8
2,4,101,1002567,Bridge,bridge 883,N2,A,True,True,12882,3.2
2,4,101,1002568,Link,,N2,,,,0,45.938
2,4,101,1002569,Bridge,bridge 884,N2,A,False,False,0,2.0
2,4,101,1002570,Bridge,bridge 885,N2,A,False,False,130,1.5
2,4,101,1002571,Bridge,bridge 886,N2,A,False,False,0,1.5
2,4,101,1002572,Bridge,bridge 887,N2,A,False,False,247,1.5
2,4,101,1002573,Bridge,bridge 888,N2,A,False,False,0,6.4
2,4,101,1002574,Link,,N2,,,,549,206.677
2,4,101,1002576,Bridge,bridge 889,N2,A,False,False,0,7.0
2,4,101,1002577,Bridge,bridge 890,N2,C,False,False,0,44.3
2,4,101,1002578,Link,,N2,,,,8995,321.725
2,4,101,1002580,Bridge,bridge 891,N2,A,False,False,0,1.5
2,4,101,1002581,Bridge,bridge 892,N2,A,False,False,0,1.5
2,4,101,1002582,Link,,N2,,,,8088,774.3059999999999
2,4,101,1002587,Bridge,bridge 893,N2,A,True,True,12891,2.0
2,4,101,1002588,Bridge,bridge 894,N2,A,False,False,0,22.0
2,4,101,1002589,Link,,N2,,,,10049,447.80199999999996
2,4,101,1002591,Bridge,bridge 895,N2,B,False,False,0,14.0
2,4,101,1002592,Link,,N2,,,,0,14.671
2,4,101,1002593,Bridge,bridge 896,N2,A,False,False,0,2.0
2,4,101,1002594,Link,,N2,,,,5980,328.095
2,4,101,1002595,Bridge,bridge 897,N2,A,False,False,0,35.5
2,4,101,1002596,Link,,N2,,,,51,70.67
2,4,101,1002597,Bridge,bridge 898,N2,A,True,True,14014,3.0
2,4,101,1002598,Bridge,bridge 899,N2,A,False,False,0,34.9
2,4,101,1002599,Link,,N2,,,,923,232.391
2,4,101,1002601,Bridge,bridge 900,N2,A,False,False,0,2.0
2,4,101,1002602,Bridge,bridge 901,N2,A,True,True,12892,6.03
2,4,101,1002603,Link,,N2,,,,229,154.847
2,4,101,1002604,Bridge,bridge 902,N2,A,False,False,0,2.0
2,4,101,1002605,Link,,N2,,,,8817,301.416
2,4,101,1002606,Bridge,bridge 903,N2,A,False,False,0,1.5
2,4,101,1002607,Link,,N2,,,,6988,398.507
2,4,101,1002608,Bridge,bridge 904,N2,A,False,False,0,1.5
2,4,101,1002609,Link,,N2,,,,8214,233.235
2,4,101,1002610,Bridge,bridge 905,N2,A,False,False,832,73.0
2,4,101,1002611,Link,,N2,,,,0,52.78
2,4,101,1002612,Bridge,bridge 906,N2,A,False,False,0,3.0
2,4,101,1002613,Link,,N2,,,,1176,138.44
2,4,101,1002615,Bridge,bridge 907,N2,A,False,False,0,3.0
2,4,101,1002616,Link,,N2,,,,14860,606.608
2,4,101,1002617,Bridge,bridge 908,N2,A,False,False,0,2.0
2,4,101,1002618,Bridge,bridge 909,N2,A,False,False,0,7.2
2,4,101,1002619,Bridge,bridge 910,N2,A,False,False,0,4.0
2,4,101,1002620,Bridge,bridge 911,N2,B,False,False,0,60.4
2,4,101,1002621,Link,,N2,,,,16037,1311.367
2,4,101,1002625,Bridge,bridge 912,N2,A,True,True,12927,15.0
2,4,101,1002626,Link,,N2,,,,0,94.507
2,4,101,1002627,Bridge,bridge 913,N2,A,False,False,0,9.3
2,4,101,1002628,Link,,N2,,,,4802,353.881
2,4,101,1002629,Bridge,bridge 914,N2,B,False,False,5863,30.0
2,4,101,1002630,Link,,N2,,,,5401,435.484
2,4,101,1002632,Bridge,bridge 915,N2,A,False,False,0,16.75
2,4,101,1002633,Link,,N2,,,,10667,390.369
2,4,101,1002636,Bridge,bridge 916,N2,A,False,False,0,4.0
2,4,101,1002637,Intersection,intersection 12,N2,,,,5401,298.701
2,4,101,1002638,Bridge,bridge 917,N2,D,False,False,203,282.35
2,4,101,1002639,Link,,N2,,,,11956,1881.74
2,4,101,1002643,Bridge,bridge 918,N2,A,False,False,155,25.4
2,4,101,1002644,Link,,N2,,,,11955,1919.023
2,4,101,1002648,Bridge,bridge 919,N2,A,False,False,0,2.0
2,4,101,1002649,Link,,N2,,,,11955,684.982
2,4,101,1002650,Bridge,bridge 920,N2,C,False,False,0,62.5
2,4,101,1002651,Link,,N2,,,,11954,888.77
2,4,101,1002653,Bridge,bridge 921,N2,A,False,False,0,22.0
2,4,101,1002654,Link,,N2,,,,11954,936.536
2,4,101,1002657,Bridge,bridge 922,N2,A,False,False,0,3.0
2,4,101,1002658,Bridge,bridge 923,N2,A,False,False,1225,24.7
2,4,101,1002659,Link,,N2,,,,10696,660.433
2,4,101,1002661,Bridge,bridge 924,N2,A,False,False,0,24.5
2,4,101,1002662,Link,,N2,,,,0,21.809
2,4,101,1002663,Bridge,bridge 925,N2,A,False,False,0,3.0
2,4,101,1002664,Link,,N2,,,,11789,694.17
2,4,101,1002666,Bridge,bridge 926,N2,A,False,False,168,2.5
2,4,101,1002667,Bridge,bridge 927,N2,A,False,False,0,2.0
2,4,101,1002668,Link,,N2,,,,11958,1032.427
2,4,101,1002670,Bridge,bridge 928,N2,A,False,False,0,8.2
2,4,101,1002671,Link,,N2,,,,11960,1870.109
2,4,101,1002673,Bridge,bridge 929,N2,A,False,False,0,3.0
2,4,101,1002674,Link,,N2,,,,11958,1061.1970000000001
2,4,101,1002677,Bridge,bridge 930,N2,A,False,False,0,7.2
2,4,101,1002678,Link,,N2,,,,168,22.84
2,4,101,1002679,Bridge,bridge 931,N2,A,False,False,0,2.0
2,4,101,1002680,Link,,N2,,,,11958,1558.5
2,4,101,1002683,Bridge,bridge 932,N2,A,False,False,0,2.0
2,4,101,1002684,Link,,N2,,,,11958,746.356
2,4,101,1002686,Bridge,bridge 933,N2,A,False,False,0,1.5
2,4,101,1002687,Link,,N2,,,,1831,346.666
2,4,101,1002688,Bridge,bridge 934,N2,A,False,False,0,2.0
2,4,101,1002689,Bridge,bridge 935,N2,A,False,False,0,1.5
2,4,101,1002690,Link,,N2,,,,11959,1445.407
2,4,101,1002693,Bridge,bridge 936,N2,A,False,False,0,2.0
2,4,101,1002694,Bridge,bridge 937,N2,A,False,False,0,2.0
2,4,101,1002695,Link,,N2,,,,1260,67.272
2,4,101,1002696,Bridge,bridge 938,N2,A,False,False,0,2.0
2,4,101,1002697,Bridge,bridge 939,N2,A,False,False,0,2.0
2,4,101,1002698,Link,,N2,,,,645,99.465
2,4,101,1002699,Bridge,bridge 940,N2,C,True,True,9896,12.4
2,4,101,1002700,Link,,N2,,,,196,198.038
2,4,101,1002701,Bridge,bridge 941,N2,A,False,False,0,2.5
2,4,101,1002702,Bridge,bridge 942,N2,A,False,False,0,2.5
2,4,101,1002703,Link,,N2,,,,11966,2581.869
2,4,101,1002707,Bridge,bridge 943,N2,A,False,False,0,2.5
2,4,101,1002708,Link,,N2,,,,11965,1307.872
2,4,101,1002710,Bridge,bridge 944,N2,B,False,False,0,11.8
2,4,101,1002711,Link,,N2,,,,11966,1429.0349999999999
2,4,101,1002714,Bridge,bridge 945,N2,B,False,False,0,3.0
2,4,101,1002715,Link,,N2,,,,11967,984.1110000000001
2,4,101,1002717,Bridge,bridge 946,N2,B,False,False,196,12.2
2,4,101,1002718,Link,,N2,,,,147,249.482
2,4,101,1002719,Bridge,bridge 947,N2,A,False,False,0,3.0
2,4,101,1002720,Bridge,bridge 948,N2,A,False,False,0,3.0
2,4,101,1002721,Link,,N2,,,,11625,434.363
2,4,101,1002724,Bridge,bridge 949,N2,A,False,False,0,40.8
2,4,101,1002725,Link,,N2,,,,11969,1123.91
2,4,101,1002729,Bridge,bridge 950,N2,A,False,False,0,1.5
2,4,101,1002730,Link,,N2,,,,165,142.249
2,4,101,1002731,Bridge,bridge 951,N2,B,False,False,0,7.0
2,4,101,1002732,Link,,N2,,,,11806,686.334
2,4,101,1002734,Bridge,bridge 952,N2,A,False,False,0,21.0
2,4,101,1002735,Intersection,intersection 13,N2,,,,165,165.466
2,4,101,1002736,Link,,N2,,,,18,34.551
2,4,101,1002737,Bridge,bridge 953,N2,A,False,False,5709,9.5
2,4,101,1002738,Link,,N2,,,,3301,203.526
2,4,101,1002739,Bridge,bridge 954,N2,B,False,False,258,298.2
2,4,101,1002740,Link,,N2,,,,107,287.749
2,4,101,1002741,Bridge,bridge 955,N2,A,True,True,7531,9.1
2,4,101,1002742,Link,,N2,,,,7567,643.649
2,4,101,1002744,Bridge,bridge 956,N2,A,False,False,0,4.4
2,4,101,1002745,Bridge,bridge 957,N2,A,False,False,0,3.0
2,4,101,1002746,Bridge,bridge 958,N2,A,False,False,0,2.0
2,4,101,1002747,Bridge,bridge 959,N2,A,False,False,0,8.5
2,4,101,1002748,Link,,N2,,,,9388,1384.93
2,4,101,1002752,Bridge,bridge 960,N2,A,False,False,0,2.0
2,4,101,1002753,Bridge,bridge 961,N2,B,False,False,0,6.1
2,4,101,1002754,Link,,N2,,,,0,162.772
2,4,101,1002755,Bridge,bridge 962,N2,A,False,False,0,2.0
2,4,101,1002756,Link,,N2,,,,9387,1022.999
2,4,101,1002758,Bridge,bridge 963,N2,C,False,False,5708,11.85
2,4,101,1002759,Link,,N2,,,,9387,956.4200000000001
2,4,101,1002761,Bridge,bridge 964,N2,A,False,False,0,11.7
2,4,101,1002762,Link,,N2,,,,190,319.173
2,4,101,1002764,Bridge,bridge 965,N2,C,False,False,0,15.0
2,4,101,1002765,Link,,N2,,,,0,12.797
2,4,101,1002766,Bridge,bridge 966,N2,A,False,False,0,3.0
2,4,101,1002767,Link,,N2,,,,106,216.553
2,4,101,1002768,Bridge,bridge 967,N2,A,False,False,1797,3.0
2,4,101,1002769,Link,,N2,,,,9387,957.067
2,4,101,1002770,Bridge,bridge 968,N2,A,False,False,0,14.4
2,4,101,1002771,Link,,N2,,,,9387,974.998
2,4,101,1002773,Bridge,bridge 969,N2,B,False,False,0,12.45
2,4,101,1002774,Link,,N2,,,,0,12.354
2,4,101,1002775,Bridge,bridge 970,N2,A,False,False,0,3.0
2,4,101,1002776,Link,,N2,,,,85,107.866
2,4,101,1002777,Bridge,bridge 971,N2,A,False,False,0,3.0
2,4,101,1002778,Link,,N2,,,,1899,342.216
2,4,101,1002779,Bridge,bridge 972,N2,A,False,False,1415,6.0
2,4,101,1002780,Bridge,bridge 973,N2,A,False,False,0,9.25
2,4,101,1002781,Link,,N2,,,,9385,1732.716
2,4,101,1002784,Bridge,bridge 974,N2,A,False,False,0,3.0
2,4,101,1002785,Link,,N2,,,,190,325.774
2,4,101,1002786,Bridge,bridge 975,N2,A,False,False,0,9.25
2,4,101,1002787,Link,,N2,,,,0,6.401
2,4,101,1002788,Bridge,bridge 976,N2,A,False,False,0,3.9
2,4,101,1002789,Link,,N2,,,,88,173.234
2,4,101,1002790,Bridge,bridge 977,N2,A,False,False,0,6.5
2,4,101,1002791,Link,,N2,,,,9386,935.453
2,4,101,1002793,Bridge,bridge 978,N2,A,False,False,0,9.0
2,4,101,1002794,Link,,N2,,,,6074,469.895
2,4,101,1002795,Bridge,bridge 979,N2,A,False,False,0,6.85
2,4,101,1002796,Link,,N2,,,,88,160.336
2,4,101,1002797,Bridge,bridge 980,N2,A,False,False,0,3.0
2,4,101,1002798,Link,,N2,,,,9387,819.379
2,4,101,1002799,Bridge,bridge 981,N2,A,False,False,0,4.5
2,4,101,1002800,Link,,N2,,,,9388,801.479
2,4,101,1002801,Bridge,bridge 982,N2,A,False,False,1809,90.8
2,4,101,1002802,Link,,N2,,,,9389,956.509
2,4,101,1002804,Bridge,bridge 983,N2,B,False,False,0,83.1
2,4,101,1002805,Link,,N2,,,,9391,1446.856
2,4,101,1002808,Bridge,bridge 984,N2,B,False,False,50,36.3
2,4,101,1002809,Link,,N2,,,,9391,1499.504
2,4,101,1002812,Bridge,bridge 985,N2,C,True,True,8972,36.0
2,4,101,1002813,Link,,N2,,,,354,513.029
2,4,101,1002815,Bridge,bridge 986,N2,B,False,False,0,55.5
2,4,101,1002816,Link,,N2,,,,9422,1023.5450000000001
2,4,101,1002819,Bridge,bridge 987,N2,A,False,False,0,12.4
2,4,101,1002820,Link,,N2,,,,273,292.574
2,4,101,1002821,Bridge,bridge 988,N2,A,False,False,0,6.1
2,4,101,1002822,Bridge,bridge 989,N2,A,False,False,0,9.1
2,4,101,1002823,Link,,N2,,,,81,148.438
2,4,101,1002824,Bridge,bridge 990,N2,A,False,False,0,9.1
2,4,101,1002825,Link,,N2,,,,9421,815.6800000000001
2,4,101,1002827,Bridge,bridge 991,N2,B,False,False,0,21.75
2,4,101,1002828,Link,,N2,,,,9423,1619.202
2,4,101,1002831,Bridge,bridge 992,N2,A,False,False,0,21.4
2,4,101,1002832,Link,,N2,,,,9423,825.895
2,4,101,1002835,Bridge,bridge 993,N2,B,False,False,1887,190.5
2,4,101,1002836,Link,,N2,,,,7641,775.3
2,4,101,1002838,Bridge,bridge 994,N2,B,False,False,1782,26.0
2,4,101,1002839,Link,,N2,,,,9424,1558.544
2,4,101,1002842,Bridge,bridge 995,N2,A,False,False,8965,87.5
2,4,101,1002843,Link,,N2,,,,169,100.771
2,4,101,1002845,Bridge,bridge 996,N2,A,False,False,0,26.0
2,4,101,1002846,Link,,N2,,,,0,21.627
2,4,101,1002847,Bridge,bridge 997,N2,A,False,False,0,22.0
2,4,101,1002848,Link,,N2,,,,104,39.883
2,4,101,1002850,Bridge,bridge 998,N2,A,False,False,0,79.0
2,4,101,1002851,Link,,N2,,,,81,93.065
2,4,101,1002853,Bridge,bridge 999,N2,A,False,False,0,14.4
2,4,101,1002854,Link,,N2,,,,9240,545.778
2,4,101,1002856,Bridge,bridge 1000,N2,B,False,False,104,63.5
2,4,101,1002857,Link,,N2,,,,169,380.79999999999995
2,4,101,1002859,Bridge,bridge 1001,N2,A,False,False,0,47.5
2,4,101,1002860,Link,,N2,,,,0,45.447
2,4,101,1002861,Bridge,bridge 1002,N2,A,False,False,0,17.0
2,4,101,1002862,Link,,N2,,,,17,20.842
2,4,101,1002863,Bridge,bridge 1003,N2,C,False,False,1780,36.5
2,4,101,1002864,Link,,N2,,,,7541,486.054
2,4,101,1002866,Bridge,bridge 1004,N2,A,False,False,0,81.0
2,4,101,1002867,Link,,N2,,,,9426,732.939
2,4,101,1002869,Bridge,bridge 1005,N2,B,False,False,0,36.5
2,4,101,1002870,Link,,N2,,,,9431,3796.6769999999997
2,4,101,1002875,Bridge,bridge 1006,N2,A,False,False,0,39.5
2,4,101,1002876,Link,,N2,,,,81,107.761
2,4,101,1002878,Bridge,bridge 1007,N2,A,False,False,0,24.5
2,4,101,1002879,Link,,N2,,,,9432,2738.575
2,4,101,1002883,Bridge,bridge 1008,N2,A,False,False,0,6.5
2,4,101,1002884,Bridge,bridge 1009,N2,A,False,False,0,7.0
2,4,101,1002885,Link,,N2,,,,354,508.615
2,4,101,1002886,Bridge,bridge 1010,N2,A,False,False,0,5.0
2,4,101,1002887,Bridge,bridge 1011,N2,A,False,False,0,40.0
2,4,101,1002888,Link,,N2,,,,9431,1494.3740000000003
2,4,101,1002895,SourceSink,sourcesink 12,N2,,,,2230,300.072
2,4,101,1002897,SourceSink,sourcesink 13,N204,,,,2611,485.16
2,4,101,1002898,Link,,N204,,,,0,89.623
2,4,101,1002899,Bridge,bridge 1012,N204,B,False,False,0,40.0
2,4,101,1002900,Link,,N204,,,,0,33.97
2,4,101,1002901,Bridge,bridge 1013,N204,C,False,False,0,3.85
2,4,101,1002902,Bridge,bridge 1014,N204,C,False,False,0,12.6
2,4,101,1002903,Link,,N204,,,,0,124.062
2,4,101,1002904,Bridge,bridge 1015,N204,B,False,False,0,9.5
2,4,101,1002905,Link,,N204,,,,0,455.787
2,4,101,1002906,Bridge,bridge 1016,N204,B,False,False,0,3.0
2,4,101,1002907,Link,,N204,,,,0,8665.160000000002
2,4,101,1002922,Bridge,bridge 1017,N204,C,False,False,0,4.6
2,4,101,1002923,Link,,N204,,,,0,1324.397
2,4,101,1002927,Bridge,bridge 1018,N204,A,False,False,0,24.8
2,4,101,1002928,Link,,N204,,,,0,2102.199
2,4,101,1002936,Bridge,bridge 1019,N204,A,False,False,0,1.65
2,4,101,1002937,Link,,N204,,,,0,3502.014
2,4,101,1002949,Bridge,bridge 1020,N204,D,False,False,0,13.5
2,4,101,1002950,Link,,N204,,,,0,3232.085
2,4,101,1002959,Bridge,bridge 1021,N204,A,False,False,0,6.2
2,4,101,1002960,Link,,N204,,,,0,278.216
2,4,101,1002961,Bridge,bridge 1022,N204,B,False,False,0,39.5
2,4,101,1002962,Link,,N204,,,,0,3110.06
2,4,101,1002970,Bridge,bridge 1023,N204,A,False,False,0,9.24
2,4,101,1002971,Link,,N204,,,,0,3458.5240000000003
2,4,101,1002979,Bridge,bridge 1024,N204,A,False,False,0,2.24
2,4,101,1002980,Link,,N204,,,,0,89.915
2,4,101,1002982,Bridge,bridge 1025,N204,A,False,False,0,3.1
2,4,101,1002983,Link,,N204,,,,0,681.198
2,4,101,1002984,Bridge,bridge 1026,N204,C,False,False,0,24.2
2,4,101,1002985,Link,,N204,,,,0,727.84
2,4,101,1002987,SourceSink,sourcesink 14,N204,,,,2792,27.37
2,4,101,1002990,SourceSink,sourcesink 15,N207,,,,5460,276.736
2,4,101,1002991,Bridge,bridge 1027,N207,C,False,False,929,22.29
2,4,101,1002992,Link,,N207,,,,445,542.263
2,4,101,1002994,Bridge,bridge 1028,N207,C,False,False,0,19.4
2,4,101,1002995,Link,,N207,,,,1161,474.715
2,4,101,1002997,Bridge,bridge 1029,N207,C,False,False,0,30.76
2,4,101,1002998,Link,,N207,,,,0,105.483
2,4,101,1003001,Bridge,bridge 1030,N207,B,False,False,0,38.25
2,4,101,1003002,Link,,N207,,,,1375,3948.8269999999998
2,4,101,1003009,Bridge,bridge 1031,N207,C,False,False,0,18.7
2,4,101,1003010,Link,,N207,,,,1375,5187.763999999999
2,4,101,1003022,Bridge,bridge 1032,N207,A,False,False,0,2.5
2,4,101,1003023,Link,,N207,,,,1378,2610.16
2,4,101,1003027,Bridge,bridge 1033,N207,A,False,False,0,13.5
2,4,101,1003028,Link,,N207,,,,232,184.585
2,4,101,1003029,Bridge,bridge 1034,N207,B,False,False,0,31.4
2,4,101,1003030,Link,,N207,,,,0,31.571
2,4,101,1003031,Bridge,bridge 1035,N207,A,False,False,0,1.5
2,4,101,1003032,Link,,N207,,,,0,35.965
2,4,101,1003033,Bridge,bridge 1036,N207,A,False,False,213,45.0
2,4,101,1003034,Link,,N207,,,,1378,917.582
2,4,101,1003036,Bridge,bridge 1037,N207,B,False,False,0,23.2
2,4,101,1003037,Link,,N207,,,,1378,2849.6859999999997
2,4,101,1003042,Bridge,bridge 1038,N207,A,False,False,0,12.0
2,4,101,1003043,Link,,N207,,,,1378,2059.217
2,4,101,1003048,Bridge,bridge 1039,N207,A,False,False,0,3.0
2,4,101,1003049,Bridge,bridge 1040,N207,B,True,True,1100,9.2
2,4,101,1003050,Link,,N207,,,,1165,236.082
2,4,101,1003051,Bridge,bridge 1041,N207,B,False,False,0,4.5
2,4,101,1003052,Link,,N207,,,,0,176.482
2,4,101,1003053,Bridge,bridge 1042,N207,A,False,False,0,19.0
2,4,101,1003054,Link,,N207,,,,1379,863.5150000000001
2,4,101,1003056,Bridge,bridge 1043,N207,B,False,False,46,6.0
2,4,101,1003057,Link,,N207,,,,167,342.462
2,4,101,1003058,Bridge,bridge 1044,N207,A,False,False,0,15.8
2,4,101,1003059,Link,,N207,,,,0,126.023
2,4,101,1003061,Bridge,bridge 1045,N207,A,False,False,0,4.0
2,4,101,1003062,Bridge,bridge 1046,N207,A,False,False,0,4.5
2,4,101,1003063,Link,,N207,,,,1212,352.926
2,4,101,1003064,Bridge,bridge 1047,N207,A,False,False,0,1.5
2,4,101,1003065,Bridge,bridge 1048,N207,A,False,False,0,4.5
2,4,101,1003066,Link,,N207,,,,399,458.633
2,4,101,1003068,Bridge,bridge 1049,N207,C,False,False,0,6.0
2,4,101,1003069,Bridge,bridge 1050,N207,A,True,True,1108,12.4
2,4,101,1003070,Link,,N207,,,,1385,1928.826
2,4,101,1003074,Bridge,bridge 1051,N207,D,False,False,0,12.7
2,4,101,1003075,Link,,N207,,,,0,369.303
2,4,101,1003077,Bridge,bridge 1052,N207,A,False,False,0,6.0
2,4,101,1003078,Bridge,bridge 1053,N207,A,False,False,0,4.5
2,4,101,1003079,Link,,N207,,,,1385,487.679
2,4,101,1003080,Bridge,bridge 1054,N207,A,False,False,0,6.0
2,4,101,1003081,Link,,N207,,,,1385,2930.5520000000006
2,4,101,1003087,Bridge,bridge 1055,N207,C,False,False,0,6.0
2,4,101,1003088,Bridge,bridge 1056,N207,A,False,False,0,8.2
2,4,101,1003089,Link,,N207,,,,46,167.644
2,4,101,1003090,Bridge,bridge 1057,N207,B,False,False,0,6.0
2,4,101,1003091,Bridge,bridge 1058,N207,B,False,False,0,12.2
2,4,101,1003092,Link,,N207,,,,0,106.521
2,4,101,1003093,Bridge,bridge 1059,N207,A,False,False,0,4.5
2,4,101,1003094,Bridge,bridge 1060,N207,A,False,False,0,4.5
2,4,101,1003095,Link,,N207,,,,0,235.164
2,4,101,1003096,Bridge,bridge 1061,N207,A,False,False,0,1.5
2,4,101,1003097,Bridge,bridge 1062,N207,D,False,False,0,4.35
2,4,101,1003098,Link,,N207,,,,1385,410.51
2,4,101,1003099,Bridge,bridge 1063,N207,A,False,False,0,3.0
2,4,101,1003100,Bridge,bridge 1064,N207,A,False,False,0,3.0
2,4,101,1003101,Link,,N207,,,,0,336.098
2,4,101,1003102,Bridge,bridge 1065,N207,C,False,False,0,6.0
2,4,101,1003104,Bridge,bridge 1066,N207,A,False,False,0,38.0
2,4,101,1003105,Link,,N207,,,,292,7278.420999999999
2,4,101,1003118,Bridge,bridge 1067,N207,A,False,False,0,4.55
2,4,101,1003119,Bridge,bridge 1068,N207,A,False,False,0,9.2
2,4,101,1003120,Link,,N207,,,,0,18.737
2,4,101,1003121,Bridge,bridge 1069,N207,A,False,False,0,12.1
2,4,101,1003122,Link,,N207,,,,292,677.04
2,4,101,1003123,Bridge,bridge 1070,N207,A,False,False,0,1.5
2,4,101,1003124,Link,,N207,,,,292,2428.211
2,4,101,1003128,Bridge,bridge 1071,N207,A,False,False,0,20.8
2,4,101,1003129,Link,,N207,,,,205,322.37399999999997
2,4,101,1003131,Bridge,bridge 1072,N207,A,False,False,0,14.0
2,4,101,1003132,Link,,N207,,,,292,2234.423
2,4,101,1003135,Bridge,bridge 1073,N207,A,False,False,0,4.5
2,4,101,1003136,Link,,N207,,,,292,1212.159
2,4,101,1003139,Bridge,bridge 1074,N207,C,False,False,87,61.6
2,4,101,1003140,Link,,N207,,,,0,85.165
2,4,101,1003141,Bridge,bridge 1075,N207,A,False,False,0,3.5
2,4,101,1003142,Link,,N207,,,,205,631.517
2,4,101,1003143,Bridge,bridge 1076,N207,A,False,False,0,12.5
2,4,101,1003144,Link,,N207,,,,291,699.0550000000001
2,4,101,1003146,Bridge,bridge 1077,N207,B,False,False,0,101.6
2,4,101,1003147,Link,,N207,,,,291,2653.833
2,4,101,1003153,SourceSink,sourcesink 16,N207,,,,2564,919.16
2,4,101,1003156,SourceSink,sourcesink 17,N208,,,,492,879.095
2,4,101,1003157,Bridge,bridge 1079,N208,B,False,False,0,51.0
2,4,101,1003158,Link,,N208,,,,13,630.398
2,4,101,1003160,Bridge,bridge 1080,N208,A,True,True,206,18.0
2,4,101,1003161,Link,,N208,,,,114,672.3910000000001
2,4,101,1003164,Bridge,bridge 1081,N208,B,True,True,206,137.4
2,4,101,1003165,Link,,N208,,,,102,488.461
2,4,101,1003167,Bridge,bridge 1082,N208,A,False,False,0,1.0
2,4,101,1003168,Link,,N208,,,,190,394.686
2,4,101,1003169,Bridge,bridge 1083,N208,A,False,False,0,9.5
2,4,101,1003170,Link,,N208,,,,78,497.864
2,4,101,1003172,Bridge,bridge 1084,N208,A,False,False,0,18.0
2,4,101,1003173,Link,,N208,,,,177,365.169
2,4,101,1003174,Bridge,bridge 1085,N208,A,False,False,0,14.0
2,4,101,1003175,Link,,N208,,,,255,939.511
2,4,101,1003177,Bridge,bridge 1086,N208,A,False,False,0,12.5
2,4,101,1003178,Link,,N208,,,,78,307.172
2,4,101,1003179,Bridge,bridge 1087,N208,C,False,False,140,41.7
2,4,101,1003180,Link,,N208,,,,37,409.35699999999997
2,4,101,1003182,Bridge,bridge 1088,N208,A,False,False,0,9.3
2,4,101,1003183,Bridge,bridge 1089,N208,A,False,False,0,2.1
2,4,101,1003184,Link,,N208,,,,255,566.354
2,4,101,1003185,Bridge,bridge 1090,N208,A,False,False,0,3.0
2,4,101,1003186,Bridge,bridge 1091,N208,A,False,False,0,1.6
2,4,101,1003187,Link,,N208,,,,0,155.54
2,4,101,1003188,Bridge,bridge 1092,N208,A,False,False,0,12.4
2,4,101,1003189,Link,,N208,,,,255,647.296
2,4,101,1003191,Bridge,bridge 1093,N208,A,False,False,0,3.0
2,4,101,1003192,Link,,N208,,,,0,341.125
2,4,101,1003194,Bridge,bridge 1094,N208,B,True,True,205,6.0
2,4,101,1003195,Link,,N208,,,,13,198.986
2,4,101,1003196,Bridge,bridge 1095,N208,A,False,False,0,13.4
2,4,101,1003197,Link,,N208,,,,255,849.493
2,4,101,1003198,Bridge,bridge 1096,N208,A,False,False,0,8.25
2,4,101,1003199,Bridge,bridge 1097,N208,B,False,False,0,12.45
2,4,101,1003200,Link,,N208,,,,255,744.427
2,4,101,1003201,Bridge,bridge 1098,N208,A,False,False,0,9.25
2,4,101,1003202,Link,,N208,,,,255,1909.788
2,4,101,1003206,Bridge,bridge 1099,N208,C,True,True,205,22.0
2,4,101,1003207,Link,,N208,,,,254,917.7479999999999
2,4,101,1003209,Bridge,bridge 1100,N208,A,False,False,0,38.8
2,4,101,1003210,Link,,N208,,,,0,39.263
2,4,101,1003211,Bridge,bridge 1101,N208,A,False,False,0,4.5
2,4,101,1003212,Bridge,bridge 1102,N208,B,False,False,0,14.0
2,4,101,1003213,Link,,N208,,,,13,330.88
2,4,101,1003215,Bridge,bridge 1103,N208,A,False,False,0,3.0
2,4,101,1003216,Link,,N208,,,,254,568.654
2,4,101,1003217,Bridge,bridge 1104,N208,B,False,False,0,3.1
2,4,101,1003218,Bridge,bridge 1105,N208,A,False,False,0,3.1
2,4,101,1003219,Link,,N208,,,,0,241.195
2,4,101,1003221,Bridge,bridge 1106,N208,A,False,False,0,3.1
2,4,101,1003222,Bridge,bridge 1107,N208,A,False,False,0,3.1
2,4,101,1003223,Bridge,bridge 1108,N208,A,False,False,0,9.5
2,4,101,1003224,Link,,N208,,,,241,525.529
2,4,101,1003227,Bridge,bridge 1109,N208,C,False,False,13,10.3
2,4,101,1003228,Link,,N208,,,,0,263.49
2,4,101,1003229,Bridge,bridge 1110,N208,B,False,False,0,3.0
2,4,101,1003230,Bridge,bridge 1111,N208,D,True,True,242,41.55
2,4,101,1003231,Link,,N208,,,,0,42.537
2,4,101,1003232,Bridge,bridge 1112,N208,B,False,False,0,3.0
2,4,101,1003233,Link,,N208,,,,0,172.081
2,4,101,1003234,Bridge,bridge 1113,N208,A,False,False,0,3.0
2,4,101,1003235,Link,,N208,,,,254,930.405
2,4,101,1003237,Bridge,bridge 1114,N208,B,False,False,0,3.0
2,4,101,1003238,Bridge,bridge 1115,N208,B,False,False,0,31.1
2,4,101,1003239,Link,,N208,,,,79,369.387
2,4,101,1003240,Bridge,bridge 1116,N208,A,False,False,138,4.5
2,4,101,1003241,Bridge,bridge 1117,N208,B,False,False,0,1.5
2,4,101,1003242,Bridge,bridge 1118,N208,A,False,False,0,3.0
2,4,101,1003243,Link,,N208,,,,37,18.746
2,4,101,1003244,Bridge,bridge 1119,N208,A,False,False,0,4.5
2,4,101,1003245,Link,,N208,,,,0,291.376
2,4,101,1003246,Bridge,bridge 1120,N208,A,False,False,0,4.6
2,4,101,1003247,Link,,N208,,,,0,118.184
2,4,101,1003248,Bridge,bridge 1121,N208,A,False,False,0,4.6
2,4,101,1003249,Bridge,bridge 1122,N208,A,False,False,0,3.0
2,4,101,1003250,Bridge,bridge 1123,N208,A,False,False,0,29.0
2,4,101,1003251,Link,,N208,,,,254,405.848
2,4,101,1003253,Bridge,bridge 1124,N208,A,False,False,0,4.6
2,4,101,1003254,Bridge,bridge 1125,N208,A,False,False,0,3.0
2,4,101,1003255,Link,,N208,,,,0,433.09000000000003
2,4,101,1003257,Bridge,bridge 1126,N208,A,False,False,0,3.0
2,4,101,1003258,Bridge,bridge 1127,N208,A,True,True,217,6.0
2,4,101,1003259,Bridge,bridge 1128,N208,A,False,False,0,3.0
2,4,101,1003260,Link,,N208,,,,0,164.302
2,4,101,1003261,Bridge,bridge 1129,N208,A,False,False,0,6.0
2,4,101,1003262,Bridge,bridge 1130,N208,A,False,False,0,3.0
2,4,101,1003263,Bridge,bridge 1131,N208,A,False,False,0,25.8
2,4,101,1003264,Link,,N208,,,,103,351.64
2,4,101,1003267,Bridge,bridge 1132,N208,A,False,False,0,3.0
2,4,101,1003268,Bridge,bridge 1133,N208,A,False,False,0,3.0
2,4,101,1003269,Link,,N208,,,,188,540.662
2,4,101,1003270,Bridge,bridge 1134,N208,A,False,False,0,3.0
2,4,101,1003271,Bridge,bridge 1135,N208,A,False,False,0,4.6
2,4,101,1003272,Bridge,bridge 1136,N208,A,False,False,0,3.0
2,4,101,1003273,Bridge,bridge 1137,N208,A,False,False,0,4.6
2,4,101,1003274,Link,,N208,,,,66,108.699
2,4,101,1003275,Bridge,bridge 1138,N208,C,False,False,0,6.0
2,4,101,1003276,Bridge,bridge 1139,N208,A,False,False,0,3.0
2,4,101,1003277,Bridge,bridge 1140,N208,A,False,False,0,3.0
2,4,101,1003278,Bridge,bridge 1141,N208,A,False,False,0,6.0
2,4,101,1003279,Bridge,bridge 1142,N208,A,False,False,0,6.0
2,4,101,1003280,Link,,N208,,,,0,322.598
2,4,101,1003282,Bridge,bridge 1143,N208,A,False,False,0,6.1
2,4,101,1003283,Link,,N208,,,,254,1839.938
2,4,101,1003287,Bridge,bridge 1144,N208,C,True,True,241,117.0
2,4,101,1003288,Link,,N208,,,,0,424.957
2,4,101,1003290,Bridge,bridge 1145,N208,A,True,True,203,5.7
2,4,101,1003291,Link,,N208,,,,252,1396.933
2,4,101,1003294,Bridge,bridge 1146,N208,B,True,True,204,89.6
2,4,101,1003295,Link,,N208,,,,253,3060.69
2,4,101,1003303,Bridge,bridge 1147,N208,A,False,False,0,30.3
2,4,101,1003304,Link,,N208,,,,253,827.4179999999999
2,4,101,1003306,Bridge,bridge 1148,N208,A,False,False,0,1.5
2,4,101,1003307,Bridge,bridge 1149,N208,C,False,False,0,29.2
2,4,101,1003308,Link,,N208,,,,253,5801.887000000001
2,4,101,1003319,Bridge,bridge 1150,N208,B,False,False,0,32.0
2,4,101,1003320,Link,,N208,,,,253,4576.815
2,4,101,1003330,SourceSink,sourcesink 18,N208,,,,3230,985.176
2,5,112,1000000,SourceSink,sourcesink 1,N1,,,,2582,0.0
2,5,112,1000001,Link,,N1,,,,9782,7901.113999999999
2,5,112,1000015,Bridge,bridge 1,N1,C,True,True,9621,397.0
2,5,112,1000016,Link,,N1,,,,78,70.954
2,5,112,1000017,Intersection,intersection 1,N1,,,,3779,252.369
2,5,112,1000018,Link,,N1,,,,10057,715.823
2,5,112,1000019,Bridge,bridge 2,N1,B,False,False,0,8.0
2,5,112,1000020,Bridge,bridge 3,N1,A,False,False,0,6.3
2,5,112,1000021,Bridge,bridge 4,N1,A,False,False,0,6.3
2,5,112,1000022,Link,,N1,,,,158,135.756
2,5,112,1000023,Bridge,bridge 5,N1,A,False,False,2287,8.3
2,5,112,1000024,Link,,N1,,,,4146,587.193
2,5,112,1000026,Bridge,bridge 6,N1,A,False,False,0,9.3
2,5,112,1000027,Bridge,bridge 7,N1,A,True,True,8162,6.1
2,5,112,1000028,Intersection,intersection 2,N1,,,,595,163.334
2,5,112,1000029,Link,,N1,,,,10029,582.564
2,5,112,1000030,Bridge,bridge 8,N1,A,False,False,0,26.3
2,5,112,1000031,Link,,N1,,,,14583,2839.505
2,5,112,1000035,Bridge,bridge 9,N1,B,True,True,11680,5.55
2,5,112,1000036,Link,,N1,,,,14575,888.934
2,5,112,1000040,Bridge,bridge 10,N1,C,True,True,13026,159.52
2,5,112,1000041,Link,,N1,,,,13759,663.843
2,5,112,1000044,Bridge,bridge 11,N1,B,False,False,0,20.0
2,5,112,1000045,Bridge,bridge 12,N1,A,False,False,0,20.45
2,5,112,1000046,Link,,N1,,,,2156,621.042
2,5,112,1000047,Bridge,bridge 13,N1,C,True,True,11683,40.5
2,5,112,1000048,Bridge,bridge 14,N1,B,False,False,258,40.33
2,5,112,1000049,Link,,N1,,,,0,6.8
2,5,112,1000050,Bridge,bridge 15,N1,A,False,False,0,6.0
2,5,112,1000051,Bridge,bridge 16,N1,B,True,True,11699,10.4
2,5,112,1000052,Link,,N1,,,,14591,1280.083
2,5,112,1000056,Bridge,bridge 17,N1,B,False,False,0,5.5
2,5,112,1000057,Link,,N1,,,,14592,874.029
2,5,112,1000061,Bridge,bridge 18,N1,B,False,False,497,213.5
2,5,112,1000062,Link,,N1,,,,6632,67.955
2,5,112,1000063,Bridge,bridge 19,N1,C,False,False,14588,900.0
2,5,112,1000064,Link,,N1,,,,14589,1110.6100000000001
2,5,112,1000066,Bridge,bridge 20,N1,A,False,False,0,5.6
2,5,112,1000067,Bridge,bridge 21,N1,A,False,False,0,5.5
2,5,112,1000068,Link,,N1,,,,1032,316.921
2,5,112,1000069,Bridge,bridge 22,N1,A,False,False,0,5.6
2,5,112,1000070,Link,,N1,,,,6864,140.219
2,5,112,1000071,Bridge,bridge 23,N1,A,False,False,6087,163.5
2,5,112,1000072,Bridge,bridge 24,N1,A,False,False,606,172.1
2,5,112,1000073,Link,,N1,,,,7393,415.733
2,5,112,1000075,Bridge,bridge 25,N1,A,False,False,502,29.0
2,5,112,1000076,Bridge,bridge 26,N1,A,False,False,0,29.77
2,5,112,1000077,Link,,N1,,,,7726,649.727
2,5,112,1000078,Bridge,bridge 27,N1,A,False,False,5849,34.7
2,5,112,1000079,Link,,N1,,,,8472,643.097
2,5,112,1000083,Bridge,bridge 28,N1,B,False,False,0,26.3
2,5,112,1000084,Link,,N1,,,,14585,845.4590000000001
2,5,112,1000087,Bridge,bridge 29,N1,A,False,False,0,29.0
2,5,112,1000088,Link,,N1,,,,14087,582.337
2,5,112,1000089,Bridge,bridge 30,N1,A,False,False,0,9.1
2,5,112,1000090,Bridge,bridge 31,N1,A,False,False,0,5.2
2,5,112,1000091,Link,,N1,,,,14587,1700.003
2,5,112,1000094,Bridge,bridge 32,N1,A,False,False,0,9.5
2,5,112,1000095,Link,,N1,,,,14590,945.9390000000001
2,5,112,1000098,Bridge,bridge 33,N1,B,False,False,510,24.5
2,5,112,1000099,Link,,N1,,,,14593,8876.918
2,5,112,1000118,Bridge,bridge 34,N1,C,False,False,0,3.9
2,5,112,1000119,Link,,N1,,,,14584,932.32
2,5,112,1000122,Bridge,bridge 35,N1,C,True,True,11675,6.5
2,5,112,1000123,Link,,N1,,,,14593,8687.705000000002
2,5,112,1000137,Bridge,bridge 36,N1,C,True,True,11704,28.9
2,5,112,1000138,Link,,N1,,,,14601,11234.391
2,5,112,1000158,Bridge,bridge 37,N1,A,True,True,11672,4.5
2,5,112,1000159,Link,,N1,,,,14599,2988.225
2,5,112,1000165,Bridge,bridge 38,N1,C,True,True,11694,23.1
2,5,112,1000166,Link,,N1,,,,14603,2177.616
2,5,112,1000170,Bridge,bridge 39,N1,B,True,True,11685,4.6
2,5,112,1000171,Link,,N1,,,,0,159.478
2,5,112,1000172,Bridge,bridge 40,N1,B,True,True,11688,4.6
2,5,112,1000173,Link,,N1,,,,5312,130.454
2,5,112,1000174,Bridge,bridge 41,N1,A,False,False,0,1.5
2,5,112,1000175,Link,,N1,,,,14610,1197.6689999999999
2,5,112,1000177,Bridge,bridge 42,N1,C,False,False,0,1.0
2,5,112,1000178,Link,,N1,,,,14615,2718.9559999999997
2,5,112,1000183,Bridge,bridge 43,N1,A,False,False,0,1.4
2,5,112,1000186,Link,,N1,,,,26951,3986.3759999999997
2,5,112,1000191,Bridge,bridge 44,N1,C,True,True,22002,22.85
2,5,112,1000192,Link,,N1,,,,27059,5553.24
2,5,112,1000204,Bridge,bridge 45,N1,C,True,True,21696,27.35
2,5,112,1000205,Link,,N1,,,,27144,3923.617
2,5,112,1000211,Bridge,bridge 46,N1,C,True,True,21766,27.35
2,5,112,1000212,Link,,N1,,,,27204,2922.4700000000003
2,5,112,1000217,Bridge,bridge 47,N1,A,False,False,423,30.4
2,5,112,1000218,Link,,N1,,,,27214,2987.0919999999996
2,5,112,1000225,Bridge,bridge 48,N1,C,False,False,0,22.8
2,5,112,1000226,Link,,N1,,,,27209,882.272
2,5,112,1000227,Bridge,bridge 49,N1,A,False,False,0,14.3
2,5,112,1000228,Link,,N1,,,,27228,4594.812
2,5,112,1000238,Bridge,bridge 50,N1,B,False,False,0,19.2
2,5,112,1000239,Link,,N1,,,,27218,910.9010000000001
2,5,112,1000241,Bridge,bridge 51,N1,A,False,False,0,3.2
2,5,112,1000242,Link,,N1,,,,27219,722.8969999999999
2,5,112,1000245,Bridge,bridge 52,N1,A,False,False,0,13.4
2,5,112,1000246,Link,,N1,,,,18139,442.339
2,5,112,1000247,Bridge,bridge 53,N1,B,False,False,0,4.6
2,5,112,1000248,Link,,N1,,,,10105,469.17999999999995
2,5,112,1000250,Bridge,bridge 54,N1,B,False,False,0,6.3
2,5,112,1000251,Link,,N1,,,,27228,2449.126
2,5,112,1000255,Bridge,bridge 55,N1,B,False,False,0,4.5
2,5,112,1000256,Link,,N1,,,,27228,874.0070000000001
2,5,112,1000259,Bridge,bridge 56,N1,B,False,False,0,2.5
2,5,112,1000260,Link,,N1,,,,27227,845.902
2,5,112,1000261,Bridge,bridge 57,N1,A,False,False,0,2.5
2,5,112,1000262,Bridge,bridge 58,N1,B,True,True,21762,3.1
2,5,112,1000263,Link,,N1,,,,19456,622.412
2,5,112,1000266,Bridge,bridge 59,N1,B,False,False,0,2.6
2,5,112,1000267,Bridge,bridge 60,N1,A,False,False,0,6.0
2,5,112,1000268,Link,,N1,,,,8175,333.68
2,5,112,1000270,Bridge,bridge 61,N1,B,False,False,0,14.3
2,5,112,1000271,Link,,N1,,,,2697,240.993
2,5,112,1000272,Bridge,bridge 62,N1,A,False,False,0,6.1
2,5,112,1000273,Link,,N1,,,,24570,554.159
2,5,112,1000275,Bridge,bridge 63,N1,A,False,False,878,6.1
2,5,112,1000276,Link,,N1,,,,1819,269.937
2,5,112,1000277,Bridge,bridge 64,N1,C,True,True,21793,6.1
2,5,112,1000278,Link,,N1,,,,1030,220.826
2,5,112,1000279,Bridge,bridge 65,N1,B,False,False,0,9.5
2,5,112,1000280,Link,,N1,,,,1795,142.484
2,5,112,1000281,Bridge,bridge 66,N1,B,True,True,21820,3.1
2,5,112,1000282,Link,,N1,,,,18153,451.869
2,5,112,1000284,Bridge,bridge 67,N1,A,False,False,0,9.5
2,5,112,1000285,Link,,N1,,,,10064,499.678
2,5,112,1000286,Bridge,bridge 68,N1,B,True,True,21853,6.3
2,5,112,1000287,Link,,N1,,,,2853,444.93399999999997
2,5,112,1000289,Bridge,bridge 69,N1,B,True,True,21871,3.5
2,5,112,1000290,Link,,N1,,,,1796,210.212
2,5,112,1000291,Bridge,bridge 70,N1,B,False,False,0,6.1
2,5,112,1000292,Link,,N1,,,,18240,309.453
2,5,112,1000294,Bridge,bridge 71,N1,B,False,False,0,3.0
2,5,112,1000295,Link,,N1,,,,9141,575.696
2,5,112,1000296,Bridge,bridge 72,N1,B,True,True,21903,4.5
2,5,112,1000297,Link,,N1,,,,27407,895.394
2,5,112,1000298,Bridge,bridge 73,N1,B,False,False,0,5.3
2,5,112,1000299,Link,,N1,,,,27412,926.731
2,5,112,1000301,Bridge,bridge 74,N1,A,False,False,0,6.1
2,5,112,1000302,Link,,N1,,,,27413,1010.901
2,5,112,1000304,Bridge,bridge 75,N1,A,False,False,0,3.1
2,5,112,1000305,Link,,N1,,,,27415,914.716
2,5,112,1000307,Bridge,bridge 76,N1,A,False,False,0,3.5
2,5,112,1000308,Bridge,bridge 77,N1,B,False,False,0,14.2
2,5,112,1000309,Link,,N1,,,,1408,76.023
2,5,112,1000310,Bridge,bridge 78,N1,B,False,False,0,6.1
2,5,112,1000311,Link,,N1,,,,27420,1374.7530000000004
2,5,112,1000316,Bridge,bridge 79,N1,B,False,False,0,4.0
2,5,112,1000317,Link,,N1,,,,27423,1106.592
2,5,112,1000321,Bridge,bridge 80,N1,A,False,False,0,10.8
2,5,112,1000322,Link,,N1,,,,27427,872.053
2,5,112,1000323,Bridge,bridge 81,N1,A,False,False,0,1.6
2,5,112,1000324,Link,,N1,,,,27430,1326.687
2,5,112,1000328,Bridge,bridge 82,N1,A,False,False,0,3.4
2,5,112,1000329,Link,,N1,,,,27433,2255.781
2,5,112,1000335,Bridge,bridge 83,N1,A,False,False,0,1.5
2,5,112,1000336,Link,,N1,,,,17642,20306.901999999995
2,5,112,1000368,Bridge,bridge 84,N1,A,True,True,13953,3.0
2,5,112,1000369,Link,,N1,,,,17642,2511.829
2,5,112,1000376,Bridge,bridge 85,N1,A,False,False,0,2.0
2,5,112,1000377,Link,,N1,,,,212,84.291
2,5,112,1000378,Bridge,bridge 86,N1,A,False,False,0,1.5
2,5,112,1000379,Bridge,bridge 87,N1,A,False,False,0,1.5
2,5,112,1000380,Link,,N1,,,,484,270.143
2,5,112,1000381,Bridge,bridge 88,N1,A,False,False,0,8.5
2,5,112,1000382,Bridge,bridge 89,N1,A,False,False,0,3.0
2,5,112,1000383,Link,,N1,,,,9618,226.116
2,5,112,1000384,Bridge,bridge 90,N1,A,False,False,0,3.0
2,5,112,1000385,Bridge,bridge 91,N1,A,False,False,0,3.0
2,5,112,1000386,Link,,N1,,,,8022,712.513
2,5,112,1000387,Bridge,bridge 92,N1,A,False,False,248,4.5
2,5,112,1000388,Bridge,bridge 93,N1,C,False,False,0,12.4
2,5,112,1000389,Link,,N1,,,,17647,4915.830999999999
2,5,112,1000401,Bridge,bridge 94,N1,A,False,False,0,4.5
2,5,112,1000402,Link,,N1,,,,17644,823.7
2,5,112,1000403,Bridge,bridge 95,N1,B,False,False,5774,23.2
2,5,112,1000404,Link,,N1,,,,17647,1500.095
2,5,112,1000408,Bridge,bridge 96,N1,A,False,False,214,9.7
2,5,112,1000409,Link,,N1,,,,17650,984.6680000000001
2,5,112,1000412,Bridge,bridge 97,N1,A,False,False,0,4.0
2,5,112,1000413,Link,,N1,,,,944,527.327
2,5,112,1000415,Bridge,bridge 98,N1,A,True,True,13999,12.9
2,5,112,1000416,Link,,N1,,,,11434,535.717
2,5,112,1000417,Bridge,bridge 99,N1,A,False,False,0,3.0
2,5,112,1000418,Bridge,bridge 100,N1,B,False,False,0,8.1
2,5,112,1000419,Link,,N1,,,,17682,2144.2219999999998
2,5,112,1000424,Bridge,bridge 101,N1,A,False,False,0,3.0
2,5,112,1000425,Link,,N1,,,,17679,990.984
2,5,112,1000426,Bridge,bridge 102,N1,A,False,False,0,3.0
2,5,112,1000427,Link,,N1,,,,17678,992.876
2,5,112,1000431,Bridge,bridge 103,N1,A,False,False,0,19.2
2,5,112,1000432,Link,,N1,,,,17677,734.708
2,5,112,1000434,Bridge,bridge 104,N1,A,False,False,0,4.2
2,5,112,1000435,Link,,N1,,,,17675,928.3919999999999
2,5,112,1000438,Bridge,bridge 105,N1,A,False,False,0,3.2
2,5,112,1000439,Link,,N1,,,,7695,186.006
2,5,112,1000440,Bridge,bridge 106,N1,A,False,False,0,6.0
2,5,112,1000441,Link,,N1,,,,17675,854.695
2,5,112,1000443,Bridge,bridge 107,N1,A,False,False,0,3.0
2,5,112,1000444,Bridge,bridge 108,N1,A,False,False,0,3.0
2,5,112,1000445,Link,,N1,,,,9503,97.817
2,5,112,1000446,Bridge,bridge 109,N1,A,False,False,0,3.0
2,5,112,1000447,Link,,N1,,,,17680,999.592
2,5,112,1000450,Bridge,bridge 110,N1,A,False,False,0,3.1
2,5,112,1000451,Bridge,bridge 111,N1,A,False,False,0,4.6
2,5,112,1000452,Link,,N1,,,,17682,1294.152
2,5,112,1000456,Bridge,bridge 112,N1,A,True,True,13994,3.0
2,5,112,1000457,Bridge,bridge 113,N1,A,False,False,0,3.0
2,5,112,1000458,Link,,N1,,,,1767,461.797
2,5,112,1000459,Bridge,bridge 114,N1,A,False,False,0,3.0
2,5,112,1000460,Link,,N1,,,,244,94.124
2,5,112,1000461,Bridge,bridge 115,N1,A,False,False,0,3.0
2,5,112,1000462,Bridge,bridge 116,N1,A,False,False,0,3.0
2,5,112,1000463,Link,,N1,,,,1708,86.921
2,5,112,1000464,Bridge,bridge 117,N1,A,True,True,14006,4.6
2,5,112,1000465,Link,,N1,,,,17706,811.473
2,5,112,1000470,Bridge,bridge 118,N1,A,False,False,0,3.0
2,5,112,1000471,Link,,N1,,,,17707,971.988
2,5,112,1000473,Bridge,bridge 119,N1,A,False,False,0,2.95
2,5,112,1000474,Link,,N1,,,,17704,945.951
2,5,112,1000475,Bridge,bridge 120,N1,A,False,False,0,4.5
2,5,112,1000476,Link,,N1,,,,17703,909.5069999999998
2,5,112,1000480,Bridge,bridge 121,N1,C,True,True,14037,22.25
2,5,112,1000481,Link,,N1,,,,12060,736.243
2,5,112,1000482,Bridge,bridge 122,N1,A,False,False,0,10.2
2,5,112,1000483,Link,,N1,,,,17718,881.943
2,5,112,1000487,Bridge,bridge 123,N1,A,False,False,0,3.0
2,5,112,1000488,Bridge,bridge 124,N1,A,False,False,0,8.2
2,5,112,1000489,Link,,N1,,,,3733,585.853
2,5,112,1000490,Bridge,bridge 125,N1,A,False,False,0,4.1
2,5,112,1000491,Link,,N1,,,,17721,1737.667
2,5,112,1000496,Bridge,bridge 126,N1,A,False,False,0,3.0
2,5,112,1000497,Bridge,bridge 127,N1,A,False,False,0,5.2
2,5,112,1000498,Link,,N1,,,,17717,817.307
2,5,112,1000499,Bridge,bridge 128,N1,A,True,True,14015,8.2
2,5,112,1000500,Link,,N1,,,,17730,871.608
2,5,112,1000501,Bridge,bridge 129,N1,A,False,False,0,3.0
2,5,112,1000502,Link,,N1,,,,17734,1934.493
2,5,112,1000506,Bridge,bridge 130,N1,C,True,True,14063,27.0
2,5,112,1000507,Link,,N1,,,,12162,709.408
2,5,112,1000512,Bridge,bridge 131,N1,A,False,False,0,4.5
2,5,112,1000513,Bridge,bridge 132,N1,A,False,False,0,17.6
2,5,112,1000514,Link,,N1,,,,17765,832.067
2,5,112,1000518,Bridge,bridge 133,N1,B,False,False,0,3.0
2,5,112,1000519,Link,,N1,,,,7157,303.226
2,5,112,1000521,Bridge,bridge 134,N1,A,False,False,0,4.5
2,5,112,1000522,Link,,N1,,,,5286,172.264
2,5,112,1000523,Bridge,bridge 135,N1,A,False,False,0,6.0
2,5,112,1000524,Link,,N1,,,,17764,2704.069
2,5,112,1000530,Bridge,bridge 136,N1,A,False,False,0,3.0
2,5,112,1000531,Link,,N1,,,,17764,1826.897
2,5,112,1000534,Bridge,bridge 137,N1,A,False,False,0,3.0
2,5,112,1000535,Bridge,bridge 138,N1,A,False,False,0,40.0
2,5,112,1000536,Link,,N1,,,,17769,3848.636
2,5,112,1000545,Bridge,bridge 139,N1,A,False,False,0,5.0
2,5,112,1000546,Link,,N1,,,,17766,796.469
2,5,112,1000549,Bridge,bridge 140,N1,A,False,False,0,3.0
2,5,112,1000550,Bridge,bridge 141,N1,A,False,False,204,18.0
2,5,112,1000551,Link,,N1,,,,9113,496.452
2,5,112,1000553,Bridge,bridge 142,N1,A,False,False,0,3.0
2,5,112,1000554,Link,,N1,,,,17772,903.2339999999999
2,5,112,1000558,Bridge,bridge 143,N1,A,False,False,0,8.3
2,5,112,1000559,Link,,N1,,,,7148,357.539
2,5,112,1000560,Bridge,bridge 144,N1,A,False,False,0,3.0
2,5,112,1000561,Link,,N1,,,,17778,2514.719
2,5,112,1000565,Bridge,bridge 145,N1,B,False,False,0,5.7
2,5,112,1000566,Intersection,intersection 3,N1,,,,244,34.053
2,5,112,1000567,Bridge,bridge 146,N1,A,False,False,0,1.5
2,5,112,1000568,Link,,N1,,,,7804,815.73
2,5,112,1000569,Bridge,bridge 147,N1,A,False,False,0,3.0
2,5,112,1000570,Bridge,bridge 148,N1,A,False,False,0,3.0
2,5,112,1000571,Link,,N1,,,,7806,896.903
2,5,112,1000572,Bridge,bridge 149,N1,C,False,False,78,116.5
2,5,112,1000573,Link,,N1,,,,3489,444.081
2,5,112,1000575,Bridge,bridge 150,N1,B,False,False,0,3.0
2,5,112,1000576,Link,,N1,,,,7805,860.717
2,5,112,1000580,Bridge,bridge 151,N1,B,False,False,0,3.1
2,5,112,1000581,Link,,N1,,,,7805,783.311
2,5,112,1000582,Bridge,bridge 152,N1,A,False,False,0,3.0
2,5,112,1000583,Link,,N1,,,,7805,733.736
2,5,112,1000586,Bridge,bridge 153,N1,B,False,False,0,10.8
2,5,112,1000587,Link,,N1,,,,6334,500.781
2,5,112,1000590,Bridge,bridge 154,N1,A,False,False,0,3.0
2,5,112,1000591,Link,,N1,,,,5790,604.3140000000001
2,5,112,1000593,Bridge,bridge 155,N1,A,False,False,0,5.3
2,5,112,1000594,Link,,N1,,,,7808,1371.711
2,5,112,1000600,Bridge,bridge 156,N1,A,False,False,338,3.0
2,5,112,1000601,Link,,N1,,,,7808,1637.5109999999997
2,5,112,1000605,Bridge,bridge 157,N1,C,True,True,6078,50.8
2,5,112,1000606,Link,,N1,,,,7845,2418.32
2,5,112,1000612,Bridge,bridge 158,N1,A,False,False,0,12.4
2,5,112,1000613,Link,,N1,,,,7845,820.245
2,5,112,1000616,Bridge,bridge 159,N1,C,False,False,77,60.5
2,5,112,1000617,Link,,N1,,,,7847,2948.45
2,5,112,1000622,Bridge,bridge 160,N1,A,False,False,0,9.2
2,5,112,1000623,Bridge,bridge 161,N1,A,False,False,0,6.0
2,5,112,1000624,Link,,N1,,,,7848,1008.8340000000001
2,5,112,1000626,Bridge,bridge 162,N1,A,False,False,0,9.4
2,5,112,1000627,Link,,N1,,,,1647,410.712
2,5,112,1000629,Bridge,bridge 163,N1,A,True,True,6101,14.0
2,5,112,1000630,Bridge,bridge 164,N1,A,False,False,68,14.0
2,5,112,1000631,Link,,N1,,,,7882,796.4269999999999
2,5,112,1000633,Bridge,bridge 165,N1,B,False,False,0,12.6
2,5,112,1000634,Link,,N1,,,,0,57.573
2,5,112,1000635,Bridge,bridge 166,N1,B,False,False,0,9.4
2,5,112,1000636,Link,,N1,,,,1600,595.713
2,5,112,1000637,Bridge,bridge 167,N1,A,False,False,59,14.0
2,5,112,1000638,Link,,N1,,,,7884,878.325
2,5,112,1000639,Bridge,bridge 168,N1,A,True,True,6106,9.2
2,5,112,1000640,Link,,N1,,,,5669,777.0820000000001
2,5,112,1000642,Bridge,bridge 169,N1,D,True,True,6309,50.8
2,5,112,1000643,Link,,N1,,,,4007,13.737
2,5,112,1000644,Bridge,bridge 170,N1,B,False,False,0,9.2
2,5,112,1000645,Link,,N1,,,,7946,3164.849
2,5,112,1000654,Bridge,bridge 171,N1,B,True,True,6252,12.3
2,5,112,1000655,Link,,N1,,,,7972,2506.407
2,5,112,1000665,Bridge,bridge 172,N1,C,False,False,4123,211.3
2,5,112,1000666,Link,,N1,,,,7979,3367.46
2,5,112,1000674,Bridge,bridge 173,N1,A,False,False,0,28.0
2,5,112,1000675,Link,,N1,,,,7983,2607.6369999999997
2,5,112,1000679,Bridge,bridge 174,N1,A,False,False,0,7.2
2,5,112,1000680,Link,,N1,,,,2259,275.877
2,5,112,1000681,Bridge,bridge 175,N1,A,True,True,6289,11.2
2,5,112,1000682,Link,,N1,,,,7997,1146.637
2,5,112,1000685,Bridge,bridge 176,N1,A,False,False,0,12.6
2,5,112,1000686,Link,,N1,,,,8000,1556.8100000000002
2,5,112,1000693,Bridge,bridge 177,N1,B,False,False,0,30.3
2,5,112,1000694,Link,,N1,,,,8003,945.446
2,5,112,1000696,Bridge,bridge 178,N1,A,False,False,0,2.5
2,5,112,1000697,Link,,N1,,,,8002,795.912
2,5,112,1000698,Bridge,bridge 179,N1,A,False,False,0,12.6
2,5,112,1000699,Link,,N1,,,,2325,319.737
2,5,112,1000700,Bridge,bridge 180,N1,A,False,False,0,6.0
2,5,112,1000701,Link,,N1,,,,0,27.297
2,5,112,1000702,Bridge,bridge 181,N1,A,False,False,0,13.64
2,5,112,1000703,Link,,N1,,,,8002,1157.8890000000001
2,5,112,1000705,Bridge,bridge 182,N1,A,False,False,0,2.0
2,5,112,1000706,Link,,N1,,,,8005,1388.13
2,5,112,1000709,Bridge,bridge 183,N1,A,False,False,0,3.0
2,5,112,1000710,Link,,N1,,,,1463,201.583
2,5,112,1000712,Bridge,bridge 184,N1,A,False,False,0,12.6
2,5,112,1000713,Link,,N1,,,,57,35.049
2,5,112,1000714,Bridge,bridge 185,N1,A,False,False,0,6.2
2,5,112,1000715,Link,,N1,,,,0,10.896
2,5,112,1000716,Bridge,bridge 186,N1,A,True,True,6205,3.0
2,5,112,1000717,Bridge,bridge 187,N1,A,False,False,0,12.4
2,5,112,1000718,Link,,N1,,,,71,65.437
2,5,112,1000719,Bridge,bridge 188,N1,A,False,False,67,14.2
2,5,112,1000720,Bridge,bridge 189,N1,B,False,False,0,22.0
2,5,112,1000721,Link,,N1,,,,4162,232.624
2,5,112,1000723,Bridge,bridge 190,N1,B,False,False,0,22.4
2,5,112,1000724,Link,,N1,,,,0,92.703
2,5,112,1000725,Bridge,bridge 191,N1,A,False,False,73,2.5
2,5,112,1000726,Link,,N1,,,,8011,1301.643
2,5,112,1000730,Bridge,bridge 192,N1,A,False,False,0,22.4
2,5,112,1000731,Link,,N1,,,,8011,901.686
2,5,112,1000732,Bridge,bridge 193,N1,A,False,False,0,3.0
2,5,112,1000733,Link,,N1,,,,4166,42.641
2,5,112,1000734,Bridge,bridge 194,N1,A,False,False,0,1.4
2,5,112,1000735,Link,,N1,,,,3778,518.433
2,5,112,1000737,Bridge,bridge 195,N1,A,False,False,0,4.5
2,5,112,1000738,Bridge,bridge 196,N1,A,False,False,0,9.3
2,5,112,1000739,Link,,N1,,,,4461,503.492
2,5,112,1000742,Bridge,bridge 197,N1,A,False,False,0,4.5
2,5,112,1000743,Bridge,bridge 198,N1,A,False,False,0,4.7
2,5,112,1000744,Link,,N1,,,,3619,403.97999999999996
2,5,112,1000746,Bridge,bridge 199,N1,A,False,False,0,2.0
2,5,112,1000747,Bridge,bridge 200,N1,A,False,False,0,3.0
2,5,112,1000748,Link,,N1,,,,8015,2992.2650000000003
2,5,112,1000756,Bridge,bridge 201,N1,A,False,False,0,13.64
2,5,112,1000757,Link,,N1,,,,6550,553.982
2,5,112,1000759,Bridge,bridge 202,N1,A,False,False,0,9.3
2,5,112,1000760,Link,,N1,,,,8014,891.135
2,5,112,1000763,Bridge,bridge 203,N1,A,False,False,0,3.0
2,5,112,1000764,Link,,N1,,,,7789,517.927
2,5,112,1000765,Bridge,bridge 204,N1,A,False,False,0,3.0
2,5,112,1000766,Link,,N1,,,,1548,393.273
2,5,112,1000768,Bridge,bridge 205,N1,C,False,False,2158,56.2
2,5,112,1000769,Link,,N1,,,,8016,929.458
2,5,112,1000771,Bridge,bridge 206,N1,A,False,False,0,14.3
2,5,112,1000772,Bridge,bridge 207,N1,A,False,False,0,2.1
2,5,112,1000773,Link,,N1,,,,80,143.183
2,5,112,1000774,Bridge,bridge 208,N1,A,True,True,6212,4.5
2,5,112,1000775,Bridge,bridge 209,N1,A,True,True,6217,3.0
2,5,112,1000776,Link,,N1,,,,4341,274.761
2,5,112,1000777,Bridge,bridge 210,N1,A,False,False,0,15.8
2,5,112,1000778,Link,,N1,,,,3759,685.763
2,5,112,1000779,Bridge,bridge 211,N1,A,True,True,6226,7.3
2,5,112,1000780,Bridge,bridge 212,N1,C,False,False,66,45.0
2,5,112,1000781,Link,,N1,,,,5600,281.291
2,5,112,1000782,Bridge,bridge 213,N1,A,False,False,0,14.0
2,5,112,1000783,Link,,N1,,,,8040,2157.717
2,5,112,1000788,Bridge,bridge 214,N1,A,False,False,4134,20.6
2,5,112,1000789,Link,,N1,,,,3907,779.9290000000001
2,5,112,1000791,Bridge,bridge 215,N1,B,True,True,6266,14.2
2,5,112,1000792,Link,,N1,,,,8070,967.735
2,5,112,1000794,Bridge,bridge 216,N1,A,True,True,6280,15.7
2,5,112,1000795,Link,,N1,,,,8087,789.5029999999999
2,5,112,1000797,Bridge,bridge 217,N1,D,True,True,6539,294.15
2,5,112,1000798,Link,,N1,,,,8149,2638.283
2,5,112,1000806,Bridge,bridge 218,N1,B,False,False,0,9.3
2,5,112,1000807,Link,,N1,,,,8150,1156.384
2,5,112,1000811,Bridge,bridge 219,N1,A,False,False,0,12.6
2,5,112,1000812,Link,,N1,,,,8149,1193.986
2,5,112,1000816,Bridge,bridge 220,N1,A,False,False,0,12.8
2,5,112,1000817,Link,,N1,,,,8148,826.8240000000001
2,5,112,1000821,Bridge,bridge 221,N1,A,False,False,0,9.3
2,5,112,1000822,Link,,N1,,,,8149,3043.6690000000003
2,5,112,1000828,Bridge,bridge 222,N1,C,False,False,0,58.57
2,5,112,1000829,Link,,N1,,,,4565,141.869
2,5,112,1000830,Bridge,bridge 223,N1,A,False,False,0,3.5
2,5,112,1000831,Link,,N1,,,,8151,958.518
2,5,112,1000835,Bridge,bridge 224,N1,C,False,False,2017,54.03
2,5,112,1000836,Link,,N1,,,,217,307.645
2,5,112,1000838,Bridge,bridge 225,N1,C,False,False,0,60.03
2,5,112,1000839,Link,,N1,,,,8158,4445.05
2,5,112,1000846,Bridge,bridge 226,N1,A,False,False,0,7.0
2,5,112,1000847,Bridge,bridge 227,N1,A,False,False,0,5.2
2,5,112,1000848,Link,,N1,,,,354,522.525
2,5,112,1000850,Bridge,bridge 228,N1,A,True,True,6337,9.3
2,5,112,1000851,Bridge,bridge 229,N1,A,True,True,6464,14.0
2,5,112,1000852,Link,,N1,,,,0,143.125
2,5,112,1000853,Bridge,bridge 230,N1,A,False,False,0,1.4
2,5,112,1000854,Bridge,bridge 231,N1,C,False,False,0,4.5
2,5,112,1000855,Link,,N1,,,,5957,193.459
2,5,112,1000856,Bridge,bridge 232,N1,A,False,False,0,2.5
2,5,112,1000857,Link,,N1,,,,8205,2724.735
2,5,112,1000863,Bridge,bridge 233,N1,A,False,False,0,4.8
2,5,112,1000864,Link,,N1,,,,2166,265.051
2,5,112,1000865,Bridge,bridge 234,N1,A,False,False,1367,46.0
2,5,112,1000866,Link,,N1,,,,8205,2604.727
2,5,112,1000875,Bridge,bridge 235,N1,A,False,False,0,14.0
2,5,112,1000876,Link,,N1,,,,8207,818.905
2,5,112,1000878,Bridge,bridge 236,N1,A,False,False,0,3.0
2,5,112,1000879,Bridge,bridge 237,N1,A,False,False,0,2.5
2,5,112,1000880,Link,,N1,,,,3667,648.054
2,5,112,1000881,Bridge,bridge 238,N1,A,False,False,69,7.5
2,5,112,1000882,Link,,N1,,,,6717,625.143
2,5,112,1000883,Bridge,bridge 239,N1,A,False,False,0,14.0
2,5,112,1000884,Link,,N1,,,,8214,3926.423
2,5,112,1000895,Bridge,bridge 240,N1,B,False,False,0,14.0
2,5,112,1000896,Link,,N1,,,,8211,1840.962
2,5,112,1000904,Bridge,bridge 241,N1,A,True,True,6442,9.2
2,5,112,1000905,Link,,N1,,,,293,475.65200000000004
2,5,112,1000907,Bridge,bridge 242,N1,A,False,False,0,1.5
2,5,112,1000908,Link,,N1,,,,0,78.97
2,5,112,1000909,Bridge,bridge 243,N1,A,False,False,0,3.0
2,5,112,1000910,Link,,N1,,,,8218,1744.132
2,5,112,1000912,Bridge,bridge 244,N1,A,False,False,0,8.2
2,5,112,1000913,Link,,N1,,,,2364,694.793
2,5,112,1000914,Bridge,bridge 245,N1,A,False,False,0,12.4
2,5,112,1000915,Link,,N1,,,,8220,731.289
2,5,112,1000917,Bridge,bridge 246,N1,A,False,False,0,2.0
2,5,112,1000918,Bridge,bridge 247,N1,A,False,False,0,6.8
2,5,112,1000919,Link,,N1,,,,8222,1659.246
2,5,112,1000922,Bridge,bridge 248,N1,A,False,False,0,13.0
2,5,112,1000923,Link,,N1,,,,8075,568.385
2,5,112,1000925,Bridge,bridge 249,N1,A,False,False,0,9.2
2,5,112,1000926,Link,,N1,,,,8222,954.924
2,5,112,1000930,Bridge,bridge 250,N1,C,True,True,7861,136.3
2,5,112,1000931,Link,,N1,,,,273,482.81399999999996
2,5,112,1000933,Bridge,bridge 251,N1,C,True,True,6420,4.5
2,5,112,1000934,Bridge,bridge 252,N1,C,False,False,0,11.3
2,5,112,1000935,Link,,N1,,,,1706,454.447
2,5,112,1000938,Bridge,bridge 253,N1,C,True,True,6428,2.4
2,5,112,1000939,Bridge,bridge 254,N1,B,False,False,0,7.2
2,5,112,1000940,Bridge,bridge 255,N1,C,True,True,6435,8.1
2,5,112,1000941,Link,,N1,,,,4601,204.765
2,5,112,1000942,Bridge,bridge 256,N1,A,False,False,0,10.9
2,5,112,1000943,Link,,N1,,,,3758,767.3389999999999
2,5,112,1000945,Bridge,bridge 257,N1,B,True,True,6441,2.2
2,5,112,1000946,Link,,N1,,,,1776,659.094
2,5,112,1000947,Bridge,bridge 258,N1,A,False,False,0,3.0
2,5,112,1000948,Bridge,bridge 259,N1,A,False,False,0,2.8
2,5,112,1000949,Bridge,bridge 260,N1,D,True,True,6483,10.0
2,5,112,1000950,Link,,N1,,,,144,262.551
2,5,112,1000952,Bridge,bridge 261,N1,A,False,False,0,1.6
2,5,112,1000953,Bridge,bridge 262,N1,A,True,True,6487,3.6
2,5,112,1000954,Bridge,bridge 263,N1,C,True,True,6495,8.0
2,5,112,1000955,Link,,N1,,,,1525,266.301
2,5,112,1000956,Bridge,bridge 264,N1,A,False,False,0,8.3
2,5,112,1000957,Bridge,bridge 265,N1,C,True,True,6585,22.0
2,5,112,1000958,Link,,N1,,,,129,250.441
2,5,112,1000959,Bridge,bridge 266,N1,C,True,True,6529,2.7
2,5,112,1000960,Bridge,bridge 267,N1,B,False,False,0,2.7
2,5,112,1000961,Bridge,bridge 268,N1,C,True,True,6538,2.9
2,5,112,1000962,Bridge,bridge 269,N1,C,True,True,6544,1.8
2,5,112,1000963,Link,,N1,,,,76,101.638
2,5,112,1000964,Bridge,bridge 270,N1,A,False,False,0,0.8
2,5,112,1000965,Bridge,bridge 271,N1,B,True,True,6551,1.5
2,5,112,1000966,Bridge,bridge 272,N1,A,False,False,0,1.5
2,5,112,1000967,Link,,N1,,,,0,10.603
2,5,112,1000968,Bridge,bridge 273,N1,A,False,False,0,1.3
2,5,112,1000969,Bridge,bridge 274,N1,A,False,False,0,1.3
2,5,112,1000970,Link,,N1,,,,213,340.96
2,5,112,1000971,Bridge,bridge 275,N1,A,False,False,0,1.3
2,5,112,1000972,Bridge,bridge 276,N1,B,False,False,0,1.3
2,5,112,1000973,Bridge,bridge 277,N1,C,True,True,6551,7.1
2,5,112,1000974,Link,,N1,,,,1436,132.046
2,5,112,1000975,Bridge,bridge 278,N1,A,False,False,67,2.5
2,5,112,1000976,Bridge,bridge 279,N1,A,False,False,0,1.3
2,5,112,1000977,Bridge,bridge 280,N1,C,True,True,6557,2.2
2,5,112,1000978,Bridge,bridge 281,N1,A,False,False,0,4.0
2,5,112,1000979,Link,,N1,,,,62,212.482
2,5,112,1000981,Bridge,bridge 282,N1,C,False,False,0,21.5
2,5,112,1000982,Link,,N1,,,,288,287.742
2,5,112,1000983,Bridge,bridge 283,N1,C,True,True,6590,11.3
2,5,112,1000984,Link,,N1,,,,1384,165.251
2,5,112,1000985,Bridge,bridge 284,N1,A,False,False,0,14.1
2,5,112,1000986,Link,,N1,,,,184,176.808
2,5,112,1000987,Bridge,bridge 285,N1,B,False,False,0,2.3
2,5,112,1000988,Link,,N1,,,,4913,332.11
2,5,112,1000989,Bridge,bridge 286,N1,C,False,False,0,24.1
2,5,112,1000990,Link,,N1,,,,8423,909.5799999999999
2,5,112,1000995,Bridge,bridge 287,N1,C,False,False,0,45.6
2,5,112,1000996,Link,,N1,,,,1644,472.657
2,5,112,1000997,Bridge,bridge 288,N1,C,True,True,6591,5.0
2,5,112,1000998,Link,,N1,,,,0,67.358
2,5,112,1000999,Bridge,bridge 289,N1,D,True,True,6622,11.2
2,5,112,1001000,Link,,N1,,,,212,171.98
2,5,112,1001001,Bridge,bridge 290,N1,B,False,False,0,1.3
2,5,112,1001002,Link,,N1,,,,0,71.565
2,5,112,1001003,Bridge,bridge 291,N1,C,False,False,0,49.3
2,5,112,1001004,Link,,N1,,,,1569,349.98699999999997
2,5,112,1001007,Bridge,bridge 292,N1,B,False,False,0,2.4
2,5,112,1001008,Link,,N1,,,,8462,837.0160000000001
2,5,112,1001016,Bridge,bridge 293,N1,C,False,False,0,2.3
2,5,112,1001017,Bridge,bridge 294,N1,D,True,True,6683,61.3
2,5,112,1001018,Link,,N1,,,,8509,1862.991
2,5,112,1001028,Bridge,bridge 295,N1,A,False,False,0,14.1
2,5,112,1001029,Bridge,bridge 296,N1,B,False,False,0,11.0
2,5,112,1001030,Link,,N1,,,,1447,120.457
2,5,112,1001031,Bridge,bridge 297,N1,A,False,False,0,10.3
2,5,112,1001032,Link,,N1,,,,8511,1364.3339999999998
2,5,112,1001037,Bridge,bridge 298,N1,A,False,False,82,14.0
2,5,112,1001038,Bridge,bridge 299,N1,A,False,False,0,23.5
2,5,112,1001039,Link,,N1,,,,1392,153.1
2,5,112,1001040,Bridge,bridge 300,N1,C,False,False,55,50.6
2,5,112,1001041,Link,,N1,,,,8508,828.562
2,5,112,1001043,Bridge,bridge 301,N1,C,False,False,0,6.6
2,5,112,1001044,Bridge,bridge 302,N1,A,False,False,0,2.4
2,5,112,1001045,Bridge,bridge 303,N1,A,False,False,0,17.0
2,5,112,1001046,Link,,N1,,,,1943,326.336
2,5,112,1001047,Bridge,bridge 304,N1,A,False,False,0,2.4
2,5,112,1001048,Bridge,bridge 305,N1,C,True,True,6683,11.1
2,5,112,1001049,Link,,N1,,,,67,81.501
2,5,112,1001050,Bridge,bridge 306,N1,C,False,False,0,8.5
2,5,112,1001051,Link,,N1,,,,61,80.084
2,5,112,1001053,Bridge,bridge 307,N1,C,True,True,6763,2.4
2,5,112,1001054,Bridge,bridge 308,N1,B,False,False,0,20.7
2,5,112,1001055,Link,,N1,,,,8539,4007.664
2,5,112,1001067,Bridge,bridge 309,N1,B,False,False,0,2.2
2,5,112,1001068,Bridge,bridge 310,N1,C,False,False,0,10.9
2,5,112,1001069,Link,,N1,,,,4950,21.237
2,5,112,1001070,Bridge,bridge 311,N1,C,False,False,0,2.1
2,5,112,1001071,Link,,N1,,,,0,86.454
2,5,112,1001072,Bridge,bridge 312,N1,A,False,False,0,2.0
2,5,112,1001073,Bridge,bridge 313,N1,A,False,False,0,1.8
2,5,112,1001074,Bridge,bridge 314,N1,A,False,False,0,2.2
2,5,112,1001075,Link,,N1,,,,8540,728.848
2,5,112,1001077,Bridge,bridge 315,N1,A,False,False,0,6.4
2,5,112,1001078,Bridge,bridge 316,N1,A,False,False,0,2.2
2,5,112,1001079,Link,,N1,,,,3588,757.9369999999999
2,5,112,1001082,Bridge,bridge 317,N1,A,True,True,6689,3.1
2,5,112,1001083,Bridge,bridge 318,N1,C,True,True,6729,38.7
2,5,112,1001084,Link,,N1,,,,0,6.171
2,5,112,1001085,Bridge,bridge 319,N1,A,False,False,0,3.0
2,5,112,1001086,Link,,N1,,,,6584,320.477
2,5,112,1001088,Bridge,bridge 320,N1,B,False,False,0,9.4
2,5,112,1001089,Bridge,bridge 321,N1,D,False,False,0,15.4
2,5,112,1001090,Link,,N1,,,,8577,2981.3250000000003
2,5,112,1001095,Bridge,bridge 322,N1,C,False,False,0,3.0
2,5,112,1001096,Bridge,bridge 323,N1,A,False,False,0,4.6
2,5,112,1001097,Link,,N1,,,,5265,505.318
2,5,112,1001098,Bridge,bridge 324,N1,C,False,False,0,9.4
2,5,112,1001099,Bridge,bridge 325,N1,C,False,False,0,15.2
2,5,112,1001100,Link,,N1,,,,3311,307.552
2,5,112,1001102,Bridge,bridge 326,N1,C,True,True,6903,58.0
2,5,112,1001103,Link,,N1,,,,73,239.243
2,5,112,1001104,Bridge,bridge 327,N1,B,True,True,6768,3.3
2,5,112,1001105,Link,,N1,,,,6752,492.784
2,5,112,1001106,Bridge,bridge 328,N1,C,False,False,0,15.4
2,5,112,1001107,Link,,N1,,,,124,237.938
2,5,112,1001108,Bridge,bridge 329,N1,A,False,False,0,3.3
2,5,112,1001109,Link,,N1,,,,1754,88.805
2,5,112,1001110,Bridge,bridge 330,N1,D,True,True,6803,12.3
2,5,112,1001111,Link,,N1,,,,1668,460.183
2,5,112,1001112,Bridge,bridge 331,N1,C,False,False,0,1.2
2,5,112,1001113,Bridge,bridge 332,N1,C,False,False,65,15.2
2,5,112,1001114,Link,,N1,,,,59,161.131
2,5,112,1001115,Bridge,bridge 333,N1,C,True,True,6804,1.3
2,5,112,1001116,Bridge,bridge 334,N1,A,False,False,0,3.3
2,5,112,1001117,Bridge,bridge 335,N1,B,False,False,0,4.7
2,5,112,1001118,Link,,N1,,,,137,230.319
2,5,112,1001119,Bridge,bridge 336,N1,C,False,False,0,1.2
2,5,112,1001120,Link,,N1,,,,1551,289.032
2,5,112,1001121,Bridge,bridge 337,N1,D,True,True,6806,6.4
2,5,112,1001122,Bridge,bridge 338,N1,A,False,False,0,3.35
2,5,112,1001123,Bridge,bridge 339,N1,C,False,False,0,13.0
2,5,112,1001124,Link,,N1,,,,54,44.541
2,5,112,1001125,Bridge,bridge 340,N1,A,False,False,0,3.2
2,5,112,1001126,Link,,N1,,,,124,93.005
2,5,112,1001127,Bridge,bridge 341,N1,A,False,False,0,3.4
2,5,112,1001128,Bridge,bridge 342,N1,A,False,False,0,2.8
2,5,112,1001129,Bridge,bridge 343,N1,D,True,True,6844,12.8
2,5,112,1001130,Link,,N1,,,,73,188.431
2,5,112,1001131,Bridge,bridge 344,N1,A,False,False,0,1.2
2,5,112,1001132,Link,,N1,,,,207,332.301
2,5,112,1001134,Bridge,bridge 345,N1,A,False,False,0,1.2
2,5,112,1001135,Bridge,bridge 346,N1,A,False,False,0,1.2
2,5,112,1001136,Bridge,bridge 347,N1,A,False,False,0,2.8
2,5,112,1001137,Bridge,bridge 348,N1,A,False,False,0,2.8
2,5,112,1001138,Bridge,bridge 349,N1,A,False,False,0,1.2
2,5,112,1001139,Link,,N1,,,,1528,192.257
2,5,112,1001140,Bridge,bridge 350,N1,C,True,True,6834,1.2
2,5,112,1001141,Bridge,bridge 351,N1,C,True,True,6930,34.2
2,5,112,1001142,Link,,N1,,,,0,90.29100000000001
2,5,112,1001144,Bridge,bridge 352,N1,A,False,False,0,2.7
2,5,112,1001145,Bridge,bridge 353,N1,A,False,False,0,2.7
2,5,112,1001146,Bridge,bridge 354,N1,A,False,False,0,4.2
2,5,112,1001147,Link,,N1,,,,73,110.564
2,5,112,1001148,Bridge,bridge 355,N1,A,True,True,6875,1.2
2,5,112,1001149,Bridge,bridge 356,N1,A,False,False,0,2.8
2,5,112,1001150,Bridge,bridge 357,N1,A,False,False,0,1.2
2,5,112,1001151,Bridge,bridge 358,N1,B,False,False,0,14.0
2,5,112,1001152,Link,,N1,,,,0,120.676
2,5,112,1001153,Bridge,bridge 359,N1,A,False,False,0,1.2
2,5,112,1001154,Link,,N1,,,,207,121.05
2,5,112,1001155,Bridge,bridge 360,N1,A,False,False,0,1.0
2,5,112,1001156,Bridge,bridge 361,N1,A,False,False,0,1.0
2,5,112,1001157,Bridge,bridge 362,N1,A,False,False,0,3.0
2,5,112,1001158,Bridge,bridge 363,N1,C,True,True,6882,6.1
2,5,112,1001159,Link,,N1,,,,1465,269.735
2,5,112,1001161,Bridge,bridge 364,N1,A,False,False,65,5.8
2,5,112,1001162,Bridge,bridge 365,N1,A,False,False,0,1.3
2,5,112,1001163,Link,,N1,,,,7215,648.947
2,5,112,1001164,Bridge,bridge 366,N1,A,False,False,0,1.2
2,5,112,1001165,Bridge,bridge 367,N1,C,False,False,1411,30.9
2,5,112,1001166,Link,,N1,,,,458,624.2850000000001
2,5,112,1001171,Bridge,bridge 368,N1,C,True,True,6890,1.2
2,5,112,1001172,Bridge,bridge 369,N1,D,False,False,0,9.4
2,5,112,1001173,Bridge,bridge 370,N1,C,True,True,6920,11.8
2,5,112,1001174,Bridge,bridge 371,N1,C,False,False,0,2.8
2,5,112,1001175,Link,,N1,,,,1662,564.835
2,5,112,1001179,Bridge,bridge 372,N1,C,True,True,6924,1.2
2,5,112,1001180,Bridge,bridge 373,N1,C,True,True,6951,31.7
2,5,112,1001181,Link,,N1,,,,1798,530.9250000000001
2,5,112,1001184,Bridge,bridge 374,N1,C,False,False,0,1.2
2,5,112,1001185,Bridge,bridge 375,N1,C,True,True,6956,1.2
2,5,112,1001186,Bridge,bridge 376,N1,A,False,False,0,6.2
2,5,112,1001187,Link,,N1,,,,1693,636.894
2,5,112,1001190,Bridge,bridge 377,N1,C,True,True,7039,32.1
2,5,112,1001191,Link,,N1,,,,8838,954.6469999999999
2,5,112,1001196,Bridge,bridge 378,N1,A,False,False,0,4.4
2,5,112,1001197,Bridge,bridge 379,N1,A,False,False,0,2.9
2,5,112,1001198,Link,,N1,,,,5703,561.268
2,5,112,1001200,Bridge,bridge 380,N1,A,False,False,0,2.8
2,5,112,1001201,Bridge,bridge 381,N1,A,False,False,0,2.8
2,5,112,1001202,Bridge,bridge 382,N1,A,False,False,0,1.9
2,5,112,1001203,Link,,N1,,,,3334,632.759
2,5,112,1001206,Bridge,bridge 383,N1,C,True,True,7087,45.6
2,5,112,1001207,Link,,N1,,,,1418,166.121
2,5,112,1001208,Bridge,bridge 384,N1,B,False,False,0,2.8
2,5,112,1001209,Link,,N1,,,,250,392.326
2,5,112,1001211,Bridge,bridge 385,N1,C,False,False,0,12.5
2,5,112,1001212,Link,,N1,,,,8857,983.598
2,5,112,1001217,Bridge,bridge 386,N1,C,True,True,7104,29.9
2,5,112,1001218,Link,,N1,,,,7228,693.396
2,5,112,1001221,Bridge,bridge 387,N1,C,False,False,0,1.2
2,5,112,1001222,Link,,N1,,,,8888,957.382
2,5,112,1001226,Bridge,bridge 388,N1,C,True,True,7045,36.6
2,5,112,1001227,Link,,N1,,,,1669,538.547
2,5,112,1001228,Bridge,bridge 389,N1,A,True,True,7047,2.8
2,5,112,1001229,Link,,N1,,,,206,261.894
2,5,112,1001230,Bridge,bridge 390,N1,A,False,False,0,1.2
2,5,112,1001231,Bridge,bridge 391,N1,B,False,False,0,8.8
2,5,112,1001232,Bridge,bridge 392,N1,A,False,False,0,1.2
2,5,112,1001233,Link,,N1,,,,1598,216.91
2,5,112,1001234,Bridge,bridge 393,N1,A,False,False,0,9.2
2,5,112,1001235,Bridge,bridge 394,N1,C,True,True,7072,41.75
2,5,112,1001236,Link,,N1,,,,278,458.775
2,5,112,1001237,Bridge,bridge 395,N1,A,False,False,0,7.5
2,5,112,1001238,Bridge,bridge 396,N1,C,True,True,7103,37.2
2,5,112,1001239,Link,,N1,,,,1734,599.083
2,5,112,1001240,Bridge,bridge 397,N1,A,False,False,0,2.7
2,5,112,1001241,Bridge,bridge 398,N1,A,False,False,0,1.2
2,5,112,1001242,Bridge,bridge 399,N1,C,True,True,7124,38.0
2,5,112,1001243,Link,,N1,,,,1743,405.914
2,5,112,1001244,Bridge,bridge 400,N1,B,True,True,7169,51.0
2,5,112,1001245,Link,,N1,,,,0,44.745
2,5,112,1001246,Bridge,bridge 401,N1,B,False,False,0,13.5
2,5,112,1001247,Link,,N1,,,,0,26.188
2,5,112,1001248,Bridge,bridge 402,N1,B,False,False,0,13.5
2,5,112,1001249,Link,,N1,,,,135,267.679
2,5,112,1001250,Bridge,bridge 403,N1,C,True,True,7326,37.6
2,5,112,1001251,Link,,N1,,,,0,110.32300000000001
2,5,112,1001253,Bridge,bridge 404,N1,B,False,False,0,1.2
2,5,112,1001254,Link,,N1,,,,7237,162.705
2,5,112,1001255,Bridge,bridge 405,N1,C,False,False,65,29.3
2,5,112,1001256,Link,,N1,,,,59,40.06
2,5,112,1001257,Bridge,bridge 406,N1,A,False,False,0,2.8
2,5,112,1001258,Bridge,bridge 407,N1,A,False,False,0,2.8
2,5,112,1001259,Bridge,bridge 408,N1,A,False,False,0,2.8
2,5,112,1001260,Link,,N1,,,,0,164.149
2,5,112,1001261,Bridge,bridge 409,N1,B,False,False,0,15.1
2,5,112,1001262,Link,,N1,,,,9049,704.308
2,5,112,1001267,Bridge,bridge 410,N1,A,False,False,0,9.0
2,5,112,1001268,Bridge,bridge 411,N1,B,False,False,0,9.0
2,5,112,1001269,Link,,N1,,,,1687,463.751
2,5,112,1001272,Bridge,bridge 412,N1,C,False,False,0,37.3
2,5,112,1001273,Link,,N1,,,,9051,878.693
2,5,112,1001276,Bridge,bridge 413,N1,A,False,False,0,1.5
2,5,112,1001277,Bridge,bridge 414,N1,C,False,False,0,1.5
2,5,112,1001278,Bridge,bridge 415,N1,C,False,False,0,35.9
2,5,112,1001279,Link,,N1,,,,9062,9480.691
2,5,112,1001338,SourceSink,sourcesink 2,N1,,,,1858,6.171
2,5,112,1001340,SourceSink,sourcesink 3,N102,,,,16813,308.839
2,5,112,1001341,Link,,N102,,,,5866,1670.9609999999998
2,5,112,1001344,Bridge,bridge 417,N102,A,False,False,0,1.5
2,5,112,1001345,Bridge,bridge 418,N102,A,False,False,0,1.6
2,5,112,1001346,Bridge,bridge 419,N102,A,False,False,0,1.4
2,5,112,1001347,Link,,N102,,,,5864,1467.22
2,5,112,1001349,Bridge,bridge 420,N102,B,False,False,0,2.5
2,5,112,1001350,Link,,N102,,,,5865,2777.792
2,5,112,1001353,Bridge,bridge 421,N102,C,False,False,0,3.75
2,5,112,1001354,Link,,N102,,,,5863,1236.07
2,5,112,1001355,Bridge,bridge 422,N102,A,False,False,1976,17.8
2,5,112,1001356,Link,,N102,,,,3888,544.388
2,5,112,1001358,Bridge,bridge 423,N102,A,False,False,0,3.0
2,5,112,1001359,Link,,N102,,,,5864,1228.19
2,5,112,1001362,Bridge,bridge 424,N102,A,False,False,0,3.2
2,5,112,1001363,Bridge,bridge 425,N102,C,False,False,0,3.0
2,5,112,1001364,Link,,N102,,,,5867,5407.765
2,5,112,1001368,Bridge,bridge 426,N102,A,True,True,4668,5.7
2,5,112,1001369,Link,,N102,,,,5866,1753.4470000000001
2,5,112,1001371,Bridge,bridge 427,N102,A,False,False,0,3.0
2,5,112,1001372,Link,,N102,,,,5865,643.745
2,5,112,1001373,Bridge,bridge 428,N102,C,False,False,0,6.2
2,5,112,1001374,Link,,N102,,,,3191,723.825
2,5,112,1001375,Bridge,bridge 429,N102,A,False,False,0,6.0
2,5,112,1001376,Bridge,bridge 430,N102,A,False,False,0,2.5
2,5,112,1001377,Link,,N102,,,,5867,1469.645
2,5,112,1001380,Bridge,bridge 431,N102,B,False,False,0,4.6
2,5,112,1001381,Bridge,bridge 432,N102,A,False,False,0,1.3
2,5,112,1001382,Link,,N102,,,,2673,419.476
2,5,112,1001383,Bridge,bridge 433,N102,A,False,False,0,9.6
2,5,112,1001384,Link,,N102,,,,5865,894.684
2,5,112,1001386,Bridge,bridge 434,N102,A,False,False,1990,33.4
2,5,112,1001387,Link,,N102,,,,1203,380.324
2,5,112,1001389,Bridge,bridge 435,N102,A,False,False,2672,113.8
2,5,112,1001390,Link,,N102,,,,2513,383.24199999999996
2,5,112,1001393,Bridge,bridge 436,N102,A,False,False,0,9.4
2,5,112,1001394,Link,,N102,,,,680,148.294
2,5,112,1001395,Bridge,bridge 437,N102,A,False,False,0,9.3
2,5,112,1001396,Link,,N102,,,,2672,344.598
2,5,112,1001397,Bridge,bridge 438,N102,B,False,False,0,6.1
2,5,112,1001398,Link,,N102,,,,0,67.642
2,5,112,1001399,Bridge,bridge 439,N102,C,False,False,0,51.25
2,5,112,1001400,Link,,N102,,,,0,50.734
2,5,112,1001401,Bridge,bridge 440,N102,A,True,True,4674,12.3
2,5,112,1001402,Link,,N102,,,,3200,341.629
2,5,112,1001403,Bridge,bridge 441,N102,A,False,False,0,6.0
2,5,112,1001404,Bridge,bridge 442,N102,C,False,False,0,52.0
2,5,112,1001405,Link,,N102,,,,0,52.49
2,5,112,1001406,Bridge,bridge 443,N102,A,False,False,0,12.6
2,5,112,1001407,Link,,N102,,,,0,94.473
2,5,112,1001408,Bridge,bridge 444,N102,C,False,False,0,24.5
2,5,112,1001409,Link,,N102,,,,3173,373.41299999999995
2,5,112,1001411,Bridge,bridge 445,N102,B,False,False,0,4.5
2,5,112,1001412,Bridge,bridge 446,N102,B,False,False,677,6.0
2,5,112,1001413,Bridge,bridge 447,N102,C,False,False,0,12.6
2,5,112,1001414,Link,,N102,,,,0,38.153
2,5,112,1001416,Bridge,bridge 448,N102,C,False,False,0,9.5
2,5,112,1001417,Link,,N102,,,,1998,293.923
2,5,112,1001418,Bridge,bridge 449,N102,C,False,False,0,9.2
2,5,112,1001419,Link,,N102,,,,0,8.376
2,5,112,1001420,Bridge,bridge 450,N102,A,False,False,0,9.4
2,5,112,1001421,Link,,N102,,,,5848,607.501
2,5,112,1001423,Bridge,bridge 451,N102,C,False,False,0,3.0
2,5,112,1001424,Bridge,bridge 452,N102,A,False,False,0,9.5
2,5,112,1001425,Link,,N102,,,,2648,438.565
2,5,112,1001426,Bridge,bridge 453,N102,C,False,False,525,35.5
2,5,112,1001427,Link,,N102,,,,0,41.978
2,5,112,1001428,Bridge,bridge 454,N102,B,False,False,0,9.3
2,5,112,1001429,Link,,N102,,,,0,50.283
2,5,112,1001431,Bridge,bridge 455,N102,A,False,False,0,6.5
2,5,112,1001432,Bridge,bridge 456,N102,A,False,False,0,12.2
2,5,112,1001433,Link,,N102,,,,677,14.985
2,5,112,1001434,Bridge,bridge 457,N102,A,False,False,0,12.2
2,5,112,1001435,Link,,N102,,,,0,125.284
2,5,112,1001437,Bridge,bridge 458,N102,C,True,True,4666,12.6
2,5,112,1001438,Link,,N102,,,,0,10.489
2,5,112,1001439,Bridge,bridge 459,N102,A,False,False,0,4.8
2,5,112,1001440,Link,,N102,,,,2015,425.805
2,5,112,1001442,Bridge,bridge 460,N102,A,False,False,0,12.5
2,5,112,1001443,Link,,N102,,,,0,12.565
2,5,112,1001444,Bridge,bridge 461,N102,A,False,False,0,6.2
2,5,112,1001445,Link,,N102,,,,0,21.819
2,5,112,1001446,Bridge,bridge 462,N102,B,False,False,527,17.2
2,5,112,1001447,Link,,N102,,,,675,272.484
2,5,112,1001449,Bridge,bridge 463,N102,B,False,False,2628,52.4
2,5,112,1001450,Link,,N102,,,,3217,685.42
2,5,112,1001452,Bridge,bridge 464,N102,B,False,False,0,12.3
2,5,112,1001453,Link,,N102,,,,5845,1704.49
2,5,112,1001455,Bridge,bridge 465,N102,A,True,True,4663,12.2
2,5,112,1001456,Link,,N102,,,,0,290.834
2,5,112,1001459,Bridge,bridge 466,N102,A,False,False,0,37.0
2,5,112,1001460,Link,,N102,,,,0,37.54
2,5,112,1001461,Bridge,bridge 467,N102,B,False,False,0,18.6
2,5,112,1001462,Link,,N102,,,,3231,275.724
2,5,112,1001464,Bridge,bridge 468,N102,A,False,False,0,6.0
2,5,112,1001465,Link,,N102,,,,5173,702.905
2,5,112,1001466,Bridge,bridge 469,N102,A,False,False,0,14.5
2,5,112,1001467,Link,,N102,,,,3284,253.27800000000002
2,5,112,1001469,Bridge,bridge 470,N102,C,False,False,0,12.0
2,5,112,1001470,Link,,N102,,,,528,475.519
2,5,112,1001471,Bridge,bridge 471,N102,B,True,True,4658,12.6
2,5,112,1001472,Link,,N102,,,,2716,381.043
2,5,112,1001473,Bridge,bridge 472,N102,B,False,False,0,16.06
2,5,112,1001474,Link,,N102,,,,5840,826.211
2,5,112,1001476,Bridge,bridge 473,N102,A,False,False,0,12.2
2,5,112,1001477,Link,,N102,,,,3122,367.648
2,5,112,1001478,Bridge,bridge 474,N102,C,True,True,4654,17.3
2,5,112,1001479,Link,,N102,,,,5832,1057.094
2,5,112,1001482,Bridge,bridge 475,N102,B,True,True,4642,49.75
2,5,112,1001483,Link,,N102,,,,2599,458.86199999999997
2,5,112,1001485,Bridge,bridge 476,N102,B,False,False,0,36.8
2,5,112,1001486,Link,,N102,,,,5825,1697.849
2,5,112,1001489,Bridge,bridge 477,N102,B,False,False,0,8.7
2,5,112,1001490,Link,,N102,,,,0,9.263
2,5,112,1001491,Bridge,bridge 478,N102,A,False,False,0,4.6
2,5,112,1001492,Link,,N102,,,,5824,789.269
2,5,112,1001494,Bridge,bridge 479,N102,B,False,False,2555,166.3
2,5,112,1001495,Link,,N102,,,,5824,1209.554
2,5,112,1001498,Bridge,bridge 480,N102,B,False,False,2601,34.2
2,5,112,1001499,Link,,N102,,,,669,262.714
2,5,112,1001501,Bridge,bridge 481,N102,B,False,False,0,3.0
2,5,112,1001502,Bridge,bridge 482,N102,C,False,False,0,16.38
2,5,112,1001503,Link,,N102,,,,5826,2555.9179999999997
2,5,112,1001509,Bridge,bridge 483,N102,A,False,False,0,5.5
2,5,112,1001510,Bridge,bridge 484,N102,A,False,False,0,5.6
2,5,112,1001511,Link,,N102,,,,0,68.285
2,5,112,1001512,Bridge,bridge 485,N102,C,False,False,0,21.25
2,5,112,1001513,Link,,N102,,,,5824,1028.276
2,5,112,1001516,Bridge,bridge 486,N102,C,False,False,2602,50.25
2,5,112,1001517,Link,,N102,,,,3221,445.74
2,5,112,1001519,Bridge,bridge 487,N102,A,False,False,0,5.6
2,5,112,1001520,Link,,N102,,,,2603,336.013
2,5,112,1001521,Bridge,bridge 488,N102,A,False,False,0,5.6
2,5,112,1001522,Link,,N102,,,,3220,351.684
2,5,112,1001523,Bridge,bridge 489,N102,B,False,False,0,12.0
2,5,112,1001524,Link,,N102,,,,5823,1877.7669999999998
2,5,112,1001528,Bridge,bridge 490,N102,B,False,False,0,3.0
2,5,112,1001529,Link,,N102,,,,3272,451.313
2,5,112,1001530,Bridge,bridge 491,N102,C,False,False,2550,90.6
2,5,112,1001531,Link,,N102,,,,5823,5966.170000000001
2,5,112,1001545,Bridge,bridge 492,N102,C,False,False,2605,16.68
2,5,112,1001546,Link,,N102,,,,3218,536.826
2,5,112,1001548,Bridge,bridge 493,N102,A,False,False,0,3.0
2,5,112,1001549,Bridge,bridge 494,N102,B,False,False,0,6.5
2,5,112,1001550,Link,,N102,,,,0,224.173
2,5,112,1001551,Bridge,bridge 495,N102,A,False,False,0,7.0
2,5,112,1001552,Link,,N102,,,,5823,777.982
2,5,112,1001553,Bridge,bridge 496,N102,B,False,False,0,3.0
2,5,112,1001554,Link,,N102,,,,5823,619.614
2,5,112,1001555,SourceSink,sourcesink 4,N102,,,,12076,1009.585
2,5,112,1001556,Bridge,bridge 497,N102,A,False,False,0,3.0
2,5,112,1001557,Intersection,intersection 4,N102,,,,26152,830.934
2,5,112,1001558,SourceSink,sourcesink 5,N104,,,,2799,0.0
2,5,112,1001559,Bridge,bridge 498,N104,A,False,False,0,3.65
2,5,112,1001560,Link,,N104,,,,2616,557.245
2,5,112,1001562,Link,,N104,,,,1400,102.395
2,5,112,1001563,Bridge,bridge 500,N104,C,False,False,0,2.7
2,5,112,1001564,Link,,N104,,,,9751,1627.341
2,5,112,1001567,Bridge,bridge 501,N104,B,False,False,0,2.7
2,5,112,1001568,Link,,N104,,,,9756,2848.844
2,5,112,1001572,Bridge,bridge 502,N104,A,False,False,0,1.9
2,5,112,1001573,Bridge,bridge 503,N104,B,True,True,7974,89.23
2,5,112,1001574,Link,,N104,,,,7477,633.268
2,5,112,1001577,Bridge,bridge 504,N104,C,False,False,0,2.8
2,5,112,1001578,Link,,N104,,,,9661,576.053
2,5,112,1001579,Bridge,bridge 505,N104,A,False,False,0,3.0
2,5,112,1001580,Link,,N104,,,,2459,366.155
2,5,112,1001581,Bridge,bridge 506,N104,A,False,False,0,48.1
2,5,112,1001582,Link,,N104,,,,9799,1101.237
2,5,112,1001585,Bridge,bridge 507,N104,C,False,False,0,3.0
2,5,112,1001586,Link,,N104,,,,9800,1861.9930000000002
2,5,112,1001590,Bridge,bridge 508,N104,C,False,False,0,4.4
2,5,112,1001591,Link,,N104,,,,9799,1706.8919999999998
2,5,112,1001594,Bridge,bridge 509,N104,A,False,False,2162,6.0
2,5,112,1001595,Link,,N104,,,,9803,3234.114
2,5,112,1001602,Bridge,bridge 510,N104,C,False,False,0,3.1
2,5,112,1001603,Link,,N104,,,,7338,404.318
2,5,112,1001604,Bridge,bridge 511,N104,C,False,False,95,9.25
2,5,112,1001605,Link,,N104,,,,2455,550.039
2,5,112,1001608,Bridge,bridge 512,N104,B,False,False,0,2.8
2,5,112,1001609,Link,,N104,,,,9805,1167.6860000000001
2,5,112,1001612,Bridge,bridge 513,N104,A,False,False,0,2.5
2,5,112,1001613,Link,,N104,,,,9808,1709.763
2,5,112,1001615,Bridge,bridge 514,N104,C,False,False,0,2.7
2,5,112,1001616,Link,,N104,,,,9671,585.304
2,5,112,1001617,Bridge,bridge 515,N104,A,False,False,0,9.1
2,5,112,1001618,Link,,N104,,,,9810,1268.649
2,5,112,1001620,Bridge,bridge 516,N104,B,False,False,0,3.0
2,5,112,1001621,Link,,N104,,,,7358,419.033
2,5,112,1001622,Bridge,bridge 517,N104,C,False,False,0,6.0
2,5,112,1001623,Link,,N104,,,,2454,375.107
2,5,112,1001624,Bridge,bridge 518,N104,B,False,False,0,3.2
2,5,112,1001625,Link,,N104,,,,9813,1656.213
2,5,112,1001627,Bridge,bridge 519,N104,A,False,False,0,20.5
2,5,112,1001628,Link,,N104,,,,9813,1209.173
2,5,112,1001634,Bridge,bridge 520,N104,B,False,False,71,38.2
2,5,112,1001635,Link,,N104,,,,3821,503.601
2,5,112,1001637,Bridge,bridge 521,N104,A,True,True,7872,3.1
2,5,112,1001638,Bridge,bridge 522,N104,A,False,False,0,6.5
2,5,112,1001639,Link,,N104,,,,9817,938.934
2,5,112,1001641,Bridge,bridge 523,N104,C,True,True,7881,3.2
2,5,112,1001642,Link,,N104,,,,9829,957.988
2,5,112,1001644,Bridge,bridge 524,N104,B,True,True,7916,18.6
2,5,112,1001645,Link,,N104,,,,9855,1231.3249999999998
2,5,112,1001649,Bridge,bridge 525,N104,D,False,False,0,6.2
2,5,112,1001650,Link,,N104,,,,9859,3622.993
2,5,112,1001660,Bridge,bridge 526,N104,C,False,False,0,1.0
2,5,112,1001661,Link,,N104,,,,84,72.151
2,5,112,1001662,Bridge,bridge 527,N104,A,False,False,0,6.4
2,5,112,1001663,Link,,N104,,,,7496,604.281
2,5,112,1001666,Bridge,bridge 528,N104,A,False,False,0,6.5
2,5,112,1001667,Link,,N104,,,,9860,2592.199
2,5,112,1001673,Bridge,bridge 529,N104,B,False,False,0,2.0
2,5,112,1001674,Bridge,bridge 530,N104,A,False,False,0,3.0
2,5,112,1001675,Link,,N104,,,,9860,1656.762
2,5,112,1001680,SourceSink,sourcesink 6,N104,,,,2660,118.23
2,5,112,1001682,SourceSink,sourcesink 7,N105,,,,8655,999.355
2,5,112,1001683,Bridge,bridge 531,N105,A,False,False,0,6.25
2,5,112,1001684,Link,,N105,,,,8073,934.321
2,5,112,1001685,Bridge,bridge 532,N105,A,False,False,1120,6.1
2,5,112,1001686,Link,,N105,,,,6952,761.352
2,5,112,1001687,Bridge,bridge 533,N105,A,False,False,0,6.0
2,5,112,1001688,Link,,N105,,,,8073,2302.9480000000003
2,5,112,1001693,Bridge,bridge 534,N105,A,False,False,0,6.0
2,5,112,1001694,Link,,N105,,,,8077,5891.884999999999
2,5,112,1002030,Bridge,bridge 535,N105,A,False,False,8315,546.0
2,5,112,1001712,Link,,N105,,,,9422,4232.207
2,5,112,1001717,Bridge,bridge 536,N105,A,False,False,0,10.4
2,5,112,1001718,Bridge,bridge 537,N105,A,False,False,0,6.2
2,5,112,1001719,Link,,N105,,,,9421,967.871
2,5,112,1001722,Bridge,bridge 538,N105,A,False,False,0,4.6
2,5,112,1001723,Link,,N105,,,,9431,7952.779
2,5,112,1001741,Bridge,bridge 539,N105,A,False,False,20,4.5
2,5,112,1001742,Bridge,bridge 540,N105,A,False,False,0,4.5
2,5,112,1001743,Link,,N105,,,,14,156.1
2,5,112,1001745,Bridge,bridge 541,N105,A,False,False,414,4.5
2,5,112,1001746,Link,,N105,,,,9432,2525.4930000000004
2,5,112,1001752,Bridge,bridge 542,N105,A,False,False,0,4.5
2,5,112,1001753,Bridge,bridge 543,N105,A,False,False,0,1.0
2,5,112,1001754,Link,,N105,,,,8935,513.289
2,5,112,1001755,Bridge,bridge 544,N105,A,False,False,0,3.4
2,5,112,1001756,Link,,N105,,,,9434,1724.134
2,5,112,1001761,Bridge,bridge 545,N105,A,False,False,0,5.0
2,5,112,1001762,Link,,N105,,,,9400,642.369
2,5,112,1001763,Bridge,bridge 546,N105,A,False,False,20,13.0
2,5,112,1001764,Link,,N105,,,,9435,965.64
2,5,112,1001766,Bridge,bridge 547,N105,A,False,False,0,4.5
2,5,112,1001767,Link,,N105,,,,9435,1945.8090000000002
2,5,112,1001772,Bridge,bridge 548,N105,A,False,False,0,7.0
2,5,112,1001773,Link,,N105,,,,9400,599.635
2,5,112,1001774,Bridge,bridge 549,N105,A,False,False,0,3.0
2,5,112,1001775,Link,,N105,,,,9436,1055.609
2,5,112,1001778,Bridge,bridge 550,N105,A,False,False,26,3.0
2,5,112,1001779,Bridge,bridge 551,N105,A,False,False,0,3.0
2,5,112,1001780,Link,,N105,,,,9444,5919.028999999999
2,5,112,1001797,SourceSink,sourcesink 8,N105,,,,2244,544.112
2,5,112,1001799,Bridge,bridge 552,N106,C,True,True,9598,2.1
2,5,112,1001800,Bridge,bridge 553,N106,A,False,False,0,3.0
2,5,112,1001801,Bridge,bridge 554,N106,C,False,False,0,2.1
2,5,112,1001802,SourceSink,sourcesink 9,N106,,,,11946,177.932
2,5,112,1001803,Link,,N106,,,,1385,325.115
2,5,112,1001804,Bridge,bridge 555,N106,A,False,False,0,3.0
2,5,112,1001805,Link,,N106,,,,7166,532.991
2,5,112,1001806,Bridge,bridge 556,N106,A,False,False,0,12.3
2,5,112,1001807,Link,,N106,,,,0,372.884
2,5,112,1001808,Bridge,bridge 557,N106,C,False,False,0,18.78
2,5,112,1001809,Link,,N106,,,,7168,445.288
2,5,112,1001810,Bridge,bridge 558,N106,A,False,False,0,4.0
2,5,112,1001811,Bridge,bridge 559,N106,C,False,False,0,3.3
2,5,112,1001812,Link,,N106,,,,0,497.417
2,5,112,1001813,Bridge,bridge 560,N106,C,True,True,5699,4.5
2,5,112,1001814,Link,,N106,,,,7178,1745.084
2,5,112,1001819,Bridge,bridge 561,N106,C,True,True,5713,8.8
2,5,112,1001820,Bridge,bridge 562,N106,C,False,False,0,6.0
2,5,112,1001821,Link,,N106,,,,6750,185.877
2,5,112,1001822,Bridge,bridge 563,N106,A,False,False,0,8.0
2,5,112,1001823,Bridge,bridge 564,N106,A,False,False,0,8.2
2,5,112,1001824,Link,,N106,,,,7197,757.654
2,5,112,1001826,Bridge,bridge 565,N106,B,False,False,0,9.4
2,5,112,1001827,Link,,N106,,,,7200,774.0169999999999
2,5,112,1001830,Bridge,bridge 566,N106,A,False,False,0,10.2
2,5,112,1001831,Link,,N106,,,,7202,2255.387
2,5,112,1001836,Bridge,bridge 567,N106,C,True,True,5730,3.8
2,5,112,1001837,Link,,N106,,,,7217,2203.3630000000003
2,5,112,1001842,Bridge,bridge 568,N106,B,False,False,0,9.5
2,5,112,1001843,Link,,N106,,,,1838,594.519
2,5,112,1001844,Bridge,bridge 569,N106,C,True,True,5790,63.86
2,5,112,1001845,Link,,N106,,,,7279,937.933
2,5,112,1001848,Bridge,bridge 570,N106,C,False,False,95,34.2
2,5,112,1001849,Link,,N106,,,,7185,667.187
2,5,112,1001852,Bridge,bridge 571,N106,C,False,False,0,37.3
2,5,112,1001853,Link,,N106,,,,1494,525.373
2,5,112,1001854,Bridge,bridge 572,N106,C,True,True,5848,102.69
2,5,112,1001855,Link,,N106,,,,0,25.865
2,5,112,1001856,Bridge,bridge 573,N106,A,False,False,0,3.0
2,5,112,1001857,Link,,N106,,,,0,164.084
2,5,112,1001858,Bridge,bridge 574,N106,C,False,False,0,25.3
2,5,112,1001859,Link,,N106,,,,7341,649.927
2,5,112,1001862,Bridge,bridge 575,N106,A,False,False,0,12.4
2,5,112,1001863,Link,,N106,,,,1496,445.087
2,5,112,1001864,Bridge,bridge 576,N106,A,True,True,5859,3.0
2,5,112,1001865,Link,,N106,,,,5612,610.272
2,5,112,1001867,Bridge,bridge 577,N106,A,False,False,0,37.78
2,5,112,1001868,Link,,N106,,,,1837,689.967
2,5,112,1001869,Bridge,bridge 578,N106,C,True,True,5898,24.69
2,5,112,1001870,Bridge,bridge 579,N106,B,True,True,5939,24.0
2,5,112,1001871,Link,,N106,,,,1406,477.266
2,5,112,1001874,Bridge,bridge 580,N106,C,False,False,0,24.13
2,5,112,1001875,Bridge,bridge 581,N106,C,False,False,0,4.3
2,5,112,1001876,Link,,N106,,,,6028,343.8310000000001
2,5,112,1001880,Bridge,bridge 582,N106,A,False,False,0,3.0
2,5,112,1001881,Link,,N106,,,,7434,759.3489999999999
2,5,112,1001884,Bridge,bridge 583,N106,A,False,False,0,9.4
2,5,112,1001885,Link,,N106,,,,7436,1230.147
2,5,112,1001890,Bridge,bridge 584,N106,C,False,False,0,12.2
2,5,112,1001891,Link,,N106,,,,0,125.867
2,5,112,1001892,Bridge,bridge 585,N106,C,True,True,5947,6.0
2,5,112,1001893,Link,,N106,,,,7451,2142.994
2,5,112,1001897,Bridge,bridge 586,N106,A,True,True,5980,14.6
2,5,112,1001898,Link,,N106,,,,7481,923.479
2,5,112,1001901,Bridge,bridge 587,N106,A,False,False,0,18.0
2,5,112,1001902,Link,,N106,,,,0,214.316
2,5,112,1001903,Bridge,bridge 588,N106,A,False,False,0,11.7
2,5,112,1001904,Bridge,bridge 589,N106,A,False,False,0,1.2
2,5,112,1001905,Link,,N106,,,,1505,265.493
2,5,112,1001906,Bridge,bridge 590,N106,C,True,True,5996,6.0
2,5,112,1001907,Bridge,bridge 591,N106,A,False,False,0,4.5
2,5,112,1001908,Link,,N106,,,,0,240.399
2,5,112,1001911,Bridge,bridge 592,N106,C,False,False,0,5.2
2,5,112,1001912,Bridge,bridge 593,N106,B,False,False,0,5.3
2,5,112,1001913,Bridge,bridge 594,N106,D,False,False,0,2.0
2,5,112,1001914,Link,,N106,,,,0,221.417
2,5,112,1001916,Bridge,bridge 595,N106,A,False,False,0,3.0
2,5,112,1001917,Bridge,bridge 596,N106,A,False,False,0,3.0
2,5,112,1001918,Bridge,bridge 597,N106,A,False,False,0,1.5
2,5,112,1001919,Bridge,bridge 598,N106,A,False,False,0,3.0
2,5,112,1001920,Bridge,bridge 599,N106,A,False,False,0,6.0
2,5,112,1001921,Link,,N106,,,,1508,240.032
2,5,112,1001922,Bridge,bridge 600,N106,A,False,False,0,12.3
2,5,112,1001923,Link,,N106,,,,7502,988.536
2,5,112,1001930,Bridge,bridge 601,N106,A,False,False,0,4.5
2,5,112,1001931,Bridge,bridge 602,N106,B,False,False,0,4.4
2,5,112,1001932,Bridge,bridge 603,N106,A,False,False,0,1.8
2,5,112,1001933,Link,,N106,,,,0,42.215
2,5,112,1001934,Bridge,bridge 604,N106,A,False,False,0,3.0
2,5,112,1001935,Link,,N106,,,,1508,598.953
2,5,112,1001937,Bridge,bridge 605,N106,A,False,False,333,5.0
2,5,112,1001938,Bridge,bridge 606,N106,D,True,True,6012,2.2
2,5,112,1001939,Link,,N106,,,,5772,556.457
2,5,112,1001943,Bridge,bridge 607,N106,A,False,False,0,1.9
2,5,112,1001944,Link,,N106,,,,7519,960.5050000000001
2,5,112,1001947,Bridge,bridge 608,N106,A,False,False,0,4.5
2,5,112,1001948,Link,,N106,,,,1746,250.382
2,5,112,1001949,Bridge,bridge 609,N106,D,True,True,6077,95.0
2,5,112,1001950,Link,,N106,,,,7583,1067.536
2,5,112,1001953,Bridge,bridge 610,N106,A,False,False,0,6.6
2,5,112,1001954,Bridge,bridge 611,N106,A,False,False,93,9.4
2,5,112,1001955,Link,,N106,,,,5740,148.675
2,5,112,1001956,Bridge,bridge 612,N106,A,False,False,0,1.5
2,5,112,1001957,Bridge,bridge 613,N106,A,False,False,0,3.0
2,5,112,1001958,Link,,N106,,,,1844,663.81
2,5,112,1001961,Bridge,bridge 614,N106,A,False,False,0,11.2
2,5,112,1001962,Link,,N106,,,,7491,409.901
2,5,112,1001963,Bridge,bridge 615,N106,B,False,False,0,14.8
2,5,112,1001964,Link,,N106,,,,7259,716.395
2,5,112,1001965,Bridge,bridge 616,N106,A,False,False,0,3.0
2,5,112,1001966,Link,,N106,,,,7588,3169.65
2,5,112,1001975,Bridge,bridge 617,N106,A,False,False,0,1.0
2,5,112,1001976,Link,,N106,,,,6164,562.827
2,5,112,1001977,Bridge,bridge 618,N106,C,False,False,0,3.0
2,5,112,1001978,Bridge,bridge 619,N106,A,False,False,0,1.5
2,5,112,1001979,Link,,N106,,,,1425,138.564
2,5,112,1001980,Bridge,bridge 620,N106,A,False,False,0,1.0
2,5,112,1001981,Bridge,bridge 621,N106,A,False,False,0,1.0
2,5,112,1001982,Link,,N106,,,,418,642.761
2,5,112,1001984,Bridge,bridge 622,N106,B,False,False,0,2.0
2,5,112,1001985,Bridge,bridge 623,N106,A,True,True,6086,1.2
2,5,112,1001986,Link,,N106,,,,7605,1295.9160000000002
2,5,112,1001991,Bridge,bridge 624,N106,A,False,False,0,2.0
2,5,112,1001992,Link,,N106,,,,7617,9411.997000000003
2,5,112,1002009,SourceSink,sourcesink 10,N106,,,,417,568.335
2,5,112,1002011,SourceSink,sourcesink 11,N2,,,,10028,139.902
2,5,112,1002012,Link,,N2,,,,7460,989.34
2,5,112,1002013,Bridge,bridge 625,N2,C,False,False,918,36.7
2,5,112,1002014,Link,,N2,,,,7466,9602.278
2,5,112,1002031,Link,,N2,,,,15821,1701.5790000000002
2,5,112,1002035,Bridge,bridge 627,N2,B,False,False,0,4.9
2,5,112,1002036,Link,,N2,,,,15821,837.335
2,5,112,1002037,Bridge,bridge 628,N2,B,False,False,0,3.5
2,5,112,1002038,Link,,N2,,,,15820,876.249
2,5,112,1002039,Bridge,bridge 629,N2,A,False,False,0,3.4
2,5,112,1002040,Link,,N2,,,,7630,584.637
2,5,112,1002043,Bridge,bridge 630,N2,C,True,True,13395,72.15
2,5,112,1002044,Link,,N2,,,,256,74.539
2,5,112,1002045,Bridge,bridge 631,N2,A,False,False,0,4.5
2,5,112,1002046,Link,,N2,,,,152,250.826
2,5,112,1002047,Bridge,bridge 632,N2,B,False,False,0,8.3
2,5,112,1002048,Link,,N2,,,,15615,563.996
2,5,112,1002050,Bridge,bridge 633,N2,A,False,False,0,8.3
2,5,112,1002051,Link,,N2,,,,454,325.455
2,5,112,1002052,Bridge,bridge 634,N2,A,False,False,0,4.0
2,5,112,1002053,Bridge,bridge 635,N2,A,False,False,0,8.0
2,5,112,1002054,Link,,N2,,,,702,46.622
2,5,112,1002055,Bridge,bridge 636,N2,B,False,False,0,4.0
2,5,112,1002056,Link,,N2,,,,15766,1068.625
2,5,112,1002058,Bridge,bridge 637,N2,A,False,False,0,4.0
2,5,112,1002059,Bridge,bridge 638,N2,A,False,False,0,4.0
2,5,112,1002060,Link,,N2,,,,84,36.851
2,5,112,1002061,Bridge,bridge 639,N2,A,False,False,0,4.0
2,5,112,1002062,Bridge,bridge 640,N2,A,False,False,0,2.0
2,5,112,1002063,Link,,N2,,,,15771,2848.4570000000003
2,5,112,1002068,Bridge,bridge 641,N2,A,False,False,0,2.5
2,5,112,1002069,Bridge,bridge 642,N2,A,False,False,0,2.5
2,5,112,1002070,Link,,N2,,,,15765,1575.5320000000002
2,5,112,1002075,Bridge,bridge 643,N2,B,False,False,702,30.3
2,5,112,1002076,Link,,N2,,,,15766,1237.3110000000001
2,5,112,1002079,Bridge,bridge 644,N2,A,False,False,0,3.6
2,5,112,1002080,Link,,N2,,,,15767,1763.8339999999998
2,5,112,1002085,Bridge,bridge 645,N2,A,False,False,0,12.7
2,5,112,1002086,Link,,N2,,,,302,112.317
2,5,112,1002087,Bridge,bridge 646,N2,A,False,False,0,3.0
2,5,112,1002088,Link,,N2,,,,15311,492.193
2,5,112,1002089,Bridge,bridge 647,N2,A,False,False,0,27.4
2,5,112,1002090,Link,,N2,,,,15763,852.567
2,5,112,1002092,Bridge,bridge 648,N2,C,False,False,0,69.5
2,5,112,1002093,Link,,N2,,,,0,64.933
2,5,112,1002094,Bridge,bridge 649,N2,A,False,False,0,3.0
2,5,112,1002095,Link,,N2,,,,6301,307.618
2,5,112,1002096,Bridge,bridge 650,N2,A,False,False,333,12.6
2,5,112,1002097,Link,,N2,,,,15763,996.406
2,5,112,1002099,Bridge,bridge 651,N2,A,False,False,0,3.4
2,5,112,1002100,Bridge,bridge 652,N2,A,False,False,172,3.0
2,5,112,1002101,Link,,N2,,,,152,221.156
2,5,112,1002102,Bridge,bridge 653,N2,B,False,False,0,3.5
2,5,112,1002103,Bridge,bridge 654,N2,A,False,False,0,3.0
2,5,112,1002104,Link,,N2,,,,15355,517.48
2,5,112,1002105,Bridge,bridge 655,N2,A,False,False,0,1.8
2,5,112,1002106,Bridge,bridge 656,N2,B,False,False,0,14.1
2,5,112,1002107,Link,,N2,,,,1497,596.554
2,5,112,1002109,Bridge,bridge 657,N2,A,True,True,13300,2.0
2,5,112,1002110,Link,,N2,,,,15762,842.05
2,5,112,1002113,Bridge,bridge 658,N2,A,False,False,0,2.5
2,5,112,1002114,Link,,N2,,,,914,300.057
2,5,112,1002115,Bridge,bridge 659,N2,A,False,False,0,4.0
2,5,112,1002116,Link,,N2,,,,15761,1091.473
2,5,112,1002119,Bridge,bridge 660,N2,B,False,False,696,105.15
2,5,112,1002120,Link,,N2,,,,9124,106.043
2,5,112,1002121,Bridge,bridge 661,N2,A,False,False,0,10.3
2,5,112,1002122,Link,,N2,,,,0,38.6
2,5,112,1002123,Bridge,bridge 662,N2,A,False,False,0,3.9
2,5,112,1002124,Link,,N2,,,,15758,860.674
2,5,112,1002126,Bridge,bridge 663,N2,A,False,False,0,9.6
2,5,112,1002127,Bridge,bridge 664,N2,A,False,False,0,9.5
2,5,112,1002128,Link,,N2,,,,259,103.474
2,5,112,1002129,Bridge,bridge 665,N2,A,False,False,0,9.55
2,5,112,1002130,Link,,N2,,,,0,52.4
2,5,112,1002131,Bridge,bridge 666,N2,A,False,False,0,3.0
2,5,112,1002132,Link,,N2,,,,15758,731.705
2,5,112,1002133,Bridge,bridge 667,N2,A,False,False,0,5.4
2,5,112,1002134,Link,,N2,,,,4725,142.604
2,5,112,1002135,Bridge,bridge 668,N2,A,False,False,0,11.0
2,5,112,1002136,Link,,N2,,,,10120,401.493
2,5,112,1002137,Bridge,bridge 669,N2,A,False,False,0,7.3
2,5,112,1002138,Link,,N2,,,,914,293.873
2,5,112,1002139,Bridge,bridge 670,N2,A,False,False,0,7.25
2,5,112,1002140,Bridge,bridge 671,N2,A,True,True,12805,3.5
2,5,112,1002141,Link,,N2,,,,5510,313.296
2,5,112,1002143,Bridge,bridge 672,N2,A,False,False,64,4.0
2,5,112,1002144,Link,,N2,,,,1717,270.021
2,5,112,1002145,Bridge,bridge 673,N2,A,False,False,0,4.0
2,5,112,1002146,Bridge,bridge 674,N2,B,False,False,0,17.75
2,5,112,1002147,Link,,N2,,,,13339,469.11
2,5,112,1002149,Bridge,bridge 675,N2,A,False,False,0,3.5
2,5,112,1002150,Bridge,bridge 676,N2,A,False,False,0,3.5
2,5,112,1002151,Bridge,bridge 677,N2,B,False,False,0,3.5
2,5,112,1002152,Link,,N2,,,,1757,281.932
2,5,112,1002153,Bridge,bridge 678,N2,C,False,False,913,141.61
2,5,112,1002154,Link,,N2,,,,8194,150.41
2,5,112,1002155,Bridge,bridge 679,N2,B,False,False,0,40.6
2,5,112,1002156,Link,,N2,,,,4883,131.251
2,5,112,1002158,Bridge,bridge 680,N2,A,False,False,0,4.0
2,5,112,1002159,Link,,N2,,,,15747,806.271
2,5,112,1002161,Bridge,bridge 681,N2,A,False,False,0,37.9
2,5,112,1002162,Link,,N2,,,,692,39.489
2,5,112,1002163,Bridge,bridge 682,N2,A,False,False,0,7.3
2,5,112,1002164,Link,,N2,,,,1978,414.736
2,5,112,1002165,Bridge,bridge 683,N2,A,False,False,0,7.3
2,5,112,1002166,Link,,N2,,,,15487,674.724
2,5,112,1002167,Bridge,bridge 684,N2,A,False,False,0,11.8
2,5,112,1002168,Link,,N2,,,,8753,371.26500000000004
2,5,112,1002170,Bridge,bridge 685,N2,B,False,False,0,11.5
2,5,112,1002171,Link,,N2,,,,15745,903.098
2,5,112,1002173,Bridge,bridge 686,N2,A,False,False,0,4.0
2,5,112,1002174,Bridge,bridge 687,N2,A,False,False,1065,202.0
2,5,112,1002175,Link,,N2,,,,15744,1378.6390000000001
2,5,112,1002179,Bridge,bridge 688,N2,A,False,False,0,3.6
2,5,112,1002180,Link,,N2,,,,1129,212.096
2,5,112,1002181,Bridge,bridge 689,N2,A,False,False,0,15.85
2,5,112,1002182,Link,,N2,,,,0,14.103
2,5,112,1002183,Bridge,bridge 690,N2,A,False,False,0,4.0
2,5,112,1002184,Link,,N2,,,,9401,460.44399999999996
2,5,112,1002186,Bridge,bridge 691,N2,B,True,True,12634,7.3
2,5,112,1002187,Link,,N2,,,,1749,291.493
2,5,112,1002188,Bridge,bridge 692,N2,C,True,True,13777,428.91
2,5,112,1002189,Link,,N2,,,,10937,746.184
2,5,112,1002191,Bridge,bridge 693,N2,A,False,False,0,4.0
2,5,112,1002192,Bridge,bridge 694,N2,C,True,True,12533,6.0
2,5,112,1002193,Bridge,bridge 695,N2,A,False,False,0,6.0
2,5,112,1002194,Link,,N2,,,,15623,1387.257
2,5,112,1002199,Bridge,bridge 696,N2,A,False,False,0,14.0
2,5,112,1002200,Link,,N2,,,,15623,1542.121
2,5,112,1002204,Bridge,bridge 697,N2,A,False,False,86,6.1
2,5,112,1002205,Bridge,bridge 698,N2,C,True,True,12529,3.1
2,5,112,1002206,Link,,N2,,,,1323,574.585
2,5,112,1002210,Bridge,bridge 699,N2,C,False,False,86,3.15
2,5,112,1002211,Bridge,bridge 700,N2,D,True,True,13551,79.75
2,5,112,1002212,Link,,N2,,,,4367,275.50699999999995
2,5,112,1002214,Bridge,bridge 701,N2,A,False,False,0,3.15
2,5,112,1002215,Bridge,bridge 702,N2,A,False,False,156,6.1
2,5,112,1002216,Link,,N2,,,,992,333.595
2,5,112,1002217,Bridge,bridge 703,N2,A,False,False,0,12.5
2,5,112,1002218,Link,,N2,,,,10083,184.302
2,5,112,1002219,Bridge,bridge 704,N2,A,False,False,0,12.3
2,5,112,1002220,Link,,N2,,,,4523,419.64300000000003
2,5,112,1002222,Bridge,bridge 705,N2,A,False,False,0,3.1
2,5,112,1002223,Link,,N2,,,,15596,1065.8580000000002
2,5,112,1002226,Bridge,bridge 706,N2,A,False,False,8402,9.5
2,5,112,1002227,Bridge,bridge 707,N2,A,False,False,0,6.1
2,5,112,1002228,Link,,N2,,,,5137,99.493
2,5,112,1002229,Bridge,bridge 708,N2,B,False,False,0,4.5
2,5,112,1002230,Link,,N2,,,,15598,1414.289
2,5,112,1002233,Bridge,bridge 709,N2,A,False,False,0,3.6
2,5,112,1002234,Link,,N2,,,,15601,1434.1729999999998
2,5,112,1002238,Bridge,bridge 710,N2,C,False,False,0,22.96
2,5,112,1002240,Bridge,bridge 711,N2,A,False,False,0,3.0
2,5,112,1002241,Link,,N2,,,,19071,454.905
2,5,112,1002244,Bridge,bridge 712,N2,C,False,False,0,22.95
2,5,112,1002245,Link,,N2,,,,451,71.591
2,5,112,1002246,Bridge,bridge 713,N2,A,False,False,2909,23.0
2,5,112,1002247,Link,,N2,,,,0,113.50299999999999
2,5,112,1002249,Bridge,bridge 714,N2,C,False,False,0,43.88
2,5,112,1002250,Link,,N2,,,,18645,361.83500000000004
2,5,112,1002252,Bridge,bridge 715,N2,B,False,False,0,4.1
2,5,112,1002253,Bridge,bridge 716,N2,C,False,False,553,42.65
2,5,112,1002254,Link,,N2,,,,22701,777.997
2,5,112,1002255,Bridge,bridge 717,N2,A,False,False,553,12.0
2,5,112,1002256,Bridge,bridge 718,N2,A,False,False,0,10.45
2,5,112,1002257,Link,,N2,,,,4057,228.608
2,5,112,1002259,Bridge,bridge 719,N2,C,False,False,822,202.55
2,5,112,1002260,Link,,N2,,,,22434,711.127
2,5,112,1002261,Bridge,bridge 720,N2,C,False,False,0,4.0
2,5,112,1002262,Link,,N2,,,,23254,739.54
2,5,112,1002266,Bridge,bridge 721,N2,A,False,False,0,10.4
2,5,112,1002267,Link,,N2,,,,1368,208.765
2,5,112,1002268,Bridge,bridge 722,N2,A,False,False,177,10.4
2,5,112,1002269,Link,,N2,,,,7507,194.765
2,5,112,1002270,Bridge,bridge 723,N2,B,True,True,18727,35.01
2,5,112,1002271,Link,,N2,,,,4060,689.623
2,5,112,1002274,Bridge,bridge 724,N2,C,False,False,542,27.03
2,5,112,1002275,Bridge,bridge 725,N2,A,False,False,0,4.0
2,5,112,1002276,Link,,N2,,,,23252,1598.779
2,5,112,1002280,Bridge,bridge 726,N2,A,False,False,9007,65.3
2,5,112,1002281,Link,,N2,,,,11903,296.149
2,5,112,1002282,Bridge,bridge 727,N2,A,False,False,0,4.0
2,5,112,1002283,Link,,N2,,,,2344,455.779
2,5,112,1002285,Bridge,bridge 728,N2,A,False,False,0,9.3
2,5,112,1002286,Link,,N2,,,,20908,502.457
2,5,112,1002288,Bridge,bridge 729,N2,B,False,False,828,3.5
2,5,112,1002289,Link,,N2,,,,721,170.932
2,5,112,1002290,Bridge,bridge 730,N2,A,False,False,0,9.0
2,5,112,1002291,Link,,N2,,,,22532,673.77
2,5,112,1002293,Bridge,bridge 731,N2,A,False,False,0,3.5
2,5,112,1002294,Link,,N2,,,,20165,295.736
2,5,112,1002295,Bridge,bridge 732,N2,A,False,False,0,4.0
2,5,112,1002296,Link,,N2,,,,546,54.252
2,5,112,1002297,Bridge,bridge 733,N2,C,False,False,700,68.09
2,5,112,1002298,Link,,N2,,,,2561,534.082
2,5,112,1002300,Bridge,bridge 734,N2,A,False,False,0,3.0
2,5,112,1002301,Link,,N2,,,,20691,316.345
2,5,112,1002303,Bridge,bridge 735,N2,C,False,False,0,19.4
2,5,112,1002304,Link,,N2,,,,3356,553.349
2,5,112,1002305,Bridge,bridge 736,N2,C,True,True,18717,36.7
2,5,112,1002306,Link,,N2,,,,3078,510.447
2,5,112,1002308,Bridge,bridge 737,N2,A,True,True,18686,4.0
2,5,112,1002309,Link,,N2,,,,14324,747.03
2,5,112,1002311,Bridge,bridge 738,N2,B,False,False,0,30.0
2,5,112,1002312,Link,,N2,,,,11678,516.068
2,5,112,1002313,Bridge,bridge 739,N2,B,True,True,18715,25.0
2,5,112,1002314,Link,,N2,,,,12236,572.9789999999999
2,5,112,1002316,Bridge,bridge 740,N2,A,False,False,540,40.7
2,5,112,1002317,Link,,N2,,,,12317,482.038
2,5,112,1002319,Bridge,bridge 741,N2,A,False,False,0,22.8
2,5,112,1002320,Link,,N2,,,,23251,733.919
2,5,112,1002322,Bridge,bridge 742,N2,B,False,False,0,2.0
2,5,112,1002323,Link,,N2,,,,22417,682.235
2,5,112,1002325,Bridge,bridge 743,N2,A,False,False,0,2.0
2,5,112,1002326,Bridge,bridge 744,N2,A,False,False,0,10.6
2,5,112,1002327,Intersection,intersection 9,N2,,,,0,40.738
2,5,112,1002328,Bridge,bridge 745,N2,C,False,False,0,2.0
2,5,112,1002329,Link,,N2,,,,2990,369.62300000000005
2,5,112,1002331,Bridge,bridge 746,N2,A,False,False,9678,4.25
2,5,112,1002332,Bridge,bridge 747,N2,A,False,False,0,10.6
2,5,112,1002333,Link,,N2,,,,8564,200.841
2,5,112,1002334,Bridge,bridge 748,N2,A,False,False,0,2.0
2,5,112,1002335,Link,,N2,,,,510,52.582
2,5,112,1002336,Bridge,bridge 749,N2,A,False,False,463,8.2
2,5,112,1002337,Bridge,bridge 750,N2,B,False,False,0,6.4
2,5,112,1002338,Bridge,bridge 751,N2,A,False,False,0,3.1
2,5,112,1002339,Link,,N2,,,,912,265.67199999999997
2,5,112,1002341,Bridge,bridge 752,N2,A,False,False,0,4.2
2,5,112,1002342,Bridge,bridge 753,N2,A,False,False,475,1.6
2,5,112,1002343,Link,,N2,,,,20818,579.409
2,5,112,1002345,Bridge,bridge 754,N2,A,False,False,0,17.12
2,5,112,1002346,Link,,N2,,,,2990,403.716
2,5,112,1002347,Bridge,bridge 755,N2,A,False,False,0,6.22
2,5,112,1002348,Bridge,bridge 756,N2,A,False,False,0,3.5
2,5,112,1002349,Link,,N2,,,,19216,406.534
2,5,112,1002350,Bridge,bridge 757,N2,A,False,False,0,7.8
2,5,112,1002351,Link,,N2,,,,2990,418.14
2,5,112,1002352,Bridge,bridge 758,N2,A,True,True,17834,2.0
2,5,112,1002353,Link,,N2,,,,3990,316.295
2,5,112,1002354,Bridge,bridge 759,N2,A,False,False,0,29.5
2,5,112,1002355,Link,,N2,,,,7581,140.977
2,5,112,1002356,Bridge,bridge 760,N2,A,False,False,0,3.3
2,5,112,1002357,Link,,N2,,,,13656,453.899
2,5,112,1002359,Bridge,bridge 761,N2,A,False,False,0,6.3
2,5,112,1002360,Bridge,bridge 762,N2,A,False,False,0,4.3
2,5,112,1002361,Bridge,bridge 763,N2,A,False,False,0,6.6
2,5,112,1002362,Bridge,bridge 764,N2,A,False,False,0,5.3
2,5,112,1002363,Link,,N2,,,,0,18.749
2,5,112,1002364,Bridge,bridge 765,N2,A,False,False,0,8.1
2,5,112,1002365,Bridge,bridge 766,N2,A,False,False,0,2.0
2,5,112,1002366,Bridge,bridge 767,N2,A,False,False,0,6.6
2,5,112,1002367,Bridge,bridge 768,N2,A,False,False,0,4.3
2,5,112,1002368,Link,,N2,,,,0,12.671
2,5,112,1002369,Bridge,bridge 769,N2,A,False,False,0,2.0
2,5,112,1002370,Bridge,bridge 770,N2,A,False,False,0,1.5
2,5,112,1002371,Bridge,bridge 771,N2,A,False,False,0,1.5
2,5,112,1002372,Link,,N2,,,,9239,358.019
2,5,112,1002373,Bridge,bridge 772,N2,A,False,False,0,1.5
2,5,112,1002374,Bridge,bridge 773,N2,A,False,False,0,6.6
2,5,112,1002375,Link,,N2,,,,13960,596.505
2,5,112,1002376,Bridge,bridge 774,N2,A,False,False,0,1.5
2,5,112,1002377,Bridge,bridge 775,N2,A,False,False,0,3.3
2,5,112,1002378,Bridge,bridge 776,N2,A,False,False,0,3.3
2,5,112,1002379,Link,,N2,,,,10131,325.119
2,5,112,1002380,Bridge,bridge 777,N2,A,False,False,0,1.5
2,5,112,1002381,Bridge,bridge 778,N2,A,False,False,0,4.3
2,5,112,1002382,Bridge,bridge 779,N2,A,False,False,0,3.0
2,5,112,1002383,Bridge,bridge 780,N2,B,False,False,0,4.2
2,5,112,1002384,Link,,N2,,,,8559,157.096
2,5,112,1002385,Bridge,bridge 781,N2,B,False,False,0,2.6
2,5,112,1002386,Bridge,bridge 782,N2,A,False,False,0,2.0
2,5,112,1002387,Link,,N2,,,,11588,479.362
2,5,112,1002388,Bridge,bridge 783,N2,A,False,False,202,4.3
2,5,112,1002389,Bridge,bridge 784,N2,A,False,False,0,1.7
2,5,112,1002390,Bridge,bridge 785,N2,A,False,False,0,2.0
2,5,112,1002391,Link,,N2,,,,1872,157.573
2,5,112,1002392,Bridge,bridge 786,N2,A,False,False,8096,83.3
2,5,112,1002393,Link,,N2,,,,22218,957.405
2,5,112,1002394,Bridge,bridge 787,N2,A,False,False,0,2.6
2,5,112,1002395,Bridge,bridge 788,N2,A,False,False,0,2.6
2,5,112,1002396,Bridge,bridge 789,N2,A,False,False,0,2.5
2,5,112,1002397,Link,,N2,,,,9243,488.108
2,5,112,1002400,Bridge,bridge 790,N2,A,False,False,0,2.6
2,5,112,1002401,Link,,N2,,,,22219,1331.09
2,5,112,1002405,Bridge,bridge 791,N2,A,False,False,6654,12.5
2,5,112,1002406,Link,,N2,,,,12034,486.617
2,5,112,1002407,Bridge,bridge 792,N2,A,False,False,0,2.6
2,5,112,1002408,Link,,N2,,,,11796,502.857
2,5,112,1002409,Bridge,bridge 793,N2,A,False,False,0,2.6
2,5,112,1002410,Bridge,bridge 794,N2,A,False,False,0,2.1
2,5,112,1002411,Link,,N2,,,,13957,495.036
2,5,112,1002413,Bridge,bridge 795,N2,A,False,False,0,2.1
2,5,112,1002414,Link,,N2,,,,18229,507.796
2,5,112,1002416,Bridge,bridge 796,N2,A,False,False,0,1.6
2,5,112,1002417,Link,,N2,,,,10651,400.264
2,5,112,1002419,Intersection,intersection 10,N2,,,,1711,239.533
2,5,112,1002420,Link,,N2,,,,20749,2703.691
2,5,112,1002428,Bridge,bridge 797,N2,C,False,False,0,12.6
2,5,112,1002429,Link,,N2,,,,17590,643.403
2,5,112,1002431,Bridge,bridge 798,N2,A,False,False,0,2.0
2,5,112,1002432,Intersection,intersection 11,N2,,,,14829,634.696
2,5,112,1002434,Bridge,bridge 799,N2,A,False,False,0,1.5
2,5,112,1002435,Bridge,bridge 800,N2,A,False,False,0,17.2
2,5,112,1002436,Link,,N2,,,,5432,418.133
2,5,112,1002438,Bridge,bridge 801,N2,A,False,False,0,2.0
2,5,112,1002439,Bridge,bridge 802,N2,A,False,False,0,1.5
2,5,112,1002440,Link,,N2,,,,10330,292.532
2,5,112,1002441,Bridge,bridge 803,N2,A,False,False,0,6.3
2,5,112,1002442,Link,,N2,,,,5431,544.802
2,5,112,1002443,Bridge,bridge 804,N2,A,False,False,0,41.0
2,5,112,1002444,Link,,N2,,,,15761,739.9720000000001
2,5,112,1002447,Bridge,bridge 805,N2,A,False,False,0,8.0
2,5,112,1002448,Link,,N2,,,,14939,664.476
2,5,112,1002449,Bridge,bridge 806,N2,A,False,False,0,1.3
2,5,112,1002450,Bridge,bridge 807,N2,A,False,False,0,1.3
2,5,112,1002451,Bridge,bridge 808,N2,A,False,False,0,4.2
2,5,112,1002452,Bridge,bridge 809,N2,A,False,False,0,10.6
2,5,112,1002453,Link,,N2,,,,1141,182.843
2,5,112,1002454,Bridge,bridge 810,N2,A,False,False,0,3.0
2,5,112,1002455,Bridge,bridge 811,N2,A,False,False,0,2.5
2,5,112,1002456,Link,,N2,,,,14622,545.8820000000001
2,5,112,1002458,Bridge,bridge 812,N2,B,False,False,0,58.5
2,5,112,1002459,Link,,N2,,,,822,64.635
2,5,112,1002460,Bridge,bridge 813,N2,A,False,False,0,3.0
2,5,112,1002461,Link,,N2,,,,10334,369.361
2,5,112,1002462,Bridge,bridge 814,N2,A,False,False,0,3.0
2,5,112,1002463,Link,,N2,,,,5428,463.353
2,5,112,1002464,Bridge,bridge 815,N2,A,False,False,0,19.0
2,5,112,1002465,Link,,N2,,,,15765,834.386
2,5,112,1002468,Bridge,bridge 816,N2,A,False,False,0,3.0
2,5,112,1002469,Bridge,bridge 817,N2,B,False,False,0,13.7
2,5,112,1002470,Link,,N2,,,,9230,154.538
2,5,112,1002472,Bridge,bridge 818,N2,A,False,False,0,2.6
2,5,112,1002473,Link,,N2,,,,1107,73.038
2,5,112,1002474,Bridge,bridge 819,N2,A,False,False,0,7.9
2,5,112,1002475,Bridge,bridge 820,N2,A,False,False,0,5.2
2,5,112,1002476,Bridge,bridge 821,N2,A,False,False,0,5.4
2,5,112,1002477,Link,,N2,,,,309,149.622
2,5,112,1002478,Bridge,bridge 822,N2,A,False,False,0,2.0
2,5,112,1002479,Bridge,bridge 823,N2,A,False,False,4072,19.5
2,5,112,1002480,Link,,N2,,,,1046,290.755
2,5,112,1002481,Bridge,bridge 824,N2,C,False,False,0,1.5
2,5,112,1002482,Link,,N2,,,,318,105.061
2,5,112,1002483,Bridge,bridge 825,N2,A,False,False,0,2.6
2,5,112,1002484,Bridge,bridge 826,N2,A,False,False,0,5.0
2,5,112,1002485,Link,,N2,,,,15447,681.335
2,5,112,1002486,Bridge,bridge 827,N2,A,False,False,0,10.6
2,5,112,1002487,Link,,N2,,,,10341,314.907
2,5,112,1002488,Bridge,bridge 828,N2,A,False,False,0,4.0
2,5,112,1002489,Bridge,bridge 829,N2,A,False,False,0,2.0
2,5,112,1002490,Bridge,bridge 830,N2,A,False,False,0,3.8
2,5,112,1002491,Link,,N2,,,,0,53.179
2,5,112,1002492,Bridge,bridge 831,N2,A,False,False,0,1.5
2,5,112,1002493,Bridge,bridge 832,N2,A,False,False,0,1.5
2,5,112,1002494,Bridge,bridge 833,N2,A,False,False,0,1.5
2,5,112,1002495,Bridge,bridge 834,N2,A,False,False,0,5.3
2,5,112,1002496,Link,,N2,,,,13561,539.038
2,5,112,1002498,Bridge,bridge 835,N2,A,False,False,0,6.2
2,5,112,1002499,Bridge,bridge 836,N2,A,False,False,0,14.8
2,5,112,1002500,Link,,N2,,,,1101,40.913
2,5,112,1002501,Bridge,bridge 837,N2,A,False,False,0,3.0
2,5,112,1002502,Link,,N2,,,,5708,378.18
2,5,112,1002504,Bridge,bridge 838,N2,B,False,False,0,19.5
2,5,112,1002505,Link,,N2,,,,0,25.338
2,5,112,1002506,Bridge,bridge 839,N2,A,False,False,0,2.0
2,5,112,1002507,Bridge,bridge 840,N2,A,False,False,0,4.3
2,5,112,1002508,Link,,N2,,,,10935,436.1
2,5,112,1002509,Bridge,bridge 841,N2,A,False,False,0,4.5
2,5,112,1002510,Bridge,bridge 842,N2,C,False,False,0,4.5
2,5,112,1002511,Bridge,bridge 843,N2,A,False,False,0,2.06
2,5,112,1002512,Bridge,bridge 844,N2,A,False,False,0,6.12
2,5,112,1002513,Bridge,bridge 845,N2,A,False,False,233,3.5
2,5,112,1002514,Link,,N2,,,,309,140.014
2,5,112,1002515,Bridge,bridge 846,N2,A,False,False,0,7.4
2,5,112,1002516,Bridge,bridge 847,N2,A,False,False,0,3.5
2,5,112,1002517,Bridge,bridge 848,N2,B,False,False,0,51.5
2,5,112,1002518,Link,,N2,,,,15462,711.4839999999999
2,5,112,1002521,Bridge,bridge 849,N2,B,False,False,309,21.5
2,5,112,1002522,Link,,N2,,,,0,19.358
2,5,112,1002523,Bridge,bridge 850,N2,A,False,False,0,6.2
2,5,112,1002524,Link,,N2,,,,5112,352.205
2,5,112,1002525,Bridge,bridge 851,N2,A,False,False,0,5.1
2,5,112,1002526,Bridge,bridge 852,N2,A,False,False,0,2.0
2,5,112,1002527,Bridge,bridge 853,N2,A,False,False,0,1.5
2,5,112,1002528,Bridge,bridge 854,N2,A,False,False,0,2.6
2,5,112,1002529,Bridge,bridge 855,N2,A,False,False,0,2.0
2,5,112,1002530,Link,,N2,,,,0,88.117
2,5,112,1002531,Bridge,bridge 856,N2,A,False,False,0,1.0
2,5,112,1002532,Bridge,bridge 857,N2,A,False,False,0,1.5
2,5,112,1002533,Bridge,bridge 858,N2,B,True,True,12787,24.0
2,5,112,1002534,Link,,N2,,,,0,29.049
2,5,112,1002535,Bridge,bridge 859,N2,A,False,False,0,6.5
2,5,112,1002536,Bridge,bridge 860,N2,A,False,False,0,2.0
2,5,112,1002537,Bridge,bridge 861,N2,A,False,False,1104,2.0
2,5,112,1002538,Bridge,bridge 862,N2,A,False,False,0,2.0
2,5,112,1002539,Bridge,bridge 863,N2,A,False,False,0,2.0
2,5,112,1002540,Link,,N2,,,,0,78.028
2,5,112,1002541,Bridge,bridge 864,N2,A,False,False,0,2.5
2,5,112,1002542,Bridge,bridge 865,N2,A,False,False,0,6.3
2,5,112,1002543,Bridge,bridge 866,N2,A,False,False,120,2.6
2,5,112,1002544,Bridge,bridge 867,N2,A,False,False,0,2.6
2,5,112,1002545,Bridge,bridge 868,N2,A,False,False,246,2.6
2,5,112,1002546,Bridge,bridge 869,N2,A,False,False,0,2.0
2,5,112,1002547,Link,,N2,,,,8621,444.16499999999996
2,5,112,1002549,Bridge,bridge 870,N2,A,False,False,0,7.6
2,5,112,1002550,Bridge,bridge 871,N2,A,False,False,0,2.0
2,5,112,1002551,Bridge,bridge 872,N2,A,False,False,0,2.0
2,5,112,1002552,Bridge,bridge 873,N2,A,False,False,0,6.3
2,5,112,1002553,Bridge,bridge 874,N2,B,False,False,0,7.5
2,5,112,1002554,Link,,N2,,,,816,136.019
2,5,112,1002555,Bridge,bridge 875,N2,A,False,False,0,9.6
2,5,112,1002556,Bridge,bridge 876,N2,A,False,False,0,3.0
2,5,112,1002557,Link,,N2,,,,6345,182.292
2,5,112,1002558,Bridge,bridge 877,N2,A,False,False,0,4.0
2,5,112,1002559,Bridge,bridge 878,N2,A,False,False,0,1.0
2,5,112,1002560,Bridge,bridge 879,N2,A,False,False,0,1.0
2,5,112,1002561,Link,,N2,,,,15419,725.751
2,5,112,1002564,Bridge,bridge 880,N2,A,False,False,0,2.5
2,5,112,1002565,Bridge,bridge 881,N2,A,False,False,0,4.3
2,5,112,1002566,Bridge,bridge 882,N2,A,False,False,0,1.8
2,5,112,1002567,Bridge,bridge 883,N2,A,False,False,0,3.2
2,5,112,1002568,Link,,N2,,,,0,45.938
2,5,112,1002569,Bridge,bridge 884,N2,A,False,False,0,2.0
2,5,112,1002570,Bridge,bridge 885,N2,A,False,False,120,1.5
2,5,112,1002571,Bridge,bridge 886,N2,A,False,False,0,1.5
2,5,112,1002572,Bridge,bridge 887,N2,A,False,False,246,1.5
2,5,112,1002573,Bridge,bridge 888,N2,A,False,False,0,6.4
2,5,112,1002574,Link,,N2,,,,534,206.677
2,5,112,1002576,Bridge,bridge 889,N2,A,False,False,0,7.0
2,5,112,1002577,Bridge,bridge 890,N2,C,True,True,12745,44.3
2,5,112,1002578,Link,,N2,,,,1034,321.725
2,5,112,1002580,Bridge,bridge 891,N2,A,False,False,0,1.5
2,5,112,1002581,Bridge,bridge 892,N2,A,False,False,0,1.5
2,5,112,1002582,Link,,N2,,,,15807,774.3059999999999
2,5,112,1002587,Bridge,bridge 893,N2,A,False,False,0,2.0
2,5,112,1002588,Bridge,bridge 894,N2,A,False,False,0,22.0
2,5,112,1002589,Link,,N2,,,,6847,447.80199999999996
2,5,112,1002591,Bridge,bridge 895,N2,B,True,True,12766,14.0
2,5,112,1002592,Link,,N2,,,,0,14.671
2,5,112,1002593,Bridge,bridge 896,N2,A,False,False,0,2.0
2,5,112,1002594,Link,,N2,,,,1035,328.095
2,5,112,1002595,Bridge,bridge 897,N2,A,False,False,7974,35.5
2,5,112,1002596,Link,,N2,,,,55,70.67
2,5,112,1002597,Bridge,bridge 898,N2,A,False,False,1107,3.0
2,5,112,1002598,Bridge,bridge 899,N2,A,False,False,0,34.9
2,5,112,1002599,Link,,N2,,,,900,232.391
2,5,112,1002601,Bridge,bridge 900,N2,A,False,False,0,2.0
2,5,112,1002602,Bridge,bridge 901,N2,A,False,False,0,6.03
2,5,112,1002603,Link,,N2,,,,4975,154.847
2,5,112,1002604,Bridge,bridge 902,N2,A,False,False,0,2.0
2,5,112,1002605,Link,,N2,,,,8795,301.416
2,5,112,1002606,Bridge,bridge 903,N2,A,False,False,0,1.5
2,5,112,1002607,Link,,N2,,,,6817,398.507
2,5,112,1002608,Bridge,bridge 904,N2,A,False,False,0,1.5
2,5,112,1002609,Link,,N2,,,,218,233.235
2,5,112,1002610,Bridge,bridge 905,N2,A,False,False,817,73.0
2,5,112,1002611,Link,,N2,,,,0,52.78
2,5,112,1002612,Bridge,bridge 906,N2,A,False,False,0,3.0
2,5,112,1002613,Link,,N2,,,,9144,138.44
2,5,112,1002615,Bridge,bridge 907,N2,A,False,False,0,3.0
2,5,112,1002616,Link,,N2,,,,6689,606.608
2,5,112,1002617,Bridge,bridge 908,N2,A,False,False,0,2.0
2,5,112,1002618,Bridge,bridge 909,N2,A,False,False,0,7.2
2,5,112,1002619,Bridge,bridge 910,N2,A,False,False,0,4.0
2,5,112,1002620,Bridge,bridge 911,N2,B,True,True,12834,60.4
2,5,112,1002621,Link,,N2,,,,15879,1311.367
2,5,112,1002625,Bridge,bridge 912,N2,A,False,False,0,15.0
2,5,112,1002626,Link,,N2,,,,4721,94.507
2,5,112,1002627,Bridge,bridge 913,N2,A,False,False,0,9.3
2,5,112,1002628,Link,,N2,,,,9462,353.881
2,5,112,1002629,Bridge,bridge 914,N2,B,False,False,1184,30.0
2,5,112,1002630,Link,,N2,,,,5236,435.484
2,5,112,1002632,Bridge,bridge 915,N2,A,False,False,0,16.75
2,5,112,1002633,Link,,N2,,,,10647,390.369
2,5,112,1002636,Bridge,bridge 916,N2,A,False,False,0,4.0
2,5,112,1002637,Intersection,intersection 12,N2,,,,515,298.701
2,5,112,1002638,Bridge,bridge 917,N2,D,False,False,8327,282.35
2,5,112,1002639,Link,,N2,,,,11833,1881.74
2,5,112,1002643,Bridge,bridge 918,N2,A,False,False,157,25.4
2,5,112,1002644,Link,,N2,,,,11836,1919.023
2,5,112,1002648,Bridge,bridge 919,N2,A,False,False,0,2.0
2,5,112,1002649,Link,,N2,,,,6817,684.982
2,5,112,1002650,Bridge,bridge 920,N2,C,False,False,5018,62.5
2,5,112,1002651,Link,,N2,,,,11835,888.77
2,5,112,1002653,Bridge,bridge 921,N2,A,False,False,0,22.0
2,5,112,1002654,Link,,N2,,,,11837,936.536
2,5,112,1002657,Bridge,bridge 922,N2,A,False,False,0,3.0
2,5,112,1002658,Bridge,bridge 923,N2,A,False,False,1229,24.7
2,5,112,1002659,Link,,N2,,,,10561,660.433
2,5,112,1002661,Bridge,bridge 924,N2,A,False,False,0,24.5
2,5,112,1002662,Link,,N2,,,,0,21.809
2,5,112,1002663,Bridge,bridge 925,N2,A,False,False,0,3.0
2,5,112,1002664,Link,,N2,,,,8575,694.17
2,5,112,1002666,Bridge,bridge 926,N2,A,False,False,149,2.5
2,5,112,1002667,Bridge,bridge 927,N2,A,False,False,0,2.0
2,5,112,1002668,Link,,N2,,,,11836,1032.427
2,5,112,1002670,Bridge,bridge 928,N2,A,False,False,0,8.2
2,5,112,1002671,Link,,N2,,,,11836,1870.109
2,5,112,1002673,Bridge,bridge 929,N2,A,False,False,0,3.0
2,5,112,1002674,Link,,N2,,,,11837,1061.1970000000001
2,5,112,1002677,Bridge,bridge 930,N2,A,False,False,0,7.2
2,5,112,1002678,Link,,N2,,,,149,22.84
2,5,112,1002679,Bridge,bridge 931,N2,A,False,False,0,2.0
2,5,112,1002680,Link,,N2,,,,11841,1558.5
2,5,112,1002683,Bridge,bridge 932,N2,A,False,False,0,2.0
2,5,112,1002684,Link,,N2,,,,11839,746.356
2,5,112,1002686,Bridge,bridge 933,N2,A,False,False,0,1.5
2,5,112,1002687,Link,,N2,,,,4950,346.666
2,5,112,1002688,Bridge,bridge 934,N2,A,False,False,0,2.0
2,5,112,1002689,Bridge,bridge 935,N2,A,False,False,0,1.5
2,5,112,1002690,Link,,N2,,,,11845,1445.407
2,5,112,1002693,Bridge,bridge 936,N2,A,False,False,0,2.0
2,5,112,1002694,Bridge,bridge 937,N2,A,False,False,0,2.0
2,5,112,1002695,Link,,N2,,,,1273,67.272
2,5,112,1002696,Bridge,bridge 938,N2,A,False,False,0,2.0
2,5,112,1002697,Bridge,bridge 939,N2,A,False,False,0,2.0
2,5,112,1002698,Link,,N2,,,,659,99.465
2,5,112,1002699,Bridge,bridge 940,N2,C,False,False,1280,12.4
2,5,112,1002700,Link,,N2,,,,201,198.038
2,5,112,1002701,Bridge,bridge 941,N2,A,False,False,0,2.5
2,5,112,1002702,Bridge,bridge 942,N2,A,False,False,0,2.5
2,5,112,1002703,Link,,N2,,,,11847,2581.869
2,5,112,1002707,Bridge,bridge 943,N2,A,False,False,0,2.5
2,5,112,1002708,Link,,N2,,,,11847,1307.872
2,5,112,1002710,Bridge,bridge 944,N2,B,False,False,0,11.8
2,5,112,1002711,Link,,N2,,,,11847,1429.0349999999999
2,5,112,1002714,Bridge,bridge 945,N2,B,False,False,0,3.0
2,5,112,1002715,Link,,N2,,,,11849,984.1110000000001
2,5,112,1002717,Bridge,bridge 946,N2,B,False,False,201,12.2
2,5,112,1002718,Link,,N2,,,,140,249.482
2,5,112,1002719,Bridge,bridge 947,N2,A,False,False,0,3.0
2,5,112,1002720,Bridge,bridge 948,N2,A,False,False,0,3.0
2,5,112,1002721,Link,,N2,,,,11506,434.363
2,5,112,1002724,Bridge,bridge 949,N2,A,False,False,0,40.8
2,5,112,1002725,Link,,N2,,,,11847,1123.91
2,5,112,1002729,Bridge,bridge 950,N2,A,False,False,0,1.5
2,5,112,1002730,Link,,N2,,,,5195,142.249
2,5,112,1002731,Bridge,bridge 951,N2,B,False,False,0,7.0
2,5,112,1002732,Link,,N2,,,,11698,686.334
2,5,112,1002734,Bridge,bridge 952,N2,A,False,False,0,21.0
2,5,112,1002735,Intersection,intersection 13,N2,,,,3246,165.466
2,5,112,1002736,Link,,N2,,,,28,34.551
2,5,112,1002737,Bridge,bridge 953,N2,A,False,False,0,9.5
2,5,112,1002738,Link,,N2,,,,1729,203.526
2,5,112,1002739,Bridge,bridge 954,N2,B,False,False,244,298.2
2,5,112,1002740,Link,,N2,,,,7303,287.749
2,5,112,1002741,Bridge,bridge 955,N2,A,False,False,0,9.1
2,5,112,1002742,Link,,N2,,,,7723,643.649
2,5,112,1002744,Bridge,bridge 956,N2,A,False,False,0,4.4
2,5,112,1002745,Bridge,bridge 957,N2,A,False,False,0,3.0
2,5,112,1002746,Bridge,bridge 958,N2,A,False,False,0,2.0
2,5,112,1002747,Bridge,bridge 959,N2,A,False,False,0,8.5
2,5,112,1002748,Link,,N2,,,,9276,1384.93
2,5,112,1002752,Bridge,bridge 960,N2,A,False,False,0,2.0
2,5,112,1002753,Bridge,bridge 961,N2,B,False,False,0,6.1
2,5,112,1002754,Link,,N2,,,,5682,162.772
2,5,112,1002755,Bridge,bridge 962,N2,A,False,False,0,2.0
2,5,112,1002756,Link,,N2,,,,9279,1022.999
2,5,112,1002758,Bridge,bridge 963,N2,C,False,False,0,11.85
2,5,112,1002759,Link,,N2,,,,9278,956.4200000000001
2,5,112,1002761,Bridge,bridge 964,N2,A,False,False,0,11.7
2,5,112,1002762,Link,,N2,,,,244,319.173
2,5,112,1002764,Bridge,bridge 965,N2,C,True,True,7475,15.0
2,5,112,1002765,Link,,N2,,,,0,12.797
2,5,112,1002766,Bridge,bridge 966,N2,A,False,False,0,3.0
2,5,112,1002767,Link,,N2,,,,96,216.553
2,5,112,1002768,Bridge,bridge 967,N2,A,False,False,0,3.0
2,5,112,1002769,Link,,N2,,,,9308,957.067
2,5,112,1002770,Bridge,bridge 968,N2,A,False,False,0,14.4
2,5,112,1002771,Link,,N2,,,,9310,974.998
2,5,112,1002773,Bridge,bridge 969,N2,B,False,False,0,12.45
2,5,112,1002774,Link,,N2,,,,0,12.354
2,5,112,1002775,Bridge,bridge 970,N2,A,False,False,0,3.0
2,5,112,1002776,Link,,N2,,,,83,107.866
2,5,112,1002777,Bridge,bridge 971,N2,A,False,False,0,3.0
2,5,112,1002778,Link,,N2,,,,1843,342.216
2,5,112,1002779,Bridge,bridge 972,N2,A,False,False,7123,6.0
2,5,112,1002780,Bridge,bridge 973,N2,A,False,False,0,9.25
2,5,112,1002781,Link,,N2,,,,9311,1732.716
2,5,112,1002784,Bridge,bridge 974,N2,A,False,False,0,3.0
2,5,112,1002785,Link,,N2,,,,186,325.774
2,5,112,1002786,Bridge,bridge 975,N2,A,False,False,0,9.25
2,5,112,1002787,Link,,N2,,,,0,6.401
2,5,112,1002788,Bridge,bridge 976,N2,A,False,False,0,3.9
2,5,112,1002789,Link,,N2,,,,1816,173.234
2,5,112,1002790,Bridge,bridge 977,N2,A,False,False,0,6.5
2,5,112,1002791,Link,,N2,,,,9314,935.453
2,5,112,1002793,Bridge,bridge 978,N2,A,False,False,0,9.0
2,5,112,1002794,Link,,N2,,,,345,469.895
2,5,112,1002795,Bridge,bridge 979,N2,A,False,False,0,6.85
2,5,112,1002796,Link,,N2,,,,1816,160.336
2,5,112,1002797,Bridge,bridge 980,N2,A,False,False,0,3.0
2,5,112,1002798,Link,,N2,,,,9314,819.379
2,5,112,1002799,Bridge,bridge 981,N2,A,False,False,0,4.5
2,5,112,1002800,Link,,N2,,,,9314,801.479
2,5,112,1002801,Bridge,bridge 982,N2,A,False,False,27,90.8
2,5,112,1002802,Link,,N2,,,,9320,956.509
2,5,112,1002804,Bridge,bridge 983,N2,B,False,False,0,83.1
2,5,112,1002805,Link,,N2,,,,9321,1446.856
2,5,112,1002808,Bridge,bridge 984,N2,B,False,False,36,36.3
2,5,112,1002809,Link,,N2,,,,9324,1499.504
2,5,112,1002812,Bridge,bridge 985,N2,C,False,False,7141,36.0
2,5,112,1002813,Link,,N2,,,,2090,513.029
2,5,112,1002815,Bridge,bridge 986,N2,B,False,False,0,55.5
2,5,112,1002816,Link,,N2,,,,9329,1023.5450000000001
2,5,112,1002819,Bridge,bridge 987,N2,A,False,False,0,12.4
2,5,112,1002820,Link,,N2,,,,262,292.574
2,5,112,1002821,Bridge,bridge 988,N2,A,False,False,0,6.1
2,5,112,1002822,Bridge,bridge 989,N2,A,False,False,0,9.1
2,5,112,1002823,Link,,N2,,,,83,148.438
2,5,112,1002824,Bridge,bridge 990,N2,A,False,False,0,9.1
2,5,112,1002825,Link,,N2,,,,9331,815.6800000000001
2,5,112,1002827,Bridge,bridge 991,N2,B,False,False,1745,21.75
2,5,112,1002828,Link,,N2,,,,9333,1619.202
2,5,112,1002831,Bridge,bridge 992,N2,A,False,False,0,21.4
2,5,112,1002832,Link,,N2,,,,9333,825.895
2,5,112,1002835,Bridge,bridge 993,N2,B,False,False,96,190.5
2,5,112,1002836,Link,,N2,,,,9334,775.3
2,5,112,1002838,Bridge,bridge 994,N2,B,False,False,0,26.0
2,5,112,1002839,Link,,N2,,,,9334,1558.544
2,5,112,1002842,Bridge,bridge 995,N2,A,False,False,7150,87.5
2,5,112,1002843,Link,,N2,,,,159,100.771
2,5,112,1002845,Bridge,bridge 996,N2,A,False,False,0,26.0
2,5,112,1002846,Link,,N2,,,,0,21.627
2,5,112,1002847,Bridge,bridge 997,N2,A,False,False,0,22.0
2,5,112,1002848,Link,,N2,,,,103,39.883
2,5,112,1002850,Bridge,bridge 998,N2,A,False,False,0,79.0
2,5,112,1002851,Link,,N2,,,,83,93.065
2,5,112,1002853,Bridge,bridge 999,N2,A,False,False,0,14.4
2,5,112,1002854,Link,,N2,,,,9150,545.778
2,5,112,1002856,Bridge,bridge 1000,N2,B,False,False,103,63.5
2,5,112,1002857,Link,,N2,,,,1896,380.79999999999995
2,5,112,1002859,Bridge,bridge 1001,N2,A,False,False,0,47.5
2,5,112,1002860,Link,,N2,,,,0,45.447
2,5,112,1002861,Bridge,bridge 1002,N2,A,False,False,0,17.0
2,5,112,1002862,Link,,N2,,,,27,20.842
2,5,112,1002863,Bridge,bridge 1003,N2,C,True,True,7511,36.5
2,5,112,1002864,Link,,N2,,,,7527,486.054
2,5,112,1002866,Bridge,bridge 1004,N2,A,False,False,0,81.0
2,5,112,1002867,Link,,N2,,,,9353,732.939
2,5,112,1002869,Bridge,bridge 1005,N2,B,False,False,0,36.5
2,5,112,1002870,Link,,N2,,,,9357,3796.6769999999997
2,5,112,1002875,Bridge,bridge 1006,N2,A,False,False,0,39.5
2,5,112,1002876,Link,,N2,,,,81,107.761
2,5,112,1002878,Bridge,bridge 1007,N2,A,False,False,0,24.5
2,5,112,1002879,Link,,N2,,,,9357,2738.575
2,5,112,1002883,Bridge,bridge 1008,N2,A,False,False,0,6.5
2,5,112,1002884,Bridge,bridge 1009,N2,A,False,False,0,7.0
2,5,112,1002885,Link,,N2,,,,340,508.615
2,5,112,1002886,Bridge,bridge 1010,N2,A,False,False,0,5.0
2,5,112,1002887,Bridge,bridge 1011,N2,A,False,False,0,40.0
2,5,112,1002888,Link,,N2,,,,9357,1494.3740000000003
2,5,112,1002895,SourceSink,sourcesink 12,N2,,,,2157,300.072
2,5,112,1002897,SourceSink,sourcesink 13,N204,,,,2571,485.16
2,5,112,1002898,Link,,N204,,,,0,89.623
2,5,112,1002899,Bridge,bridge 1012,N204,B,False,False,0,40.0
2,5,112,1002900,Link,,N204,,,,0,33.97
2,5,112,1002901,Bridge,bridge 1013,N204,C,False,False,0,3.85
2,5,112,1002902,Bridge,bridge 1014,N204,C,False,False,0,12.6
2,5,112,1002903,Link,,N204,,,,0,124.062
2,5,112,1002904,Bridge,bridge 1015,N204,B,False,False,0,9.5
2,5,112,1002905,Link,,N204,,,,0,455.787
2,5,112,1002906,Bridge,bridge 1016,N204,B,False,False,0,3.0
2,5,112,1002907,Link,,N204,,,,0,8665.160000000002
2,5,112,1002922,Bridge,bridge 1017,N204,C,False,False,0,4.6
2,5,112,1002923,Link,,N204,,,,0,1324.397
2,5,112,1002927,Bridge,bridge 1018,N204,A,False,False,0,24.8
2,5,112,1002928,Link,,N204,,,,0,2102.199
2,5,112,1002936,Bridge,bridge 1019,N204,A,False,False,0,1.65
2,5,112,1002937,Link,,N204,,,,0,3502.014
2,5,112,1002949,Bridge,bridge 1020,N204,D,False,False,0,13.5
2,5,112,1002950,Link,,N204,,,,0,3232.085
2,5,112,1002959,Bridge,bridge 1021,N204,A,False,False,0,6.2
2,5,112,1002960,Link,,N204,,,,0,278.216
2,5,112,1002961,Bridge,bridge 1022,N204,B,False,False,0,39.5
2,5,112,1002962,Link,,N204,,,,0,3110.06
2,5,112,1002970,Bridge,bridge 1023,N204,A,False,False,0,9.24
2,5,112,1002971,Link,,N204,,,,0,3458.5240000000003
2,5,112,1002979,Bridge,bridge 1024,N204,A,False,False,0,2.24
2,5,112,1002980,Link,,N204,,,,0,89.915
2,5,112,1002982,Bridge,bridge 1025,N204,A,False,False,0,3.1
2,5,112,1002983,Link,,N204,,,,0,681.198
2,5,112,1002984,Bridge,bridge 1026,N204,C,False,False,0,24.2
2,5,112,1002985,Link,,N204,,,,0,727.84
2,5,112,1002987,SourceSink,sourcesink 14,N204,,,,2619,27.37
2,5,112,1002990,SourceSink,sourcesink 15,N207,,,,5396,276.736
2,5,112,1002991,Bridge,bridge 1027,N207,C,False,False,937,22.29
2,5,112,1002992,Link,,N207,,,,440,542.263
2,5,112,1002994,Bridge,bridge 1028,N207,C,False,False,0,19.4
2,5,112,1002995,Link,,N207,,,,1175,474.715
2,5,112,1002997,Bridge,bridge 1029,N207,C,False,False,0,30.76
2,5,112,1002998,Link,,N207,,,,0,105.483
2,5,112,1003001,Bridge,bridge 1030,N207,B,False,False,0,38.25
2,5,112,1003002,Link,,N207,,,,1377,3948.8269999999998
2,5,112,1003009,Bridge,bridge 1031,N207,C,False,False,0,18.7
2,5,112,1003010,Link,,N207,,,,1378,5187.763999999999
2,5,112,1003022,Bridge,bridge 1032,N207,A,False,False,0,2.5
2,5,112,1003023,Link,,N207,,,,1378,2610.16
2,5,112,1003027,Bridge,bridge 1033,N207,A,False,False,0,13.5
2,5,112,1003028,Link,,N207,,,,238,184.585
2,5,112,1003029,Bridge,bridge 1034,N207,B,False,False,0,31.4
2,5,112,1003030,Link,,N207,,,,0,31.571
2,5,112,1003031,Bridge,bridge 1035,N207,A,False,False,0,1.5
2,5,112,1003032,Link,,N207,,,,0,35.965
2,5,112,1003033,Bridge,bridge 1036,N207,A,False,False,202,45.0
2,5,112,1003034,Link,,N207,,,,1378,917.582
2,5,112,1003036,Bridge,bridge 1037,N207,B,False,False,0,23.2
2,5,112,1003037,Link,,N207,,,,1379,2849.6859999999997
2,5,112,1003042,Bridge,bridge 1038,N207,A,False,False,0,12.0
2,5,112,1003043,Link,,N207,,,,1380,2059.217
2,5,112,1003048,Bridge,bridge 1039,N207,A,True,True,1109,3.0
2,5,112,1003049,Bridge,bridge 1040,N207,B,True,True,1112,9.2
2,5,112,1003050,Link,,N207,,,,238,236.082
2,5,112,1003051,Bridge,bridge 1041,N207,B,True,True,1114,4.5
2,5,112,1003052,Link,,N207,,,,0,176.482
2,5,112,1003053,Bridge,bridge 1042,N207,A,False,False,0,19.0
2,5,112,1003054,Link,,N207,,,,1388,863.5150000000001
2,5,112,1003056,Bridge,bridge 1043,N207,B,False,False,37,6.0
2,5,112,1003057,Link,,N207,,,,948,342.462
2,5,112,1003058,Bridge,bridge 1044,N207,A,False,False,0,15.8
2,5,112,1003059,Link,,N207,,,,0,126.023
2,5,112,1003061,Bridge,bridge 1045,N207,A,False,False,0,4.0
2,5,112,1003062,Bridge,bridge 1046,N207,A,False,False,0,4.5
2,5,112,1003063,Link,,N207,,,,440,352.926
2,5,112,1003064,Bridge,bridge 1047,N207,A,False,False,0,1.5
2,5,112,1003065,Bridge,bridge 1048,N207,A,False,False,0,4.5
2,5,112,1003066,Link,,N207,,,,1188,458.633
2,5,112,1003068,Bridge,bridge 1049,N207,C,False,False,0,6.0
2,5,112,1003069,Bridge,bridge 1050,N207,A,False,False,0,12.4
2,5,112,1003070,Link,,N207,,,,1389,1928.826
2,5,112,1003074,Bridge,bridge 1051,N207,D,True,True,1118,12.7
2,5,112,1003075,Link,,N207,,,,954,369.303
2,5,112,1003077,Bridge,bridge 1052,N207,A,False,False,0,6.0
2,5,112,1003078,Bridge,bridge 1053,N207,A,False,False,0,4.5
2,5,112,1003079,Link,,N207,,,,438,487.679
2,5,112,1003080,Bridge,bridge 1054,N207,A,True,True,1118,6.0
2,5,112,1003081,Link,,N207,,,,1395,2930.5520000000006
2,5,112,1003087,Bridge,bridge 1055,N207,C,True,True,1120,6.0
2,5,112,1003088,Bridge,bridge 1056,N207,A,False,False,0,8.2
2,5,112,1003089,Link,,N207,,,,37,167.644
2,5,112,1003090,Bridge,bridge 1057,N207,B,False,False,0,6.0
2,5,112,1003091,Bridge,bridge 1058,N207,B,False,False,0,12.2
2,5,112,1003092,Link,,N207,,,,0,106.521
2,5,112,1003093,Bridge,bridge 1059,N207,A,False,False,0,4.5
2,5,112,1003094,Bridge,bridge 1060,N207,A,False,False,0,4.5
2,5,112,1003095,Link,,N207,,,,0,235.164
2,5,112,1003096,Bridge,bridge 1061,N207,A,False,False,0,1.5
2,5,112,1003097,Bridge,bridge 1062,N207,D,False,False,0,4.35
2,5,112,1003098,Link,,N207,,,,1397,410.51
2,5,112,1003099,Bridge,bridge 1063,N207,A,False,False,0,3.0
2,5,112,1003100,Bridge,bridge 1064,N207,A,False,False,0,3.0
2,5,112,1003101,Link,,N207,,,,0,336.098
2,5,112,1003102,Bridge,bridge 1065,N207,C,False,False,0,6.0
2,5,112,1003104,Bridge,bridge 1066,N207,A,False,False,0,38.0
2,5,112,1003105,Link,,N207,,,,279,7278.420999999999
2,5,112,1003118,Bridge,bridge 1067,N207,A,False,False,0,4.55
2,5,112,1003119,Bridge,bridge 1068,N207,A,False,False,0,9.2
2,5,112,1003120,Link,,N207,,,,0,18.737
2,5,112,1003121,Bridge,bridge 1069,N207,A,False,False,0,12.1
2,5,112,1003122,Link,,N207,,,,279,677.04
2,5,112,1003123,Bridge,bridge 1070,N207,A,False,False,0,1.5
2,5,112,1003124,Link,,N207,,,,279,2428.211
2,5,112,1003128,Bridge,bridge 1071,N207,A,False,False,0,20.8
2,5,112,1003129,Link,,N207,,,,38,322.37399999999997
2,5,112,1003131,Bridge,bridge 1072,N207,A,False,False,0,14.0
2,5,112,1003132,Link,,N207,,,,279,2234.423
2,5,112,1003135,Bridge,bridge 1073,N207,A,False,False,0,4.5
2,5,112,1003136,Link,,N207,,,,279,1212.159
2,5,112,1003139,Bridge,bridge 1074,N207,C,False,False,78,61.6
2,5,112,1003140,Link,,N207,,,,0,85.165
2,5,112,1003141,Bridge,bridge 1075,N207,A,False,False,0,3.5
2,5,112,1003142,Link,,N207,,,,38,631.517
2,5,112,1003143,Bridge,bridge 1076,N207,A,True,True,227,12.5
2,5,112,1003144,Link,,N207,,,,215,699.0550000000001
2,5,112,1003146,Bridge,bridge 1077,N207,B,False,False,63,101.6
2,5,112,1003147,Link,,N207,,,,278,2653.833
2,5,112,1003153,SourceSink,sourcesink 16,N207,,,,2516,919.16
2,5,112,1003156,SourceSink,sourcesink 17,N208,,,,485,879.095
2,5,112,1003157,Bridge,bridge 1079,N208,B,False,False,69,51.0
2,5,112,1003158,Link,,N208,,,,17,630.398
2,5,112,1003160,Bridge,bridge 1080,N208,A,False,False,0,18.0
2,5,112,1003161,Link,,N208,,,,249,672.3910000000001
2,5,112,1003164,Bridge,bridge 1081,N208,B,False,False,0,137.4
2,5,112,1003165,Link,,N208,,,,232,488.461
2,5,112,1003167,Bridge,bridge 1082,N208,A,False,False,0,1.0
2,5,112,1003168,Link,,N208,,,,180,394.686
2,5,112,1003169,Bridge,bridge 1083,N208,A,True,True,198,9.5
2,5,112,1003170,Link,,N208,,,,86,497.864
2,5,112,1003172,Bridge,bridge 1084,N208,A,False,False,0,18.0
2,5,112,1003173,Link,,N208,,,,163,365.169
2,5,112,1003174,Bridge,bridge 1085,N208,A,False,False,0,14.0
2,5,112,1003175,Link,,N208,,,,249,939.511
2,5,112,1003177,Bridge,bridge 1086,N208,A,False,False,0,12.5
2,5,112,1003178,Link,,N208,,,,86,307.172
2,5,112,1003179,Bridge,bridge 1087,N208,C,False,False,0,41.7
2,5,112,1003180,Link,,N208,,,,163,409.35699999999997
2,5,112,1003182,Bridge,bridge 1088,N208,A,False,False,0,9.3
2,5,112,1003183,Bridge,bridge 1089,N208,A,False,False,0,2.1
2,5,112,1003184,Link,,N208,,,,120,566.354
2,5,112,1003185,Bridge,bridge 1090,N208,A,False,False,0,3.0
2,5,112,1003186,Bridge,bridge 1091,N208,A,False,False,0,1.6
2,5,112,1003187,Link,,N208,,,,129,155.54
2,5,112,1003188,Bridge,bridge 1092,N208,A,False,False,0,12.4
2,5,112,1003189,Link,,N208,,,,249,647.296
2,5,112,1003191,Bridge,bridge 1093,N208,A,False,False,0,3.0
2,5,112,1003192,Link,,N208,,,,0,341.125
2,5,112,1003194,Bridge,bridge 1094,N208,B,False,False,0,6.0
2,5,112,1003195,Link,,N208,,,,86,198.986
2,5,112,1003196,Bridge,bridge 1095,N208,A,False,False,0,13.4
2,5,112,1003197,Link,,N208,,,,249,849.493
2,5,112,1003198,Bridge,bridge 1096,N208,A,False,False,0,8.25
2,5,112,1003199,Bridge,bridge 1097,N208,B,False,False,0,12.45
2,5,112,1003200,Link,,N208,,,,249,744.427
2,5,112,1003201,Bridge,bridge 1098,N208,A,False,False,0,9.25
2,5,112,1003202,Link,,N208,,,,249,1909.788
2,5,112,1003206,Bridge,bridge 1099,N208,C,False,False,0,22.0
2,5,112,1003207,Link,,N208,,,,248,917.7479999999999
2,5,112,1003209,Bridge,bridge 1100,N208,A,False,False,0,38.8
2,5,112,1003210,Link,,N208,,,,0,39.263
2,5,112,1003211,Bridge,bridge 1101,N208,A,False,False,0,4.5
2,5,112,1003212,Bridge,bridge 1102,N208,B,False,False,0,14.0
2,5,112,1003213,Link,,N208,,,,86,330.88
2,5,112,1003215,Bridge,bridge 1103,N208,A,False,False,0,3.0
2,5,112,1003216,Link,,N208,,,,179,568.654
2,5,112,1003217,Bridge,bridge 1104,N208,B,False,False,0,3.1
2,5,112,1003218,Bridge,bridge 1105,N208,A,True,True,197,3.1
2,5,112,1003219,Link,,N208,,,,0,241.195
2,5,112,1003221,Bridge,bridge 1106,N208,A,False,False,0,3.1
2,5,112,1003222,Bridge,bridge 1107,N208,A,False,False,0,3.1
2,5,112,1003223,Bridge,bridge 1108,N208,A,False,False,0,9.5
2,5,112,1003224,Link,,N208,,,,104,525.529
2,5,112,1003227,Bridge,bridge 1109,N208,C,False,False,17,10.3
2,5,112,1003228,Link,,N208,,,,128,263.49
2,5,112,1003229,Bridge,bridge 1110,N208,B,True,True,198,3.0
2,5,112,1003230,Bridge,bridge 1111,N208,D,False,False,34,41.55
2,5,112,1003231,Link,,N208,,,,0,42.537
2,5,112,1003232,Bridge,bridge 1112,N208,B,False,False,0,3.0
2,5,112,1003233,Link,,N208,,,,0,172.081
2,5,112,1003234,Bridge,bridge 1113,N208,A,False,False,0,3.0
2,5,112,1003235,Link,,N208,,,,248,930.405
2,5,112,1003237,Bridge,bridge 1114,N208,B,False,False,0,3.0
2,5,112,1003238,Bridge,bridge 1115,N208,B,True,True,198,31.1
2,5,112,1003239,Link,,N208,,,,88,369.387
2,5,112,1003240,Bridge,bridge 1116,N208,A,False,False,0,4.5
2,5,112,1003241,Bridge,bridge 1117,N208,B,False,False,0,1.5
2,5,112,1003242,Bridge,bridge 1118,N208,A,False,False,0,3.0
2,5,112,1003243,Link,,N208,,,,34,18.746
2,5,112,1003244,Bridge,bridge 1119,N208,A,False,False,0,4.5
2,5,112,1003245,Link,,N208,,,,0,291.376
2,5,112,1003246,Bridge,bridge 1120,N208,A,False,False,0,4.6
2,5,112,1003247,Link,,N208,,,,126,118.184
2,5,112,1003248,Bridge,bridge 1121,N208,A,False,False,0,4.6
2,5,112,1003249,Bridge,bridge 1122,N208,A,False,False,0,3.0
2,5,112,1003250,Bridge,bridge 1123,N208,A,False,False,0,29.0
2,5,112,1003251,Link,,N208,,,,122,405.848
2,5,112,1003253,Bridge,bridge 1124,N208,A,False,False,0,4.6
2,5,112,1003254,Bridge,bridge 1125,N208,A,False,False,0,3.0
2,5,112,1003255,Link,,N208,,,,126,433.09000000000003
2,5,112,1003257,Bridge,bridge 1126,N208,A,False,False,0,3.0
2,5,112,1003258,Bridge,bridge 1127,N208,A,False,False,17,6.0
2,5,112,1003259,Bridge,bridge 1128,N208,A,False,False,0,3.0
2,5,112,1003260,Link,,N208,,,,0,164.302
2,5,112,1003261,Bridge,bridge 1129,N208,A,True,True,197,6.0
2,5,112,1003262,Bridge,bridge 1130,N208,A,False,False,0,3.0
2,5,112,1003263,Bridge,bridge 1131,N208,A,False,False,0,25.8
2,5,112,1003264,Link,,N208,,,,105,351.64
2,5,112,1003267,Bridge,bridge 1132,N208,A,False,False,0,3.0
2,5,112,1003268,Bridge,bridge 1133,N208,A,False,False,0,3.0
2,5,112,1003269,Link,,N208,,,,176,540.662
2,5,112,1003270,Bridge,bridge 1134,N208,A,False,False,0,3.0
2,5,112,1003271,Bridge,bridge 1135,N208,A,False,False,0,4.6
2,5,112,1003272,Bridge,bridge 1136,N208,A,False,False,0,3.0
2,5,112,1003273,Bridge,bridge 1137,N208,A,False,False,0,4.6
2,5,112,1003274,Link,,N208,,,,71,108.699
2,5,112,1003275,Bridge,bridge 1138,N208,C,False,False,0,6.0
2,5,112,1003276,Bridge,bridge 1139,N208,A,False,False,0,3.0
2,5,112,1003277,Bridge,bridge 1140,N208,A,False,False,0,3.0
2,5,112,1003278,Bridge,bridge 1141,N208,A,False,False,0,6.0
2,5,112,1003279,Bridge,bridge 1142,N208,A,False,False,0,6.0
2,5,112,1003280,Link,,N208,,,,0,322.598
2,5,112,1003282,Bridge,bridge 1143,N208,A,False,False,0,6.1
2,5,112,1003283,Link,,N208,,,,247,1839.938
2,5,112,1003287,Bridge,bridge 1144,N208,C,True,True,230,117.0
2,5,112,1003288,Link,,N208,,,,0,424.957
2,5,112,1003290,Bridge,bridge 1145,N208,A,False,False,0,5.7
2,5,112,1003291,Link,,N208,,,,246,1396.933
2,5,112,1003294,Bridge,bridge 1146,N208,B,False,False,0,89.6
2,5,112,1003295,Link,,N208,,,,246,3060.69
2,5,112,1003303,Bridge,bridge 1147,N208,A,False,False,0,30.3
2,5,112,1003304,Link,,N208,,,,246,827.4179999999999
2,5,112,1003306,Bridge,bridge 1148,N208,A,False,False,0,1.5
2,5,112,1003307,Bridge,bridge 1149,N208,C,False,False,0,29.2
2,5,112,1003308,Link,,N208,,,,246,5801.887000000001
2,5,112,1003319,Bridge,bridge 1150,N208,B,False,False,0,32.0
2,5,112,1003320,Link,,N208,,,,246,4576.815
2,5,112,1003330,SourceSink,sourcesink 18,N208,,,,3125,985.176
