road,id,model_type,name,lat,lon,length,condition,lrp,real_name
N1,1000000,source,source 1,23.7060278,90.443333,0.0,A,LRPS,Start of Road  after Jatrabari Flyover infront of filling station.
N1,1000001,link,link 1,23.7029167,90.4504167,814.0,A,LRPSa,Box Culvert
N1,1000002,link,link 2,23.7027778,90.4504722,8.0,A,LRPSb,Intersection with Z1101
N1,1000003,link,link 3,23.7021389,90.4519722,178.0,A,LRP001,Km post missing
N1,1000004,link,link 4,23.6978886,90.4605833,1000.0,A,LRP002,Km post missing
N1,1000005,link,link 5,23.6973608,90.4616667,130.0,A,LRP002a,Box culvert
N1,1000006,link,link 6,23.693833,90.4691382,870.0,A,LRP003,Km post missing
N1,1000007,link,link 7,23.6936108,90.4787771,1000.0,A,LRP004,Km post missing
N1,1000008,link,link 8,23.6938052,90.4805271,175.0,A,LRP004a,Road to Narayanganj(R111)
N1,1000009,link,link 9,23.6947497,90.4884997,825.0,A,LRP005,Km post missing
N1,1000010,link,link 10,23.6959163,90.4981941,1000.0,A,LRP006,Km post missing
N1,1000011,link,link 11,23.697333,90.50775,1000.0,A,LRP007,Km post missing
N1,1000012,link,link 12,23.6979163,90.5092778,181.0,A,LRP007a,"R110,Left to Demra, Right to Narayanganj"
N1,1000013,link,link 13,23.7020556,90.5157222,819.0,A,LRP008,Km post missing
N1,1000014,link,link 14,23.7021111,90.5157778,11.0,A,LRP008a,Kachpur bridge
N1,1000015,bridge,bridge 1,23.7045833,90.5188327,397.0,C,LRP008b,Bridge end
N1,1000016,link,link 15,23.7050278,90.5193327,74.0,A,LRP009,"Chittagong 251 km,Comilla 84 km"
N1,1000017,link,link 16,23.7060833,90.5215271,260.0,A,LRP009a,Road to Sylhet (N2)
N1,1000018,link,link 17,23.7025278,90.5273882,740.0,A,LRP010,Km post missing
N1,1000019,bridge,bridge 2,23.7015278,90.5281938,8.0,B,LRP010a,Box culvert
N1,1000020,bridge,bridge 3,23.6998608,90.5307216,6.3,A,LRP010b,Box culvert
N1,1000021,bridge,bridge 4,23.6974163,90.5337774,6.3,A,LRP010c,Box culvert
N1,1000022,link,link 18,23.6966386,90.5348052,126.0,A,LRP011,Km post missing
N1,1000023,bridge,bridge 5,23.6943608,90.5376108,8.3,A,LRP011a,Box culvert
N1,1000024,link,link 19,23.6922774,90.5410552,428.0,A,LRP011b,Box culvert
N1,1000025,link,link 20,23.6918052,90.5426108,184.0,A,LRP012,"Chittagong 248 km,Comilla 81 km"
N1,1000026,bridge,bridge 6,23.6911108,90.5448886,9.3,A,LRP012a,Bridge start
N1,1000027,bridge,bridge 7,23.6910552,90.5451386,6.1,A,LRP012b,Bridge end
N1,1000028,link,link 21,23.6904163,90.546583,165.0,A,LRP012c,Right to Syedpur (R113) left to Joydebpur N105)
N1,1000029,link,link 22,23.6865274,90.5504167,588.0,A,LRP013,"Ctg 247 km,Comilla 80 km"
N1,1000030,bridge,bridge 8,23.6854997,90.5512778,27.5,A,LRP013a,Box culvert
N1,1000031,link,link 23,23.678166,90.5556111,852.0,A,LRP014,Km post missing
N1,1000032,link,link 24,23.670916,90.5597778,1000.0,A,LRP015,Km post missing
N1,1000033,link,link 25,23.6705827,90.5599722,39.0,A,LRP015a,Box culvert
N1,1000034,link,link 26,23.6628333,90.5641111,961.0,A,LRP016,Km post missing
N1,1000035,bridge,bridge 9,23.6604167,90.5671104,5.55,B,LRP016a,Road to MinanbariZ1061)
N1,1000036,link,link 27,23.6591111,90.5697216,307.0,A,LRP016b,Langalbandhu bridge
N1,1000037,link,link 28,23.6583056,90.5709993,160.0,A,LRP016c,Bridge end
N1,1000038,link,link 29,23.6575,90.5719716,122.0,A,LRP017,Km post missing
N1,1000039,link,link 30,23.6559722,90.5743327,307.0,A,LRP017a,Bridge start
N1,1000040,bridge,bridge 10,23.6559167,90.5745271,159.52,C,LRP017b,Bridge end
N1,1000041,link,link 31,23.6540556,90.5772771,352.0,A,LRP017c,Bridge start
N1,1000042,link,link 32,23.6539167,90.5774993,30.0,A,LRP017d,Bridge end
N1,1000043,link,link 33,23.6525278,90.5798882,290.0,A,LRP018,Km post missing
N1,1000044,bridge,bridge 11,23.6508889,90.5826382,20.0,B,LRP018a,Bridge start
N1,1000045,bridge,bridge 12,23.6506944,90.5829993,20.45,A,LRP018b,Bridge end
N1,1000046,link,link 34,23.6476108,90.588083,620.0,A,LRP019,Km post missing
N1,1000047,bridge,bridge 13,23.6449441,90.5899163,40.5,C,LRP019a,Box culvert
N1,1000048,bridge,bridge 14,23.6397497,90.5926941,40.33,B,LRP019b,Box culvert
N1,1000049,link,link 35,23.6396941,90.5927219,3.0,A,LRP020,Km post missing
N1,1000050,bridge,bridge 15,23.6358608,90.5948052,6.0,A,LRP020a,Left to Sonargaon (Z1089) Right to Morgrapara ( Z1066)
N1,1000051,bridge,bridge 16,23.6341108,90.5970274,10.4,B,LRP020b,Bridge start
N1,1000052,link,link 36,23.6335552,90.5976941,100.0,A,LRP020c,Bridge end
N1,1000053,link,link 37,23.6330549,90.5982774,82.0,A,LRP021,Km post missing
N1,1000054,link,link 38,23.6262771,90.6042222,975.0,A,LRP021a,Box culvert
N1,1000055,link,link 39,23.6252216,90.6049722,130.0,A,LRP022,"Ctg 238 km,Comilla 71 km"
N1,1000056,bridge,bridge 17,23.6242216,90.6055278,5.5,B,LRP022a,Bridge start
N1,1000057,link,link 40,23.6224993,90.6066944,228.0,A,LRP022b,Bridge end
N1,1000058,link,link 41,23.6204716,90.6079722,259.0,A,LRP022c,Bridge start
N1,1000059,link,link 42,23.6195271,90.6085833,122.0,A,LRP022d,Bridge end
N1,1000060,link,link 43,23.6173604,90.6096944,255.0,A,LRP023,Km post missing
N1,1000061,bridge,bridge 18,23.6095556,90.6121944,213.5,B,LRP023a,Meghna  bridge
N1,1000062,link,link 44,23.609,90.6124722,65.0,A,LRP024,Km post missing
N1,1000063,bridge,bridge 19,23.6018611,90.6159722,900.0,C,LRP024a,Bridge end
N1,1000064,link,link 45,23.6009444,90.6165556,126.0,A,LRP025,Km post missing
N1,1000065,link,link 46,23.5959997,90.624666,1000.0,A,LRP026,Km post missing
N1,1000066,bridge,bridge 20,23.5959441,90.6246938,5.6,A,LRP026a,Box culvert
N1,1000067,bridge,bridge 21,23.5917497,90.6293327,5.5,A,LRP026b,Box culvert
N1,1000068,link,link 47,23.5896108,90.6313882,316.0,A,LRP027,Km post missing
N1,1000069,bridge,bridge 22,23.5837497,90.6369441,5.6,A,LRP027a,Bridge start
N1,1000070,link,link 48,23.5828327,90.6378886,126.0,A,LRP028,Km post missing
N1,1000071,bridge,bridge 23,23.5825827,90.6381386,173.25,A,LRP028a,Bridge end
N1,1000072,bridge,bridge 24,23.577916,90.6419719,172.1,A,LRP028b,Bridge start
N1,1000073,link,link 49,23.5776104,90.6421108,39.0,A,LRP028c,Bridge end
N1,1000074,link,link 50,23.5745271,90.6436941,396.0,A,LRP029,Information missing
N1,1000075,bridge,bridge 25,23.572166,90.6451108,29.85,A,LRP029a,Bridge start
N1,1000076,bridge,bridge 26,23.5718327,90.6453052,29.77,A,LRP029b,Bridge end
N1,1000077,link,link 51,23.5666111,90.6481663,646.0,A,LRP030,Km post missing
N1,1000078,bridge,bridge 27,23.5639167,90.6501944,34.7,A,LRP030a,Bridge start
N1,1000079,link,link 52,23.5636944,90.6504722,38.0,A,LRP030b,Bridge end
N1,1000080,link,link 53,23.5604167,90.6542222,532.0,A,LRP030c,Bridge start
N1,1000081,link,link 54,23.5602222,90.6545,38.0,A,LRP030d,Bridge end
N1,1000082,link,link 55,23.5599722,90.6548056,39.0,A,LRP031,"Ctg 229 km,Comilla 62 km"
N1,1000083,bridge,bridge 28,23.5590278,90.6559444,26.3,B,LRP031a,Road to Gazara (Z1063)
N1,1000084,link,link 56,23.5564444,90.6588611,412.0,A,LRP031b,Bridge start
N1,1000085,link,link 57,23.5562222,90.6591389,40.0,A,LRP031c,Bridge end
N1,1000086,link,link 58,23.5538056,90.6619722,395.0,A,LRP032,"Ctg 228 km,Comilla 61 km"
N1,1000087,bridge,bridge 29,23.5523333,90.6636667,29.85,A,LRP032a,Box culvert
N1,1000088,link,link 59,23.5487497,90.6678327,582.0,A,LRP033,"Ctg 227 km,Comilla 60 km"
N1,1000089,bridge,bridge 30,23.5474163,90.6694438,9.1,A,LRP033a,Bridge start
N1,1000090,bridge,bridge 31,23.5469441,90.6699993,5.2,A,LRP033b,Bridge end
N1,1000091,link,link 60,23.5442219,90.6731104,443.0,A,LRP033c,Box culvert
N1,1000092,link,link 61,23.542583,90.6749438,256.0,A,LRP034,Km post missing
N1,1000093,link,link 62,23.5362497,90.681916,1000.0,A,LRP035,Km post missing
N1,1000094,bridge,bridge 32,23.536083,90.6821382,9.5,A,LRP035a,Bridge start
N1,1000095,link,link 63,23.5358608,90.6823604,40.0,A,LRP035b,Bridge end
N1,1000096,link,link 64,23.5341386,90.6843052,275.0,A,LRP035c,Box culvert
N1,1000097,link,link 65,23.5301938,90.688833,651.0,A,LRP036,Km post missing
N1,1000098,bridge,bridge 33,23.529916,90.6952219,24.5,B,LRP036a,Daudkandi bridge
N1,1000099,link,link 66,23.5301382,90.6984997,336.0,A,LRP037,Km post missing
N1,1000100,link,link 67,23.5307493,90.7082778,1000.0,A,LRP038,Km post missing
N1,1000101,link,link 68,23.5307771,90.7090278,78.0,A,LRP038a,Daudkandi bridge
N1,1000102,link,link 69,23.5313882,90.7153611,355.0,A,LRP038b,Start of Comilla road Division / Start of Comilla road Division
N1,1000103,link,link 70,23.5314716,90.7172216,426.0,A,LRP038c,Road to Matlab (Z1062)
N1,1000104,link,link 71,23.5315271,90.7173604,77.0,A,LRP038d,Bridge start
N1,1000105,link,link 72,23.5315827,90.7176104,17.0,A,LRP038e,Bridge end
N1,1000106,link,link 73,23.5317216,90.7180271,47.0,A,LRP039,Km post missing
N1,1000107,link,link 74,23.5322346,90.7226298386,513.0,A,LRP039a,Box culvert
N1,1000108,link,link 75,23.5327216,90.7269993,487.0,A,LRP040,Km post missing
N1,1000109,link,link 76,23.528916,90.7356108,1000.0,A,LRP041,Km post missing
N1,1000110,link,link 77,23.5289993,90.7419441,654.0,A,LRP042,Ctg 214 km
N1,1000111,link,link 78,23.5293882,90.7514167,967.0,A,LRP042a,Bridge start
N1,1000112,link,link 79,23.5293882,90.7515833,17.0,A,LRP042b,Bridge end
N1,1000113,link,link 80,23.529416,90.75175,24.0,A,LRP043,Km post broken
N1,1000114,link,link 81,23.5299993,90.7615,1000.0,A,LRP044,Km post Missing
N1,1000115,link,link 82,23.5304438,90.7713049,1000.0,A,LRP045,Km post Missing
N1,1000116,link,link 83,23.5304993,90.7731104,185.0,A,LRP045a,Box culvert
N1,1000117,link,link 84,23.5308049,90.7811104,815.0,A,LRP046,Km post Missing
N1,1000118,bridge,bridge 34,23.5307493,90.7816104,3.9,C,LRP046a,"Z1402, road to Pennai"
N1,1000119,link,link 85,23.530666,90.7821938,66.0,A,LRP046b,"Z1053, Road to Homna"
N1,1000120,link,link 86,23.5312216,90.7895552,773.0,A,LRP046c,Box culvert
N1,1000121,link,link 87,23.531166,90.7907219,108.0,A,LRP047,Km post Missing
N1,1000122,bridge,bridge 35,23.5306938,90.7924441,6.5,C,LRP047a,Z1044
N1,1000123,link,link 88,23.5308604,90.8002222,45.0,A,LRP048,Km post Missing
N1,1000124,link,link 89,23.5308882,90.8041389,403.0,A,LRP048a,Bridge start
N1,1000125,link,link 90,23.530916,90.8043611,20.0,A,LRP048b,Bridge end
N1,1000126,link,link 91,23.5316382,90.8099167,577.0,A,LRP049,Km post Missing
N1,1000127,link,link 92,23.5332493,90.8194716,1000.0,A,LRP050,Km post Missing
N1,1000128,link,link 93,23.5346663,90.8249716,594.0,A,LRP050a,Bridge start
N1,1000129,link,link 94,23.5347219,90.8251104,16.0,A,LRP050b,Bridge end
N1,1000130,link,link 95,23.5344997,90.8287216,390.0,A,LRP051,Km post Missing
N1,1000131,link,link 96,23.5292216,90.8365274,1000.0,A,LRP052,Km post Missing
N1,1000132,link,link 97,23.5270549,90.8391386,367.0,A,LRP052a,Box culvert
N1,1000133,link,link 98,23.523166,90.8438886,633.0,A,LRP053,Km post Missing
N1,1000134,link,link 99,23.5174993,90.8513889,1000.0,A,LRP054,Km post Missing
N1,1000135,link,link 100,23.5170827,90.8607778,1000.0,A,LRP055,Km post Missing
N1,1000136,link,link 101,23.5135833,90.8697771,1000.0,A,LRP056,Km post Missing
N1,1000137,bridge,bridge 36,23.5133056,90.8703049,28.9,C,LRP056a,Bridge start
N1,1000138,link,link 102,23.5131111,90.8706382,42.0,A,LRP056b,Bridge end
N1,1000139,link,link 103,23.5126667,90.871416,102.0,A,LRP056c,"Z1042, road to Bancharampur"
N1,1000140,link,link 104,23.5088056,90.8778604,792.0,A,LRP057,Km post Missing
N1,1000141,link,link 105,23.506,90.8869163,1000.0,A,LRP058,Km post Missing
N1,1000142,link,link 106,23.5056111,90.8958886,922.0,A,LRP058a,Box culvert
N1,1000143,link,link 107,23.5056389,90.8966108,78.0,A,LRP059,Km post Missing
N1,1000144,link,link 108,23.5062778,90.9063889,1000.0,A,LRP060,Km post Missing
N1,1000145,link,link 109,23.50575,90.91525,911.0,A,LRP060a,Box culvert
N1,1000146,link,link 110,23.5057222,90.9160278,89.0,A,LRP061,Km post Missing
N1,1000147,link,link 111,23.5055278,90.9257216,1000.0,A,LRP062,Km post Missing
N1,1000148,link,link 112,23.5042778,90.9354163,1000.0,A,LRP063,Km post Missing
N1,1000149,link,link 113,23.5043333,90.9354719,9.0,A,LRP063a,"Z1017, Road to Companiganj"
N1,1000150,link,link 114,23.5038611,90.9371386,264.0,A,LRP063b,Box culvert
N1,1000151,link,link 115,23.5028611,90.9412774,352.0,A,LRP063c,Box culvert
N1,1000152,link,link 116,23.5020278,90.9448886,375.0,A,LRP064,Km post Missing
N1,1000153,link,link 117,23.4995274,90.9541667,1000.0,A,LRP065,Km post Missing
N1,1000154,link,link 118,23.4986386,90.9651111,1000.0,A,LRP066,Km post Missing
N1,1000155,link,link 119,23.4980552,90.9660278,274.0,A,LRP066a,Box culvert
N1,1000156,link,link 120,23.4972774,90.9674716,183.0,A,LRP067,Ctg 191 km
N1,1000157,link,link 121,23.4942219,90.9765549,1000.0,A,LRP068,Km post Missing
N1,1000158,bridge,bridge 37,23.4951386,90.9829993,4.5,A,LRP068a,Box culvert
N1,1000159,link,link 122,23.4942497,90.985833,306.0,A,LRP069,Km post Missing
N1,1000160,link,link 123,23.4911386,90.9950274,1000.0,A,LRP070,Km post Missing
N1,1000161,link,link 124,23.4894441,91.0033056,890.0,A,LRP070a,Road to Debiduar (Z1008)
N1,1000162,link,link 125,23.4893886,91.0034722,22.0,A,LRP070b,Road to Jhalam (Z1022)
N1,1000163,link,link 126,23.4896108,91.0043056,71.0,A,LRP071,Ctg 188 km
N1,1000164,link,link 127,23.4893052,91.0112778,734.0,A,LRP072,"Ctg 188 km,Comilla 20 km"
N1,1000165,bridge,bridge 38,23.4890552,91.0120278,23.1,C,LRP072a,Bridge start
N1,1000166,link,link 128,23.4889441,91.01225,30.0,A,LRP072b,Bridge end
N1,1000167,link,link 129,23.488333,91.0140833,198.0,A,LRP073,Ctg 187 km
N1,1000168,link,link 130,23.4846386,91.0229438,1020.0,A,LRP074,Km post missing
N1,1000169,link,link 131,23.4827771,91.0321382,1000.0,A,LRP075,Km post missing
N1,1000170,bridge,bridge 39,23.481166,91.0404441,4.6,B,LRP075a,Box culvert
N1,1000171,link,link 132,23.4814716,91.0419719,141.0,A,LRP076,Ctg 184 km
N1,1000172,bridge,bridge 40,23.4820827,91.0504167,4.6,B,LRP076a,Box culvert
N1,1000173,link,link 133,23.4821382,91.0516944,129.0,A,LRP077,Km post missing
N1,1000174,bridge,bridge 41,23.4815271,91.0590278,1.5,A,LRP077a,Road to Khangsanagar (Z1219) left road to Barua Z1028 right
N1,1000175,link,link 134,23.4815549,91.0613611,240.0,A,LRP078,Km post missing
N1,1000176,link,link 135,23.4801104,91.0706382,1000.0,A,LRP079,Km post missing
N1,1000177,bridge,bridge 42,23.4770827,91.0789993,1.0,C,LRP079a,Box culvert
N1,1000178,link,link 136,23.4770271,91.0794716,56.0,A,LRP080,Km post missing
N1,1000179,link,link 137,23.4781938,91.0889997,1000.0,A,LRP081,Km post missing
N1,1000180,link,link 138,23.4775549,91.0986663,1000.0,A,LRP082,Km post missing
N1,1000181,link,link 139,23.4778604,91.1036111,513.0,A,LRP082a,Box culvert
N1,1000182,link,link 140,23.4779993,91.1055278,487.0,A,LRP083,Km post missing
N1,1000183,bridge,bridge 43,23.4789438,91.1177216,1.4,A,LRP083a,Box culvert
N1,1000184,link,link 141,23.4789716,91.1179993,28.0,A,LRP084,Km post missing
N1,1000185,link,link 142,23.4789716,91.118166,17.0,A,LRP084a,Road to Brahmanbaria(N102)
N1,1000186,link,link 143,23.4793327,91.1234716,547.0,A,LRP084b,Box culvert
N1,1000187,link,link 144,23.4800827,91.1276382,436.0,A,LRP085,Km post missing
N1,1000188,link,link 145,23.4767216,91.1364441,1000.0,A,LRP086,Km post missing
N1,1000189,link,link 146,23.4682216,91.1394441,1000.0,A,LRP087,Km post missing
N1,1000190,link,link 147,23.4595833,91.1421386,1000.0,A,LRP088,Km post missing
N1,1000191,bridge,bridge 44,23.459,91.142333,22.85,C,LRP088a,Cross road Z1029
N1,1000192,link,link 148,23.4513056,91.1460552,932.0,A,LRP089,Km post missing
N1,1000193,link,link 149,23.448833,91.1471386,303.0,A,LRP089a,Bridge start
N1,1000194,link,link 150,23.4486386,91.1472497,24.0,A,LRP089b,Bridge end
N1,1000195,link,link 151,23.4469441,91.1481386,210.0,A,LRP089c,Cross Road with Z1052
N1,1000196,link,link 152,23.4425274,91.1497774,463.0,A,LRP090,Km post missing
N1,1000197,link,link 153,23.4373886,91.1521944,684.0,A,LRP091,Ctg 170 km
N1,1000198,link,link 154,23.4288882,91.1553889,1000.0,A,LRP092,Km post missing
N1,1000199,link,link 155,23.4236938,91.1626944,980.0,A,LRP093,Ctg 168 km
N1,1000200,link,link 156,23.4235827,91.1629722,28.0,A,LRP093a,Bridge start
N1,1000201,link,link 157,23.423416,91.1632778,37.0,A,LRP093b,Bridge end
N1,1000202,link,link 158,23.4213604,91.167666,508.0,A,LRP093c,Rail Road Crossing
N1,1000203,link,link 159,23.4195271,91.171416,427.0,A,LRP094,Km post missing
N1,1000204,bridge,bridge 45,23.4191382,91.1721938,27.35,C,LRP094a,Left to Comilla Right to Noakhali
N1,1000205,link,link 160,23.4149444,91.1801382,538.0,A,LRP095,"Ctg 66 km,Feni 52 km"
N1,1000206,link,link 161,23.4131111,91.1846663,511.0,A,LRP095a,Bridge start
N1,1000207,link,link 162,23.4130556,91.1849163,28.0,A,LRP095b,Bridge end
N1,1000208,link,link 163,23.4125,91.1893886,461.0,A,LRP096,Km post missing
N1,1000209,link,link 164,23.4113056,91.1988886,1008.0,A,LRP097,Ctg 164 km
N1,1000210,link,link 165,23.4100833,91.2087778,1027.0,A,LRP098,Ctg 163 km
N1,1000211,bridge,bridge 46,23.4100278,91.2090833,27.35,C,LRP098a,Box culvert
N1,1000212,link,link 166,23.4048056,91.2165278,980.0,A,LRP099,Ctg 162 km
N1,1000213,link,link 167,23.40375,91.2176382,172.0,A,LRP099a,Bridge start
N1,1000214,link,link 168,23.4035556,91.2178049,29.0,A,LRP099b,Bridge end
N1,1000215,link,link 169,23.398213447804338,91.22288776581436,799.0,A,LRP100,Km post missing
N1,1000216,link,link 170,23.3915274,91.2292493,1000.0,A,LRP101,Km post missing
N1,1000217,bridge,bridge 47,23.3914441,91.2293049,30.48,A,LRP101a,Box culvert
N1,1000218,link,link 171,23.385083,91.2345552,892.0,A,LRP101b,Box culvert
N1,1000219,link,link 172,23.3849719,91.2346108,15.0,A,LRP101c,Box culvert
N1,1000220,link,link 173,23.3843886,91.2351108,83.0,A,LRP102,Km post missing
N1,1000221,link,link 174,23.3779716,91.2403608,898.0,A,LRP102a,Bridge start
N1,1000222,link,link 175,23.3777493,91.2405274,30.0,A,LRP102b,Bridge end
N1,1000223,link,link 176,23.377166,91.2409163,72.0,A,LRP103,Km post missing
N1,1000224,link,link 177,23.3695827,91.2462774,1000.0,A,LRP104,Km post missing
N1,1000225,bridge,bridge 48,23.3683327,91.2471108,22.8,C,LRP104a,Box culvert
N1,1000226,link,link 178,23.3615278,91.2515556,904.0,A,LRP105,"Ctg 156 km,Feni 43 km"
N1,1000227,bridge,bridge 49,23.3586389,91.25325,14.3,A,LRP105a,Bridge start
N1,1000228,link,link 179,23.3584444,91.2533333,24.0,A,LRP105b,Bridge end
N1,1000229,link,link 180,23.3536944,91.2561389,610.0,A,LRP106,Km post missing
N1,1000230,link,link 181,23.3486386,91.2599444,687.0,A,LRP106a,Box culvert
N1,1000231,link,link 182,23.3463608,91.2616944,313.0,A,LRP107,Km post missing
N1,1000232,link,link 183,23.3390552,91.2672216,1000.0,A,LRP108,Km post missing
N1,1000233,link,link 184,23.3360274,91.2700549,444.0,A,LRP108a,Bridge start
N1,1000234,link,link 185,23.3357219,91.2703049,44.0,A,LRP108b,Bridge end
N1,1000235,link,link 186,23.3347219,91.271166,143.0,A,LRP108c,Road to Harishchar (Z1046)
N1,1000236,link,link 187,23.3321938,91.2734716,369.0,A,LRP109,Km post missing
N1,1000237,link,link 188,23.3246382,91.278666,1000.0,A,LRP110,Km post missing
N1,1000238,bridge,bridge 50,23.324166,91.2791104,19.2,B,LRP110a,Bridge start
N1,1000239,link,link 189,23.3240827,91.279166,10.0,A,LRP110b,Bridge end
N1,1000240,link,link 190,23.3171382,91.2836941,917.0,A,LRP111,Km post missing
N1,1000241,bridge,bridge 51,23.3149444,91.2844719,3.2,A,LRP111a,Bridge start
N1,1000242,link,link 191,23.31475,91.2845552,19.0,A,LRP111b,Bridge end
N1,1000243,link,link 192,23.3096389,91.2861386,598.0,A,LRP111c,Box culvert
N1,1000244,link,link 193,23.3086944,91.2864163,113.0,A,LRP112,Km post missing
N1,1000245,bridge,bridge 52,23.30425,91.288583,13.4,A,LRP112a,Box culvert
N1,1000246,link,link 194,23.3006111,91.290333,453.0,A,LRP113,Km post missing
N1,1000247,bridge,bridge 53,23.296083,91.2914997,4.6,B,LRP113a,Bridge start
N1,1000248,link,link 195,23.2959719,91.2915274,14.0,A,LRP113b,Bridge end
N1,1000249,link,link 196,23.2919163,91.2922219,467.0,A,LRP114,Km post missing
N1,1000250,bridge,bridge 54,23.2876663,91.2936386,6.3,B,LRP114a,Box culvert
N1,1000251,link,link 197,23.283583,91.2952219,498.0,A,LRP115,Km post missing
N1,1000252,link,link 198,23.2787216,91.3002778,774.0,A,LRP115a,Box culvert
N1,1000253,link,link 199,23.2768882,91.3011944,226.0,A,LRP116,Km post missing
N1,1000254,link,link 200,23.2686382,91.3049722,1000.0,A,LRP117,Km post missing
N1,1000255,bridge,bridge 55,23.2677493,91.3054722,4.5,B,LRP117a,Box culvert
N1,1000256,link,link 201,23.2654444,91.3064444,277.0,A,LRP117b,Box culvert
N1,1000257,link,link 202,23.2636667,91.30675,203.0,A,LRP117c,Box culvert
N1,1000258,link,link 203,23.2601111,91.3072778,404.0,A,LRP118,Km post missing
N1,1000259,bridge,bridge 56,23.2587222,91.3074444,2.5,B,LRP118a,Box culvert
N1,1000260,link,link 204,23.2511944,91.3086389,844.0,A,LRP119,Km post missing
N1,1000261,bridge,bridge 57,23.249833,91.3091944,2.5,A,LRP119a,Box culvert
N1,1000262,bridge,bridge 58,23.248333,91.3098056,3.1,B,LRP119b,Bridge start
N1,1000263,link,link 205,23.2481663,91.3098889,23.0,A,LRP119c,Bridge end
N1,1000264,link,link 206,23.2452774,91.3110556,347.0,A,LRP119d,Box culvert
N1,1000265,link,link 207,23.243083,91.3119167,270.0,A,LRP120,Km post missing
N1,1000266,bridge,bridge 59,23.2416941,91.3123611,2.6,B,LRP120a,Box culvert
N1,1000267,bridge,bridge 60,23.2344997,91.3131667,6.0,A,LRP120b,Box culvert
N1,1000268,link,link 208,23.2343052,91.3131667,20.0,A,LRP121,Km post missing
N1,1000269,link,link 209,23.2314993,91.3132222,315.0,A,LRP121a,Box culvert
N1,1000270,bridge,bridge 61,23.2275549,91.3135278,14.3,B,LRP121b,Box culvert
N1,1000271,link,link 210,23.2253882,91.3135833,237.0,A,LRP122,Km post missing
N1,1000272,bridge,bridge 62,23.221416,91.3137222,6.1,A,LRP122a,Road to Bangadda (Z1045)
N1,1000273,link,link 211,23.2184993,91.3143889,328.0,A,LRP122b,Box culvert
N1,1000274,link,link 212,23.2165556,91.3149167,222.0,A,LRP123,Km post missing
N1,1000275,bridge,bridge 63,23.2103056,91.3157222,6.1,A,LRP123a,Box culvert
N1,1000276,link,link 213,23.2078889,91.3159722,282.0,A,LRP124,Km post missing
N1,1000277,bridge,bridge 64,23.201,91.3168049,6.1,C,LRP124a,Box culvert
N1,1000278,link,link 214,23.1990274,91.3170549,229.0,A,LRP125,Km post missing
N1,1000279,bridge,bridge 65,23.1921108,91.3185549,9.5,B,LRP125a,Box culvert
N1,1000280,link,link 215,23.1909997,91.3192493,135.0,A,LRP126,Km post missing
N1,1000281,bridge,bridge 66,23.1866941,91.3212493,3.1,B,LRP126a,Bridge start
N1,1000282,link,link 216,23.1866108,91.3212771,12.0,A,LRP126b,Bridge end
N1,1000283,link,link 217,23.1826382,91.3210827,465.0,A,LRP127,Km post missing
N1,1000284,bridge,bridge 67,23.1773604,91.3198049,9.5,A,LRP127a,Box culvert
N1,1000285,link,link 218,23.172916,91.3205271,515.0,A,LRP128,Ctg 133 km
N1,1000286,bridge,bridge 68,23.1681382,91.3213604,6.3,B,LRP128a,Bridge start
N1,1000287,link,link 219,23.1680549,91.3213604,14.0,A,LRP128b,Bridge end
N1,1000288,link,link 220,23.1641389,91.3214993,440.0,A,LRP129,Km post missing
N1,1000289,bridge,bridge 69,23.1571667,91.3224993,3.5,B,LRP129a,Box culvert
N1,1000290,link,link 221,23.1554167,91.3232771,208.0,A,LRP130,Km post missing
N1,1000291,bridge,bridge 70,23.1496941,91.3254993,6.1,B,LRP130a,Road to Nangolhat (Z1048)
N1,1000292,link,link 222,23.1480274,91.3264993,269.0,A,LRP130b,Box culvert
N1,1000293,link,link 223,23.1471663,91.3266938,99.0,A,LRP131,Km post missing
N1,1000294,bridge,bridge 71,23.1433886,91.326666,3.0,B,LRP131a,Box culvert
N1,1000295,link,link 224,23.1382219,91.3263049,579.0,A,LRP132,Km post missing
N1,1000296,bridge,bridge 72,23.1374163,91.3264716,4.5,B,LRP132a,Box culvert
N1,1000297,link,link 225,23.1295827,91.3284993,898.0,A,LRP133,Km post missing
N1,1000298,bridge,bridge 73,23.1290827,91.3287216,5.3,B,LRP133a,Box culvert
N1,1000299,link,link 226,23.1234993,91.3311382,675.0,A,LRP133b,Box culvert
N1,1000300,link,link 227,23.1213327,91.3320549,255.0,A,LRP134,Km post missing
N1,1000301,bridge,bridge 74,23.1193049,91.3329993,6.1,A,LRP134a,Box culvert
N1,1000302,link,link 228,23.1191382,91.3330827,28.0,A,LRP135,"Ctg 127 km,Feni 16 km"
N1,1000303,link,link 229,23.1113611,91.3378052,1000.0,A,LRP136,Km post missing
N1,1000304,bridge,bridge 75,23.1108056,91.3381386,3.1,A,LRP136a,Box culvert
N1,1000305,link,link 230,23.1051111,91.3413608,720.0,A,LRP136b,Box culvert
N1,1000306,link,link 231,23.1035,91.3422497,205.0,A,LRP137,Km post missing
N1,1000307,bridge,bridge 76,23.1005833,91.3437774,3.5,A,LRP137a,Box culvert
N1,1000308,bridge,bridge 77,23.0961941,91.3461108,14.2,B,LRP137b,Box culvert
N1,1000309,link,link 232,23.095583,91.3464441,82.0,A,LRP138,Km post missing
N1,1000310,bridge,bridge 78,23.0901108,91.3494163,6.1,B,LRP138a,Box culvert
N1,1000311,link,link 233,23.0876108,91.3508889,312.0,A,LRP139,Km post missing
N1,1000312,link,link 234,23.0849719,91.3524722,345.0,A,LRP139a,Box culvertt
N1,1000313,link,link 235,23.0808049,91.3548611,527.0,A,LRP139b,Bridge start
N1,1000314,link,link 236,23.0806938,91.3549444,17.0,A,LRP139c,Bridge end
N1,1000315,link,link 237,23.0792493,91.3558333,193.0,A,LRP140,Ctg 122 km
N1,1000316,bridge,bridge 79,23.0732493,91.3594167,4.0,B,LRP140a,Box culvert
N1,1000317,link,link 238,23.0712493,91.3599722,234.0,A,LRP141,Km post missing
N1,1000318,link,link 239,23.0688604,91.3607222,275.0,A,LRP141a,Start of Feni road Division / Start of Feni road Division
N1,1000319,link,link 240,23.0636944,91.3616389,611.0,A,LRP141b,Box Culvert
N1,1000320,link,link 241,23.0635278,91.3616389,18.0,A,LRP142,Ctg 103 km
N1,1000321,bridge,bridge 80,23.0614722,91.3616667,10.8,A,LRP142a,Road to Karerhat (Z1031)
N1,1000322,link,link 242,23.0538611,91.3637222,882.0,A,LRP143,Ctg 102 km
N1,1000323,bridge,bridge 81,23.0479441,91.3651389,1.6,A,LRP143a,Z1031
N1,1000324,link,link 243,23.0449719,91.3653611,521.0,A,LRP144,Ctg 101 km
N1,1000325,link,link 244,23.0427774,91.3654444,196.0,A,LRP144a,Box culvert
N1,1000326,link,link 245,23.0398052,91.3656111,336.0,A,LRP144b,Rail Road Crossing
N1,1000327,link,link 246,23.0360274,91.36575,468.0,A,LRP145,Km post missing
N1,1000328,bridge,bridge 82,23.029416,91.3656389,3.4,A,LRP145a,Box culvert
N1,1000329,link,link 247,23.0269716,91.3655,287.0,A,LRP146,"Ctg 99 km,Feni 3 km"
N1,1000330,link,link 248,23.0248327,91.3655278,240.0,A,LRP146a,Road to Biroli (Z1030)
N1,1000331,link,link 249,23.0193604,91.3697771,761.0,A,LRP147,"Ctg 98 km,Feni 2 km"
N1,1000332,link,link 250,23.0185271,91.3708327,151.0,A,LRP147a,Box culvert
N1,1000333,link,link 251,23.0140833,91.3759716,724.0,A,LRP147b,Box culvert
N1,1000334,link,link 252,23.0132778,91.3769438,125.0,A,LRP148,Km post missing
N1,1000335,bridge,bridge 83,23.0095556,91.3813604,1.5,A,LRP148a,Intersection with N104 / Km post missing
N1,1000336,link,link 253,23.0018889,91.3920552,1407.0,A,LRP150,Ctg 95 km
N1,1000337,link,link 254,22.9963886,91.3998052,1000.0,A,LRP151,Km post missing
N1,1000338,link,link 255,22.9961941,91.4005,85.0,A,LRP151a,Bridge start
N1,1000339,link,link 256,22.9960552,91.4006667,23.0,A,LRP151b,Bridge end
N1,1000340,link,link 257,22.9906941,91.4072222,917.0,A,LRP152,"Ctg 93 km,Lalpole 1 km"
N1,1000341,link,link 258,22.9877774,91.41,448.0,A,LRP152a,Road to Feni Town (Z1034)
N1,1000342,link,link 259,22.9858886,91.4120556,296.0,A,LRP152b,Road to Sonagazi (Z1034)
N1,1000343,link,link 260,22.9842219,91.4137222,256.0,A,LRP153,Ctg 91 km
N1,1000344,link,link 261,22.9774438,91.4205827,1051.0,A,LRP154,Ctg 91 km
N1,1000345,link,link 262,22.9711382,91.4273882,1000.0,A,LRP155,Km post missing
N1,1000346,link,link 263,22.9663333,91.4356108,1000.0,A,LRP156,Km post missing
N1,1000347,link,link 264,22.9624167,91.4416941,780.0,A,LRP156a,Bridge start
N1,1000348,link,link 265,22.9618056,91.4424997,109.0,A,LRP156b,Bridge end
N1,1000349,link,link 266,22.9611667,91.4433886,111.0,A,LRP157,Km post missing
N1,1000350,link,link 267,22.9561389,91.4517778,1043.0,A,LRP158,Ctg 87 km
N1,1000351,link,link 268,22.9514444,91.4600278,1000.0,A,LRP159,Km post missing
N1,1000352,link,link 269,22.9479997,91.4689993,1012.0,A,LRP160,"Ctg 85 km,Bairyahat 10 km"
N1,1000353,link,link 270,22.9483608,91.4761382,738.0,A,LRP160a,Road to Mounshirhat (Z1081)
N1,1000354,link,link 271,22.9484997,91.4786938,262.0,A,LRP161,Km post missing
N1,1000355,link,link 272,22.9497497,91.4883608,1008.0,A,LRP162,Ctg 83 km
N1,1000356,link,link 273,22.9497774,91.4980274,1000.0,A,LRP163,Km post missing
N1,1000357,link,link 274,22.9496663,91.5007778,288.0,A,LRP163a,Bridge start
N1,1000358,link,link 275,22.949583,91.5027778,211.0,A,LRP163b,Bridge end
N1,1000359,link,link 276,22.9482774,91.50725,509.0,A,LRP164,Ctg 81 kkm
N1,1000360,link,link 277,22.9439441,91.5108611,619.0,A,LRP164a,Road to Chhagalnaiya (Z1032)
N1,1000361,link,link 278,22.940833,91.5124444,381.0,A,LRP165,Km post missing
N1,1000362,link,link 279,22.9329716,91.5172216,1000.0,A,LRP166,Km post missing
N1,1000363,link,link 280,22.9248882,91.5213327,1000.0,A,LRP167,Km post missing
N1,1000364,link,link 281,22.9167216,91.5253882,1000.0,A,LRP168,Km post missing
N1,1000365,link,link 282,22.9156667,91.5259438,134.0,A,LRP168a,Bridge start
N1,1000366,link,link 283,22.9138056,91.5268604,228.0,A,LRP168b,Bridge end/Start of Chittagong Road Division / Bridge end/Start of Chittagong Road Division
N1,1000367,link,link 284,22.9085833,91.5294993,638.0,A,LRP169,Km post missing
N1,1000368,bridge,bridge 84,22.9046667,91.5314438,3.0,A,LRP169a,Box culvert
N1,1000369,link,link 285,22.9003333,91.5333608,536.0,A,LRP170,Km post missing
N1,1000370,link,link 286,22.8994441,91.5336108,83.0,A,LRP170a,End of Bituminous Pavment
N1,1000371,link,link 287,22.8939997,91.5346941,637.0,A,LRP170b,Road to Karerhat (R151)
N1,1000372,link,link 288,22.8929719,91.5350274,113.0,A,LRP170c,Start of Bituminious Pavement
N1,1000373,link,link 289,22.8921663,91.5353052,104.0,A,LRP170d,Box culvert
N1,1000374,link,link 290,22.8916386,91.5354719,63.0,A,LRP171,Km post missing
N1,1000375,link,link 291,22.8829993,91.5381663,1000.0,A,LRP172,Km post missing / Box culvert
N1,1000376,bridge,bridge 85,22.875166,91.5407219,2.0,A,LRP172b,Box culvert
N1,1000377,link,link 292,22.8744438,91.5409719,85.0,A,LRP173,Km post missing
N1,1000378,bridge,bridge 86,22.8731382,91.5414441,1.5,A,LRP173a,Box culvert
N1,1000379,bridge,bridge 87,22.868416,91.5431663,1.5,A,LRP173b,Box culvert
N1,1000380,link,link 293,22.8661111,91.5439997,282.0,A,LRP174,Km post missing
N1,1000381,bridge,bridge 88,22.86111772310757,91.54512584501992,8.5,A,LRP174a,Box culvert
N1,1000382,bridge,bridge 89,22.8595833,91.5454719,3.0,A,LRP174b,Box culvert
N1,1000383,link,link 294,22.8575556,91.5456386,247.0,A,LRP175,Km post missing
N1,1000384,bridge,bridge 90,22.856,91.5457219,3.0,A,LRP175a,Box culvert
N1,1000385,bridge,bridge 91,22.8550556,91.545833,3.0,A,LRP175b,Box culvert
N1,1000386,link,link 295,22.8486663,91.5463608,722.0,A,LRP176,Km post missing
N1,1000387,bridge,bridge 92,22.8485274,91.5463886,4.5,A,LRP176a,Bridge start
N1,1000388,bridge,bridge 93,22.8484441,91.5464163,12.4,C,LRP176b,Bridge end
N1,1000389,link,link 296,22.8452219,91.5475274,380.0,A,LRP176c,Box culvert
N1,1000390,link,link 297,22.8432497,91.5482219,240.0,A,LRP176d,Box culvert
N1,1000391,link,link 298,22.8401941,91.5490552,353.0,A,LRP177,Km post missing
N1,1000392,link,link 299,22.8372497,91.5492497,314.0,A,LRP177a,Pipe culvert
N1,1000393,link,link 300,22.8313882,91.5503611,686.0,A,LRP178,Km post missing
N1,1000394,link,link 301,22.8239438,91.5528333,872.0,A,LRP178a,Box culvert
N1,1000395,link,link 302,22.8228049,91.5531389,128.0,A,LRP179,Km post missing
N1,1000396,link,link 303,22.8141389,91.5555833,1000.0,A,LRP180,Km post missing
N1,1000397,link,link 304,22.8110556,91.5563889,340.0,A,LRP180a,Box culvert
N1,1000398,link,link 305,22.808,91.5579167,406.0,A,LRP180b,Box culvert
N1,1000399,link,link 306,22.8059722,91.5589167,252.0,A,LRP180c,Box culvert
N1,1000400,link,link 307,22.8059444,91.5589167,2.0,A,LRP181,Km post missing
N1,1000401,bridge,bridge 94,22.8045833,91.5591111,4.5,A,LRP181a,Box culvert
N1,1000402,link,link 308,22.7974719,91.5613611,845.0,A,LRP182,Km post missing
N1,1000403,bridge,bridge 95,22.7934163,91.5633333,23.2,B,LRP182a,Box Culvert
N1,1000404,link,link 309,22.7896108,91.5654444,472.0,A,LRP182b,Box culvert
N1,1000405,link,link 310,22.7893608,91.5655833,35.0,A,LRP183,Km post missing
N1,1000406,link,link 311,22.7813327,91.5695271,994.0,A,LRP183a,Bridge start
N1,1000407,link,link 312,22.7812216,91.5695827,6.0,A,LRP184,Km post missing
N1,1000408,bridge,bridge 96,22.7811382,91.5696382,9.7,A,LRP184a,Bridge end
N1,1000409,link,link 313,22.7771104,91.5713327,486.0,A,LRP184b,Road to Narayanhat (Z1021)
N1,1000410,link,link 314,22.7732771,91.5733604,475.0,A,LRP184c,Box culvert
N1,1000411,link,link 315,22.7730271,91.5734716,24.0,A,LRP185,Km post missing
N1,1000412,bridge,bridge 97,22.7693604,91.5756104,4.0,A,LRP185a,Box culvert
N1,1000413,link,link 316,22.7661944,91.5779993,2.0,A,LRP185b,Box culvert
N1,1000414,link,link 317,22.7654722,91.5785549,529.0,A,LRP186,Km post missing
N1,1000415,bridge,bridge 98,22.7621944,91.5811382,12.9,A,LRP186a,Box culvert
N1,1000416,link,link 318,22.7585278,91.5845274,547.0,A,LRP187,Km post missing
N1,1000417,bridge,bridge 99,22.7526389,91.5893608,3.0,A,LRP187a,Bridge start
N1,1000418,bridge,bridge 100,22.7525,91.5894719,8.1,B,LRP187b,Bridge end
N1,1000419,link,link 319,22.7513333,91.5903608,157.0,A,LRP188,Km post missing
N1,1000420,link,link 320,22.7496386,91.5916386,232.0,A,LRP188a,Box culvert
N1,1000421,link,link 321,22.7435552,91.5949163,768.0,A,LRP189,Km post missing
N1,1000422,link,link 322,22.7433052,91.5950274,32.0,A,LRP189a,Box culvert
N1,1000423,link,link 323,22.7349997,91.5979441,968.0,A,LRP190,Km post missing
N1,1000424,bridge,bridge 101,22.7349163,91.5979719,3.0,A,LRP190a,Box culvert
N1,1000425,link,link 324,22.7263882,91.6007778,988.0,A,LRP191,Km post missing
N1,1000426,bridge,bridge 102,22.7221104,91.6030833,3.0,A,LRP191a,Box culvert
N1,1000427,link,link 325,22.7185549,91.6053056,461.0,A,LRP192,Km post missing
N1,1000428,link,link 326,22.7165556,91.6065556,260.0,A,LRP192a,Box culvert
N1,1000429,link,link 327,22.716,91.6069167,75.0,A,LRP192b,Box culvert
N1,1000430,link,link 328,22.7143889,91.6079444,215.0,A,LRP193,"Ctg 52 km,Sitakhada 12 km"
N1,1000431,bridge,bridge 103,22.7124167,91.6090556,19.2,A,LRP193a,Box culvert
N1,1000432,link,link 329,22.7076111,91.6118056,607.0,A,LRP193b,Box Culvert
N1,1000433,link,link 330,22.7065556,91.6123611,137.0,A,LRP194,Km post missing
N1,1000434,bridge,bridge 104,22.706,91.6126944,4.2,A,LRP194a,Box culvert
N1,1000435,link,link 331,22.7033056,91.6142222,342.0,A,LRP194b,Box culvert
N1,1000436,link,link 332,22.7002222,91.6157778,381.0,A,LRP194c,Box culvert
N1,1000437,link,link 333,22.6984997,91.616666,220.0,A,LRP195,"Ctg 50 km,Sitakanda 10 km"
N1,1000438,bridge,bridge 105,22.6919719,91.6198604,3.2,A,LRP195a,Box culvert
N1,1000439,link,link 334,22.6904163,91.6205271,216.0,A,LRP196,Km post missing
N1,1000440,bridge,bridge 106,22.689583,91.6208327,6.0,A,LRP196a,Box culvert
N1,1000441,link,link 335,22.685083,91.6228327,544.0,A,LRP196b,Box culvert
N1,1000442,link,link 336,22.6825549,91.6241938,317.0,A,LRP197,"Ctg 48 km,Sitakanda 8 km"
N1,1000443,bridge,bridge 107,22.6769438,91.6268327,3.0,A,LRP197a,Box culvert
N1,1000444,bridge,bridge 108,22.6751382,91.6274438,3.0,A,LRP197b,Box culvert
N1,1000445,link,link 337,22.6743049,91.6277493,99.0,A,LRP198,Km post missing
N1,1000446,bridge,bridge 109,22.6733049,91.6280827,3.0,A,LRP198a,Road to Haidchokia (Z1086)
N1,1000447,link,link 338,22.6722493,91.6285271,131.0,A,LRP198b,Box culvert
N1,1000448,link,link 339,22.6678604,91.6301104,506.0,A,LRP198c,Box culvert
N1,1000449,link,link 340,22.6649167,91.6315549,370.0,A,LRP199,"Ctg 46 km,Sitakanda 6 km"
N1,1000450,bridge,bridge 110,22.6638333,91.6321382,3.1,A,LRP199a,Box culvert
N1,1000451,bridge,bridge 111,22.6596667,91.6347219,4.6,A,LRP199b,Box culvert
N1,1000452,link,link 341,22.6571389,91.636333,322.0,A,LRP200,Km post missing
N1,1000453,link,link 342,22.6543889,91.6381386,357.0,A,LRP200a,Box culvert
N1,1000454,link,link 343,22.6527778,91.6391663,209.0,A,LRP200b,Box culvert
N1,1000455,link,link 344,22.6494997,91.640833,411.0,A,LRP201,"Ctg 44 km,Sitakanda 4 km"
N1,1000456,bridge,bridge 112,22.6489997,91.6411108,3.0,A,LRP201a,Box culvert
N1,1000457,bridge,bridge 113,22.6452774,91.6430552,3.0,A,LRP201b,Box culvert
N1,1000458,link,link 345,22.641583,91.6451108,470.0,A,LRP202,Km post missing
N1,1000459,bridge,bridge 114,22.6338608,91.6494719,3.0,A,LRP202a,Box culvert
N1,1000460,link,link 346,22.6330827,91.649833,87.0,A,LRP203,"Ctg 42 km,Sitakanda 2 km"
N1,1000461,bridge,bridge 115,22.6320271,91.6503889,3.0,A,LRP203a,Box culvert
N1,1000462,bridge,bridge 116,22.625916,91.6541389,3.0,A,LRP203b,Box culvert
N1,1000463,link,link 347,22.6252216,91.6545278,83.0,A,LRP204,Km post missing
N1,1000464,bridge,bridge 117,22.6234716,91.6553056,4.6,A,LRP204a,Box culvert
N1,1000465,link,link 348,22.6206938,91.6563611,333.0,A,LRP204b,Box culvert
N1,1000466,link,link 349,22.6194993,91.6568889,163.0,A,LRP204c,Bridge start
N1,1000467,link,link 350,22.6180271,91.6578333,20.0,A,LRP204d,Bridge end / Box culvert
N1,1000468,link,link 351,22.6175271,91.65825,253.0,A,LRP204f,Box culvert
N1,1000469,link,link 352,22.6169716,91.65875,91.0,A,LRP205,"Ctg 40 km,Sitakanda 0 km"
N1,1000470,bridge,bridge 118,22.6168604,91.6588611,3.0,A,LRP205a,Box culvert
N1,1000471,link,link 353,22.6123889,91.6622222,612.0,A,LRP205b,Box culvert
N1,1000472,link,link 354,22.6094444,91.6638333,372.0,A,LRP206,Km post missing
N1,1000473,bridge,bridge 119,22.6088889,91.6641111,2.95,A,LRP206a,Box culvert
N1,1000474,link,link 355,22.6015833,91.6688327,952.0,A,LRP207,Ctg 38 km
N1,1000475,bridge,bridge 120,22.601,91.6692771,4.5,A,LRP207a,Box culvert
N1,1000476,link,link 356,22.6000556,91.6699438,115.0,A,LRP207b,Box culvert
N1,1000477,link,link 357,22.5994441,91.6703049,49.0,A,LRP207c,Box culvert
N1,1000478,link,link 358,22.5942219,91.6737771,681.0,A,LRP207d,Box culvert
N1,1000479,link,link 359,22.5939997,91.6738327,25.0,A,LRP208,Km post missing
N1,1000480,bridge,bridge 121,22.5907497,91.6754716,22.25,C,LRP208a,Box culvert
N1,1000481,link,link 360,22.584583,91.6780827,757.0,A,LRP209,Info.Missing
N1,1000482,bridge,bridge 122,22.5836663,91.6784716,10.2,A,LRP209a,Bridge start
N1,1000483,link,link 361,22.5834997,91.6785827,26.0,A,LRP209b,Bridge end
N1,1000484,link,link 362,22.580666,91.6799438,343.0,A,LRP209c,Road to Katirhat (Z1087)
N1,1000485,link,link 363,22.5779438,91.6811382,331.0,A,LRP209d,Box culvert
N1,1000486,link,link 364,22.5763604,91.6818049,183.0,A,LRP210,Km post missing
N1,1000487,bridge,bridge 123,22.5731938,91.6830827,3.0,A,LRP210a,Bridge start
N1,1000488,bridge,bridge 124,22.5730549,91.6831938,8.2,A,LRP210b,Bridge end
N1,1000489,link,link 365,22.5679716,91.6846941,605.0,A,LRP211,Km post missing
N1,1000490,bridge,bridge 125,22.5664722,91.6851663,4.1,A,LRP211a,Box culvert
N1,1000491,link,link 366,22.5641389,91.6859163,275.0,A,LRP211b,Bridge start
N1,1000492,link,link 367,22.564,91.6859441,14.0,A,LRP211c,Bridge end
N1,1000493,link,link 368,22.5624722,91.6863608,217.0,A,LRP211d,Box culvert
N1,1000494,link,link 369,22.5594444,91.6872219,316.0,A,LRP212,Km post missing
N1,1000495,link,link 370,22.5514167,91.6896941,939.0,A,LRP213,Ctg 32 km
N1,1000496,bridge,bridge 126,22.5503056,91.6902774,3.0,A,LRP213a,Bridge start
N1,1000497,bridge,bridge 127,22.5501667,91.6903886,5.2,A,LRP213b,Bridge end
N1,1000498,link,link 371,22.5438886,91.6945274,825.0,A,LRP214,Km post missing
N1,1000499,bridge,bridge 128,22.5428608,91.6950274,8.2,A,LRP214a,Box culvert
N1,1000500,link,link 372,22.5354997,91.6979441,882.0,A,LRP215,Ctg 30 km
N1,1000501,bridge,bridge 129,22.5347774,91.698333,3.0,A,LRP215a,Box culvert
N1,1000502,link,link 373,22.5273049,91.7019444,910.0,A,LRP216,Km post missing
N1,1000503,link,link 374,22.519416,91.7053611,957.0,A,LRP216a,Bridge start
N1,1000504,link,link 375,22.519265407228914,91.70540328072288,18.0,A,LRP216b,Bridge end
N1,1000505,link,link 376,22.5187216,91.7055556,65.0,A,LRP217,Ctg 28 km
N1,1000506,bridge,bridge 130,22.5165556,91.7065833,27.0,C,LRP217a,Bridge start
N1,1000507,link,link 377,22.5161667,91.70675,45.0,A,LRP217b,Bridge end
N1,1000508,link,link 378,22.5147222,91.7074444,182.0,A,LRP217c,Box culvert
N1,1000509,link,link 379,22.5131389,91.7080833,194.0,A,LRP217d,Bridge start
N1,1000510,link,link 380,22.5127778,91.7082222,41.0,A,LRP217e,Bridge end
N1,1000511,link,link 381,22.5106111,91.7090833,262.0,A,LRP218,Km post missing
N1,1000512,bridge,bridge 131,22.5094444,91.7096389,4.5,A,LRP218a,Bridge start
N1,1000513,bridge,bridge 132,22.5093611,91.7096944,17.6,A,LRP218b,Bridge end
N1,1000514,link,link 382,22.5074444,91.7105556,239.0,A,LRP218c,Bridge start
N1,1000515,link,link 383,22.5073056,91.7106389,18.0,A,LRP218d,Bridge end
N1,1000516,link,link 384,22.503,91.7128056,530.0,A,LRP218e,Box culvert
N1,1000517,link,link 385,22.5025556,91.7130556,57.0,A,LRP219,Km post missing
N1,1000518,bridge,bridge 133,22.4969163,91.7155556,3.0,B,LRP219a,Bridge start
N1,1000519,link,link 386,22.4968052,91.7156389,19.0,A,LRP219b,Bridge end
N1,1000520,link,link 387,22.494583,91.7170827,296.0,A,LRP220,Km post missing
N1,1000521,bridge,bridge 134,22.4869441,91.7192771,4.5,A,LRP220a,Box culvert
N1,1000522,link,link 388,22.4854163,91.7195549,174.0,A,LRP221,Ctg 24 km
N1,1000523,bridge,bridge 135,22.48280706570156,91.72005100244988,6.0,A,LRP221a,Box culvert
N1,1000524,link,link 389,22.4775271,91.7210549,601.0,A,LRP221b,Bridge start
N1,1000525,link,link 390,22.4773049,91.7211104,25.0,A,LRP221c,Bridge end
N1,1000526,link,link 391,22.4765271,91.7213327,89.0,A,LRP222,Info.Missing
N1,1000527,link,link 392,22.4694438,91.7250549,883.0,A,LRP222a,Box culvert
N1,1000528,link,link 393,22.468416,91.7255827,136.0,A,LRP223,Ctg 22 km
N1,1000529,link,link 394,22.4603056,91.7295827,1000.0,A,LRP224,Km post missing
N1,1000530,bridge,bridge 136,22.4588333,91.7303604,3.0,A,LRP224a,Bridge start
N1,1000531,link,link 395,22.4586389,91.7304716,26.0,A,LRP224b,Bridge end
N1,1000532,link,link 396,22.45182350044248,91.7331283022124,808.0,A,LRP225,Info.Missing
N1,1000533,link,link 397,22.4433886,91.7364163,1000.0,A,LRP226,Km post missing
N1,1000534,bridge,bridge 137,22.4424997,91.7366663,3.0,A,LRP226a,Bridge start
N1,1000535,bridge,bridge 138,22.4422219,91.7367497,40.0,A,LRP226b,Bridge end
N1,1000536,link,link 398,22.4349719,91.7396941,925.0,A,LRP227,Km post missing
N1,1000537,link,link 399,22.4333049,91.7403608,137.0,A,LRP227a,Box culvert
N1,1000538,link,link 400,22.4307493,91.7415274,311.0,A,LRP227b,Bridge start
N1,1000539,link,link 401,22.4304438,91.7417219,43.0,A,LRP227c,Bridge end
N1,1000540,link,link 402,22.4269716,91.7439997,449.0,A,LRP228,Km post missing
N1,1000541,link,link 403,22.4198882,91.7497774,1000.0,A,LRP229,Km post missing
N1,1000542,link,link 404,22.4185549,91.7504722,165.0,A,LRP229a,Bridge start
N1,1000543,link,link 405,22.4182771,91.7506667,38.0,A,LRP229b,Bridge end
N1,1000544,link,link 406,22.4119167,91.7543611,797.0,A,LRP230,Km post missing
N1,1000545,bridge,bridge 139,22.4101111,91.7544444,5.0,A,LRP230a,End of Bituminous Pavement
N1,1000546,link,link 407,22.4084167,91.7551389,206.0,A,LRP230b,Box culvert
N1,1000547,link,link 408,22.40839921010101,91.75514357643098,2.0,A,LRP230c,Start of Bituminous Pavement
N1,1000548,link,link 409,22.4032222,91.7565278,592.0,A,LRP231,Km post missing
N1,1000549,bridge,bridge 140,22.3996108,91.7573333,3.0,A,LRP231a,Road to Biman Bandar (Z1016)
N1,1000550,bridge,bridge 141,22.3988608,91.7576667,18.0,A,LRP231b,Bridge start
N1,1000551,link,link 410,22.3988052,91.7576667,7.0,A,LRP231c,Bridge end
N1,1000552,link,link 411,22.3944997,91.7586944,489.0,A,LRP232,Km post missing
N1,1000553,bridge,bridge 142,22.3937774,91.7588056,3.0,A,LRP232a,"N111, Port Connecting Road"
N1,1000554,link,link 412,22.3921108,91.75925,217.0,A,LRP232b,Box culvert
N1,1000555,link,link 413,22.3892497,91.7605,351.0,A,LRP232c,Bridge start
N1,1000556,link,link 414,22.3887497,91.7607222,59.0,A,LRP232d,Bridge end
N1,1000557,link,link 415,22.3861663,91.7618333,314.0,A,LRP233,Km post missing
N1,1000558,bridge,bridge 143,22.3815271,91.7652222,8.3,A,LRP233a,Box culvert
N1,1000559,link,link 416,22.379166,91.7675827,375.0,A,LRP234,Km post missing
N1,1000560,bridge,bridge 144,22.3764716,91.770416,3.0,A,LRP234a,Bridge start
N1,1000561,link,link 417,22.3762254893617,91.77054326631206,19.0,A,LRP234b,Bridge end
N1,1000562,link,link 418,22.369166,91.7741938,545.0,A,LRP235,Km post missing
N1,1000563,link,link 419,22.3691382,91.777666,555.0,A,LRP235a,End of Bituminous Road
N1,1000564,link,link 420,22.3586667,91.7822771,193.0,A,LRP235b,The chittagong city area starts from Alongka cinema Hall
N1,1000565,bridge,bridge 145,22.3644444,91.8511111,5.7,B,LRP244b,Chittagong city area ends and the survey of N1 starts again
N1,1000566,link,link 421,22.3646111,91.8508333,393.0,A,LRP245,Km post missing
N1,1000567,bridge,bridge 146,22.3632778,91.8514722,1.5,A,LRP245a,Box culvert
N1,1000568,link,link 422,22.3561111,91.8531667,831.0,A,LRP246,Km post missing
N1,1000569,bridge,bridge 147,22.3555,91.8530833,3.0,A,LRP246a,Bridge start
N1,1000570,bridge,bridge 148,22.3553889,91.8530556,3.0,A,LRP246b,Bridge end
N1,1000571,link,link 423,22.3473886,91.8519444,915.0,A,LRP247,Km post missing
N1,1000572,bridge,bridge 149,22.3427219,91.8531389,116.5,C,LRP247a,Bridge start
N1,1000573,link,link 424,22.3423608,91.8530833,44.0,A,LRP247b,Bridge end
N1,1000574,link,link 425,22.3387497,91.8534722,407.0,A,LRP248,Km post missing
N1,1000575,bridge,bridge 150,22.338362487628867,91.853695585567,3.0,B,LRP248a,Bridge start
N1,1000576,link,link 426,22.3380274,91.8538889,45.0,A,LRP248b,Bridge end
N1,1000577,link,link 427,22.3373886,91.8542778,80.0,A,LRP248c,Bridge start
N1,1000578,link,link 428,22.3370274,91.8545278,47.0,A,LRP248d,Bridge end
N1,1000579,link,link 429,22.3314716,91.8515556,776.0,A,LRP249,Km post missing
N1,1000580,bridge,bridge 151,22.3297493,91.8521111,3.1,B,LRP249a,Shah Amanath (Karnaphuli) Bridge
N1,1000581,link,link 430,22.3228327,91.8535556,791.0,A,LRP250,Km post missing
N1,1000582,bridge,bridge 152,22.3212771,91.8536111,3.0,A,LRP250a,Bridge end
N1,1000583,link,link 431,22.3153611,91.8553056,702.0,A,LRP250b,Bridge start
N1,1000584,link,link 432,22.3152222,91.8553333,16.0,A,LRP250c,Bridge end
N1,1000585,link,link 433,22.3148889,91.8553889,45.0,A,LRP251,"Cox,s Bazar 143 km,Patiya 16 km"
N1,1000586,bridge,bridge 153,22.3108333,91.8570278,10.8,B,LRP251a,Road to BFDC Fisharies (Z1804) /Start of Dohazari Road Division. / Road to BFDC Fisharies (Z1804) /Start of Dohazari Road Division.
N1,1000587,link,link 434,22.3106111,91.8570833,30.0,A,LRP251b,Road to Balakkhati (Z1065)
N1,1000588,link,link 435,22.30825,91.8589722,327.0,A,LRP251c,Box culvert
N1,1000589,link,link 436,22.3071944,91.8598611,147.0,A,LRP252,Cox's Bazar 142 km
N1,1000590,bridge,bridge 154,22.3043056,91.8621667,3.0,A,LRP252a,Box culvert
N1,1000591,link,link 437,22.3021667,91.8639444,309.0,A,LRP252b,Box culvert
N1,1000592,link,link 438,22.2998886,91.8655833,293.0,A,LRP253,Cox's Bazar 141km
N1,1000593,bridge,bridge 155,22.2950274,91.8671938,5.3,A,LRP253a,Box culvert
N1,1000594,link,link 439,22.2919441,91.8693327,427.0,A,LRP254,Cox's Bazar 140km
N1,1000595,link,link 440,22.2916663,91.8696382,51.0,A,LRP254a,Road to Arowana (Z1018)
N1,1000596,link,link 441,22.2916108,91.8711382,170.0,A,LRP254b,Box culvert
N1,1000597,link,link 442,22.293583,91.8748604,447.0,A,LRP254c,Box culvert
N1,1000598,link,link 443,22.2946386,91.8770827,262.0,A,LRP254d,Bridge start
N1,1000599,link,link 444,22.2949163,91.877666,67.0,A,LRP255,Cox's Bazar 139 km
N1,1000600,bridge,bridge 156,22.2951108,91.8781104,3.0,A,LRP255a,Bridge end
N1,1000601,link,link 445,22.2983886,91.885583,263.0,A,LRP255b,Box Culvert
N1,1000602,link,link 446,22.2985552,91.886333,689.0,A,LRP256,Cox's Bazar 138 km
N1,1000603,link,link 447,22.3,91.8915552,559.0,A,LRP256a,Road to Kaliganj (Z1071)
N1,1000604,link,link 448,22.3005833,91.892833,441.0,A,LRP257,Cox's Bazar 137 km
N1,1000605,bridge,bridge 157,22.3015833,91.897333,50.8,C,LRP257a,Box culvert
N1,1000606,link,link 449,22.3027222,91.9015556,454.0,A,LRP258,"Cox,s Bazar 136 km,Patiya 11 km"
N1,1000607,link,link 450,22.3029722,91.9025,103.0,A,LRP258a,Box culvert
N1,1000608,link,link 451,22.3053611,91.9106389,872.0,A,LRP259,"Cox,s Bazar 135 km,Patiya 10 km"
N1,1000609,link,link 452,22.3070556,91.9128056,303.0,A,LRP259a,Box culvert
N1,1000610,link,link 453,22.3096944,91.91575,424.0,A,LRP259b,Road to Kaliganj (Z1070)
N1,1000611,link,link 454,22.3114167,91.9176382,273.0,A,LRP260,Box culvert
N1,1000612,bridge,bridge 158,22.3124722,91.9188327,12.4,A,LRP260a,Box culvert
N1,1000613,link,link 455,22.3156389,91.9224993,521.0,A,LRP260b,Box culvert
N1,1000614,link,link 456,22.3158889,91.9235827,121.0,A,LRP260c,Road to Kalurghat (N107)
N1,1000615,link,link 457,22.3155556,91.9253882,190.0,A,LRP261,Km post missing
N1,1000616,bridge,bridge 159,22.3137778,91.9322216,60.5,C,LRP261a,Box culvert
N1,1000617,link,link 458,22.31375,91.9345274,250.0,A,LRP262,Km post missing
N1,1000618,link,link 459,22.3136389,91.9438886,1000.0,A,LRP263,Km post missing
N1,1000619,link,link 460,22.3098611,91.9477219,618.0,A,LRP263a,Box culvert
N1,1000620,link,link 461,22.3067222,91.9491941,393.0,A,LRP264,Info.Missing
N1,1000621,link,link 462,22.3025,91.9553889,1000.0,A,LRP265,Km post missing
N1,1000622,bridge,bridge 160,22.3010278,91.9641667,9.2,A,LRP265a,Bridge start
N1,1000623,bridge,bridge 161,22.3009444,91.9646667,6.0,A,LRP265b,Bridge end
N1,1000624,link,link 463,22.3009167,91.9648889,22.0,A,LRP266,Km post missing
N1,1000625,link,link 464,22.2979441,91.973916,1000.0,A,LRP267,Km post missing
N1,1000626,bridge,bridge 162,22.2956941,91.9787493,9.4,A,LRP267a,Slab Culvert
N1,1000627,link,link 465,22.295333,91.9803049,166.0,A,LRP267b,Road to Boalkhali (Z1059)
N1,1000628,link,link 466,22.2934997,91.9816382,266.0,A,LRP268,Km post missing
N1,1000629,bridge,bridge 163,22.2933608,91.9821104,14.0,A,LRP268a,Road to Haidgaon (Z1057)
N1,1000630,bridge,bridge 164,22.292083,91.9822493,14.0,A,LRP268b,Box culvert
N1,1000631,link,link 467,22.291833,91.9823327,21.0,A,LRP268c,Road to Anowara (R170)
N1,1000632,link,link 468,22.2878052,91.9883886,773.0,A,LRP269,Km post missing
N1,1000633,bridge,bridge 165,22.286583,91.9911108,12.7,B,LRP269a,Bridge start
N1,1000634,link,link 469,22.2863052,91.991583,72.0,A,LRP269b,Bridge end
N1,1000635,bridge,bridge 166,22.2862497,91.9916941,9.4,B,LRP269c,Road to Chandnaisa(Z1039)
N1,1000636,link,link 470,22.2836386,91.9967497,600.0,A,LRP270,Km post missing
N1,1000637,bridge,bridge 167,22.2820549,91.9986663,14.0,A,LRP270a,Box Culvert
N1,1000638,link,link 471,22.2761938,92.0043889,925.0,A,LRP271,Info.Missing
N1,1000639,bridge,bridge 168,22.2745827,92.0053056,9.2,A,LRP271a,Box culvert
N1,1000640,link,link 472,22.2722493,92.0055278,270.0,A,LRP271b,Box culvert
N1,1000641,link,link 473,22.2676104,92.0058056,516.0,A,LRP272,Km post missing
N1,1000642,bridge,bridge 169,22.2622222,92.0070556,50.8,D,LRP272a,Bridge start
N1,1000643,link,link 474,22.26210145564516,92.00708382580645,14.0,A,LRP272b,Bridge end
N1,1000644,bridge,bridge 170,22.2600833,92.0075556,9.2,B,LRP272c,Box Culvert
N1,1000645,link,link 475,22.259,92.0081389,126.0,A,LRP273,Km post missing
N1,1000646,link,link 476,22.2557222,92.0096111,403.0,A,LRP273a,Box culvert
N1,1000647,link,link 477,22.2538611,92.01125,268.0,A,LRP273b,Box culvert
N1,1000648,link,link 478,22.2517222,92.0133333,329.0,A,LRP274,Km post missing
N1,1000649,link,link 479,22.249333,92.0152778,343.0,A,LRP274a,Box culvert
N1,1000650,link,link 480,22.2449997,92.019166,657.0,A,LRP275,Km post missing
N1,1000651,link,link 481,22.2410552,92.0215271,602.0,A,LRP275a,Box culvert
N1,1000652,link,link 482,22.2371941,92.0230549,479.0,A,LRP275b,Box culvert
N1,1000653,link,link 483,22.236083,92.0234716,139.0,A,LRP276,Info.Missing
N1,1000654,bridge,bridge 171,22.2327771,92.0245549,12.3,B,LRP276a,Box culvert
N1,1000655,link,link 484,22.2316938,92.0248882,179.0,A,LRP276b,Bridge start
N1,1000656,link,link 485,22.2315827,92.0249438,14.0,A,LRP276c,Bridge end
N1,1000657,link,link 486,22.227916,92.0258882,216.0,A,LRP277,Info.Missing
N1,1000658,link,link 487,22.2278882,92.025916,12.0,A,LRP277a,Bridge start
N1,1000659,link,link 488,22.2277771,92.0259438,12.0,A,LRP277b,Bridge end
N1,1000660,link,link 489,22.2240271,92.0270827,437.0,A,LRP277c,Box culvert
N1,1000661,link,link 490,22.2192493,92.0278882,539.0,A,LRP278,Km post missing
N1,1000662,link,link 491,22.2170549,92.0281382,248.0,A,LRP278a,Box culvert
N1,1000663,link,link 492,22.2131389,92.0304993,515.0,A,LRP278b,Road To Dhupchheri (Z1026)
N1,1000664,link,link 493,22.2116111,92.0318049,237.0,A,LRP279,Km post missing
N1,1000665,bridge,bridge 172,22.2084444,92.0356663,211.3,C,LRP279a,Bridge start
N1,1000666,link,link 494,22.2080278,92.0357774,55.0,A,LRP279b,Bridge end
N1,1000667,link,link 495,22.2059444,92.0370274,286.0,A,LRP279c,Bridge start
N1,1000668,link,link 496,22.2058889,92.0371386,12.0,A,LRP279d,Bridge end
N1,1000669,link,link 497,22.2054167,92.0380274,105.0,A,LRP280,Km post missing
N1,1000670,link,link 498,22.1977774,92.0433886,1094.0,A,LRP281,Info.Missing
N1,1000671,link,link 499,22.1917219,92.0453608,700.0,A,LRP281a,Road to Barma (Z1036)
N1,1000672,link,link 500,22.1897497,92.046583,313.0,A,LRP282,Info.Missing
N1,1000673,link,link 501,22.1822771,92.0513889,1013.0,A,LRP283,Info.Missing
N1,1000674,bridge,bridge 173,22.1750827,92.0528611,27.9,A,LRP283a,Box culvert
N1,1000675,link,link 502,22.1735827,92.0534167,179.0,A,LRP284,Km post missing
N1,1000676,link,link 503,22.1652222,92.0548889,1000.0,A,LRP285,Km post missing
N1,1000677,link,link 504,22.1629722,92.0641944,1000.0,A,LRP286,Km post missing
N1,1000678,link,link 505,22.1596667,92.0674716,515.0,A,LRP286a,Bridge start
N1,1000679,bridge,bridge 174,22.1580556,92.0686104,7.2,A,LRP286b,Bridge end
N1,1000680,link,link 506,22.156,92.0701104,268.0,A,LRP287,Km post missing
N1,1000681,bridge,bridge 175,22.1509722,92.0696938,11.2,A,LRP287a,Bridge start
N1,1000682,link,link 507,22.1508889,92.069666,9.0,A,LRP287b,Bridge end
N1,1000683,link,link 508,22.1491386,92.0696104,206.0,A,LRP288,"Cox,s Bazar 111 km,Kasherhat 5 km"
N1,1000684,link,link 509,22.1406663,92.0697771,951.0,A,LRP289,Keranirhat 4 km
N1,1000685,bridge,bridge 176,22.1379163,92.0698882,12.6,A,LRP289a,Box Culvert
N1,1000686,link,link 510,22.1334441,92.0700827,501.0,A,LRP289b,Box Culvert
N1,1000687,link,link 511,22.1320549,92.0701938,161.0,A,LRP290,"Cox,s Bazar 109 km"
N1,1000688,link,link 512,22.1308049,92.070416,119.0,A,LRP290a,Bridge start
N1,1000689,link,link 513,22.1304716,92.0704993,61.0,A,LRP290b,Bridge end
N1,1000690,link,link 514,22.1285271,92.0708604,224.0,A,LRP290c,Bridge start
N1,1000691,link,link 515,22.1282771,92.070916,31.0,A,LRP290d,Bridge end
N1,1000692,link,link 516,22.1240271,92.0715827,485.0,A,LRP291,Info.Missing
N1,1000693,bridge,bridge 177,22.123666,92.0716382,30.3,B,LRP291a,Box culvert
N1,1000694,link,link 517,22.1208049,92.0719438,389.0,A,LRP291b,Box culvert
N1,1000695,link,link 518,22.1151944,92.072416,601.0,A,LRP292,Km post missing
N1,1000696,bridge,bridge 178,22.1133056,92.0726938,2.5,A,LRP292a,Box culvert
N1,1000697,link,link 519,22.1062222,92.0738049,718.0,A,LRP293,Km post missing
N1,1000698,bridge,bridge 179,22.1021667,92.0740549,12.6,A,LRP293a,Road to Bandarban(N108)
N1,1000699,link,link 520,22.0993052,92.0743604,112.0,A,LRP293b,Box culvert
N1,1000700,bridge,bridge 180,22.0977497,92.0750271,6.0,A,LRP293c,Road to Satkaria (Z1019)
N1,1000701,link,link 521,22.097583,92.0752216,30.0,A,LRP294,Km post missing
N1,1000702,bridge,bridge 181,22.0942219,92.0798604,13.64,A,LRP294a,Box culvert
N1,1000703,link,link 522,22.092833,92.0812493,222.0,A,LRP295,"Cox,s Bazar 104 km"
N1,1000704,link,link 523,22.0876941,92.088583,956.0,A,LRP296,"Cox,s Bazar 103 km,Pasea 5 km"
N1,1000705,bridge,bridge 182,22.0844441,92.0924997,2.0,A,LRP296a,Box culvert
N1,1000706,link,link 524,22.0826104,92.0958886,418.0,A,LRP297,"Cox,s Bazar 102 km,Pasha 3 km"
N1,1000707,link,link 525,22.081166,92.0982774,300.0,A,LRP297a,Box culvert
N1,1000708,link,link 526,22.0752216,92.1001944,700.0,A,LRP298,Km post missing
N1,1000709,bridge,bridge 183,22.0699438,92.1038333,3.0,A,LRP298a,Bridge start
N1,1000710,link,link 527,22.0698049,92.104,33.0,A,LRP298b,Bridge end
N1,1000711,link,link 528,22.0686938,92.10525,177.0,A,LRP299,"Cox,s Bazar 100 km,Pasra 2 km"
N1,1000712,bridge,bridge 184,22.0641667,92.107,12.6,A,LRP299a,Bridge start
N1,1000713,link,link 529,22.0638611,92.1070833,45.0,A,LRP299b,Bridge end
N1,1000714,bridge,bridge 185,22.0605556,92.1078056,6.2,A,LRP299c,Box culvert
N1,1000715,link,link 530,22.0604722,92.1078611,9.0,A,LRP300,Km post missing
N1,1000716,bridge,bridge 186,22.0568611,92.1090833,3.0,A,LRP300a,Box culvert
N1,1000717,bridge,bridge 187,22.0522778,92.1091111,12.4,A,LRP300b,Box culvert
N1,1000718,link,link 531,22.0516944,92.1090278,62.0,A,LRP301,Km post missing
N1,1000719,bridge,bridge 188,22.0486386,92.1082222,14.2,A,LRP301a,Box culvert
N1,1000720,bridge,bridge 189,22.0449719,92.1078333,22.0,B,LRP301b,Road to Tonkabati (Z1013)
N1,1000721,link,link 532,22.0443052,92.1073056,95.0,A,LRP301c,Box culvert
N1,1000722,link,link 533,22.0434441,92.1063056,136.0,A,LRP302,Km post missing
N1,1000723,bridge,bridge 190,22.0379163,92.104,22.4,B,LRP302a,Box culvert
N1,1000724,link,link 534,22.037083,92.1039722,97.0,A,LRP303,"Cox.s Bazar 96 km,Lohaona 3 km"
N1,1000725,bridge,bridge 191,22.0320827,92.1041667,2.5,A,LRP303a,Box culvert
N1,1000726,link,link 535,22.028916,92.1035556,378.0,A,LRP303b,Bridge start
N1,1000727,link,link 536,22.0284438,92.1032778,55.0,A,LRP304,Km post missing
N1,1000728,link,link 537,22.0283327,92.1031944,19.0,A,LRP304a,Bridge end
N1,1000729,link,link 538,22.020666,92.1015556,899.0,A,LRP305,"Cox,s Bazar 94 km,Lohaona 1 km"
N1,1000730,bridge,bridge 192,22.0205549,92.1015,22.4,A,LRP305a,Box culvert
N1,1000731,link,link 539,22.0153056,92.094833,923.0,A,LRP306,"Cox,s Bazar 93 km,Lohagora 6 km"
N1,1000732,bridge,bridge 193,22.0077222,92.0927497,3.0,A,LRP306a,Box culvert
N1,1000733,link,link 540,22.0074167,92.0924997,49.0,A,LRP307,"Cox,s Bazar 92 km,Lohagra 0 km"
N1,1000734,bridge,bridge 194,22.0039167,92.0904163,1.4,A,LRP307a,Box culvert
N1,1000735,link,link 541,21.9999441,92.0880274,540.0,A,LRP307b,Box culvert
N1,1000736,link,link 542,21.999833,92.0879997,16.0,A,LRP308,"Cox,s Bazar 87 km"
N1,1000737,bridge,bridge 195,21.9951108,92.0873608,4.5,A,LRP308a,Box culvert
N1,1000738,bridge,bridge 196,21.9950552,92.0872774,9.3,A,LRP308b,Box culvert
N1,1000739,link,link 543,21.9913886,92.086083,434.0,A,LRP308c,Bridge start
N1,1000740,link,link 544,21.9908886,92.0859163,60.0,A,LRP308d,Bridge end
N1,1000741,link,link 545,21.9907219,92.0858608,19.0,A,LRP309,"Cox,s Bazar 86 km,Chokaria 28 km"
N1,1000742,bridge,bridge 197,21.9893886,92.085333,4.5,A,LRP309a,Box culvert
N1,1000743,bridge,bridge 198,21.9862219,92.0835274,4.7,A,LRP309b,Bridge start
N1,1000744,link,link 546,21.9860552,92.0834441,24.0,A,LRP309c,Bridge end
N1,1000745,link,link 547,21.9829716,92.0817771,389.0,A,LRP310,"Cox,s Bazar 87 km,Chokaria 27 km"
N1,1000746,bridge,bridge 199,21.9811104,92.0800271,2.0,A,LRP310a,Bridge start
N1,1000747,bridge,bridge 200,21.9810549,92.0799438,3.0,A,LRP310b,Bridge end
N1,1000748,link,link 548,21.9798882,92.0778327,254.0,A,LRP310c,Box culvert
N1,1000749,link,link 549,21.9789716,92.0747493,342.0,A,LRP310d,Box culvert
N1,1000750,link,link 550,21.9781104,92.0739993,133.0,A,LRP311,"Cox,s Bazar 88 km,Chowria 27 km"
N1,1000751,link,link 551,21.9729438,92.0670827,1017.0,A,LRP312,"Cox,s Bazar 83 km,Chokaria 25 km"
N1,1000752,link,link 552,21.9720827,92.0657222,171.0,A,LRP312a,Road to Banskhali (R171)
N1,1000753,link,link 553,21.967666,92.0635,564.0,A,LRP312b,Box culvert
N1,1000754,link,link 554,21.9654167,92.0625556,265.0,A,LRP313,Km post missing
N1,1000755,link,link 555,21.9620278,92.0633611,255.0,A,LRP313a,Bridge start
N1,1000756,bridge,bridge 201,21.9618611,92.0634444,13.64,A,LRP313b,Bridge end
N1,1000757,link,link 556,21.9590833,92.0653889,372.0,A,LRP313c,Box culvert
N1,1000758,link,link 557,21.9578333,92.0665833,352.0,A,LRP314,Km post missing
N1,1000759,bridge,bridge 202,21.9569167,92.0673327,9.3,A,LRP314a,Box culvert
N1,1000760,link,link 558,21.9516111,92.0678604,521.0,A,LRP314b,Bridge start
N1,1000761,link,link 559,21.9514444,92.0678604,21.0,A,LRP314c,Bridge end
N1,1000762,link,link 560,21.9489441,92.0675271,303.0,A,LRP315,Info.Missing
N1,1000763,bridge,bridge 203,21.9446663,92.0668049,3.0,A,LRP315a,Box culvert
N1,1000764,link,link 561,21.940583,92.0643889,539.0,A,LRP316,Km post missing
N1,1000765,bridge,bridge 204,21.9354441,92.0623056,3.0,A,LRP316a,Box culvert
N1,1000766,link,link 562,21.9333608,92.0614167,253.0,A,LRP316b,Box culvert
N1,1000767,link,link 563,21.9322216,92.06075,157.0,A,LRP317,"Cox,s Bazar 78 km"
N1,1000768,bridge,bridge 205,21.931666,92.0603611,56.2,C,LRP317a,Box culvert
N1,1000769,link,link 564,21.9296104,92.0592778,264.0,A,LRP317b,Box culvert
N1,1000770,link,link 565,21.9235827,92.0585,673.0,A,LRP318,"Cox,s Bazar 77 km/Start of Cox's Bazar Road Division. / Cox,s Bazar 77 km/Start of Cox's Bazar Road Division."
N1,1000771,bridge,bridge 206,21.9177216,92.0597778,14.3,A,LRP318a,Box culvert
N1,1000772,bridge,bridge 207,21.9160833,92.0601389,2.1,A,LRP318b,Box culvert
N1,1000773,link,link 566,21.9148333,92.0604722,147.0,A,LRP319,"Cox,s Bazar 76 km"
N1,1000774,bridge,bridge 208,21.9128611,92.0606667,4.5,A,LRP319a,Box culvert
N1,1000775,bridge,bridge 209,21.9083889,92.0605278,3.0,A,LRP319b,Box culvert
N1,1000776,link,link 567,21.9059444,92.0609167,270.0,A,LRP320,"Cox,s Bazar 75 km"
N1,1000777,bridge,bridge 210,21.9031667,92.0611667,15.8,A,LRP320a,Road to Lama(Z1007)
N1,1000778,link,link 568,21.8969997,92.0612222,565.0,A,LRP321,"Cox,s Bazar 74 km"
N1,1000779,bridge,bridge 211,21.89646793301105,92.06108684571824,7.3,A,LRP321a,Road to Toitong (Z1124)
N1,1000780,bridge,bridge 212,21.8908886,92.0596667,45.0,C,LRP321b,Box culvert
N1,1000781,link,link 569,21.8883886,92.0600833,282.0,A,LRP322,"Cox,s Bazar 73 km"
N1,1000782,bridge,bridge 213,21.8810271,92.0589722,14.0,A,LRP322a,Box culvert
N1,1000783,link,link 570,21.879416,92.0590833,179.0,A,LRP323,Cox's Bazar 72 km
N1,1000784,link,link 571,21.874916,92.0591111,508.0,A,LRP323a,Box culvert
N1,1000785,link,link 572,21.8704993,92.0591389,501.0,A,LRP324,Info.Missing
N1,1000786,link,link 573,21.8625,92.0595,907.0,A,LRP324a,Box culvert
N1,1000787,link,link 574,21.8616389,92.0596111,93.0,A,LRP325,Km post missing
N1,1000788,bridge,bridge 214,21.8597222,92.0602778,20.6,A,LRP325a,Bridge start
N1,1000789,link,link 575,21.8592222,92.0604444,59.0,A,LRP325b,Bridge end
N1,1000790,link,link 576,21.85275,92.0609722,724.0,A,LRP326,"Cox,s Bazar 69 km"
N1,1000791,bridge,bridge 215,21.8526111,92.0609722,14.2,B,LRP326a,Box culvert
N1,1000792,link,link 577,21.8505,92.0609444,229.0,A,LRP326b,Box culvert
N1,1000793,link,link 578,21.8441386,92.0628056,765.0,A,LRP327,"Cox,s Bazar 68 km"
N1,1000794,bridge,bridge 216,21.842583,92.0638611,15.7,A,LRP327a,Box culvert
N1,1000795,link,link 579,21.8399719,92.0651389,322.0,A,LRP327b,Box culvert
N1,1000796,link,link 580,21.8363052,92.067416,482.0,A,LRP328,"Cox,s Bazar 67 km"
N1,1000797,bridge,bridge 217,21.8336663,92.0684438,294.15,D,LRP328a,Box culvert
N1,1000798,link,link 581,21.8322216,92.0689993,171.0,A,LRP328b,Road to Paharchaanda(Z1125)
N1,1000799,link,link 582,21.8280827,92.0712771,482.0,A,LRP329,Cox's Bazar 66 km
N1,1000800,link,link 583,21.8256938,92.0723882,294.0,A,LRP329a,Bridge start
N1,1000801,link,link 584,21.8252771,92.0725549,48.0,A,LRP329b,Bridge end
N1,1000802,link,link 585,21.8208882,92.0741104,517.0,A,LRP329c,Box culvert
N1,1000803,link,link 586,21.8195271,92.0741382,149.0,A,LRP330,Cox's Bazar 65km
N1,1000804,link,link 587,21.8179716,92.073916,181.0,A,LRP330a,Box culvert
N1,1000805,link,link 588,21.8119444,92.0776382,831.0,A,LRP331,Cox.s Bazar 64 km
N1,1000806,bridge,bridge 218,21.8045278,92.077166,9.3,B,LRP331a,Road to Paharchanda(Z1002)
N1,1000807,link,link 589,21.8031389,92.0772493,156.0,A,LRP331b,Bridge start
N1,1000808,link,link 590,21.8030278,92.0772771,15.0,A,LRP331c,Bridge end
N1,1000809,link,link 591,21.8029167,92.0772771,10.0,A,LRP332,"Cox,s Bazar 63 km"
N1,1000810,link,link 592,21.7941941,92.0783882,993.0,A,LRP333,"Cox,s Bazar 62 km"
N1,1000811,bridge,bridge 219,21.7873886,92.0788882,12.6,A,LRP333a,Box culvert
N1,1000812,link,link 593,21.7864997,92.0790271,100.0,A,LRP333b,Box culvert
N1,1000813,link,link 594,21.7853052,92.079166,138.0,A,LRP334,"Cox,s Bazar 61 km"
N1,1000814,link,link 595,21.7836941,92.0792771,180.0,A,LRP334a,Box culvert
N1,1000815,link,link 596,21.7782493,92.0840552,819.0,A,LRP335,"Cox,s Bazar 60 km"
N1,1000816,bridge,bridge 220,21.7776382,92.0843886,12.8,A,LRP335a,Box culvert
N1,1000817,link,link 597,21.7758049,92.0851108,225.0,A,LRP335b,Box culvert
N1,1000818,link,link 598,21.7737216,92.0840552,195.0,A,LRP335c,Intersection with Z1126
N1,1000819,link,link 599,21.7732771,92.0837219,135.0,A,LRP335d,Box culvert
N1,1000820,link,link 600,21.7713049,92.0818327,293.0,A,LRP336,"Cox,s Bazar 59 km"
N1,1000821,bridge,bridge 221,21.7711938,92.0816382,9.3,A,LRP336a,Bridge start
N1,1000822,link,link 601,21.7693327,92.079416,311.0,A,LRP336b,Bridge end
N1,1000823,link,link 602,21.7664722,92.0767771,429.0,A,LRP336c,Road to Tuabazar (Z1127)
N1,1000824,link,link 603,21.7646389,92.075916,236.0,A,LRP337,Km post missing
N1,1000825,link,link 604,21.7596389,92.0764993,575.0,A,LRP337a,Road to Badarkhali (R172)
N1,1000826,link,link 605,21.7546944,92.0770271,553.0,A,LRP338,"Cox,s Bazar 57 km"
N1,1000827,link,link 606,21.7466386,92.080916,1002.0,A,LRP339,"Cox,s Bazar 56 km"
N1,1000828,bridge,bridge 222,21.7392497,92.0828604,58.57,C,LRP339a,Box culvert
N1,1000829,link,link 607,21.738083,92.0834163,141.0,A,LRP340,Cox's Bazar 55 km
N1,1000830,bridge,bridge 223,21.7376386,92.0834719,3.5,A,LRP340a,Box culvert
N1,1000831,link,link 608,21.7315827,92.0838052,680.0,A,LRP340b,Box culvert
N1,1000832,link,link 609,21.7299993,92.083833,181.0,A,LRP340c,Bridge start
N1,1000833,link,link 610,21.7296382,92.083833,39.0,A,LRP340d,Bridge end
N1,1000834,link,link 611,21.7290271,92.0838608,69.0,A,LRP341,"Cox,s Bazar 54 km"
N1,1000835,bridge,bridge 224,21.7229438,92.0834719,54.03,C,LRP341a,Box culvert
N1,1000836,link,link 612,21.7215549,92.0830827,163.0,A,LRP341b,Road to Alikadam(Z1005)
N1,1000837,link,link 613,21.7204716,92.0822493,148.0,A,LRP342,Cox's Bazar 53km
N1,1000838,bridge,bridge 225,21.7169438,92.0824993,61.0,C,LRP342a,Pipe Culvert
N1,1000839,link,link 614,21.7120833,92.0821104,613.0,A,LRP343,"Cox,s Bazar 52 km"
N1,1000840,link,link 615,21.7080278,92.0800549,527.0,A,LRP343a,Box culvert
N1,1000841,link,link 616,21.7040556,92.0788604,489.0,A,LRP344,"Cox,s Bazar 51 km"
N1,1000842,link,link 617,21.7013611,92.0783882,310.0,A,LRP344a,Box culvert
N1,1000843,link,link 618,21.6957497,92.0805827,698.0,A,LRP345,Cox's Bazar 50km
N1,1000844,link,link 619,21.6868608,92.0800827,1012.0,A,LRP346,Cox's Bazar 49km
N1,1000845,link,link 620,21.678416,92.0770827,1000.0,A,LRP347,Cox's Bazar 48 km
N1,1000846,bridge,bridge 226,21.6747493,92.0766104,7.0,A,LRP347a,Bridge start
N1,1000847,bridge,bridge 227,21.6742216,92.0765549,5.2,A,LRP347b,Bridge end
N1,1000848,link,link 621,21.6704438,92.0762771,423.0,A,LRP347c,Box culvert
N1,1000849,link,link 622,21.6695549,92.0760549,34.0,A,LRP348,"Cox,s Bazar 47 km"
N1,1000850,bridge,bridge 228,21.6688327,92.0759438,9.3,A,LRP348a,Road to Garzania (Z1130)
N1,1000851,bridge,bridge 229,21.6618889,92.074916,14.0,A,LRP348b,Box culvert
N1,1000852,link,link 623,21.6606111,92.0750827,143.0,A,LRP349,"Cox,s Bazar 46 km"
N1,1000853,bridge,bridge 230,21.6590556,92.0751382,1.4,A,LRP349a,Bridge start
N1,1000854,bridge,bridge 231,21.653,92.0751382,4.5,C,LRP349b,Bridge end
N1,1000855,link,link 624,21.6518056,92.0737771,784.0,A,LRP350,"Cox,s Bazar 45 km"
N1,1000856,bridge,bridge 232,21.6497219,92.0733049,2.5,A,LRP350a,Bridge start
N1,1000857,link,link 625,21.6491941,92.0733049,62.0,A,LRP350b,Bridge end
N1,1000858,link,link 626,21.649083,92.0733049,18.0,A,LRP350c,Box culvert
N1,1000859,link,link 627,21.6468052,92.0733604,251.0,A,LRP350d,Box culvert
N1,1000860,link,link 628,21.6428608,92.0732216,447.0,A,LRP351,"Cox,s Bazar 44 km"
N1,1000861,link,link 629,21.634833,92.0770271,1018.0,A,LRP352,"Cox,s Bazar 43 km"
N1,1000862,link,link 630,21.6259716,92.0773882,1028.0,A,LRP353,"Cox,s Bazar 42 km"
N1,1000863,bridge,bridge 233,21.6213604,92.0724438,4.8,A,LRP353a,Box culvert
N1,1000864,link,link 631,21.6197771,92.0705271,266.0,A,LRP354,Cox's Bazar 41km
N1,1000865,bridge,bridge 234,21.617166,92.0679993,46.0,A,LRP354a,Bridge start
N1,1000866,link,link 632,21.6167771,92.0678049,51.0,A,LRP354b,Bridge end
N1,1000867,link,link 633,21.6150556,92.0667771,59.0,A,LRP354c,"Z1131, Kutakhali-Maheshkhali"
N1,1000868,link,link 634,21.61225,92.0652222,115.0,A,LRP355,"Cox,s Bazar 40 km"
N1,1000869,link,link 635,21.610086825,92.06399479375,140.0,A,LRP355a,Box culvert
N1,1000870,link,link 636,21.6073056,92.0624167,180.0,A,LRP355b,Box culvert
N1,1000871,link,link 637,21.6039167,92.0619444,797.0,A,LRP356,"Cox,s Bazar 39 km"
N1,1000872,link,link 638,21.603029505025123,92.061920540201,57.0,A,LRP356a,Box culvert
N1,1000873,link,link 639,21.5977219,92.0617778,341.0,A,LRP356b,Box culvert
N1,1000874,link,link 640,21.5951108,92.0611944,602.0,A,LRP357,Cox's Bazar 38km
N1,1000875,bridge,bridge 235,21.59379884019608,92.06161870980392,14.0,A,LRP357a,Box culvert
N1,1000876,link,link 641,21.588583,92.0633056,326.0,A,LRP357b,Box culvert
N1,1000877,link,link 642,21.5875274,92.0650278,504.0,A,LRP358,"Cox,s Bazar 37 km"
N1,1000878,bridge,bridge 236,21.5861941,92.0650278,3.0,A,LRP358a,Box culvert
N1,1000879,bridge,bridge 237,21.584833,92.0652222,2.5,A,LRP358b,Box culvert
N1,1000880,link,link 643,21.5791938,92.0668049,731.0,A,LRP359,Cox's Bazar 36 km
N1,1000881,bridge,bridge 238,21.5769993,92.0697216,7.5,A,LRP359a,Box culvert
N1,1000882,link,link 644,21.5717216,92.0718049,841.0,A,LRP360,"Cox,s Bazar 35 km"
N1,1000883,bridge,bridge 239,21.564,92.0702493,14.0,A,LRP360a,Box Culvert
N1,1000884,link,link 645,21.5629444,92.0700271,326.0,A,LRP361,"Cox,s Bazar 34 km"
N1,1000885,link,link 646,21.5618056,92.0696382,135.0,A,LRP361a,Box Culvert
N1,1000886,link,link 647,21.5608333,92.0692771,121.0,A,LRP361b,Box Culvert
N1,1000887,link,link 648,21.5555,92.0679716,746.0,A,LRP362,"Cos,x Bazar 33 km"
N1,1000888,link,link 649,21.5553056,92.067916,196.0,A,LRP362a,Bridge start
N1,1000889,link,link 650,21.5548889,92.0678049,52.0,A,LRP362b,Bridge end
N1,1000890,link,link 651,21.5484719,92.0670827,423.0,A,LRP362c,Bridge start
N1,1000891,link,link 652,21.548083,92.0670271,46.0,A,LRP362d,Bridge end
N1,1000892,link,link 653,21.546583,92.0668327,183.0,A,LRP363,"Cox,s Bazar 32 km"
N1,1000893,link,link 654,21.538333,92.0639722,887.0,A,LRP364,Cox's Bazar 31km
N1,1000894,link,link 655,21.5294993,92.0650278,1016.0,A,LRP365,Cox.s Bazar 30 km
N1,1000895,bridge,bridge 240,21.5283049,92.0650833,14.0,B,LRP365a,Box culvert
N1,1000896,link,link 656,21.5264716,92.0651944,212.0,A,LRP365b,Box culvert
N1,1000897,link,link 657,21.5234716,92.0656111,344.0,A,LRP365c,Bridge start
N1,1000898,link,link 658,21.5233049,92.0656389,20.0,A,LRP365d,Bridge end
N1,1000899,link,link 659,21.5220827,92.0658611,139.0,A,LRP365e,Box culvert
N1,1000900,link,link 660,21.520666,92.0661667,162.0,A,LRP366,"Cox,s Bazar 29 km"
N1,1000901,link,link 661,21.5161111,92.068166,555.0,A,LRP366a,Box culvert
N1,1000902,link,link 662,21.5126944,92.0698604,424.0,A,LRP366b,Box culvert
N1,1000903,link,link 663,21.5125556,92.0699438,27.0,A,LRP367,Cox.s Bazar 28 km
N1,1000904,bridge,bridge 241,21.5083889,92.0717493,9.2,A,LRP367a,Box culvert
N1,1000905,link,link 664,21.5069722,92.072916,204.0,A,LRP367b,Box culvert
N1,1000906,link,link 665,21.505,92.0745549,284.0,A,LRP368,Cox's Bazar 27km
N1,1000907,bridge,bridge 242,21.4974719,92.0765549,1.5,A,LRP368a,Box culvert
N1,1000908,link,link 666,21.4968608,92.0769438,89.0,A,LRP369,Cox's Bazar 26km
N1,1000909,bridge,bridge 243,21.4964441,92.077166,3.0,A,LRP369a,Box culvert
N1,1000910,link,link 667,21.4901941,92.0818049,905.0,A,LRP370,"Cox,s Bazar 25 km"
N1,1000911,link,link 668,21.4870274,92.0898052,986.0,A,LRP371,"Cox,s Bazar 24 km"
N1,1000912,bridge,bridge 244,21.4851386,92.091333,8.2,A,LRP371a,Box culvert
N1,1000913,link,link 669,21.4793604,92.0938886,700.0,A,LRP372,Cox.s Bazar 23 km
N1,1000914,bridge,bridge 245,21.4767771,92.0957497,12.4,A,LRP372a,Box culvert
N1,1000915,link,link 670,21.4750549,92.0971663,250.0,A,LRP372b,Box culvert
N1,1000916,link,link 671,21.4713604,92.0997497,522.0,A,LRP373,"Cox,s Bazar 22 km"
N1,1000917,bridge,bridge 246,21.4712216,92.0998886,2.0,A,LRP373a,Bridge start
N1,1000918,bridge,bridge 247,21.4708049,92.1002222,6.8,A,LRP373b,Bridge end
N1,1000919,link,link 672,21.4667216,92.1025,534.0,A,LRP373c,Box culvert
N1,1000920,link,link 673,21.4635833,92.1029167,367.0,A,LRP374,"Cox,s Bazar 21 km"
N1,1000921,link,link 674,21.4564722,92.1038056,969.0,A,LRP375,"Cox,s Bazar 20 km"
N1,1000922,bridge,bridge 248,21.4545,92.10075,13.0,A,LRP375a,Box culvert
N1,1000923,link,link 675,21.4512778,92.0994441,422.0,A,LRP375b,Box culvert
N1,1000924,link,link 676,21.4496108,92.0994997,222.0,A,LRP376,"Cox,s Bazar 19 km"
N1,1000925,bridge,bridge 249,21.4494719,92.0995274,9.2,A,LRP376a,"Z1001, Road to Naikkongchhari"
N1,1000926,link,link 677,21.443833,92.1014167,598.0,A,LRP376b,Box culvert
N1,1000927,link,link 678,21.4421663,92.1008611,224.0,A,LRP376c,Bridge start
N1,1000928,link,link 679,21.4417497,92.1006667,56.0,A,LRP376d,Bridge end
N1,1000929,link,link 680,21.4413608,92.1003611,62.0,A,LRP377,"Cox,s Bazar 18 km"
N1,1000930,bridge,bridge 250,21.4375552,92.0984997,136.3,C,LRP377a,Box culvert
N1,1000931,link,link 681,21.434583,92.0973886,344.0,A,LRP377b,Box culvert
N1,1000932,link,link 682,21.4334441,92.0969997,149.0,A,LRP378,"Cox,s Bazar 17 km"
N1,1000933,bridge,bridge 251,21.4310271,92.0961941,4.5,C,LRP378a,Box culvert
N1,1000934,bridge,bridge 252,21.4290271,92.0954997,11.3,C,LRP378b,Box culvert
N1,1000935,link,link 683,21.4284993,92.0951941,79.0,A,LRP378c,Ramu old Section (N109)
N1,1000936,link,link 684,21.4283604,92.0941663,113.0,A,LRP378d,Box culvert
N1,1000937,link,link 685,21.4281104,92.0914719,284.0,A,LRP379,"Cox,s Bazar 16 km"
N1,1000938,bridge,bridge 253,21.427916,92.0896108,2.4,C,LRP379a,Bridge start
N1,1000939,bridge,bridge 254,21.4278882,92.0893886,7.2,B,LRP379b,Bridge end
N1,1000940,bridge,bridge 255,21.4271104,92.084083,8.1,C,LRP379c,Box culvert
N1,1000941,link,link 686,21.4269716,92.0821104,207.0,A,LRP380,"Cox,s Bazar 15 km"
N1,1000942,bridge,bridge 256,21.4267771,92.0804716,10.9,A,LRP380a,Box culvert
N1,1000943,link,link 687,21.4264716,92.0767771,384.0,A,LRP380b,Box culvert
N1,1000944,link,link 688,21.4267216,92.0730827,404.0,A,LRP381,"Cox,s Bazar 14 km"
N1,1000945,bridge,bridge 257,21.427416,92.0707216,2.2,B,LRP381a,Box culvert
N1,1000946,link,link 689,21.4276938,92.0643611,739.0,A,LRP382,Cox's Bazar 13km
N1,1000947,bridge,bridge 258,21.4270827,92.0632778,3.0,A,LRP382a,Box culvert
N1,1000948,bridge,bridge 259,21.4273327,92.0608333,2.8,A,LRP382b,Box culvert
N1,1000949,bridge,bridge 260,21.4278882,92.0576667,10.0,D,LRP382c,Box culvert
N1,1000950,link,link 690,21.4280549,92.0554167,238.0,A,LRP382d,Box culvert
N1,1000951,link,link 691,21.4280827,92.0551389,29.0,A,LRP383,"Cox,s Bazar 12 km"
N1,1000952,bridge,bridge 261,21.4280549,92.0529444,1.6,A,LRP383a,Box culvert
N1,1000953,bridge,bridge 262,21.4274993,92.0484441,3.6,A,LRP383b,Bridge start
N1,1000954,bridge,bridge 263,21.4275271,92.0483886,8.0,C,LRP383c,Bridge end
N1,1000955,link,link 692,21.4287771,92.0461941,272.0,A,LRP384,"Cox,s Bazar 11 km"
N1,1000956,bridge,bridge 264,21.4295549,92.044083,8.3,A,LRP384a,Box culvert
N1,1000957,bridge,bridge 265,21.4298049,92.0392774,22.0,C,LRP384b,Box culvert
N1,1000958,link,link 693,21.4296938,92.0368608,254.0,A,LRP385,"Cox,s Bazar 10 km"
N1,1000959,bridge,bridge 266,21.4289716,92.0348608,2.7,C,LRP385a,Box culvert
N1,1000960,bridge,bridge 267,21.4294438,92.0316104,2.7,B,LRP385b,Bridge start
N1,1000961,bridge,bridge 268,21.4300827,92.0304716,2.9,C,LRP385c,Bridge end
N1,1000962,bridge,bridge 269,21.430416,92.0293049,1.8,C,LRP385d,Box culvert
N1,1000963,link,link 694,21.430166,92.0283604,106.0,A,LRP386,"Cox,s Bazar 9 km"
N1,1000964,bridge,bridge 270,21.4298882,92.0279716,0.8,A,LRP386a,Box culvert
N1,1000965,bridge,bridge 271,21.4262493,92.0235827,1.5,B,LRP386b,Box culvert
N1,1000966,bridge,bridge 272,21.4258604,92.023166,1.5,A,LRP386c,"N110,Link road-Cox' Bazar, (Labonir more)"
N1,1000967,link,link 695,21.4258049,92.0232493,13.0,A,LRP387,Teknaf 79 km
N1,1000968,bridge,bridge 273,21.4225549,92.0274438,1.3,A,LRP387a,Box culvert
N1,1000969,bridge,bridge 274,21.4220827,92.0278604,1.3,A,LRP387b,Box culvert
N1,1000970,link,link 696,21.4199716,92.0302493,326.0,A,LRP388,"Teknaf 78 km,Uttia 24 km"
N1,1000971,bridge,bridge 275,21.4191104,92.032416,1.3,A,LRP388a,Box culvert
N1,1000972,bridge,bridge 276,21.4165,92.0353052,1.3,B,LRP388b,Box culvert
N1,1000973,bridge,bridge 277,21.4156389,92.0367219,7.1,C,LRP388c,Box culvert
N1,1000974,link,link 697,21.4150556,92.037833,135.0,A,LRP389,"Teknaf 77 km,Uthia 23 km"
N1,1000975,bridge,bridge 278,21.4135833,92.0393886,2.5,A,LRP389a,Box culvert
N1,1000976,bridge,bridge 279,21.4120556,92.039583,1.3,A,LRP389b,Box culvert
N1,1000977,bridge,bridge 280,21.4115,92.0438052,2.2,C,LRP389c,Bridge start
N1,1000978,bridge,bridge 281,21.4111667,92.0441108,4.0,A,LRP389d,Bridge end
N1,1000979,link,link 698,21.4103056,92.0453052,163.0,A,LRP389e,Box culvert
N1,1000980,link,link 699,21.4101111,92.0458052,57.0,A,LRP390,"Teknaf 76 km,Uthia 22 km"
N1,1000981,bridge,bridge 282,21.41025,92.0480552,21.5,C,LRP390a,Box culvert
N1,1000982,link,link 700,21.4103333,92.0508333,325.0,A,LRP390b,Box culvert
N1,1000983,bridge,bridge 283,21.4094167,92.0531944,11.3,C,LRP390c,Box culvert
N1,1000984,link,link 701,21.4090833,92.05475,180.0,A,LRP391,"Teknaf 75 km,Uthia 21 km"
N1,1000985,bridge,bridge 284,21.4079722,92.056,14.1,A,LRP391a,Box culvert
N1,1000986,link,link 702,21.4067222,92.0570556,169.0,A,LRP391b,Box culvert
N1,1000987,bridge,bridge 285,21.4058611,92.0594167,2.3,B,LRP391c,Box culvert
N1,1000988,link,link 703,21.4040556,92.0619722,268.0,A,LRP392,Km post missing
N1,1000989,bridge,bridge 286,21.4039167,92.0628333,24.1,C,LRP392a,Box culvert
N1,1000990,link,link 704,21.4008889,92.0658611,481.0,A,LRP392b,Box culvert
N1,1000991,link,link 705,21.3986941,92.0665556,263.0,A,LRP392c,Bridge start
N1,1000992,link,link 706,21.398583,92.0665833,15.0,A,LRP392d,Bridge end
N1,1000993,link,link 707,21.3971663,92.0668882,166.0,A,LRP392e,Box culvert
N1,1000994,link,link 708,21.3969719,92.066916,19.0,A,LRP393,"Teknaf 74 km,Uthia 20 km"
N1,1000995,bridge,bridge 287,21.393333,92.068166,45.6,C,LRP393a,Box culvert
N1,1000996,link,link 709,21.3891108,92.0686938,484.0,A,LRP393b,Bridge start
N1,1000997,bridge,bridge 288,21.3889441,92.0688049,5.0,C,LRP393c,Bridge end
N1,1000998,link,link 710,21.3885274,92.0692771,57.0,A,LRP394,"Teknaf 73 km, Ukhia 19km"
N1,1000999,bridge,bridge 289,21.3873052,92.0697771,11.2,D,LRP394a,Box culvert
N1,1001000,link,link 711,21.3858886,92.0704438,176.0,A,LRP394b,Box culvert
N1,1001001,bridge,bridge 290,21.384583,92.0704993,1.3,B,LRP394c,Box culvert
N1,1001002,link,link 712,21.3839441,92.0705827,76.0,A,LRP394d,Box culvert
N1,1001003,bridge,bridge 291,21.3826938,92.0710271,49.3,C,LRP394e,Box culvert
N1,1001004,link,link 713,21.3813049,92.0710827,168.0,A,LRP394f,Box culvert
N1,1001005,link,link 714,21.3811104,92.0710827,30.0,A,LRP394g,Box culvert
N1,1001006,link,link 715,21.3796104,92.0706104,179.0,A,LRP395,"Teknaf 72 km,Uthia 18 km"
N1,1001007,bridge,bridge 292,21.378916,92.0703327,2.4,B,LRP395a,Box culvert
N1,1001008,link,link 716,21.3775827,92.0703604,154.0,A,LRP395b,Box culvert
N1,1001009,link,link 717,21.3773882,92.0706104,39.0,A,LRP395c,Box culvert
N1,1001010,link,link 718,21.3762216,92.0718049,182.0,A,LRP395d,Box culvert
N1,1001011,link,link 719,21.3752493,92.0727771,165.0,A,LRP395e,Box culvert
N1,1001012,link,link 720,21.3747771,92.0734993,115.0,A,LRP395f,Box culvert
N1,1001013,link,link 721,21.3745549,92.0739716,65.0,A,LRP395g,Box culvert
N1,1001014,link,link 722,21.3742493,92.0755271,173.0,A,LRP395h,Box culvert
N1,1001015,link,link 723,21.3742493,92.0756938,16.0,A,LRP396,"Teknaf 71km, Ukhia 17km"
N1,1001016,bridge,bridge 293,21.3736938,92.0768327,2.3,C,LRP396a,Box culvert
N1,1001017,bridge,bridge 294,21.3731938,92.0773327,61.3,D,LRP396b,Box culvert
N1,1001018,link,link 724,21.3714993,92.0785549,229.0,A,LRP396c,Box culvert
N1,1001019,link,link 725,21.3698327,92.0796104,206.0,A,LRP396d,Box culvert
N1,1001020,link,link 726,21.3678882,92.0803327,262.0,A,LRP396e,Box culvert
N1,1001021,link,link 727,21.3669438,92.0807771,134.0,A,LRP396f,Box culvert
N1,1001022,link,link 728,21.3662778,92.0810549,84.0,A,LRP397,"Teknaf 70 km,Uthia 16 km"
N1,1001023,link,link 729,21.3657222,92.0812771,64.0,A,LRP397a,Box culvert
N1,1001024,link,link 730,21.3644167,92.081416,151.0,A,LRP397b,Box culvert
N1,1001025,link,link 731,21.3615,92.0806382,341.0,A,LRP397c,Box culvert
N1,1001026,link,link 732,21.3580833,92.0790271,428.0,A,LRP397d,Box culvert
N1,1001027,link,link 733,21.35775,92.0790271,44.0,A,LRP398,"Teknaf 69 km,Uthia 15 km"
N1,1001028,bridge,bridge 295,21.3571944,92.0791104,14.1,A,LRP398a,Box culvert
N1,1001029,bridge,bridge 296,21.3563333,92.0790827,11.0,B,LRP398b,Box culvert
N1,1001030,link,link 734,21.35525,92.0790827,125.0,A,LRP398c,Box culvert
N1,1001031,bridge,bridge 297,21.3526667,92.0783327,10.3,A,LRP398d,Box culvert
N1,1001032,link,link 735,21.3490552,92.0784716,417.0,A,LRP399,"Teknaf 68 km,Uthia 14 km"
N1,1001033,link,link 736,21.3463608,92.0790271,312.0,A,LRP399a,Bridge start
N1,1001034,link,link 737,21.3461386,92.0789993,26.0,A,LRP399b,Bridge end
N1,1001035,link,link 738,21.3414997,92.0788327,535.0,A,LRP399c,Box culvert
N1,1001036,link,link 739,21.3404997,92.0784993,123.0,A,LRP400,"Teknaf 67 km,Uthia 13 km"
N1,1001037,bridge,bridge 298,21.3381941,92.078916,14.0,A,LRP400a,Box culvert
N1,1001038,bridge,bridge 299,21.3324716,92.0790827,23.5,A,LRP400b,Box culvert
N1,1001039,link,link 740,21.3311104,92.0788604,164.0,A,LRP401,"Teknaf 66 km,Uthia 12 km"
N1,1001040,bridge,bridge 300,21.3297771,92.0787771,50.6,C,LRP401a,Khulna Plong Bridge
N1,1001041,link,link 741,21.3295271,92.0789438,32.0,A,LRP401b,Bridge end
N1,1001042,link,link 742,21.324666,92.084583,829.0,A,LRP402,6
N1,1001043,bridge,bridge 301,21.3241104,92.085333,6.6,C,LRP402a,Bridge start
N1,1001044,bridge,bridge 302,21.3238049,92.0857219,2.4,A,LRP402b,Bridge end
N1,1001045,bridge,bridge 303,21.3207493,92.0893052,17.0,A,LRP402c,Box culvert
N1,1001046,link,link 743,21.3187493,92.0916108,337.0,A,LRP403,Km post broken
N1,1001047,bridge,bridge 304,21.3179438,92.0921663,2.4,A,LRP403a,Bridge start
N1,1001048,bridge,bridge 305,21.3177771,92.0922497,11.1,C,LRP403b,Bridge end
N1,1001049,link,link 744,21.317666,92.0930274,82.0,A,LRP403c,Road to Ramu(Z1009)
N1,1001050,bridge,bridge 306,21.3125,92.096333,8.5,C,LRP403d,Bridge start
N1,1001051,link,link 745,21.3121944,92.0966941,52.0,A,LRP403e,Bridge end
N1,1001052,link,link 746,21.3120278,92.0969163,24.0,A,LRP404,"Teknaf 63 km,Uthia 9 km"
N1,1001053,bridge,bridge 307,21.3101667,92.0974997,2.4,C,LRP404a,"Z1503, Maricha Dakbunglow Road"
N1,1001054,bridge,bridge 308,21.3039722,92.0967497,20.7,B,LRP404b,Box culvert
N1,1001055,link,link 747,21.3037778,92.0968052,23.0,A,LRP405,"Teknaf 62 km,Uthia 8 km"
N1,1001056,link,link 748,21.2989441,92.0976108,555.0,A,LRP405a,Box culvert
N1,1001057,link,link 749,21.2956386,92.0993886,426.0,A,LRP405b,Bridge start
N1,1001058,link,link 750,21.2949997,92.0993886,74.0,A,LRP405c,Bridge end
N1,1001059,link,link 751,21.2949163,92.0994163,8.0,A,LRP406,"Teknaf 61 km,Uthia 7 km"
N1,1001060,link,link 752,21.2863608,92.1001667,964.0,A,LRP407,"Teknaf 60 km,Uthia 6 km"
N1,1001061,link,link 753,21.2839441,92.1005278,275.0,A,LRP407a,Box culvert
N1,1001062,link,link 754,21.282777512080536,92.10067986442952,136.0,A,LRP407b,Bridge start
N1,1001063,link,link 755,21.282666,92.1006944,13.0,A,LRP407c,Bridge end
N1,1001064,link,link 756,21.2790827,92.1019722,428.0,A,LRP407d,Box culvert
N1,1001065,link,link 757,21.277666,92.1026111,168.0,A,LRP408,"Teknaf 59 km,Uthia 5 km"
N1,1001066,link,link 758,21.2695827,92.1066111,996.0,A,LRP409,"Teknaf 58 km,Uthia 4 km"
N1,1001067,bridge,bridge 309,21.2694716,92.1066667,2.2,B,LRP409a,Box culvert
N1,1001068,bridge,bridge 310,21.2678604,92.1088333,10.9,C,LRP409b,Bridge start
N1,1001069,link,link 759,21.2677493,92.109,26.0,A,LRP409c,Bridge end
N1,1001070,bridge,bridge 311,21.2646111,92.1134444,2.1,C,LRP409d,Box Culvert
N1,1001071,link,link 760,21.2641111,92.1140833,90.0,A,LRP410,"Teknaf 57 km,Uthia 3 km"
N1,1001072,bridge,bridge 312,21.2639722,92.1141944,2.0,A,LRP410a,Bridge start
N1,1001073,bridge,bridge 313,21.2637222,92.1144722,1.8,A,LRP410b,Bridge end
N1,1001074,bridge,bridge 314,21.2623611,92.1161667,2.2,A,LRP410c,Bridge start
N1,1001075,link,link 761,21.26225,92.1163056,18.0,A,LRP410d,Bridge end
N1,1001076,link,link 762,21.2580278,92.1214438,715.0,A,LRP411,"Teknaf 56 km,Uthia 2 km"
N1,1001077,bridge,bridge 315,21.2565556,92.122916,6.4,A,LRP411a,Bridge start
N1,1001078,bridge,bridge 316,21.2565,92.1229716,2.2,A,LRP411b,Bridge end
N1,1001079,link,link 763,21.2550278,92.1245827,239.0,A,LRP411c,Box culvert
N1,1001080,link,link 764,21.2537778,92.1266382,250.0,A,LRP411d,Box culvert
N1,1001081,link,link 765,21.2521944,92.1286104,276.0,A,LRP412,"Teknaf 55 km,Uthia 1 km"
N1,1001082,bridge,bridge 317,21.2521111,92.1287493,3.1,A,LRP412a,Box culvert
N1,1001083,bridge,bridge 318,21.2504722,92.1307493,38.7,C,LRP412b,Bridge start
N1,1001084,link,link 766,21.2504167,92.1307493,90.0,A,LRP412c,Bridge end
N1,1001085,bridge,bridge 319,21.248083,92.1341108,3.0,A,LRP412d,Bridge start
N1,1001086,link,link 767,21.2479997,92.1342219,13.0,A,LRP412e,Bridge end
N1,1001087,link,link 768,21.2462219,92.1364719,41.0,A,LRP413,Teknaf 54 km
N1,1001088,bridge,bridge 320,21.2447497,92.1389441,9.4,B,LRP413a,"Z1503, Maricha Dukbanglow road"
N1,1001089,bridge,bridge 321,21.242333,92.1413608,15.4,D,LRP413b,Bridge start
N1,1001090,link,link 769,21.2422219,92.1415552,22.0,A,LRP413c,Bridge end
N1,1001091,link,link 770,21.2412497,92.1440552,302.0,A,LRP414,Teknaf 53 km
N1,1001092,link,link 771,21.2357774,92.1511667,980.0,A,LRP415,Teknaf 52 km
N1,1001093,link,link 772,21.236333,92.1586667,998.0,A,LRP416,Teknaf 51km
N1,1001094,link,link 773,21.2283604,92.1617222,1010.0,A,LRP417,Teknaf 50 km
N1,1001095,bridge,bridge 322,21.2261382,92.1611667,3.0,C,LRP417a,Box culvert
N1,1001096,bridge,bridge 323,21.2243327,92.1614444,4.6,A,LRP417b,Box culvert
N1,1001097,link,link 774,21.2198049,92.1618611,528.0,A,LRP418,Info.Missing
N1,1001098,bridge,bridge 324,21.2165556,92.1626944,9.4,C,LRP418a,Box culvert
N1,1001099,bridge,bridge 325,21.2152778,92.1649722,15.2,C,LRP418b,Box culvert
N1,1001100,link,link 775,21.2142778,92.166666,196.0,A,LRP418c,Box culvert
N1,1001101,link,link 776,21.21375,92.1674438,106.0,A,LRP419,Teknaf 47km
N1,1001102,bridge,bridge 326,21.2127222,92.1678882,58.0,C,LRP419a,Box culvert
N1,1001103,link,link 777,21.2105833,92.1681382,244.0,A,LRP419b,Box culvert
N1,1001104,bridge,bridge 327,21.2096944,92.168416,3.3,B,LRP419c,Box culvert
N1,1001105,link,link 778,21.2056389,92.1703327,536.0,A,LRP420,Teknaf 46 km
N1,1001106,bridge,bridge 328,21.2011389,92.170416,15.4,C,LRP420a,Box culvert
N1,1001107,link,link 779,21.1989997,92.1703604,248.0,A,LRP420b,Box culvert
N1,1001108,bridge,bridge 329,21.1977219,92.1705549,3.3,A,LRP420c,"Z1504, Ukhia Gundum Road"
N1,1001109,link,link 780,21.1969441,92.1707493,113.0,A,LRP421,Info.Missing
N1,1001110,bridge,bridge 330,21.1965552,92.1708604,12.3,D,LRP421a,Box culvert
N1,1001111,link,link 781,21.1925552,92.1697216,484.0,A,LRP421b,Bridge start
N1,1001112,bridge,bridge 331,21.1923052,92.1695271,1.2,C,LRP421c,Bridge end
N1,1001113,bridge,bridge 332,21.1906108,92.167916,15.2,C,LRP421d,Box culvert
N1,1001114,link,link 782,21.1897497,92.166666,173.0,A,LRP422,Info.Missing
N1,1001115,bridge,bridge 333,21.1866386,92.1638056,1.3,C,LRP422a,Box culvert
N1,1001116,bridge,bridge 334,21.1859441,92.1610833,3.3,A,LRP422b,Bridge start
N1,1001117,bridge,bridge 335,21.185833,92.1609167,4.7,B,LRP422c,Bridge end
N1,1001118,link,link 783,21.1843052,92.1594167,233.0,A,LRP423,Info.Missing
N1,1001119,bridge,bridge 336,21.178666,92.1574722,1.2,C,LRP423a,Box culvert
N1,1001120,link,link 784,21.1761938,92.1566111,291.0,A,LRP424,Info.Missing
N1,1001121,bridge,bridge 337,21.1742771,92.1557222,6.4,D,LRP424a,Box culvert
N1,1001122,bridge,bridge 338,21.1718327,92.1551389,3.35,A,LRP424b,Box culvert
N1,1001123,bridge,bridge 339,21.1698049,92.1545833,13.0,C,LRP424c,Bridge start
N1,1001124,link,link 785,21.1694993,92.1543056,48.0,A,LRP424d,Bridge end
N1,1001125,bridge,bridge 340,21.168416,92.1532778,3.2,A,LRP424e,Box culvert
N1,1001126,link,link 786,21.1677216,92.1527778,110.0,A,LRP425,Info.Missing
N1,1001127,bridge,bridge 341,21.1673327,92.1524167,3.4,A,LRP425a,Box culvert
N1,1001128,bridge,bridge 342,21.1652222,92.1521667,2.8,A,LRP425b,Bridge start
N1,1001129,bridge,bridge 343,21.1649444,92.1521944,12.8,D,LRP425c,Bridge end
N1,1001130,link,link 787,21.16325,92.1522222,195.0,A,LRP425d,Box culvert
N1,1001131,bridge,bridge 344,21.1624722,92.1522778,1.2,A,LRP425e,Box Culvert
N1,1001132,link,link 788,21.1604167,92.1525,236.0,A,LRP425f,Box culvert
N1,1001133,link,link 789,21.1595,92.1526111,108.0,A,LRP426,Info.Missing
N1,1001134,bridge,bridge 345,21.1593056,92.1526111,1.2,A,LRP426a,Box culvert
N1,1001135,bridge,bridge 346,21.1586667,92.1525,1.2,A,LRP426b,Box culvert
N1,1001136,bridge,bridge 347,21.1556389,92.1527778,2.8,A,LRP426c,Box culvert
N1,1001137,bridge,bridge 348,21.1537778,92.1528611,2.8,A,LRP426d,Box culvert
N1,1001138,bridge,bridge 349,21.1521944,92.1535278,1.2,A,LRP426e,Box culvert
N1,1001139,link,link 790,21.1507222,92.1545,198.0,A,LRP427,Info.Missing
N1,1001140,bridge,bridge 350,21.147333,92.1574167,1.2,C,LRP427a,Box culvert
N1,1001141,bridge,bridge 351,21.1442774,92.1586389,34.2,C,LRP427b,Bridge start
N1,1001142,link,link 791,21.1441663,92.1586944,19.0,A,LRP427c,Bridge end
N1,1001143,link,link 792,21.1435274,92.1589722,81.0,A,LRP428,Teknaf 38 km
N1,1001144,bridge,bridge 352,21.1414997,92.1599167,2.7,A,LRP428a,Bridge start
N1,1001145,bridge,bridge 353,21.1410552,92.1602222,2.7,A,LRP428b,Bridge end
N1,1001146,bridge,bridge 354,21.1381108,92.1648611,4.2,A,LRP428c,Box culvert
N1,1001147,link,link 793,21.1379719,92.1659167,116.0,A,LRP429,Info.Missing
N1,1001148,bridge,bridge 355,21.137833,92.1671104,1.2,A,LRP429a,Box culvert
N1,1001149,bridge,bridge 356,21.1375552,92.1683049,2.8,A,LRP429b,Box culvert
N1,1001150,bridge,bridge 357,21.1372219,92.1708882,1.2,A,LRP429c,Box culvert
N1,1001151,bridge,bridge 358,21.1371108,92.1727771,14.0,B,LRP429d,Box culvert
N1,1001152,link,link 794,21.1368886,92.173916,120.0,A,LRP429e,Bridge start
N1,1001153,bridge,bridge 359,21.1367219,92.1741382,1.2,A,LRP429f,Bridge end
N1,1001154,link,link 795,21.1363886,92.1752493,128.0,A,LRP430,Info.Missing
N1,1001155,bridge,bridge 360,21.1363608,92.1755549,1.0,A,LRP430a,Box culvert
N1,1001156,bridge,bridge 361,21.1353886,92.1770827,1.0,A,LRP430b,Box culvert
N1,1001157,bridge,bridge 362,21.1333886,92.1806938,3.0,A,LRP430c,Bridge start
N1,1001158,bridge,bridge 363,21.1333608,92.1808327,6.1,C,LRP430d,Bridge end
N1,1001159,link,link 796,21.1329438,92.1824438,176.0,A,LRP430e,Box culvert
N1,1001160,link,link 797,21.1326938,92.183333,97.0,A,LRP431,Info.Missing
N1,1001161,bridge,bridge 364,21.1319716,92.1846108,5.8,A,LRP431a,Box culvert
N1,1001162,bridge,bridge 365,21.1309716,92.1856941,1.3,A,LRP431b,Box culvert
N1,1001163,link,link 798,21.1269438,92.1902219,666.0,A,LRP432,Km post missing
N1,1001164,bridge,bridge 366,21.1268327,92.1902774,1.2,A,LRP432a,Box culvert
N1,1001165,bridge,bridge 367,21.1242771,92.1918886,30.9,C,LRP432b,Box culvert
N1,1001166,link,link 799,21.1239993,92.1919997,41.0,A,LRP432c,Box culvert
N1,1001167,link,link 800,21.1229993,92.1926663,134.0,A,LRP432d,Box culvert
N1,1001168,link,link 801,21.122166,92.1931941,113.0,A,LRP432e,Box culvert
N1,1001169,link,link 802,21.1214993,92.1935552,85.0,A,LRP432f,Box culvert
N1,1001170,link,link 803,21.1198604,92.1954719,283.0,A,LRP433,Info.Missing
N1,1001171,bridge,bridge 368,21.1190827,92.1960274,1.2,C,LRP433a,Box culvert
N1,1001172,bridge,bridge 369,21.1175827,92.1966663,9.4,D,LRP433b,Box culvert
N1,1001173,bridge,bridge 370,21.1165,92.1969163,11.8,C,LRP433c,Box culvert
N1,1001174,bridge,bridge 371,21.1161389,92.1969997,2.8,C,LRP433d,Box culvert
N1,1001175,link,link 804,21.1158333,92.1971386,39.0,A,LRP433e,Z1133 Road to Shaplapur
N1,1001176,link,link 805,21.1151667,92.1975552,87.0,A,LRP433f,Bridge start
N1,1001177,link,link 806,21.1146111,92.1979719,78.0,A,LRP433g,Bridge end
N1,1001178,link,link 807,21.1121111,92.2002778,377.0,A,LRP434,Info.Missing
N1,1001179,bridge,bridge 372,21.1118611,92.2006389,1.2,C,LRP434a,Box culvert
N1,1001180,bridge,bridge 373,21.1090556,92.2045278,31.7,C,LRP434b,Box culvert
N1,1001181,link,link 808,21.1078333,92.2058611,430.0,A,LRP434c,Box culvert
N1,1001182,link,link 809,21.1078333,92.2069444,198.0,A,LRP434d,Box culvert
N1,1001183,link,link 810,21.1058333,92.20725,70.0,A,LRP435,Km post broken
N1,1001184,bridge,bridge 374,21.1053611,92.2073889,1.2,C,LRP435a,Box culvert
N1,1001185,bridge,bridge 375,21.1043611,92.2075278,1.2,C,LRP435b,Box culvert
N1,1001186,bridge,bridge 376,21.1026389,92.2077778,6.2,A,LRP435c,Box culvert
N1,1001187,link,link 811,21.1012778,92.2081389,172.0,A,LRP435d,Box culvert
N1,1001188,link,link 812,21.0996386,92.2091667,220.0,A,LRP435e,Box culvert
N1,1001189,link,link 813,21.0975552,92.2105,285.0,A,LRP436,Info.Missing
N1,1001190,bridge,bridge 377,21.097333,92.2106111,32.1,C,LRP436a,Box culvert
N1,1001191,link,link 814,21.0939441,92.2118611,399.0,A,LRP436b,Bridge start
N1,1001192,link,link 815,21.0936663,92.2119444,36.0,A,LRP436c,Bridge end
N1,1001193,link,link 816,21.0923052,92.2123333,158.0,A,LRP436d,Box culvert
N1,1001194,link,link 817,21.090333,92.2129444,235.0,A,LRP436e,Box culvert
N1,1001195,link,link 818,21.0891941,92.2135,144.0,A,LRP437,Km post missing
N1,1001196,bridge,bridge 378,21.0864997,92.2151111,4.4,A,LRP437a,Box culvert
N1,1001197,bridge,bridge 379,21.0859441,92.2153889,2.9,A,LRP437b,Box culvert
N1,1001198,link,link 819,21.0838608,92.2161111,253.0,A,LRP437c,Box culvert / Box culvert
N1,1001199,link,link 820,21.0811104,92.2169438,333.0,A,LRP438,Km post missing
N1,1001200,bridge,bridge 380,21.0803049,92.2174993,2.8,A,LRP438a,Box culvert
N1,1001201,bridge,bridge 381,21.0783327,92.2186382,2.8,A,LRP438b,Box culvert
N1,1001202,bridge,bridge 382,21.077916,92.2189993,1.9,A,LRP438c,Box culvert
N1,1001203,link,link 821,21.0765549,92.2209993,260.0,A,LRP438d,Box culvert
N1,1001204,link,link 822,21.0745271,92.2220549,259.0,A,LRP438e,Box culvert
N1,1001205,link,link 823,21.0735271,92.2226104,146.0,A,LRP439,Info.Missing
N1,1001206,bridge,bridge 383,21.0728327,92.2232216,45.6,C,LRP439a,Box culvert
N1,1001207,link,link 824,21.071666,92.2242216,182.0,A,LRP439b,Box culvert
N1,1001208,bridge,bridge 384,21.0691104,92.2246382,2.8,B,LRP439c,Box culvert
N1,1001209,link,link 825,21.0668882,92.2246104,250.0,A,LRP439d,Box culvert
N1,1001210,link,link 826,21.0655833,92.2245549,146.0,A,LRP440,Km post missing
N1,1001211,bridge,bridge 385,21.0650556,92.2245271,12.5,C,LRP440a,Box culvert
N1,1001212,link,link 827,21.063,92.2254993,261.0,A,LRP440b,Box culvert
N1,1001213,link,link 828,21.0615556,92.2262771,188.0,A,LRP440c,Box culvert
N1,1001214,link,link 829,21.0597778,92.2263882,204.0,A,LRP440d,Bridge start
N1,1001215,link,link 830,21.0596667,92.2263882,15.0,A,LRP440e,Bridge end
N1,1001216,link,link 831,21.0565833,92.2266104,342.0,A,LRP441,Info.Missing
N1,1001217,bridge,bridge 386,21.0549722,92.2268049,29.9,C,LRP441a,Box culvert
N1,1001218,link,link 832,21.0513611,92.2302493,648.0,A,LRP441b,Bridge start
N1,1001219,link,link 833,21.0513611,92.2305827,38.0,A,LRP441c,Bridge end
N1,1001220,link,link 834,21.0513056,92.2317493,125.0,A,LRP442,Teknaf 24 km
N1,1001221,bridge,bridge 387,21.0512778,92.2323327,1.2,C,LRP442a,Box culvert
N1,1001222,link,link 835,21.0507222,92.2338608,189.0,A,LRP442b,Box culvert
N1,1001223,link,link 836,21.0479441,92.2346386,328.0,A,LRP442c,Box culvert
N1,1001224,link,link 837,21.0446941,92.2356941,381.0,A,LRP442d,Box culvert
N1,1001225,link,link 838,21.0439163,92.2359441,87.0,A,LRP443,Teknaf 23 km
N1,1001226,bridge,bridge 388,21.0407497,92.2374997,36.6,C,LRP443a,Box culvert
N1,1001227,link,link 839,21.0363608,92.2396941,540.0,A,LRP443b,Bridge start
N1,1001228,bridge,bridge 389,21.0360552,92.2398608,2.8,A,LRP443c,Bridge end
N1,1001229,link,link 840,21.0338608,92.2407774,271.0,A,LRP444,Teknaf 21 km
N1,1001230,bridge,bridge 390,21.0321104,92.241083,1.2,A,LRP444a,Box culvert
N1,1001231,bridge,bridge 391,21.0300549,92.2413608,8.8,B,LRP444b,Box culvert
N1,1001232,bridge,bridge 392,21.0269438,92.2416941,1.2,A,LRP444c,Box culvert
N1,1001233,link,link 841,21.0249993,92.2418608,209.0,A,LRP445,Km post missing
N1,1001234,bridge,bridge 393,21.0228882,92.2420274,9.2,A,LRP445a,Bridge start
N1,1001235,bridge,bridge 394,21.0226104,92.2420552,41.75,C,LRP445b,Bridge end
N1,1001236,link,link 842,21.0186104,92.2431386,484.0,A,LRP446,Infor.missing
N1,1001237,bridge,bridge 395,21.0169993,92.2440274,7.5,A,LRP446a,Box culvert
N1,1001238,bridge,bridge 396,21.0150833,92.245333,37.2,C,LRP446b,Box culvert
N1,1001239,link,link 843,21.0107222,92.2487219,607.0,A,LRP447,Teknaf 20 km
N1,1001240,bridge,bridge 397,21.0101389,92.2492497,2.7,A,LRP447a,Box culvert
N1,1001241,bridge,bridge 398,21.0078889,92.251,1.2,A,LRP447b,Box culvert
N1,1001242,bridge,bridge 399,21.0064444,92.2520833,38.0,C,LRP447c,Box culvert
N1,1001243,link,link 844,21.0029444,92.2531944,424.0,A,LRP448,Teknaf 29 km
N1,1001244,bridge,bridge 400,20.9990274,92.2537778,51.0,B,LRP448a,Bridge start
N1,1001245,link,link 845,20.9986386,92.2538889,50.0,A,LRP448b,Bridge end
N1,1001246,bridge,bridge 401,20.9942497,92.2545278,13.5,B,LRP448c,Box culvert
N1,1001247,link,link 846,20.9940274,92.2546111,34.0,A,LRP449,Teknaf 18 km
N1,1001248,bridge,bridge 402,20.9875274,92.2545556,13.5,B,LRP449a,Box culvert
N1,1001249,link,link 847,20.9852774,92.2536389,277.0,A,LRP450,Infor.missing
N1,1001250,bridge,bridge 403,20.9778049,92.25075,37.6,C,LRP450a,Bridge start
N1,1001251,link,link 848,20.9775827,92.2506111,32.0,A,LRP450b,Bridge end
N1,1001252,link,link 849,20.9769438,92.2502222,76.0,A,LRP451,Km post missing
N1,1001253,bridge,bridge 404,20.9697216,92.2485552,1.2,B,LRP451a,Box culvert
N1,1001254,link,link 850,20.9682771,92.2488052,174.0,A,LRP452,Infor.missing
N1,1001255,bridge,bridge 405,20.9673604,92.2491663,29.3,C,LRP452a,Bridge start
N1,1001256,link,link 851,20.9671104,92.2494441,42.0,A,LRP452b,Bridge end
N1,1001257,bridge,bridge 406,20.9648611,92.2515278,2.8,A,LRP452c,Box culvert
N1,1001258,bridge,bridge 407,20.9622778,92.2528889,2.8,A,LRP452d,Bridge start
N1,1001259,bridge,bridge 408,20.9620556,92.2530556,2.8,A,LRP452e,Bridge end
N1,1001260,link,link 852,20.9606389,92.2535,168.0,A,LRP453,Info.Missing
N1,1001261,bridge,bridge 409,20.9580833,92.2543056,15.1,B,LRP453a,Box culvert
N1,1001262,link,link 853,20.9566667,92.2548056,170.0,A,LRP453b,Box culvert
N1,1001263,link,link 854,20.9538889,92.2559722,336.0,A,LRP453c,Box culvert
N1,1001264,link,link 855,20.9531667,92.2562778,93.0,A,LRP453d,Box culvert
N1,1001265,link,link 856,20.95225,92.2566111,120.0,A,LRP453e,Box culvert
N1,1001266,link,link 857,20.9521667,92.2566944,16.0,A,LRP454,Info.Missing
N1,1001267,bridge,bridge 410,20.94957125079681,92.25817740896414,9.0,A,LRP454a,Box culvert
N1,1001268,bridge,bridge 411,20.9482774,92.2589167,9.0,B,LRP454b,Bridge start
N1,1001269,link,link 858,20.9481386,92.2593056,46.0,A,LRP454c,Bridge end
N1,1001270,link,link 859,20.9459163,92.2603333,330.0,A,LRP454d,Box culvert
N1,1001271,link,link 860,20.9445552,92.2603333,187.0,A,LRP455,Info.Missing
N1,1001272,bridge,bridge 412,20.9436941,92.2603056,37.3,C,LRP455a,Box culvert
N1,1001273,link,link 861,20.9373886,92.2623333,752.0,A,LRP455b,Bridge start
N1,1001274,link,link 862,20.9371108,92.2624722,40.0,A,LRP455c,Bridge end
N1,1001275,link,link 863,20.9361663,92.2628611,109.0,A,LRP456,Km post missing
N1,1001276,bridge,bridge 413,20.9361108,92.2628611,1.5,A,LRP456a,Box culvert
N1,1001277,bridge,bridge 414,20.9346663,92.2631667,1.5,C,LRP456b,Box culvert
N1,1001278,bridge,bridge 415,20.934333,92.26325,35.9,C,LRP456c,Box culvert
N1,1001279,link,link 864,20.9330549,92.2635,150.0,A,LRP456d,Box culvert
N1,1001280,link,link 865,20.929666,92.2641111,388.0,A,LRP456e,Bridge start
N1,1001281,link,link 866,20.9293327,92.2641389,37.0,A,LRP456f,Bridge end
N1,1001282,link,link 867,20.9270827,92.2644444,256.0,A,LRP457,Infor.missing
N1,1001283,link,link 868,20.9238882,92.2653889,381.0,A,LRP457a,Bridge start
N1,1001284,link,link 869,20.9234993,92.2656111,51.0,A,LRP457b,Bridge end
N1,1001285,link,link 870,20.9195827,92.268416,530.0,A,LRP457c,Bridge start
N1,1001286,link,link 871,20.9194993,92.2684716,17.0,A,LRP457d,Bridge end
N1,1001287,link,link 872,20.9189993,92.2686382,55.0,A,LRP457e,Box Culvert
N1,1001288,link,link 873,20.9187771,92.2687771,30.0,A,LRP458,Teknaf 8 km
N1,1001289,link,link 874,20.9176382,92.2692493,140.0,A,LRP458a,Box Culvert
N1,1001290,link,link 875,20.9157222,92.2704993,255.0,A,LRP458b,Bridge start
N1,1001291,link,link 876,20.9154167,92.2706938,38.0,A,LRP458c,Bridge end
N1,1001292,link,link 877,20.9136389,92.2718604,232.0,A,LRP458d,Box Culvert
N1,1001293,link,link 878,20.9132778,92.2721938,83.0,A,LRP458e,Box culvert
N1,1001294,link,link 879,20.9123889,92.2729716,118.0,A,LRP458f,Box Culvert
N1,1001295,link,link 880,20.9122222,92.2729438,26.0,A,LRP459,Teknaf 7 km
N1,1001296,link,link 881,20.9088889,92.275166,446.0,A,LRP459a,Bridge start
N1,1001297,link,link 882,20.9085556,92.2753604,47.0,A,LRP459b,Bridge end
N1,1001298,link,link 883,20.90675,92.2764993,238.0,A,LRP459c,Box Culvert
N1,1001299,link,link 884,20.9059444,92.2771104,123.0,A,LRP459d,Box culvert
N1,1001300,link,link 885,20.9048333,92.277916,146.0,A,LRP460,Km post missing
N1,1001301,link,link 886,20.9047222,92.2779716,17.0,A,LRP460a,Box Culvert
N1,1001302,link,link 887,20.9033333,92.2789438,194.0,A,LRP460b,Box Culvert
N1,1001303,link,link 888,20.9027222,92.279416,103.0,A,LRP460c,Box culvert
N1,1001304,link,link 889,20.9003333,92.2807216,311.0,A,LRP460d,Bridge start
N1,1001305,link,link 890,20.9001111,92.2809716,36.0,A,LRP460e,Bridge end
N1,1001306,link,link 891,20.8994441,92.2817216,113.0,A,LRP460f,Box culvert
N1,1001307,link,link 892,20.8984719,92.2828604,164.0,A,LRP460g,Bridge start
N1,1001308,link,link 893,20.8982219,92.283166,47.0,A,LRP460h,Bridge end
N1,1001309,link,link 894,20.8981108,92.2832493,15.0,A,LRP461,Km post missing
N1,1001310,link,link 895,20.8980274,92.283333,22.0,A,LRP461a,Box culvert
N1,1001311,link,link 896,20.8977497,92.2836941,53.0,A,LRP461b,Box culvert
N1,1001312,link,link 897,20.8969163,92.2854441,210.0,A,LRP461c,Bridge start
N1,1001313,link,link 898,20.8967774,92.2857219,33.0,A,LRP461d,Bridge end
N1,1001314,link,link 899,20.8965552,92.286083,47.0,A,LRP461e,Box culvert
N1,1001315,link,link 900,20.8953608,92.2877219,219.0,A,LRP461f,Box culvert
N1,1001316,link,link 901,20.8948052,92.2881941,84.0,A,LRP461g,Box culvert
N1,1001317,link,link 902,20.894083,92.2887774,103.0,A,LRP461h,Bridge start
N1,1001318,link,link 903,20.8939441,92.2889163,24.0,A,LRP461i,Bridge end
N1,1001319,link,link 904,20.8932774,92.2896386,105.0,A,LRP461j,Box culvert
N1,1001320,link,link 905,20.8927774,92.2901386,79.0,A,LRP461k,Box culvert
N1,1001321,link,link 906,20.8926386,92.2902774,21.0,A,LRP462,Km post missing
N1,1001322,link,link 907,20.8919163,92.2916663,171.0,A,LRP462a,Bridge start
N1,1001323,link,link 908,20.8918886,92.2918052,20.0,A,LRP462b,Bridge end
N1,1001324,link,link 909,20.891833,92.2923052,56.0,A,LRP463,Teknaf 4 km
N1,1001325,link,link 910,20.8889163,92.2982497,742.0,A,LRP463a,Bridge start
N1,1001326,link,link 911,20.888833,92.2983886,15.0,A,LRP463b,Bridge end
N1,1001327,link,link 912,20.8869441,92.2996386,258.0,A,LRP464,Info.Missing
N1,1001328,link,link 913,20.8858608,92.2991941,133.0,A,LRP464a,Box culvert
N1,1001329,link,link 914,20.8820271,92.2977774,474.0,A,LRP464b,Box culvert
N1,1001330,link,link 915,20.8782216,92.2977774,431.0,A,LRP465,Teknaf 2 km
N1,1001331,link,link 916,20.8768604,92.2978886,163.0,A,LRP465a,Bridge start
N1,1001332,link,link 917,20.8764993,92.2978886,43.0,A,LRP465b,Bridge end
N1,1001333,link,link 918,20.8692771,92.2981386,794.0,A,LRP466,Km post missing
N1,1001334,link,link 919,20.8688604,92.2982219,50.0,A,LRP466a,Box culvert
N1,1001335,link,link 920,20.8650278,92.2982497,428.0,A,LRP466b,Bridge start
N1,1001336,link,link 921,20.8646667,92.2981941,42.0,A,LRP466c,Bridge end
N1,1001337,link,link 922,20.8629722,92.298083,178.0,A,LRP467,Infor.missing
N1,1001338,sink,sink 1,20.8629167,92.298083,130.0,A,LRPE,"End of Road at Shapla Chattar ,Teknaf Meet with Z1098 &Z1099."
