agent_id,name,road,lat,lon,length_m,condition,betweenness,daily_tonnes,criticality_score,condition_weight,flood_risk,vulnerability_score
1000015,bridge 1,N1,23.7045833,90.5188327,397.0,C,0.009019670925636547,46889.98095238095,422.932197899842,3,1.0,3.0
1000019,bridge 2,N1,23.7015278,90.5281938,8.0,B,0.011941602942614066,46889.98095238095,559.9415345200699,2,1.0,2.0
1000020,bridge 3,N1,23.6998608,90.5307216,6.3,A,0.011989204481621064,46889.98095238095,562.173569777412,1,1.0,1.0
1000021,bridge 4,N1,23.6974163,90.5337774,6.3,A,0.012036441257877051,46889.98095238095,564.3885013163072,1,1.0,1.0
1000023,bridge 5,N1,23.6943608,90.5376108,8.3,A,0.012129820522135992,46889.98095238095,568.7670532387563,1,1.0,1.0
1000026,bridge 6,N1,23.6911108,90.5448886,9.3,A,0.013626077326785113,46889.98095238095,638.926506308624,1,1.0,1.0
1000027,bridge 7,N1,23.6910552,90.5451386,6.1,A,0.014214986788293159,46889.98095238095,666.5404597414131,1,1.0,1.0
1000030,bridge 8,N1,23.6854997,90.5512778,26.3,A,0.0905817163400581,46889.98095238095,4247.374953819299,1,1.0,1.0
1000035,bridge 9,N1,23.6604167,90.5671104,5.55,B,0.09076172675768227,46889.98095238095,4255.815638872926,2,1.0,2.0
1000040,bridge 10,N1,23.6559167,90.5745271,159.52,C,0.09095213291371027,46889.98095238095,4264.7437799022955,3,1.0,3.0
1000044,bridge 11,N1,23.6508889,90.5826382,20.0,B,0.09110478612500857,46889.98095238095,4271.901686072392,2,1.0,2.0
1000045,bridge 12,N1,23.6506944,90.5829993,20.45,A,0.09114253906973827,46889.98095238095,4273.671920931664,1,1.0,1.0
1000047,bridge 13,N1,23.6449441,90.5899163,40.5,C,0.09121804495919764,46889.98095238095,4277.2123906502065,3,1.0,3.0
1000048,bridge 14,N1,23.6397497,90.5926941,40.33,B,0.09125543314117632,46889.98095238095,4278.965521791031,2,1.0,2.0
1000050,bridge 15,N1,23.6358608,90.5948052,6.0,A,0.09132911521688064,46889.98095238095,4282.420472917339,1,1.0,1.0
1000051,bridge 16,N1,23.6341108,90.5970274,10.4,B,0.09136540911060628,46889.98095238095,4284.122292902822,2,1.0,2.0
1000056,bridge 17,N1,23.6242216,90.6055278,5.5,B,0.09154687857923449,46889.98095238095,4292.631392830237,2,1.0,2.0
1000061,bridge 18,N1,23.6095556,90.6121944,213.5,B,0.09172980709886676,46889.98095238095,4301.208907631441,2,1.0,2.0
1000063,bridge 19,N1,23.6018611,90.6159722,900.0,C,0.09180148297944052,46889.98095238095,4304.56978830629,3,1.0,3.0
1000066,bridge 20,N1,23.5959441,90.6246938,5.6,A,0.09191091180474396,46889.98095238095,4309.70090384041,1,1.0,1.0
1000067,bridge 21,N1,23.5917497,90.6293327,5.5,A,0.09194793522397163,46889.98095238095,4311.436931262787,1,1.0,1.0
1000069,bridge 22,N1,23.5837497,90.6369441,5.6,A,0.09202198206242695,46889.98095238095,4314.908986107542,1,1.0,1.0
1000071,bridge 23,N1,23.5825827,90.6381386,163.5,A,0.09209493461262926,46889.98095238095,4318.329729796955,1,1.0,1.0
1000072,bridge 24,N1,23.577916,90.6419719,172.1,A,0.09213086374360388,46889.98095238095,4320.014446063991,1,1.0,1.0
1000075,bridge 25,N1,23.572166,90.6451108,29.0,A,0.09223719208552374,46889.98095238095,4325.000179991312,1,1.0,1.0
1000076,bridge 26,N1,23.5718327,90.6453052,29.77,A,0.09227257407237185,46889.98095238095,4326.659240680677,1,1.0,1.0
1000078,bridge 27,N1,23.5639167,90.6501944,34.7,A,0.09234479709707212,46889.98095238095,4330.045776933196,1,1.0,1.0
1000083,bridge 28,N1,23.5590278,90.6559444,26.3,B,0.09252079512443516,46889.98095238095,4338.298321083905,2,1.0,2.0
1000087,bridge 29,N1,23.5523333,90.6636667,29.0,A,0.09265885782569301,46889.98095238095,4344.77207851612,1,1.0,1.0
1000089,bridge 30,N1,23.5474163,90.6694438,9.1,A,0.09272816274838519,46889.98095238095,4348.021785021063,1,1.0,1.0
1000090,bridge 31,N1,23.5469441,90.6699993,5.2,A,0.09276263282835578,46889.98095238095,4349.638086414311,1,1.0,1.0
1000094,bridge 32,N1,23.536083,90.6821382,9.5,A,0.09290397839437273,46889.98095238095,4356.265777312548,1,1.0,1.0
1000098,bridge 33,N1,23.529916,90.6952219,24.5,B,0.09304842444377329,46889.98095238095,4363.038849817588,2,1.0,2.0
1000118,bridge 34,N1,23.5307493,90.7816104,3.9,C,0.09378597472631851,46889.98095238095,4397.622568517557,3,1.0,3.0
1000122,bridge 35,N1,23.5306938,90.7924441,6.5,C,0.0939409988954984,46889.98095238095,4404.89164885756,3,1.0,3.0
1000137,bridge 36,N1,23.5133056,90.8703049,28.9,C,0.09869714040593718,46889.98095238095,4627.907033688863,3,1.0,3.0
1000158,bridge 37,N1,23.4951386,90.9829993,4.5,A,0.10812169798519647,46889.98095238095,5069.824359064948,1,1.0,1.0
1000165,bridge 38,N1,23.4890552,91.0120278,23.1,C,0.11134638308551352,46889.98095238095,5221.029781996242,3,1.0,3.0
1000170,bridge 39,N1,23.481166,91.0404441,4.6,B,0.11366116750343241,46889.98095238095,5329.569979261327,2,1.0,2.0
1000172,bridge 40,N1,23.4820827,91.0504167,4.6,B,0.11458967108613216,46889.98095238095,5373.107494568336,2,1.0,2.0
1000174,bridge 41,N1,23.4815271,91.0590278,1.5,A,0.11551689799920335,46889.98095238095,5416.585146860779,1,1.0,1.0
1000177,bridge 42,N1,23.4770827,91.0789993,1.0,C,0.11691102123356927,46889.98095238095,5481.955558765468,3,1.0,3.0
1000183,bridge 43,N1,23.4789438,91.1177216,1.4,A,0.5135038818051962,46889.98095238095,24078.187236819333,1,1.0,1.0
1000191,bridge 44,N1,23.459,91.142333,22.85,C,0.49450156629125286,46889.98095238095,23187.169024319395,3,1.0,3.0
1000204,bridge 45,N1,23.4191382,91.1721938,27.35,C,0.49363616666447807,46889.98095238095,23146.590452303728,3,1.0,3.0
1000211,bridge 46,N1,23.4100278,91.2090833,27.35,C,0.4931446488574901,46889.98095238095,23123.543191696303,3,1.0,3.0
1000217,bridge 47,N1,23.3914441,91.2293049,30.4,A,0.4927091221327824,46889.98095238095,23103.121351870508,1,1.0,1.0
1000225,bridge 48,N1,23.3683327,91.2471108,22.8,C,0.49210799311911546,46889.98095238095,23074.93442386974,3,1.0,3.0
1000227,bridge 49,N1,23.3586389,91.25325,14.3,A,0.49195406323818863,46889.98095238095,23067.71665468508,1,1.0,1.0
1000238,bridge 50,N1,23.324166,91.2791104,19.2,B,0.49108136835639365,46889.98095238095,23026.796008300473,2,1.0,2.0
1000241,bridge 51,N1,23.3149444,91.2844719,3.2,A,0.4908357006435874,46889.98095238095,23015.276653926372,1,1.0,1.0
1000245,bridge 52,N1,23.30425,91.288583,13.4,A,0.4905030370146649,46889.98095238095,22999.678062702646,1,1.0,1.0
1000247,bridge 53,N1,23.296083,91.2914997,4.6,B,0.4903345166236976,46889.98095238095,22991.776144780102,2,1.0,2.0
1000250,bridge 54,N1,23.2876663,91.2936386,6.3,B,0.49007900031661406,46889.98095238095,22979.794990007933,2,1.0,2.0
1000255,bridge 55,N1,23.2677493,91.3054722,4.5,B,0.48964584454978793,46889.98095238095,22959.48432435204,2,1.0,2.0
1000259,bridge 56,N1,23.2587222,91.3074444,2.5,B,0.4892927542068088,46889.98095238095,22942.92792489528,2,1.0,2.0
1000261,bridge 57,N1,23.249833,91.3091944,2.5,A,0.4891140204588132,46889.98095238095,22934.547102856217,1,1.0,1.0
1000262,bridge 58,N1,23.248333,91.3098056,3.1,B,0.48902410644068883,46889.98095238095,22930.331036259016,2,1.0,2.0
1000266,bridge 59,N1,23.2416941,91.3123611,2.6,B,0.4886608027406814,46889.98095238095,22913.295732685736,2,1.0,2.0
1000267,bridge 60,N1,23.2344997,91.3131667,6.0,A,0.48856906490880203,46889.98095238095,22908.9941474963,1,1.0,1.0
1000270,bridge 61,N1,23.2275549,91.3135278,14.3,B,0.48829166283665776,46889.98095238095,22895.986769617306,2,1.0,2.0
1000272,bridge 62,N1,23.221416,91.3137222,6.1,A,0.4881049043081399,46889.98095238095,22887.229665772407,1,1.0,1.0
1000275,bridge 63,N1,23.2103056,91.3157222,6.1,A,0.48782203079473047,46889.98095238095,22873.965732116707,1,1.0,1.0
1000277,bridge 64,N1,23.201,91.3168049,6.1,C,0.4876316246387025,46889.98095238095,22865.03759108734,3,1.0,3.0
1000279,bridge 65,N1,23.1921108,91.3185549,9.5,B,0.48743975943167045,46889.98095238095,22856.041035184182,2,1.0,2.0
1000281,bridge 66,N1,23.1866941,91.3212493,3.1,B,0.48724643517363436,46889.98095238095,22846.976064407238,2,1.0,2.0
1000284,bridge 67,N1,23.1773604,91.3198049,9.5,A,0.48695371306594765,46889.98095238095,22833.250330353465,1,1.0,1.0
1000286,bridge 68,N1,23.1681382,91.3213604,6.3,B,0.48675674118040146,46889.98095238095,22824.01432239205,2,1.0,2.0
1000289,bridge 69,N1,23.1571667,91.3224993,3.5,B,0.4864585476314496,46889.98095238095,22810.032032561572,2,1.0,2.0
1000291,bridge 70,N1,23.1496941,91.3254993,6.1,B,0.48625792811839325,46889.98095238095,22800.624987415686,2,1.0,2.0
1000294,bridge 71,N1,23.1433886,91.326666,3.0,B,0.4859542631281762,46889.98095238095,22786.386141808503,2,1.0,2.0
1000296,bridge 72,N1,23.1374163,91.3264716,4.5,B,0.48574999598760976,46889.98095238095,22776.808059478146,2,1.0,2.0
1000298,bridge 73,N1,23.1290827,91.3287216,5.3,B,0.48554426979603926,46889.98095238095,22767.161562274,2,1.0,2.0
1000301,bridge 74,N1,23.1193049,91.3329993,6.1,A,0.48523294478805096,46889.98095238095,22752.563538579427,1,1.0,1.0
1000304,bridge 75,N1,23.1108056,91.3381386,3.1,A,0.48491833691530356,46889.98095238095,22737.811581418835,1,1.0,1.0
1000307,bridge 76,N1,23.1005833,91.3437774,3.5,A,0.484600446177797,46889.98095238095,22722.905690792213,1,1.0,1.0
1000308,bridge 77,N1,23.0961941,91.3461108,14.2,B,0.4844937530731262,46889.98095238095,22717.902853146446,2,1.0,2.0
1000310,bridge 78,N1,23.0901108,91.3494163,6.1,B,0.48427927257553144,46889.98095238095,22707.845866699572,2,1.0,2.0
1000316,bridge 79,N1,23.0732493,91.3594167,4.0,B,0.4836270767767229,46889.98095238095,22677.264418116218,2,1.0,2.0
1000321,bridge 80,N1,23.0614722,91.3616667,10.8,A,0.483073549302063,46889.98095238095,22651.309525372795,1,1.0,1.0
1000323,bridge 81,N1,23.0479441,91.3651389,1.6,A,0.4828495849729419,46889.98095238095,22640.807842246293,1,1.0,1.0
1000328,bridge 82,N1,23.029416,91.3656389,3.4,A,0.48228329080199656,46889.98095238095,22614.254319357224,1,1.0,1.0
1000335,bridge 83,N1,23.0095556,91.3813604,1.5,A,0.5085524098415908,46889.98095238095,23846.012810759625,1,1.0,1.0
1000368,bridge 84,N1,22.9046667,91.5314438,3.0,A,0.45900121393043536,46889.98095238095,21522.55817831785,1,1.0,1.0
1000376,bridge 85,N1,22.875166,91.5407219,2.0,A,0.4576034430685593,46889.98095238095,21457.01672922869,1,1.0,1.0
1000378,bridge 86,N1,22.8731382,91.5414441,1.5,A,0.45725035272558023,46889.98095238095,21440.46032977193,1,1.0,1.0
1000379,bridge 87,N1,22.868416,91.5431663,1.5,A,0.45707326040996415,46889.98095238095,21432.15647446588,1,1.0,1.0
1000381,bridge 88,N1,22.86111772310757,91.54512584501992,8.5,A,0.456717981490479,46889.98095238095,21415.497452698437,1,1.0,1.0
1000382,bridge 89,N1,22.8595833,91.5454719,3.0,A,0.45653979488660984,46889.98095238095,21407.142286237042,1,1.0,1.0
1000384,bridge 90,N1,22.856,91.5457219,3.0,A,0.4561823273906186,46889.98095238095,21390.380642158918,1,1.0,1.0
1000385,bridge 91,N1,22.8550556,91.545833,3.0,A,0.45600304649849643,46889.98095238095,21381.974164542185,1,1.0,1.0
1000387,bridge 92,N1,22.8485274,91.5463886,4.5,A,0.4556433904259991,46889.98095238095,21365.109898153376,1,1.0,1.0
1000388,bridge 93,N1,22.8484441,91.5464163,12.4,C,0.45546301524562394,46889.98095238095,21356.652109381303,3,1.0,3.0
1000401,bridge 94,N1,22.8045833,91.5591111,4.5,A,0.45308494449040454,46889.98095238095,21245.14441696565,1,1.0,1.0
1000403,bridge 95,N1,22.7934163,91.5633333,23.2,B,0.45271361600987486,46889.98095238095,21227.732831586538,2,1.0,2.0
1000408,bridge 96,N1,22.7811382,91.5696382,9.7,A,0.45177891146040794,46889.98095238095,21183.904553065928,1,1.0,1.0
1000412,bridge 97,N1,22.7693604,91.5756104,4.0,A,0.4510245820913162,46889.98095238095,21148.534063317395,1,1.0,1.0
1000415,bridge 98,N1,22.7621944,91.5811382,12.9,A,0.45045500505561176,46889.98095238095,21121.826606962302,1,1.0,1.0
1000417,bridge 99,N1,22.7526389,91.5893608,3.0,A,0.4500734632180537,46889.98095238095,21103.936117466666,1,1.0,1.0
1000418,bridge 100,N1,22.7525,91.5894719,8.1,B,0.4498821451551482,46889.98095238095,21094.96521714118,2,1.0,2.0
1000424,bridge 101,N1,22.7349163,91.5979719,3.0,A,0.4487265767599438,46889.98095238095,21040.780637100874,1,1.0,1.0
1000426,bridge 102,N1,22.7221104,91.6030833,3.0,A,0.4483384691928676,46889.98095238095,21022.582280673196,1,1.0,1.0
1000431,bridge 103,N1,22.7124167,91.6090556,19.2,A,0.4473618169270343,46889.98095238095,20976.787074531174,1,1.0,1.0
1000434,bridge 104,N1,22.706,91.6126944,4.2,A,0.4467714484145222,46889.98095238095,20949.104706224596,1,1.0,1.0
1000438,bridge 105,N1,22.6919719,91.6198604,3.2,A,0.44597918371932527,46889.98095238095,20911.955429757567,1,1.0,1.0
1000440,bridge 106,N1,22.689583,91.6208327,6.0,A,0.44558086279522074,46889.98095238095,20893.278169213372,1,1.0,1.0
1000443,bridge 107,N1,22.6769438,91.6268327,3.0,A,0.4449806456884313,46889.98095238095,20865.134000508722,1,1.0,1.0
1000444,bridge 108,N1,22.6751382,91.6274438,3.0,A,0.4447798437939995,46889.98095238095,20855.71840350361,1,1.0,1.0
1000446,bridge 109,N1,22.6733049,91.6280827,3.0,A,0.4443771457168828,46889.98095238095,20836.83589833805,1,1.0,1.0
1000450,bridge 110,N1,22.6638333,91.6321382,3.1,A,0.44356737240963734,46889.98095238095,20798.865643385565,1,1.0,1.0
1000451,bridge 111,N1,22.6596667,91.6347219,4.6,A,0.4433640171759484,46889.98095238095,20789.330320351324,1,1.0,1.0
1000456,bridge 112,N1,22.6489997,91.6411108,3.0,A,0.4423417695662387,46889.98095238095,20741.39714940342,1,1.0,1.0
1000457,bridge 113,N1,22.6452774,91.6430552,3.0,A,0.4421362257560438,46889.98095238095,20731.759204058497,1,1.0,1.0
1000459,bridge 114,N1,22.6338608,91.6494719,3.0,A,0.44172404384740077,46889.98095238095,20712.43200221331,1,1.0,1.0
1000461,bridge 115,N1,22.6320271,91.6503889,3.0,A,0.44131040288775375,46889.98095238095,20693.03638549434,1,1.0,1.0
1000462,bridge 116,N1,22.625916,91.6541389,3.0,A,0.44110303526380373,46889.98095238095,20683.31292155718,1,1.0,1.0
1000464,bridge 117,N1,22.6234716,91.6553056,4.6,A,0.44068720572765063,46889.98095238095,20663.814682527525,1,1.0,1.0
1000470,bridge 118,N1,22.6168604,91.6588611,3.0,A,0.43943096281316707,46889.98095238095,20604.909476195826,1,1.0,1.0
1000473,bridge 119,N1,22.6088889,91.6641111,2.95,A,0.4387979170587866,46889.98095238095,20575.225972830944,1,1.0,1.0
1000475,bridge 120,N1,22.601,91.6692771,4.5,A,0.43837406274211127,46889.98095238095,20555.35145199545,1,1.0,1.0
1000480,bridge 121,N1,22.5907497,91.6754716,22.25,C,0.4373080436022802,46889.98095238095,20505.365834833898,3,1.0,3.0
1000482,bridge 122,N1,22.5836663,91.6784716,10.2,A,0.4368790826070907,46889.98095238095,20485.251861940145,1,1.0,1.0
1000487,bridge 123,N1,22.5731938,91.6830827,3.0,A,0.4358002967709742,46889.98095238095,20434.66761463295,1,1.0,1.0
1000488,bridge 124,N1,22.5730549,91.6831938,8.2,A,0.4355834453154979,46889.98095238095,20424.499454016168,1,1.0,1.0
1000490,bridge 125,N1,22.5664722,91.6851663,4.1,A,0.4351486481162922,46889.98095238095,20404.111821627263,1,1.0,1.0
1000496,bridge 126,N1,22.5503056,91.6902774,3.0,A,0.4338355022126508,46889.98095238095,20342.538435217823,1,1.0,1.0
1000497,bridge 127,N1,22.5501667,91.6903886,5.2,A,0.4336153678924154,46889.98095238095,20332.216341135016,1,1.0,1.0
1000499,bridge 128,N1,22.5428608,91.6950274,8.2,A,0.4331740049636915,46889.98095238095,20311.52084181407,1,1.0,1.0
1000501,bridge 129,N1,22.5347774,91.698333,3.0,A,0.43273118298396357,46889.98095238095,20290.756927619328,1,1.0,1.0
1000506,bridge 130,N1,22.5165556,91.7065833,27.0,C,0.431617744686501,46889.98095238095,20238.547827059658,3,1.0,3.0
1000512,bridge 131,N1,22.5094444,91.7096389,4.5,A,0.43026958155876255,46889.98095238095,20175.3324836793,1,1.0,1.0
1000513,bridge 132,N1,22.5093611,91.7096944,17.6,A,0.43004361103451094,46889.98095238095,20164.73673010134,1,1.0,1.0
1000518,bridge 133,N1,22.4969163,91.7155556,3.0,B,0.4289082869719877,46889.98095238095,20111.501406434847,2,1.0,2.0
1000521,bridge 134,N1,22.4869441,91.7192771,4.5,A,0.4282227153814616,46889.98095238095,20079.354967613584,1,1.0,1.0
1000523,bridge 135,N1,22.48280706570156,91.72005100244988,6.0,A,0.42776384384068916,46889.98095238095,20057.838489807174,1,1.0,1.0
1000530,bridge 136,N1,22.4588333,91.7303604,3.0,A,0.4261463034213287,46889.98095238095,19981.992050353656,1,1.0,1.0
1000534,bridge 137,N1,22.4424997,91.7366663,3.0,A,0.42521396982974335,46889.98095238095,19938.274946002955,1,1.0,1.0
1000535,bridge 138,N1,22.4422219,91.7367497,40.0,A,0.4249799745249695,46889.98095238095,19927.30291061916,1,1.0,1.0
1000545,bridge 139,N1,22.4101111,91.7544444,5.0,A,0.4226199595259251,46889.98095238095,19816.64185226664,1,1.0,1.0
1000549,bridge 140,N1,22.3996108,91.7573333,3.0,A,0.4216657401692791,46889.98095238095,19771.898524809112,1,1.0,1.0
1000550,bridge 141,N1,22.3988608,91.7576667,18.0,A,0.42142627342324007,46889.98095238095,19760.669933648613,1,1.0,1.0
1000553,bridge 142,N1,22.3937774,91.7588056,3.0,A,0.42070568460861685,46889.98095238095,19726.881537856432,1,1.0,1.0
1000558,bridge 143,N1,22.3815271,91.7652222,8.3,A,0.4194974079958913,46889.98095238095,19670.225470500525,1,1.0,1.0
1000560,bridge 144,N1,22.3764716,91.770416,3.0,A,0.419011544011544,46889.98095238095,19647.443317529032,1,1.0,1.0
1000565,bridge 145,N1,22.3644444,91.8511111,5.7,B,0.41779050070253304,46889.98095238095,19590.188620027475,2,1.0,2.0
1000567,bridge 146,N1,22.3632778,91.8514722,1.5,A,0.35730535894843274,46889.98095238095,16754.04147527565,1,1.0,1.0
1000569,bridge 147,N1,22.3555,91.8530833,3.0,A,0.3566589993536404,46889.98095238095,16723.73368618745,1,1.0,1.0
1000570,bridge 148,N1,22.3553889,91.8530556,3.0,A,0.3563352724121177,46889.98095238095,16708.55413606568,1,1.0,1.0
1000572,bridge 149,N1,22.3427219,91.8531389,116.5,C,0.35568672424081926,46889.98095238095,16678.143724666792,3,1.0,3.0
1000575,bridge 150,N1,22.338362487628867,91.853695585567,3.0,B,0.35471116626323906,46889.98095238095,16632.399829680115,2,1.0,2.0
1000580,bridge 151,N1,22.3297493,91.8521111,3.1,B,0.35307794104558515,46889.98095238095,16555.817930333375,2,1.0,2.0
1000582,bridge 152,N1,22.3212771,91.8536111,3.0,A,0.35242209761926646,46889.98095238095,16525.065444565545,1,1.0,1.0
1000586,bridge 153,N1,22.3108333,91.8570278,10.8,B,0.35110603361361703,46889.98095238095,16463.35522840853,2,1.0,2.0
1000590,bridge 154,N1,22.3043056,91.8621667,3.0,A,0.3497841334039514,46889.98095238095,16401.37135275636,1,1.0,1.0
1000593,bridge 155,N1,22.2950274,91.8671938,5.3,A,0.34878887823781657,46889.98095238095,16354.703856973538,1,1.0,1.0
1000600,bridge 156,N1,22.2951108,91.8781104,3.0,A,0.3464538494872165,46889.98095238095,16245.214403334641,1,1.0,1.0
1000605,bridge 157,N1,22.3015833,91.897333,50.8,C,0.3447750289256862,46889.98095238095,16166.494539182017,3,1.0,3.0
1000612,bridge 158,N1,22.3124722,91.9188327,12.4,A,0.34240936010400114,46889.98095238095,16055.568373193564,1,1.0,1.0
1000616,bridge 159,N1,22.3137778,91.9322216,60.5,C,0.34104952456823034,46889.98095238095,15991.8057108229,3,1.0,3.0
1000622,bridge 160,N1,22.3010278,91.9641667,9.2,A,0.33899882838204376,46889.98095238095,15895.648605713492,1,1.0,1.0
1000623,bridge 161,N1,22.3009444,91.9646667,6.0,A,0.33865576901471744,46889.98095238095,15879.562558514024,1,1.0,1.0
1000626,bridge 162,N1,22.2956941,91.9787493,9.4,A,0.3376244023362325,46889.98095238095,15831.201794604944,1,1.0,1.0
1000629,bridge 163,N1,22.2933608,91.9821104,14.0,A,0.33658975279298836,46889.98095238095,15782.687097229838,1,1.0,1.0
1000630,bridge 164,N1,22.292083,91.9822493,14.0,A,0.336244140086405,46889.98095238095,15766.481324001245,1,1.0,1.0
1000633,bridge 165,N1,22.286583,91.9911108,12.6,B,0.3352051133901488,46889.98095238095,15717.761382004775,2,1.0,2.0
1000635,bridge 166,N1,22.2862497,91.9916941,9.4,B,0.3345106051122229,46889.98095238095,15685.19590208156,2,1.0,2.0
1000637,bridge 167,N1,22.2820549,91.9986663,14.0,A,0.333814637783293,46889.98095238095,15652.562007284556,1,1.0,1.0
1000639,bridge 168,N1,22.2745827,92.0053056,9.2,A,0.33311721140335904,46889.98095238095,15619.859697613765,1,1.0,1.0
1000642,bridge 169,N1,22.2622222,92.0070556,50.8,D,0.3320683361128255,46889.98095238095,15570.677955219224,4,1.0,4.0
1000644,bridge 170,N1,22.2600833,92.0075556,9.2,B,0.3313672621053814,46889.98095238095,15537.804608363962,2,1.0,2.0
1000654,bridge 171,N1,22.2327771,92.0245549,12.3,B,0.32784000630310034,46889.98095238095,15372.411650980826,2,1.0,2.0
1000665,bridge 172,N1,22.2084444,92.0356663,211.3,C,0.32391789482284933,46889.98095238095,15188.503918378741,3,1.0,3.0
1000674,bridge 173,N1,22.1750827,92.0528611,28.0,A,0.3206760658732347,46889.98095238095,15036.494620680436,1,1.0,1.0
1000679,bridge 174,N1,22.1580556,92.0686104,7.2,A,0.31886228309383013,46889.98095238095,14951.446380702399,1,1.0,1.0
1000681,bridge 175,N1,22.1509722,92.0696938,11.2,A,0.31813421664281116,46889.98095238095,14917.30735868205,1,1.0,1.0
1000685,bridge 176,N1,22.1379163,92.0698882,12.6,A,0.3166737065877612,46889.98095238095,14848.824070019997,1,1.0,1.0
1000693,bridge 177,N1,22.123666,92.0716382,30.3,B,0.31373517786561267,46889.98095238095,14711.036514210427,2,1.0,2.0
1000696,bridge 178,N1,22.1133056,92.0726938,2.5,A,0.31262721100941526,46889.98095238095,14659.083969427462,1,1.0,1.0
1000698,bridge 179,N1,22.1021667,92.0740549,12.6,A,0.31188674262486193,46889.98095238095,14624.363420979917,1,1.0,1.0
1000700,bridge 180,N1,22.0977497,92.0750271,6.0,A,0.3111448151893046,46889.98095238095,14589.574457658584,1,1.0,1.0
1000702,bridge 181,N1,22.0942219,92.0798604,13.64,A,0.3104014287027432,46889.98095238095,14554.717079463462,1,1.0,1.0
1000705,bridge 182,N1,22.0844441,92.0924997,2.0,A,0.30928361325226844,46889.98095238095,14502.302734282424,1,1.0,1.0
1000709,bridge 183,N1,22.0699438,92.1038333,3.0,A,0.30778808597312135,46889.98095238095,14432.177488649451,1,1.0,1.0
1000712,bridge 184,N1,22.0641667,92.107,12.6,A,0.3066626105048754,46889.98095238095,14379.403965381027,1,1.0,1.0
1000714,bridge 185,N1,22.0605556,92.1078056,6.2,A,0.30591046971228975,46889.98095238095,14344.136097943176,1,1.0,1.0
1000716,bridge 186,N1,22.0568611,92.1090833,3.0,A,0.3051568698687,46889.98095238095,14308.799815631535,1,1.0,1.0
1000717,bridge 187,N1,22.0522778,92.1091111,12.4,A,0.3047795228027786,46889.98095238095,14291.106018898045,1,1.0,1.0
1000719,bridge 188,N1,22.0486386,92.1082222,14.2,A,0.3040237343826828,46889.98095238095,14255.667114275724,1,1.0,1.0
1000720,bridge 189,N1,22.0449719,92.1078333,22.0,B,0.3036452930285084,46889.98095238095,14237.922006386892,2,1.0,2.0
1000723,bridge 190,N1,22.0379163,92.104,22.4,B,0.30250778038947906,46889.98095238095,14184.584060409714,2,1.0,2.0
1000725,bridge 191,N1,22.0320827,92.1041667,2.5,A,0.30174761481637113,46889.98095238095,14148.939911166028,1,1.0,1.0
1000730,bridge 192,N1,22.0205549,92.1015,22.4,A,0.2998408175354586,46889.98095238095,14059.530222983987,1,1.0,1.0
1000732,bridge 193,N1,22.0077222,92.0927497,3.0,A,0.2990755452838365,46889.98095238095,14023.64662168204,1,1.0,1.0
1000734,bridge 194,N1,22.0039167,92.0904163,1.4,A,0.29830881398121034,46889.98095238095,13987.694605506305,1,1.0,1.0
1000737,bridge 195,N1,21.9951108,92.0873608,4.5,A,0.29715598130663856,46889.98095238095,13933.638303354353,1,1.0,1.0
1000738,bridge 196,N1,21.9950552,92.0872774,9.3,A,0.2967709742229459,46889.98095238095,13915.585328533472,1,1.0,1.0
1000742,bridge 197,N1,21.9893886,92.085333,4.5,A,0.2952272982606653,46889.98095238095,13843.202392065486,1,1.0,1.0
1000743,bridge 198,N1,21.9862219,92.0835274,4.7,A,0.2948404673632176,46889.98095238095,13825.063898652372,1,1.0,1.0
1000746,bridge 199,N1,21.9811104,92.0800271,2.0,A,0.2936777860943685,46889.98095238095,13770.545796102348,1,1.0,1.0
1000747,bridge 200,N1,21.9810549,92.0799438,3.0,A,0.29328949614591676,46889.98095238095,13752.338887815444,1,1.0,1.0
1000756,bridge 201,N1,21.9618611,92.0634444,13.64,A,0.2897784722860557,46889.98095238095,13587.707045903204,1,1.0,1.0
1000759,bridge 202,N1,21.9569167,92.0673327,9.3,A,0.28860156526991715,46889.98095238095,13532.521898333744,1,1.0,1.0
1000763,bridge 203,N1,21.9446663,92.0668049,3.0,A,0.28702724923655154,46889.98095238095,13458.702249516202,1,1.0,1.0
1000765,bridge 204,N1,21.9354441,92.0623056,3.0,A,0.2862379026433627,46889.98095238095,13421.689802796749,1,1.0,1.0
1000768,bridge 205,N1,21.931666,92.0603611,56.2,C,0.2850511470329468,46889.98095238095,13366.042854829218,3,1.0,3.0
1000771,bridge 206,N1,21.9177216,92.0597778,14.3,A,0.28386110855777186,46889.98095238095,13310.241973395665,1,1.0,1.0
1000772,bridge 207,N1,21.9160833,92.0601389,2.1,A,0.28346369954054484,46889.98095238095,13291.607472147585,1,1.0,1.0
1000774,bridge 208,N1,21.9128611,92.0606667,4.5,A,0.28266778721783775,46889.98095238095,13254.287158496085,1,1.0,1.0
1000775,bridge 209,N1,21.9083889,92.0605278,3.0,A,0.2822692839123577,46889.98095238095,13235.601346092664,1,1.0,1.0
1000777,bridge 210,N1,21.9031667,92.0611667,15.8,A,0.2814711830131446,46889.98095238095,13198.178410130484,1,1.0,1.0
1000779,bridge 211,N1,21.89646793301105,92.06108684571824,7.3,A,0.2806716230629274,46889.98095238095,13160.687059294512,1,1.0,1.0
1000780,bridge 212,N1,21.8908886,92.0596667,45.0,C,0.2802712959436923,46889.98095238095,13141.915728298858,3,1.0,3.0
1000782,bridge 213,N1,21.8810271,92.0589722,14.0,A,0.27946954741696906,46889.98095238095,13104.321755152205,1,1.0,1.0
1000788,bridge 214,N1,21.8597222,92.0602778,20.6,A,0.27705554753077505,46889.98095238095,12991.129346469517,1,1.0,1.0
1000791,bridge 215,N1,21.8526111,92.0609722,14.2,B,0.27584362329053935,46889.98095238095,12934.302241929137,2,1.0,2.0
1000794,bridge 216,N1,21.842583,92.0638611,15.7,A,0.2746284161855446,46889.98095238095,12877.321203922736,1,1.0,1.0
1000797,bridge 217,N1,21.8336663,92.0684438,294.15,D,0.27340992621579074,46889.98095238095,12820.186232450309,4,1.0,4.0
1000806,bridge 218,N1,21.8045278,92.077166,9.3,B,0.2697347591179745,46889.98095238095,12647.85771723689,2,1.0,2.0
1000811,bridge 219,N1,21.7873886,92.0788882,12.6,A,0.2676802329229023,46889.98095238095,12551.521023083784,1,1.0,1.0
1000816,bridge 220,N1,21.7776382,92.0843886,12.8,A,0.26561658765905477,46889.98095238095,12454.756735969504,1,1.0,1.0
1000821,bridge 221,N1,21.7711938,92.0816382,9.3,A,0.263543823326432,46889.98095238095,12357.564855894048,1,1.0,1.0
1000828,bridge 222,N1,21.7392497,92.0828604,58.57,C,0.2606266332252177,46889.98095238095,12220.777867613633,3,1.0,3.0
1000830,bridge 223,N1,21.7376386,92.0834719,3.5,A,0.2597898674743973,46889.98095238095,12181.541937496062,1,1.0,1.0
1000835,bridge 224,N1,21.7229438,92.0834719,54.03,C,0.2576915697492037,46889.98095238095,12083.152797129309,3,1.0,3.0
1000838,bridge 225,N1,21.7169438,92.0824993,60.03,C,0.25642821396107546,46889.98095238095,12023.914068287895,3,1.0,3.0
1000846,bridge 226,N1,21.6747493,92.0766104,7.0,A,0.25304321563168886,46889.98095238095,11865.191561099116,1,1.0,1.0
1000847,bridge 227,N1,21.6742216,92.0765549,5.2,A,0.25261844940813594,46889.98095238095,11845.274280967506,1,1.0,1.0
1000850,bridge 228,N1,21.6688327,92.0759438,9.3,A,0.25134196216097127,46889.98095238095,11785.419818261997,1,1.0,1.0
1000851,bridge 229,N1,21.6618889,92.074916,14.0,A,0.25091573688641433,46889.98095238095,11765.434123256598,1,1.0,1.0
1000853,bridge 230,N1,21.6590556,92.0751382,1.4,A,0.25006219204904745,46889.98095238095,11725.411422090463,1,1.0,1.0
1000854,bridge 231,N1,21.653,92.0751382,4.5,C,0.2496348724862375,46889.98095238095,11705.374415929724,3,1.0,3.0
1000856,bridge 232,N1,21.6497219,92.0733049,2.5,A,0.24877913907236454,46889.98095238095,11665.249092452905,1,1.0,1.0
1000863,bridge 233,N1,21.6213604,92.0724438,4.8,A,0.24577258209715236,46889.98095238095,11524.271693152958,1,1.0,1.0
1000865,bridge 234,N1,21.617166,92.0679993,46.0,A,0.24491028295376122,46889.98095238095,11483.838502744093,1,1.0,1.0
1000875,bridge 235,N1,21.59379884019608,92.06161870980392,14.0,A,0.24057690147174474,46889.98095238095,11280.64632759294,1,1.0,1.0
1000878,bridge 236,N1,21.5861941,92.0650278,3.0,A,0.2392697741534951,46889.98095238095,11219.355152537877,1,1.0,1.0
1000879,bridge 237,N1,21.584833,92.0652222,2.5,A,0.23883333552190983,46889.98095238095,11198.89055341596,1,1.0,1.0
1000881,bridge 238,N1,21.5769993,92.0697216,7.5,A,0.2379593639704863,46889.98095238095,11157.91004401679,1,1.0,1.0
1000883,bridge 239,N1,21.564,92.0702493,14.0,A,0.23708393336805875,46889.98095238095,11116.86111974383,1,1.0,1.0
1000895,bridge 240,N1,21.5283049,92.0650833,14.0,B,0.23180070968240837,46889.98095238095,10869.130861756516,2,1.0,2.0
1000904,bridge 241,N1,21.5083889,92.0717493,9.2,A,0.2278038218382,46889.98095238095,10681.716866872783,1,1.0,1.0
1000907,bridge 242,N1,21.4974719,92.0765549,1.5,A,0.22646496016061232,46889.98095238095,10618.937668312823,1,1.0,1.0
1000909,bridge 243,N1,21.4964441,92.077166,3.0,A,0.22557056189513217,46889.98095238095,10576.999350680617,1,1.0,1.0
1000912,bridge 244,N1,21.4851386,92.091333,8.2,A,0.22422622877627935,46889.98095238095,10513.963596343952,1,1.0,1.0
1000914,bridge 245,N1,21.4767771,92.0957497,12.4,A,0.22332818288328904,46889.98095238095,10471.854241527273,1,1.0,1.0
1000917,bridge 246,N1,21.4712216,92.0998886,2.0,A,0.22197837832317105,46889.98095238095,10408.561931413904,1,1.0,1.0
1000918,bridge 247,N1,21.4708049,92.1002222,6.8,A,0.22152771394429635,46889.98095238095,10387.430287272553,1,1.0,1.0
1000922,bridge 248,N1,21.4545,92.10075,13.0,A,0.21972140880128746,46889.98095238095,10302.732673522678,1,1.0,1.0
1000925,bridge 249,N1,21.4494719,92.0995274,9.2,A,0.21836284993514518,46889.98095238095,10239.029874166577,1,1.0,1.0
1000930,bridge 250,N1,21.4375552,92.0984997,136.3,C,0.21609128990322116,46889.98095238095,10132.51646753747,3,1.0,3.0
1000933,bridge 251,N1,21.4310271,92.0961941,4.5,C,0.2147239767310546,46889.98095238095,10068.40317893864,3,1.0,3.0
1000934,bridge 252,N1,21.4290271,92.0954997,11.3,C,0.21426747614816372,46889.98095238095,10046.997875302137,3,1.0,3.0
1000938,bridge 253,N1,21.427916,92.0896108,2.4,C,0.2124378261890901,46889.98095238095,9961.20562357165,3,1.0,3.0
1000939,bridge 254,N1,21.4278882,92.0893886,7.2,B,0.21197950179244415,46889.98095238095,9939.71480134291,2,1.0,2.0
1000940,bridge 255,N1,21.4271104,92.084083,8.1,C,0.2115208126330472,46889.98095238095,9918.206875395723,3,1.0,3.0
1000942,bridge 256,N1,21.4267771,92.0804716,10.9,A,0.21060234002600028,46889.98095238095,9875.13971234601,1,1.0,1.0
1000945,bridge 257,N1,21.427416,92.0707216,2.2,B,0.20922189539479732,46889.98095238095,9810.410689883087,2,1.0,2.0
1000947,bridge 258,N1,21.4270827,92.0632778,3.0,A,0.20829977516024029,46889.98095238095,9767.172489648901,1,1.0,1.0
1000948,bridge 259,N1,21.4273327,92.0608333,2.8,A,0.20783816789883525,46889.98095238095,9745.527733954139,1,1.0,1.0
1000949,bridge 260,N1,21.4278882,92.0576667,10.0,D,0.2073761958746792,46889.98095238095,9723.86587454093,4,1.0,4.0
1000952,bridge 261,N1,21.4280549,92.0529444,1.6,A,0.20598809122570497,46889.98095238095,9658.777673990617,1,1.0,1.0
1000953,bridge 262,N1,21.4274993,92.0484441,3.6,A,0.20552466015054488,46889.98095238095,9637.047399703619,1,1.0,1.0
1000954,bridge 263,N1,21.4275271,92.0483886,8.0,C,0.2050608643126338,46889.98095238095,9615.300021698173,3,1.0,3.0
1000956,bridge 264,N1,21.4295549,92.044083,8.3,A,0.20413217834855854,46889.98095238095,9571.753954531941,1,1.0,1.0
1000957,bridge 265,N1,21.4298049,92.0392774,22.0,C,0.20366728822239438,46889.98095238095,9549.955265371154,3,1.0,3.0
1000959,bridge 266,N1,21.4289716,92.0348608,2.7,C,0.20273641368181308,46889.98095238095,9506.306575894241,3,1.0,3.0
1000960,bridge 267,N1,21.4294438,92.0316104,2.7,B,0.2022704292673959,46889.98095238095,9484.456575578113,2,1.0,2.0
1000961,bridge 268,N1,21.4300827,92.0304716,2.9,C,0.2018040800902277,46889.98095238095,9462.589471543537,3,1.0,3.0
1000962,bridge 269,N1,21.430416,92.0293049,1.8,C,0.2013373661503085,46889.98095238095,9440.705263790516,3,1.0,3.0
1000964,bridge 270,N1,21.4298882,92.0279716,0.8,A,0.20040284398221708,46889.98095238095,9396.88553712913,1,1.0,1.0
1000965,bridge 271,N1,21.4262493,92.0235827,1.5,B,0.19993503575404487,46889.98095238095,9374.950018220768,2,1.0,2.0
1000966,bridge 272,N1,21.4258604,92.023166,1.5,A,0.19946686276312162,46889.98095238095,9352.997395593959,1,1.0,1.0
1000968,bridge 273,N1,21.4225549,92.0274438,1.3,A,0.19852942249302208,46889.98095238095,9309.040839184996,1,1.0,1.0
1000969,bridge 274,N1,21.4220827,92.0278604,1.3,A,0.19806015521384582,46889.98095238095,9287.036905402845,1,1.0,1.0
1000971,bridge 275,N1,21.4191104,92.032416,1.3,A,0.19712052636724023,46889.98095238095,9242.977726683202,1,1.0,1.0
1000972,bridge 276,N1,21.4165,92.0353052,1.3,B,0.1966501647998109,46889.98095238095,9220.922481745709,2,1.0,2.0
1000973,bridge 277,N1,21.4156389,92.0367219,7.1,C,0.1961794384696306,46889.98095238095,9198.850133089769,3,1.0,3.0
1000975,bridge 278,N1,21.4135833,92.0393886,2.5,A,0.1952368915210169,46889.98095238095,9154.654124622548,1,1.0,1.0
1000976,bridge 279,N1,21.4120556,92.039583,1.3,A,0.19476507090258355,46889.98095238095,9132.530464811269,1,1.0,1.0
1000977,bridge 280,N1,21.4115,92.0438052,2.2,C,0.19429288552139917,46889.98095238095,9110.38970128154,3,1.0,3.0
1000978,bridge 281,N1,21.4111667,92.0441108,4.0,A,0.1938203353774638,46889.98095238095,9088.231834033366,1,1.0,1.0
1000981,bridge 282,N1,21.41025,92.0480552,21.5,C,0.19240049636915157,46889.98095238095,9021.655609978157,3,1.0,3.0
1000983,bridge 283,N1,21.4094167,92.0531944,11.3,C,0.1914521132165217,46889.98095238095,8977.185942015783,3,1.0,3.0
1000985,bridge 284,N1,21.4079722,92.056,14.1,A,0.1905022710128878,46889.98095238095,8932.647859179624,1,1.0,1.0
1000987,bridge 285,N1,21.4058611,92.0594167,2.3,B,0.18955096975824984,46889.98095238095,8888.041361469674,2,1.0,2.0
1000989,bridge 286,N1,21.4039167,92.0628333,24.1,C,0.18859820945260783,46889.98095238095,8843.366448885934,3,1.0,3.0
1000995,bridge 287,N1,21.393333,92.068166,45.6,C,0.18573117422965754,46889.98095238095,8708.93122189199,3,1.0,3.0
1000997,bridge 288,N1,21.3889441,92.0688049,5.0,C,0.18477257771999936,46889.98095238095,8663.982649813099,3,1.0,3.0
1000999,bridge 289,N1,21.3873052,92.0697771,11.2,D,0.18381252215933713,46889.98095238095,8618.96566286042,4,1.0,4.0
1001001,bridge 290,N1,21.384583,92.0704993,1.3,B,0.18285100754767084,46889.98095238095,8573.880261033952,2,1.0,2.0
1001003,bridge 291,N1,21.3826938,92.0710271,49.3,C,0.18188803388500052,46889.98095238095,8528.726444333695,3,1.0,3.0
1001007,bridge 292,N1,21.378916,92.0703327,2.4,B,0.17995770940664774,46889.98095238095,8438.213566311819,2,1.0,2.0
1001016,bridge 293,N1,21.3736938,92.0768327,2.3,C,0.17559314070941978,46889.98095238095,8233.559023233442,3,1.0,3.0
1001017,bridge 294,N1,21.3731938,92.0773327,61.3,D,0.17510636481819494,46889.98095238095,8210.734110965832,4,1.0,4.0
1001028,bridge 295,N1,21.3571944,92.0791104,14.1,A,0.16972775567315507,46889.98095238095,7958.531230604609,1,1.0,1.0
1001029,bridge 296,N1,21.3563333,92.0790827,11.0,B,0.1692366026289181,46889.98095238095,7935.5010737156335,2,1.0,2.0
1001031,bridge 297,N1,21.3526667,92.0783327,10.3,A,0.16825320225219112,46889.98095238095,7889.389448782342,1,1.0,1.0
1001037,bridge 298,N1,21.3381941,92.078916,14.0,A,0.16529424681598595,46889.98095238095,7750.644084739737,1,1.0,1.0
1001038,bridge 299,N1,21.3324716,92.0790827,23.5,A,0.16479981090698986,46889.98095238095,7727.459994384737,1,1.0,1.0
1001040,bridge 300,N1,21.3297771,92.0787771,50.6,C,0.1638098448007447,46889.98095238095,7681.0405025193995,3,1.0,3.0
1001043,bridge 301,N1,21.3241104,92.085333,6.6,C,0.16232215992074436,46889.98095238095,7611.282986833038,3,1.0,3.0
1001044,bridge 302,N1,21.3238049,92.0857219,2.4,A,0.16182553543524222,46889.98095238095,7587.996274167357,1,1.0,1.0
1001045,bridge 303,N1,21.3207493,92.0893052,17.0,A,0.16132854618698905,46889.98095238095,7564.692457783228,1,1.0,1.0
1001047,bridge 304,N1,21.3179438,92.0921663,2.4,A,0.16033347340222973,46889.98095238095,7518.03351385963,1,1.0,1.0
1001048,bridge 305,N1,21.3177771,92.0922497,11.1,C,0.15983538986572354,46889.98095238095,7494.678386320161,3,1.0,3.0
1001050,bridge 306,N1,21.3125,92.096333,8.5,C,0.15883812850445814,46889.98095238095,7447.91682008588,3,1.0,3.0
1001053,bridge 307,N1,21.3101667,92.0974997,2.4,C,0.15733950074192743,46889.98095238095,7377.646192846106,3,1.0,3.0
1001054,bridge 308,N1,21.3039722,92.0967497,20.7,B,0.1568392286289152,46889.98095238095,7354.188442995955,2,1.0,2.0
1001067,bridge 309,N1,21.2694716,92.1066667,2.2,B,0.15030249774941382,46889.98095238095,7047.6812565652945,2,1.0,2.0
1001068,bridge 310,N1,21.2678604,92.1088333,10.9,C,0.14979711895788742,46889.98095238095,7023.984054656885,3,1.0,3.0
1001070,bridge 311,N1,21.2646111,92.1134444,2.1,C,0.14878526708658155,46889.98095238095,6976.538339684721,3,1.0,3.0
1001072,bridge 312,N1,21.2639722,92.1141944,2.0,A,0.14777195616427163,46889.98095238095,6929.02420983877,1,1.0,1.0
1001073,bridge 313,N1,21.2637222,92.1144722,1.8,A,0.14726475355899016,46889.98095238095,6905.241489338124,1,1.0,1.0
1001074,bridge 314,N1,21.2623611,92.1161667,2.2,A,0.14675718619095768,46889.98095238095,6881.44166511903,1,1.0,1.0
1001077,bridge 315,N1,21.2565556,92.122916,6.4,A,0.14523229551035416,46889.98095238095,6809.939570151068,1,1.0,1.0
1001078,bridge 316,N1,21.2565,92.1229716,2.2,A,0.14472326909131764,46889.98095238095,6786.071331058187,1,1.0,1.0
1001082,bridge 317,N1,21.2521111,92.1287493,3.1,A,0.1426835157876614,46889.98095238095,6690.427337502189,1,1.0,1.0
1001083,bridge 318,N1,21.2504722,92.1307493,38.7,C,0.1421726655548698,46889.98095238095,6666.473579817072,3,1.0,3.0
1001085,bridge 319,N1,21.248083,92.1341108,3.0,A,0.14114987080103358,46889.98095238095,6618.514753291497,1,1.0,1.0
1001088,bridge 320,N1,21.2447497,92.1389441,9.4,B,0.13961294294964668,46889.98095238095,6546.448235614782,2,1.0,2.0
1001089,bridge 321,N1,21.242333,92.1413608,15.4,D,0.13909990414034903,46889.98095238095,6522.391855618983,4,1.0,4.0
1001095,bridge 322,N1,21.2261382,92.1611667,3.0,C,0.13601401126679186,46889.98095238095,6377.694397556798,3,1.0,3.0
1001096,bridge 323,N1,21.2243327,92.1614444,4.6,A,0.13549841911823712,46889.98095238095,6353.51829153187,1,1.0,1.0
1001098,bridge 324,N1,21.2165556,92.1626944,9.4,C,0.13446614053287462,46889.98095238095,6305.114768326671,3,1.0,3.0
1001099,bridge 325,N1,21.2152778,92.1649722,15.2,C,0.13394945409606684,46889.98095238095,6280.887351146401,3,1.0,3.0
1001102,bridge 326,N1,21.2127222,92.1678882,58.0,C,0.13239720620913745,46889.98095238095,6208.102477294908,3,1.0,3.0
1001104,bridge 327,N1,21.2096944,92.168416,3.3,B,0.1313605504707628,46889.98095238095,6159.493709468345,2,1.0,2.0
1001106,bridge 328,N1,21.2011389,92.170416,15.4,C,0.1303224356813841,46889.98095238095,6110.816526767992,3,1.0,3.0
1001108,bridge 329,N1,21.1977219,92.1705549,3.3,A,0.12928286184100138,46889.98095238095,6062.070929193853,1,1.0,1.0
1001110,bridge 330,N1,21.1965552,92.1708604,12.3,D,0.12824182894961458,46889.98095238095,6013.256916745924,4,1.0,4.0
1001112,bridge 331,N1,21.1923052,92.1695271,1.2,C,0.12719933700722377,46889.98095238095,5964.374489424208,3,1.0,3.0
1001113,bridge 332,N1,21.1906108,92.167916,15.2,C,0.12667754389190183,46889.98095238095,5939.907620185679,3,1.0,3.0
1001115,bridge 333,N1,21.1866386,92.1638056,1.3,C,0.12563286337300494,46889.98095238095,5890.922570553281,3,1.0,3.0
1001116,bridge 334,N1,21.1859441,92.1610833,3.3,A,0.12510997596942997,46889.98095238095,5866.40439015941,1,1.0,1.0
1001117,bridge 335,N1,21.185833,92.1609167,4.7,B,0.12458672380310398,46889.98095238095,5841.869106047093,2,1.0,2.0
1001119,bridge 336,N1,21.178666,92.1574722,1.2,C,0.12353912518219899,46889.98095238095,5792.747226667117,3,1.0,3.0
1001121,bridge 337,N1,21.1742771,92.1557222,6.4,D,0.12249006751028996,46889.98095238095,5743.556932413353,4,1.0,4.0
1001122,bridge 338,N1,21.1718327,92.1551389,3.35,A,0.12196499153020893,46889.98095238095,5718.936129708801,1,1.0,1.0
1001123,bridge 339,N1,21.1698049,92.1545833,13.0,C,0.12143955078737688,46889.98095238095,5694.298223285801,3,1.0,3.0
1001125,bridge 340,N1,21.168416,92.1532778,3.2,A,0.12038757501345974,46889.98095238095,5644.97109928446,1,1.0,1.0
1001127,bridge 341,N1,21.1673327,92.1524167,3.4,A,0.11933414018853856,46889.98095238095,5595.575560409332,1,1.0,1.0
1001128,bridge 342,N1,21.1652222,92.1521667,2.8,A,0.11880687563195147,46889.98095238095,5570.852135394097,1,1.0,1.0
1001129,bridge 343,N1,21.1649444,92.1521944,12.8,D,0.11827924631261336,46889.98095238095,5546.111606660415,4,1.0,4.0
1001131,bridge 344,N1,21.1624722,92.1522778,1.2,A,0.11722289338568408,46889.98095238095,5496.57923803771,1,1.0,1.0
1001134,bridge 345,N1,21.1593056,92.1526111,1.2,A,0.11563562827465759,46889.98095238095,5422.152407215299,1,1.0,1.0
1001135,bridge 346,N1,21.1586667,92.1525,1.2,A,0.11510581037881341,46889.98095238095,5397.3092561709345,1,1.0,1.0
1001136,bridge 347,N1,21.1556389,92.1527778,2.8,A,0.11457562772021822,46889.98095238095,5372.449001408123,1,1.0,1.0
1001137,bridge 348,N1,21.1537778,92.1528611,2.8,A,0.114045080298872,46889.98095238095,5347.571642926864,1,1.0,1.0
1001138,bridge 349,N1,21.1521944,92.1535278,1.2,A,0.11351416811477479,46889.98095238095,5322.677180727159,1,1.0,1.0
1001140,bridge 350,N1,21.147333,92.1574167,1.2,C,0.11245124945832731,46889.98095238095,5272.836945172407,3,1.0,3.0
1001141,bridge 351,N1,21.1442774,92.1586389,34.2,C,0.11191924298597707,46889.98095238095,5247.89117181736,3,1.0,3.0
1001144,bridge 352,N1,21.1414997,92.1599167,2.7,A,0.11032103499242023,46889.98095238095,5172.951229441537,1,1.0,1.0
1001145,bridge 353,N1,21.1410552,92.1602222,2.7,A,0.10978756946906593,46889.98095238095,5147.937041212702,1,1.0,1.0
1001146,bridge 354,N1,21.1381108,92.1648611,4.2,A,0.10925373918296062,46889.98095238095,5122.90574926542,1,1.0,1.0
1001148,bridge 355,N1,21.137833,92.1671104,1.2,A,0.10818498432249696,46889.98095238095,5072.791854215514,1,1.0,1.0
1001149,bridge 356,N1,21.1375552,92.1683049,2.8,A,0.10765005974813861,46889.98095238095,5047.709251112891,1,1.0,1.0
1001150,bridge 357,N1,21.1372219,92.1708882,1.2,A,0.10711477041102926,46889.98095238095,5022.609544291821,1,1.0,1.0
1001151,bridge 358,N1,21.1371108,92.1727771,14.0,B,0.10657911631116888,46889.98095238095,4997.492733752303,2,1.0,2.0
1001153,bridge 359,N1,21.1367219,92.1741382,1.2,A,0.10550671382319511,46889.98095238095,4947.207801517927,1,1.0,1.0
1001155,bridge 360,N1,21.1363608,92.1755549,1.0,A,0.1044328522842173,46889.98095238095,4896.854454409762,1,1.0,1.0
1001156,bridge 361,N1,21.1353886,92.1770827,1.0,A,0.10389537437060187,46889.98095238095,4871.652125278009,1,1.0,1.0
1001157,bridge 362,N1,21.1333886,92.1806938,3.0,A,0.10335753169423544,46889.98095238095,4846.43269242781,1,1.0,1.0
1001158,bridge 363,N1,21.1333608,92.1808327,6.1,C,0.10281932425511799,46889.98095238095,4821.196155859163,3,1.0,3.0
1001161,bridge 364,N1,21.1319716,92.1846108,5.8,A,0.10120251336125957,46889.98095238095,4745.38392384254,1,1.0,1.0
1001162,bridge 365,N1,21.1309716,92.1856941,1.3,A,0.10066284687113808,46889.98095238095,4720.078972400105,1,1.0,1.0
1001164,bridge 366,N1,21.1268327,92.1902774,1.2,A,0.09958241960264205,46889.98095238095,4669.417758359893,1,1.0,1.0
1001165,bridge 367,N1,21.1242771,92.1918886,30.9,C,0.09904165882426752,46889.98095238095,4644.0614957621165,3,1.0,3.0
1001171,bridge 368,N1,21.1190827,92.1960274,1.2,C,0.0957894341362491,46889.98095238095,4491.5647420880705,3,1.0,3.0
1001172,bridge 369,N1,21.1175827,92.1966663,9.4,D,0.09524612001861749,46889.98095238095,4466.088753461164,4,1.0,4.0
1001173,bridge 370,N1,21.1165,92.1969163,11.8,C,0.09470244113823487,46889.98095238095,4440.595661115811,3,1.0,3.0
1001174,bridge 371,N1,21.1161389,92.1969997,2.8,C,0.09415839749510124,46889.98095238095,4415.085465052011,3,1.0,3.0
1001179,bridge 372,N1,21.1118611,92.2006389,1.2,C,0.0914327078381679,46889.98095238095,4287.277928956305,3,1.0,3.0
1001180,bridge 373,N1,21.1090556,92.2045278,31.7,C,0.0908864756185282,46889.98095238095,4261.665110581823,3,1.0,3.0
1001184,bridge 374,N1,21.1053611,92.2073889,1.2,C,0.08869789911245927,46889.98095238095,4159.042799899423,3,1.0,3.0
1001185,bridge 375,N1,21.1043611,92.2075278,1.2,C,0.08814984307906451,46889.98095238095,4133.344462932705,3,1.0,3.0
1001186,bridge 376,N1,21.1026389,92.2077778,6.2,A,0.08760142228291874,46889.98095238095,4107.62902224754,1,1.0,1.0
1001190,bridge 377,N1,21.097333,92.2106111,32.1,C,0.08540409147082555,46889.98095238095,4004.5962223224105,3,1.0,3.0
1001196,bridge 378,N1,21.0864997,92.2151111,4.4,A,0.0820971523701554,46889.98095238095,3849.5339108813037,1,1.0,1.0
1001197,bridge 379,N1,21.0859441,92.2153889,2.9,A,0.0815447191837485,46889.98095238095,3823.630329293221,1,1.0,1.0
1001200,bridge 380,N1,21.0803049,92.2174993,2.8,A,0.07988523104802174,46889.98095238095,3745.816962218291,1,1.0,1.0
1001201,bridge 381,N1,21.0783327,92.2186382,2.8,A,0.0793313388106108,46889.98095238095,3719.84496575642,1,1.0,1.0
1001202,bridge 382,N1,21.077916,92.2189993,1.9,A,0.07877708181044885,46889.98095238095,3693.8558655761026,1,1.0,1.0
1001206,bridge 383,N1,21.0728327,92.2232216,45.6,C,0.07655640618229091,46889.98095238095,3589.7284276703604,3,1.0,3.0
1001208,bridge 384,N1,21.0691104,92.2246382,2.8,B,0.07544387979170587,46889.98095238095,3537.5620864068064,2,1.0,2.0
1001211,bridge 385,N1,21.0650556,92.2245271,12.5,C,0.07377235448519574,46889.98095238095,3459.184296623124,3,1.0,3.0
1001217,bridge 386,N1,21.0549722,92.2268049,29.9,C,0.07041945527789815,46889.98095238095,3301.966916657687,3,1.0,3.0
1001221,bridge 387,N1,21.0512778,92.2323327,1.2,C,0.06817689388467953,46889.98095238095,3196.8132556451205,3,1.0,3.0
1001226,bridge 388,N1,21.0407497,92.2374997,36.6,C,0.06536548498125849,46889.98095238095,3064.986345714354,3,1.0,3.0
1001228,bridge 389,N1,21.0360552,92.2398608,2.8,A,0.06423836808063299,46889.98095238095,3012.1358557129174,1,1.0,1.0
1001230,bridge 390,N1,21.0321104,92.241083,1.2,A,0.06310979212900346,46889.98095238095,2959.2169508376937,1,1.0,1.0
1001231,bridge 391,N1,21.0300549,92.2413608,8.8,B,0.06254495700906217,46889.98095238095,2932.7318428224107,2,1.0,2.0
1001232,bridge 392,N1,21.0269438,92.2416941,1.2,A,0.06197975712636987,46889.98095238095,2906.229631088681,1,1.0,1.0
1001234,bridge 393,N1,21.0228882,92.2420274,9.2,A,0.06084826307273224,46889.98095238095,2853.17389646588,1,1.0,1.0
1001235,bridge 394,N1,21.0226104,92.2420552,41.75,C,0.0602819689017869,46889.98095238095,2826.6203735768086,3,1.0,3.0
1001237,bridge 395,N1,21.0169993,92.2440274,7.5,A,0.059148286271643195,46889.98095238095,2773.462016643325,1,1.0,1.0
1001238,bridge 396,N1,21.0150833,92.245333,37.2,C,0.058580897812444827,46889.98095238095,2746.857182598913,3,1.0,3.0
1001240,bridge 397,N1,21.0101389,92.2492497,2.7,A,0.057445026605795056,46889.98095238095,2693.596203354747,1,1.0,1.0
1001241,bridge 398,N1,21.0078889,92.251,1.2,A,0.056876543858343655,46889.98095238095,2666.940058154994,1,1.0,1.0
1001242,bridge 399,N1,21.0064444,92.2520833,38.0,C,0.05630769634814124,46889.98095238095,2640.2668092367935,3,1.0,3.0
1001244,bridge 400,N1,20.9990274,92.2537778,51.0,B,0.05516890703948338,46889.98095238095,2586.869000245051,2,1.0,2.0
1001246,bridge 401,N1,20.9942497,92.2545278,13.5,B,0.05402865867982147,46889.98095238095,2533.4027763795207,2,1.0,2.0
1001248,bridge 402,N1,20.9875274,92.2545556,13.5,B,0.05288695126915552,46889.98095238095,2479.868137640202,2,1.0,2.0
1001250,bridge 403,N1,20.9778049,92.25075,37.6,C,0.05174378480748552,46889.98095238095,2426.265084027095,3,1.0,3.0
1001253,bridge 404,N1,20.9697216,92.2485552,1.2,B,0.050026299394347926,46889.98095238095,2345.732225719081,2,1.0,2.0
1001255,bridge 405,N1,20.9673604,92.2491663,29.3,C,0.048879485305167815,46889.98095238095,2291.9581349215036,3,1.0,3.0
1001257,bridge 406,N1,20.9648611,92.2515278,2.8,A,0.047731212164983654,46889.98095238095,2238.1156292501373,1,1.0,1.0
1001258,bridge 407,N1,20.9622778,92.2528889,2.8,A,0.04715652845076505,46889.98095238095,2211.168720836784,1,1.0,1.0
1001259,bridge 408,N1,20.9620556,92.2530556,2.8,A,0.04658147997379544,46889.98095238095,2184.204708704983,1,1.0,1.0
1001261,bridge 409,N1,20.9580833,92.2543056,15.1,B,0.045430288731603194,46889.98095238095,2130.225373286041,2,1.0,2.0
1001267,bridge 410,N1,20.94957125079681,92.25817740896414,9.0,A,0.04196796069900215,46889.98095238095,1967.8768777864834,1,1.0,1.0
1001268,bridge 411,N1,20.9482774,92.2589167,9.0,B,0.041389629357273444,46889.98095238095,1940.7589321886594,2,1.0,2.0
1001272,bridge 412,N1,20.9436941,92.2603056,37.3,C,0.03907265636284848,46889.98095238095,1832.1161126128916,3,1.0,3.0
1001276,bridge 413,N1,20.9361108,92.2628611,1.5,A,0.03674984716440732,46889.98095238095,1723.1996335419706,1,1.0,1.0
1001277,bridge 414,N1,20.9346663,92.2631667,1.5,C,0.03616823295791951,46889.98095238095,1695.9277544781228,3,1.0,3.0
1001278,bridge 415,N1,20.934333,92.26325,35.9,C,0.035586253988680684,46889.98095238095,1668.638771695828,3,1.0,3.0
1001344,bridge 417,N102,23.4937774,91.1064722,1.5,A,0.4120471288064817,18882.7,7780.562319114152,1,0.5,0.5
1001345,bridge 418,N102,23.496333,91.1059167,1.6,A,0.4119739938749039,18882.7,7779.181334141648,1,0.5,0.5
1001346,bridge 419,N102,23.4976941,91.1055833,1.4,A,0.41190049418057506,18882.7,7777.793461463545,1,0.5,0.5
1001349,bridge 420,N102,23.5112222,91.0981108,2.5,B,0.4116812717672172,18882.7,7773.653950398832,2,0.5,1.0
1001353,bridge 421,N102,23.5323882,91.0834719,3.75,C,0.41139602729592617,18882.7,7768.267764620786,3,0.5,1.5
1001355,bridge 422,N102,23.5421941,91.0742493,17.8,A,0.4112543169671582,18882.7,7765.591890995758,1,0.5,0.5
1001358,bridge 423,N102,23.5501111,91.0661389,3.0,A,0.4110431193343226,18882.7,7761.603909454213,1,0.5,0.5
1001362,bridge 424,N102,23.5605,91.0553056,3.2,A,0.4107648053553008,18882.7,7756.348590082539,1,0.5,0.5
1001363,bridge 425,N102,23.5501944,91.0549722,3.0,C,0.4106956828139841,18882.7,7755.043369871618,3,0.5,1.5
1001368,bridge 426,N102,23.5825549,91.0352497,5.7,A,0.4104213812252235,18882.7,7749.863815261528,1,0.5,0.5
1001371,bridge 427,N102,23.5879997,91.0158333,3.0,A,0.4103296433933441,18882.7,7748.131557303499,1,0.5,0.5
1001373,bridge 428,N102,23.5911108,91.0077778,6.2,C,0.41027000468355374,18882.7,7747.00541743814,3,0.5,1.5
1001375,bridge 429,N102,23.5944441,90.9996663,6.0,A,0.41021054835513887,18882.7,7745.882721425581,1,0.5,0.5
1001376,bridge 430,N102,23.5965552,90.9971108,2.5,A,0.4101804554281804,18882.7,7745.314485713702,1,0.5,0.5
1001380,bridge 431,N102,23.6080278,90.9883608,4.6,B,0.41006245467822816,18882.7,7743.08631295258,2,0.5,1.0
1001381,bridge 432,N102,23.6102778,90.985333,1.3,A,0.4100330912767718,18882.7,7742.531852651899,1,0.5,0.5
1001383,bridge 433,N102,23.6165278,90.9769438,9.6,A,0.40997381732973237,18882.7,7741.412600492138,1,0.5,0.5
1001386,bridge 434,N102,23.623916,90.9726382,33.4,A,0.4098853623626121,18882.7,7739.742331884496,1,0.5,0.5
1001389,bridge 435,N102,23.6341663,90.9707771,113.8,A,0.40979836644649587,18882.7,7738.099614099247,1,0.5,0.5
1001393,bridge 436,N102,23.6430552,90.9710827,9.4,A,0.40967963617104164,18882.7,7735.857665926928,1,0.5,0.5
1001395,bridge 437,N102,23.6505,90.9713327,9.3,A,0.4096183560288717,18882.7,7734.700531386376,1,0.5,0.5
1001397,bridge 438,N102,23.6575833,90.9800827,6.1,B,0.40955671112395076,18882.7,7733.5365091402255,2,0.5,1.0
1001399,bridge 439,N102,23.6587222,90.9820271,51.25,C,0.4094939719307768,18882.7,7732.35182377728,3,0.5,1.5
1001401,bridge 440,N102,23.6611667,90.9861108,12.3,A,0.4094297736865988,18882.7,7731.139587591939,1,0.5,0.5
1001403,bridge 441,N102,23.6646667,90.9918052,6.0,A,0.40936466353554324,18882.7,7729.910132142602,1,0.5,0.5
1001404,bridge 442,N102,23.6657222,90.9934719,52.0,C,0.40933165250657666,18882.7,7729.286794785935,3,0.5,1.5
1001406,bridge 443,N102,23.6674993,90.9962219,12.6,A,0.40926453616039055,18882.7,7728.019456955807,1,0.5,0.5
1001408,bridge 444,N102,23.6711938,91.0019444,24.5,C,0.4091959607632004,18882.7,7726.724568303285,3,0.5,1.5
1001411,bridge 445,N102,23.6738327,91.0061389,4.5,B,0.40909309766741514,18882.7,7724.7822353245,2,0.5,1.0
1001412,bridge 446,N102,23.6748049,91.0076944,6.0,B,0.4090589923501956,18882.7,7724.138234851039,2,0.5,1.0
1001413,bridge 447,N102,23.6780271,91.0126667,12.6,C,0.409024522270225,18882.7,7723.487346671978,3,0.5,1.5
1001416,bridge 448,N102,23.6821104,91.0187493,9.5,C,0.40891892345380715,18882.7,7721.493355901204,3,0.5,1.5
1001418,bridge 449,N102,23.684083,91.0217216,9.2,C,0.4088467004291069,18882.7,7720.129590192698,3,0.5,1.5
1001420,bridge 450,N102,23.684583,91.0264716,9.4,A,0.4087730183534026,18882.7,7718.738273661795,1,0.5,0.5
1001423,bridge 451,N102,23.6891386,91.0289438,3.0,C,0.4086635895280991,18882.7,7716.671961982237,3,0.5,1.5
1001424,bridge 452,N102,23.6922497,91.033166,9.5,A,0.4086269308716225,18882.7,7715.979747569587,1,0.5,0.5
1001426,bridge 453,N102,23.6955552,91.0379441,35.5,C,0.40855251927041614,18882.7,7714.574655627487,3,0.5,1.5
1001428,bridge 454,N102,23.6999441,91.0441386,9.3,B,0.40847719576233227,18882.7,7713.152344421392,2,0.5,1.0
1001431,bridge 455,N102,23.7014722,91.0462219,6.5,A,0.40836174835163713,18882.7,7710.972385599459,1,0.5,0.5
1001432,bridge 456,N102,23.7042222,91.05,12.2,A,0.4083225363559034,18882.7,7710.231957247617,1,0.5,0.5
1001434,bridge 457,N102,23.70525,91.0513333,12.2,A,0.4082430180761829,18882.7,7708.730437427139,1,0.5,0.5
1001437,bridge 458,N102,23.7083056,91.05525,12.6,C,0.4081385135480181,18882.7,7706.757109773162,3,0.5,1.5
1001439,bridge 459,N102,23.7117222,91.0592778,4.8,A,0.4080699381508279,18882.7,7705.462221120639,1,0.5,0.5
1001442,bridge 460,N102,23.7148611,91.0632222,12.5,A,0.4079643393344101,18882.7,7703.468230349867,1,0.5,0.5
1001444,bridge 461,N102,23.717618285562637,91.06656204161358,6.2,A,0.40789211630970984,18882.7,7702.104464641358,1,0.5,0.5
1001446,bridge 462,N102,23.7219993,91.0720271,17.2,B,0.40781843423400554,18882.7,7700.713148110457,2,0.5,1.0
1001449,bridge 463,N102,23.7250827,91.0765271,52.4,B,0.4077084582645756,18882.7,7698.636504872502,2,0.5,1.0
1001452,bridge 464,N102,23.7329438,91.0811938,12.3,B,0.4076041361177863,18882.7,7696.666621071324,2,0.5,1.0
1001455,bridge 465,N102,23.7511944,91.0933886,12.2,A,0.407499084445495,18882.7,7694.682961858948,1,0.5,0.5
1001459,bridge 466,N102,23.7554167,91.0981386,37.0,A,0.40735646220984945,18882.7,7691.989868969925,1,0.5,0.5
1001461,bridge 467,N102,23.75724898301887,91.1003286018868,18.6,B,0.40728350965964716,18882.7,7690.61232785022,2,0.5,1.0
1001464,bridge 468,N102,23.7611111,91.1048056,6.0,A,0.4071713451137111,18882.7,7688.4943583786735,1,0.5,0.5
1001466,bridge 469,N102,23.76984916734694,91.11480456870748,14.5,A,0.40709583922425174,18882.7,7687.068603319779,1,0.5,0.5
1001469,bridge 470,N102,23.7749993,91.1206938,12.0,C,0.4069814861018097,18882.7,7684.909307614642,3,0.5,1.5
1001471,bridge 471,N102,23.7816382,91.128666,12.6,B,0.40690525068684824,18882.7,7683.46977714455,2,0.5,1.0
1001473,bridge 472,N102,23.7844441,91.1330827,16.06,B,0.40682901527188686,18882.7,7682.030246674459,2,0.5,1.0
1001476,bridge 473,N102,23.7913608,91.1437497,12.2,A,0.40671502691219574,18882.7,7679.877838674919,1,0.5,0.5
1001478,bridge 474,N102,23.79335444201681,91.14680965042017,17.3,C,0.40664225674336896,18882.7,7678.503741408013,3,0.5,1.5
1001482,bridge 475,N102,23.80675,91.1513056,49.75,B,0.4064967164057154,18882.7,7675.755546874202,2,0.5,1.0
1001485,bridge 476,N102,23.8141944,91.1528889,36.8,B,0.4063869228176609,18882.7,7673.682347489046,2,0.5,1.0
1001489,bridge 477,N102,23.8298327,91.1551389,8.7,B,0.4062426591496359,18882.7,7670.958259924831,2,0.5,1.0
1001491,bridge 478,N102,23.8323327,91.1555278,4.6,A,0.40617043612493564,18882.7,7669.594494216322,1,0.5,0.5
1001494,bridge 479,N102,23.8450274,91.1571389,166.3,B,0.4060593658672526,18882.7,7667.497187861572,2,0.5,1.0
1001498,bridge 480,N102,23.8606111,91.1552222,34.2,B,0.40591346076684803,18882.7,7664.742105622162,2,0.5,1.0
1001501,bridge 481,N102,23.8632222,91.1519444,3.0,B,0.40580713242492816,18882.7,7662.734339440191,2,0.5,1.0
1001502,bridge 482,N102,23.8663333,91.1479997,16.38,C,0.40577120329395355,18882.7,7662.055900438737,3,0.5,1.5
1001509,bridge 483,N102,23.8840274,91.1340274,5.5,A,0.40552717701352686,18882.7,7657.448025393324,1,0.5,0.5
1001510,bridge 484,N102,23.892357146358545,91.1312245987395,5.6,A,0.40549234217080526,18882.7,7656.790249508665,1,0.5,0.5
1001512,bridge 485,N102,23.8946386,91.1300827,21.25,C,0.4054232196294886,18882.7,7655.485029297744,3,0.5,1.5
1001516,bridge 486,N102,23.9056389,91.1258327,50.25,C,0.4052835154958512,18882.7,7652.847038053509,3,0.5,1.5
1001519,bridge 487,N102,23.9152778,91.122666,5.6,A,0.4051757281029273,18882.7,7650.8117210491455,1,0.5,0.5
1001521,bridge 488,N102,23.9238049,91.1198327,5.6,A,0.4051036874596025,18882.7,7649.451399193436,1,0.5,0.5
1001523,bridge 489,N102,23.9278049,91.1185271,12.0,B,0.40503128205352673,18882.7,7648.08418963213,2,0.5,1.0
1001528,bridge 490,N102,23.949583,91.1169993,3.0,B,0.40485035972902506,18882.7,7644.667887655261,2,0.5,1.0
1001530,bridge 491,N102,23.9551944,91.1163889,90.6,C,0.4047766776533207,18882.7,7643.276571124359,3,0.5,1.5
1001545,bridge 492,N102,24.0016944,91.1095833,16.68,C,0.40422497399241586,18882.7,7632.858916406592,3,0.5,1.5
1001548,bridge 493,N102,24.0098333,91.1093333,3.0,A,0.40411116801410024,18882.7,7630.709952259851,1,0.5,0.5
1001549,bridge 494,N102,24.0132778,91.1097222,6.5,B,0.40407268554386855,18882.7,7629.983299319207,2,0.5,1.0
1001551,bridge 495,N102,24.0173882,91.1103056,7.0,A,0.4039946263151521,18882.7,7628.509330321122,1,0.5,0.5
1001553,bridge 496,N102,24.0275271,91.1124444,3.0,B,0.40391674946781114,18882.7,7627.038805175838,2,0.5,1.0
1001556,bridge 497,N102,24.045833,91.1146667,3.0,A,0.403802396345369,18882.7,7624.8795094707,1,0.5,0.5
1001559,bridge 498,N104,23.0092778,91.3952497,3.65,A,0.0006038647342995169,11409.727272727272,6.889931927975406,1,0.5,0.5
1001563,bridge 500,N104,23.0098611,91.3737216,2.7,C,0.06817689388467953,11409.727272727272,777.8797655258612,3,0.5,1.5
1001567,bridge 501,N104,23.0045556,91.3546389,2.7,B,0.06592849628744472,11409.727272727272,752.2261621407567,2,0.5,1.0
1001572,bridge 502,N104,22.983583,91.3389997,1.9,A,0.06310979212900346,11409.727272727272,720.0655164304397,1,0.5,0.5
1001573,bridge 503,N104,22.9825827,91.3375274,89.23,B,0.06254495700906217,11409.727272727272,713.6209017578514,2,0.5,1.0
1001577,bridge 504,N104,22.9715827,91.3343608,2.8,C,0.0602819689017869,11409.727272727272,687.8008246324152,3,0.5,1.5
1001579,bridge 505,N104,22.9611111,91.3330549,3.0,A,0.059148286271643195,11409.727272727272,674.8658150086475,1,0.5,0.5
1001581,bridge 506,N104,22.9538611,91.326166,48.1,A,0.05801314459049545,11409.727272727272,661.9141580108466,1,0.5,0.5
1001585,bridge 507,N104,22.9465274,91.3168604,3.0,C,0.05573848407518782,11409.727272727272,635.9609018931452,3,0.5,1.5
1001590,bridge 508,N104,22.9380552,91.2974163,4.4,C,0.05288695126915552,11409.727272727272,603.4256902670819,3,0.5,1.5
1001594,bridge 509,N104,22.9411108,91.2764716,6.0,A,0.05059915929481147,11409.727272727272,577.322607783082,1,0.5,0.5
1001602,bridge 510,N104,22.953,91.2419997,3.1,C,0.04600606673407482,11409.727272727272,524.9166743266844,3,0.5,1.5
1001604,bridge 511,N104,22.9576944,91.2321104,9.25,C,0.04485414596638055,11409.727272727272,511.7735725275021,3,0.5,1.5
1001608,bridge 512,N104,22.9573333,91.2218882,2.8,B,0.04254592727797986,11409.727272727272,485.437426807038,2,0.5,1.0
1001612,bridge 513,N104,22.9545278,91.2077222,2.5,A,0.04023187238556298,11409.727272727272,459.0346915904411,1,0.5,0.5
1001615,bridge 514,N104,22.9523611,91.1869997,2.7,C,0.03849250120736471,11409.727272727272,439.18894082115656,3,0.5,1.5
1001617,bridge 515,N104,22.9496108,91.1749438,9.1,A,0.03733109660814413,11409.727272727272,425.93763109075866,1,0.5,0.5
1001620,bridge 516,N104,22.9479441,91.1571111,3.0,B,0.035586253988680684,11409.727272727272,406.0294526688497,2,0.5,1.0
1001622,bridge 517,N104,22.9476941,91.147083,6.0,C,0.034421201761949995,11409.727272727272,392.7365245033689,3,0.5,1.5
1001624,bridge 518,N104,22.9468608,91.1404997,3.2,B,0.033254690484215255,11409.727272727272,379.4269489638549,2,0.5,1.0
1001627,bridge 519,N104,22.9459441,91.1264993,20.5,A,0.03150218784698057,11409.727272727272,359.43137182827184,1,0.5,0.5
1001634,bridge 520,N104,22.9446941,91.1099722,38.2,B,0.027400248330480888,11409.727272727272,312.6293606557877,2,0.5,1.0
1001637,bridge 521,N104,22.9447497,91.1047222,3.1,A,0.025636802810715856,11409.727272727272,292.50892821495586,1,0.5,0.5
1001638,bridge 522,N104,22.944733803539823,91.10472080707964,6.5,A,0.02504825811195882,11409.727272727272,285.7937937143287,1,0.5,0.5
1001641,bridge 523,N104,22.9360274,91.1042222,3.2,C,0.023280435439181648,11409.727272727272,265.62341915139734,3,0.5,1.5
1001644,bridge 524,N104,22.9226938,91.1027222,18.6,B,0.02150932990164537,11409.727272727272,245.4155879968914,2,0.5,1.0
1001649,bridge 525,N104,22.9066111,91.1007778,6.2,D,0.018550192084064682,11409.727272727272,211.65263253588236,4,0.5,2.0
1001660,bridge 526,N104,22.87139801896552,91.09690368017242,1.0,C,0.012007989763298156,11409.727272727272,137.00788829293288,3,0.5,1.5
1001662,bridge 527,N104,22.870666,91.0968886,6.4,A,0.010813756516486547,11409.727272727272,123.38201264678882,1,0.5,0.5
1001666,bridge 528,N104,22.8653333,91.0970274,6.5,A,0.008420912869851192,11409.727272727272,96.08031923240122,1,0.5,0.5
1001673,bridge 529,N104,22.8414441,91.0982219,2.0,B,0.004219393122325377,11409.727272727272,48.142124782153736,2,0.5,1.0
1001674,bridge 530,N104,22.8413886,91.0983608,3.0,A,0.003617716964531929,11409.727272727272,41.27716391522807,1,0.5,0.5
1001683,bridge 531,N105,23.6993052,90.5515278,6.25,A,0.07816263895637,48781.142857142855,3812.8628570219644,1,0.5,0.5
1001685,bridge 532,N105,23.7072222,90.5596389,6.1,A,0.07807892590501286,48781.142857142855,3808.7792387047043,1,0.5,0.5
1001687,bridge 533,N105,23.7161944,90.5700827,6.0,A,0.078003602396929,48781.142857142855,3805.1048718963643,1,0.5,0.5
1001693,bridge 534,N105,23.7310549,90.5872774,6.0,A,0.07780590098588076,48781.142857142855,3795.4607711209615,1,0.5,0.5
1002030,bridge 535,N105,23.7853886,90.5691104,546.0,A,0.11192143156248313,48781.142857142855,5459.655341825427,1,0.5,0.5
1001717,bridge 536,N105,23.828166,90.5633611,10.4,A,0.04715652845076505,48781.142857142855,2300.3493510036915,1,0.5,0.5
1001718,bridge 537,N105,23.8305827,90.5622222,6.2,A,0.04658147997379544,48781.142857142855,2272.2978290988544,1,0.5,0.5
1001722,bridge 538,N105,23.8382219,90.5550278,4.6,A,0.04427763843840689,48781.142857142855,2159.913806040846,1,0.5,0.5
1001741,bridge 539,N105,23.8796938,90.5023611,4.5,A,0.033254690484215255,48781.142857142855,1622.2018071805735,1,0.5,0.5
1001742,bridge 540,N105,23.8854719,90.4979997,4.5,A,0.03267088770122137,48781.142857142855,1593.723240222951,1,0.5,0.5
1001745,bridge 541,N105,23.8859163,90.4924441,4.5,A,0.030917290775733648,48781.142857142855,1508.180778086888,1,0.5,0.5
1001752,bridge 542,N105,23.9028611,90.4802771,4.5,A,0.02681279791997689,48781.142857142855,1307.9589257340954,1,0.5,0.5
1001753,bridge 543,N105,23.9069167,90.4788882,1.0,A,0.026224982746721876,48781.142857142855,1279.2846297939464,1,0.5,0.5
1001755,bridge 544,N105,23.9117222,90.4734716,3.4,A,0.02504825811195882,48781.142857142855,1221.8826572820506,1,0.5,0.5
1001761,bridge 545,N105,23.9240549,90.4591944,5.0,A,0.02150932990164537,48781.142857142855,1049.2496946935773,1,0.5,0.5
1001763,bridge 546,N105,23.9279716,90.4543611,13.0,A,0.02032676906286613,48781.142857142855,991.5630254798245,1,0.5,0.5
1001766,bridge 547,N105,23.9340274,90.4473052,4.5,A,0.018550192084064682,48781.142857142855,904.8995700801999,1,0.5,0.5
1001772,bridge 548,N105,23.946333,90.4287493,7.0,A,0.014987189532184477,48781.142857142855,731.092233596567,1,0.5,0.5
1001774,bridge 549,N105,23.9496663,90.4143889,3.0,A,0.013796603912882982,48781.142857142855,673.0141064177609,1,0.5,0.5
1001778,bridge 550,N105,23.95225,90.4038889,3.0,A,0.011411055521267857,48781.142857142855,556.644329533756,1,0.5,0.5
1001779,bridge 551,N105,23.9563611,90.40125,3.0,A,0.010813756516486547,48781.142857142855,527.5074014530898,1,0.5,0.5
1001799,bridge 552,N106,22.3974997,91.8200271,2.1,C,0.11880687563195147,7805.333333333333,927.3272665992585,3,0.9,2.7
1001800,bridge 553,N106,22.3990552,91.8198049,3.0,A,0.11827924631261336,7805.333333333333,923.2089438853848,1,0.9,0.9
1001801,bridge 554,N106,22.4004722,91.8193604,2.1,C,0.11775125223052423,7805.333333333333,919.0877740766517,3,0.9,2.7
1001804,bridge 555,N106,22.4060278,91.818666,3.0,A,0.11616508140775077,7805.333333333333,906.7071820812973,1,0.9,0.9
1001806,bridge 556,N106,22.4121667,91.8185549,12.3,A,0.11510581037881341,7805.333333333333,898.4392186100982,1,0.9,0.9
1001808,bridge 557,N106,22.4156389,91.819166,18.78,C,0.114045080298872,7805.333333333333,890.1598667594623,3,0.9,2.7
1001810,bridge 558,N106,22.4223882,91.8200271,4.0,A,0.11298289116792656,7805.333333333333,881.8691265293894,1,0.9,0.9
1001811,bridge 559,N106,22.4244438,91.8197771,3.3,C,0.11245124945832731,7805.333333333333,877.7194857720641,3,0.9,2.7
1001813,bridge 560,N106,22.4309993,91.8199993,4.5,C,0.11138687175087579,7805.333333333333,869.4116629728358,3,0.9,2.7
1001819,bridge 561,N106,22.4515,91.8175827,8.8,C,0.10818498432249696,7805.333333333333,844.4198642985295,3,0.9,2.7
1001820,bridge 562,N106,22.4535833,91.8173049,6.0,C,0.10765005974813861,7805.333333333333,840.2445996874712,3,0.9,2.7
1001822,bridge 563,N106,22.4555,91.8171382,8.0,A,0.10657911631116888,7805.333333333333,831.8855291807769,1,0.9,0.9
1001823,bridge 564,N106,22.45725,91.8168882,8.2,A,0.10604309744855751,7805.333333333333,827.7017232851409,1,0.9,0.9
1001826,bridge 565,N106,22.4658611,91.8163889,9.4,B,0.1044328522842173,7805.333333333333,815.1332230290774,2,0.9,1.8
1001830,bridge 566,N106,22.4786104,91.8131667,10.2,A,0.10228075205324953,7805.333333333333,798.3353633596303,1,0.9,0.9
1001836,bridge 567,N106,22.4984441,91.8070833,3.8,C,0.09904165882426752,7805.333333333333,773.0531610096828,3,0.9,2.7
1001842,bridge 568,N106,22.5048889,91.8271104,9.5,B,0.0957894341362491,7805.333333333333,747.668463244803,2,0.9,1.8
1001844,bridge 569,N106,22.5073056,91.8328604,63.86,C,0.09470244113823487,7805.333333333333,739.1841205643025,3,0.9,2.7
1001848,bridge 570,N106,22.5109167,91.8414163,34.2,C,0.09252407798919426,7805.333333333333,722.1812700649909,3,0.9,2.7
1001852,bridge 571,N106,22.5160556,91.8481663,37.3,C,0.09033987863613749,7805.333333333333,705.1328660479318,3,0.9,2.7
1001854,bridge 572,N106,22.5162222,91.8545278,102.69,C,0.08924559038310302,7805.333333333333,696.5915814702468,3,0.9,2.7
1001856,bridge 573,N106,22.51876206875,91.86058128557691,3.0,A,0.08814984307906451,7805.333333333333,688.0389085131249,1,0.9,0.9
1001858,bridge 574,N106,22.5198882,91.8632222,25.3,C,0.08705263672402196,7805.333333333333,679.474847176566,3,0.9,2.7
1001862,bridge 575,N106,22.5230271,91.8700827,12.4,A,0.08485384686092472,7805.333333333333,662.3125593651376,1,0.9,0.9
1001864,bridge 576,N106,22.5264993,91.8728604,3.0,A,0.08375226335287003,7805.333333333333,653.7143328902682,1,0.9,0.9
1001867,bridge 577,N106,22.5288882,91.878416,37.78,A,0.0820971523701554,7805.333333333333,640.7956399665196,1,0.9,0.9
1001869,bridge 578,N106,22.5322771,91.8896386,24.69,C,0.08099192123459059,7805.333333333333,632.1689425430577,3,0.9,2.7
1001870,bridge 579,N106,22.5322771,91.8898886,24.0,B,0.08043875852268167,7805.333333333333,627.851323189038,2,0.9,1.8
1001874,bridge 580,N106,22.533333,91.8980552,24.13,C,0.07822246004753589,7805.333333333333,610.5523748243668,3,0.9,2.7
1001875,bridge 581,N106,22.5334997,91.8993608,4.3,C,0.07766747352187191,7805.333333333333,606.2205199960508,3,0.9,2.7
1001880,bridge 582,N106,22.5349163,91.9058611,3.0,A,0.07488706945228685,7805.333333333333,584.5185394315829,1,0.9,0.9
1001884,bridge 583,N106,22.5349441,91.9155556,9.4,A,0.0726561804671006,7805.333333333333,567.1057072725425,1,0.9,0.9
1001890,bridge 584,N106,22.5359163,91.9287216,12.2,C,0.06929890410679086,7805.333333333333,540.9010461882049,3,0.9,2.7
1001892,bridge 585,N106,22.5369719,91.9355274,6.0,C,0.06817689388467953,7805.333333333333,532.1433824012186,3,0.9,2.7
1001897,bridge 586,N106,22.5386663,91.9561389,14.6,A,0.06536548498125849,7805.333333333333,510.19939877371627,1,0.9,0.9
1001901,bridge 587,N106,22.538333,91.9667216,18.0,A,0.06310979212900346,7805.333333333333,492.5929641642483,1,0.9,0.9
1001903,bridge 588,N106,22.5406108,91.9691104,11.7,A,0.06197975712636987,7805.333333333333,483.77266429035893,1,0.9,0.9
1001904,bridge 589,N106,22.5406108,91.9692771,1.2,A,0.061414192480926555,7805.333333333333,479.3582437111254,1,0.9,0.9
1001906,bridge 590,N106,22.5412497,91.973166,6.0,C,0.0602819689017869,7805.333333333333,470.5208612680807,3,0.9,2.7
1001907,bridge 591,N106,22.5413886,91.9742216,4.5,A,0.05971530996809055,7805.333333333333,466.09789940426947,1,0.9,0.9
1001911,bridge 592,N106,22.5418052,91.977166,5.2,C,0.057445026605795056,7805.333333333333,448.3775810004323,3,0.9,2.7
1001912,bridge 593,N106,22.5404997,91.9781104,5.3,B,0.056876543858343655,7805.333333333333,443.94038366232496,2,0.9,1.8
1001913,bridge 594,N106,22.5394441,91.9801938,2.0,D,0.05630769634814124,7805.333333333333,439.5003392293584,4,0.9,3.6
1001916,bridge 595,N106,22.5396108,91.9833049,3.0,A,0.05459896524102793,7805.333333333333,426.16312336130335,1,0.9,0.9
1001917,bridge 596,N106,22.5404163,91.9842774,3.0,A,0.05402865867982147,7805.333333333333,421.7116905488998,1,0.9,0.9
1001918,bridge 597,N106,22.542083,91.9851941,1.5,A,0.053457987355863996,7805.333333333333,417.2574106416371,1,0.9,0.9
1001919,bridge 598,N106,22.5429719,91.9854163,3.0,A,0.05288695126915552,7805.333333333333,412.8002836395152,1,0.9,0.9
1001920,bridge 599,N106,22.5443886,91.9855552,6.0,A,0.05231555041969602,7805.333333333333,408.340309542534,1,0.9,0.9
1001922,bridge 600,N106,22.5464441,91.987583,12.3,A,0.051171654432524,7805.333333333333,399.41182006399396,1,0.9,0.9
1001930,bridge 601,N106,22.5458886,91.9983608,4.5,A,0.04658147997379544,7805.333333333333,363.5839783554647,1,0.9,0.9
1001931,bridge 602,N106,22.5454719,92.0003333,4.4,B,0.04600606673407482,7805.333333333333,359.09268621503196,2,0.9,1.8
1001932,bridge 603,N106,22.5455274,92.0050278,1.8,A,0.045430288731603194,7805.333333333333,354.5985469797401,1,0.9,0.9
1001934,bridge 604,N106,22.5439719,92.0088611,3.0,A,0.04427763843840689,7805.333333333333,345.60172722457855,1,0.9,0.9
1001937,bridge 605,N106,22.5481941,92.012,5.0,A,0.04254592727797986,7805.333333333333,332.08514438039214,1,0.9,0.9
1001938,bridge 606,N106,22.549833,92.0133056,2.2,D,0.04196796069900215,7805.333333333333,327.5739225759448,4,0.9,3.6
1001943,bridge 607,N106,22.5530278,92.0179716,1.9,A,0.03907265636284848,7805.333333333333,304.97510713082,1,0.9,0.9
1001947,bridge 608,N106,22.5585278,92.0325827,4.5,A,0.03674984716440732,7805.333333333333,286.84480706725395,1,0.9,0.9
1001949,bridge 609,N106,22.5611111,92.0359997,95.0,D,0.035586253988680684,7805.333333333333,277.76257446631564,4,0.9,3.6
1001953,bridge 610,N106,22.5707771,92.0409163,6.6,A,0.033254690484215255,7805.333333333333,259.56394412612815,1,0.9,0.9
1001954,bridge 611,N106,22.5746938,92.0427497,9.4,A,0.03267088770122137,7805.333333333333,255.00716880393318,1,0.9,0.9
1001956,bridge 612,N106,22.5762493,92.0440274,1.5,A,0.03150218784698057,7805.333333333333,245.88507687496568,1,0.9,0.9
1001957,bridge 613,N106,22.5774993,92.0454719,3.0,A,0.030917290775733648,7805.333333333333,241.31976026819302,1,0.9,0.9
1001961,bridge 614,N106,22.5839441,92.0558611,11.2,A,0.028574054863235856,7805.333333333333,223.03002289251026,1,0.9,0.9
1001963,bridge 615,N106,22.5869163,92.0629722,14.8,B,0.027400248330480888,7805.333333333333,213.86807163551347,2,0.9,1.8
1001965,bridge 616,N106,22.5935552,92.0714716,3.0,A,0.026224982746721876,7805.333333333333,204.6947319990798,1,0.9,0.9
1001975,bridge 617,N106,22.6094444,92.0973886,1.0,A,0.02032676906286613,7805.333333333333,158.65720812535776,1,0.9,0.9
1001977,bridge 618,N106,22.6188049,92.1027778,3.0,C,0.019142749173082844,7805.333333333333,149.4155382123026,3,0.9,2.7
1001978,bridge 619,N106,22.6192493,92.1031944,1.5,A,0.018550192084064682,7805.333333333333,144.7904326134862,1,0.9,0.9
1001980,bridge 620,N106,22.6221104,92.1066111,1.0,A,0.017363983617775327,7805.333333333333,135.5316801312757,1,0.9,0.9
1001981,bridge 621,N106,22.622916,92.1081111,1.0,A,0.016770332240504133,7805.333333333333,130.89803324788159,1,0.9,0.9
1001984,bridge 622,N106,22.6277771,92.1130833,2.0,B,0.014987189532184477,7805.333333333333,116.9800100285439,2,0.9,1.8
1001985,bridge 623,N106,22.6287216,92.1128056,1.2,A,0.014392079103909236,7805.333333333333,112.33497476571289,1,0.9,0.9
1001991,bridge 624,N106,22.6400552,92.1198604,2.0,A,0.010813756516486547,7805.333333333333,84.40497419668299,1,0.9,0.9
1002013,bridge 625,N2,23.7182771,90.5156944,36.7,C,0.01091899057015336,28494.931034482757,311.13588326268757,3,0.4,1.2000000000000002
1002035,bridge 627,N2,23.7977219,90.5808882,4.9,B,0.08360362253183284,28494.931034482757,2382.2794582775055,2,0.4,0.8
1002037,bridge 628,N2,23.8044167,90.5869163,3.5,B,0.08347431413659927,28494.931034482757,2378.5948244731453,2,0.4,0.8
1002039,bridge 629,N2,23.8141389,90.5946941,3.4,A,0.08334427621586368,28494.931034482757,2374.889402889917,1,0.4,0.4
1002043,bridge 630,N2,23.8240271,90.6041389,72.15,C,0.08308018798413136,28494.931034482757,2367.364226939686,3,0.4,1.2000000000000002
1002045,bridge 631,N2,23.829666,90.6093056,4.5,A,0.08294595529175913,28494.931034482757,2363.5392756279666,1,0.4,0.4
1002047,bridge 632,N2,23.8342497,90.6139444,8.3,B,0.08281026354838286,28494.931034482757,2359.672748758511,2,0.4,0.8
1002050,bridge 633,N2,23.8420274,90.6225549,8.3,A,0.08260399021268587,28494.931034482757,2353.795004283573,1,0.4,0.4
1002052,bridge 634,N2,23.8455274,90.6272216,4.0,A,0.08246629227417902,28494.931034482757,2349.8713110222293,1,0.4,0.4
1002053,bridge 635,N2,23.8498608,90.6315827,8.0,A,0.08239716973286235,28494.931034482757,2347.9016689744826,1,0.4,0.4
1002055,bridge 636,N2,23.8552222,90.6386941,4.0,B,0.08225783036197597,28494.931034482757,2343.931203210687,2,0.4,0.8
1002058,bridge 637,N2,23.8551389,90.6522778,4.0,A,0.08204827416151986,28494.931034482757,2337.959913730842,1,0.4,0.4
1002059,bridge 638,N2,23.8548333,90.6585556,4.0,A,0.08197842209470116,28494.931034482757,2335.969483904227,1,0.4,0.4
1002061,bridge 639,N2,23.8544722,90.6635,4.0,A,0.08183762367281074,28494.931034482757,2331.9574425826954,1,0.4,0.4
1002062,bridge 640,N2,23.8539167,90.6673049,2.0,A,0.081766677317739,28494.931034482757,2329.9358310877783,1,0.4,0.4
1002068,bridge 641,N2,23.8774438,90.6666389,2.5,A,0.0813413639500596,28494.931034482757,2317.8165560077105,1,0.4,0.4
1002069,bridge 642,N2,23.8818882,90.6665556,2.5,A,0.08127005283223686,28494.931034482757,2315.7845506233593,1,0.4,0.4
1002075,bridge 643,N2,23.8943052,90.6717771,30.3,B,0.08083616753990869,28494.931034482757,2303.421019141592,2,0.4,0.8
1002079,bridge 644,N2,23.9048611,90.6851386,3.6,A,0.08054344543222197,28494.931034482757,2295.07992287079,1,0.4,0.4
1002085,bridge 645,N2,23.921666,90.6968886,12.7,A,0.08010463584275515,28494.931034482757,2282.5760738816634,1,0.4,0.4
1002087,bridge 646,N2,23.924166,90.699083,3.0,A,0.0799565421658445,28494.931034482757,2278.3561547714517,1,0.4,0.4
1002089,bridge 647,N2,23.9307216,90.7045833,27.4,A,0.08062186942368944,28494.931034482757,2297.314609099105,1,0.4,0.4
1002092,bridge 648,N2,23.9390552,90.7100278,69.5,C,0.08202584125233266,28494.931034482757,2337.32068953065,3,0.4,1.2000000000000002
1002094,bridge 649,N2,23.9427774,90.7099444,3.0,A,0.0829603634204241,28494.931034482757,2363.9498342606107,1,0.4,0.4
1002096,bridge 650,N2,23.9456108,90.7108333,12.6,A,0.08389342653751147,28494.931034482757,2390.537403432835,1,0.4,0.4
1002099,bridge 651,N2,23.9556111,90.7163333,3.4,A,0.0852911973993875,28494.931034482757,2430.3667877440016,1,0.4,0.4
1002100,bridge 652,N2,23.95980842931727,90.71865602088354,3.0,A,0.08575645228830264,28494.931034482757,2443.624193717095,1,0.4,0.4
1002102,bridge 653,N2,23.9634167,90.7206382,3.5,B,0.08668750921025946,28494.931034482757,2470.154596497432,2,0.4,0.8
1002103,bridge 654,N2,23.9654722,90.7217771,3.0,A,0.08715276409917462,28494.931034482757,2483.4120024705257,1,0.4,0.4
1002105,bridge 655,N2,23.96983612084367,90.72445595235732,1.8,A,0.08808217958875188,28494.931034482757,2509.8956327484098,1,0.4,0.4
1002106,bridge 656,N2,23.9723882,90.7265827,14.1,B,0.088546340189414,28494.931034482757,2523.121857053201,2,0.4,0.8
1002109,bridge 657,N2,23.977916,90.7312771,2.0,A,0.08993754532177181,28494.931034482757,2562.764151354555,1,0.4,0.4
1002113,bridge 658,N2,23.9818604,90.7396663,2.5,A,0.09179455248717129,28494.931034482757,2615.6794424631535,1,0.4,0.4
1002115,bridge 659,N2,23.9853886,90.7457774,4.0,A,0.0927217794002425,28494.931034482757,2642.100709404434,1,0.4,0.4
1002119,bridge 660,N2,23.9936941,90.7590833,105.15,B,0.09457295036162579,28494.931034482757,2694.849698282088,2,0.4,0.8
1002121,bridge 661,N2,23.995583,90.7625,10.3,A,0.0954972591726889,28494.931034482757,2721.1878141078964,1,0.4,0.4
1002123,bridge 662,N2,23.9963886,90.7640278,3.9,A,0.09642065607687447,28494.931034482757,2747.4999452101188,1,0.4,0.4
1002126,bridge 663,N2,24.0002222,90.7714716,9.6,A,0.09780675453071813,28494.931034482757,2786.9967250593972,1,0.4,0.4
1002127,bridge 664,N2,24.00275,90.7797216,9.5,A,0.09826872655487418,28494.931034482757,2800.160586027584,1,0.4,0.4
1002129,bridge 665,N2,24.0066944,90.7891941,9.55,A,0.09919157631493324,28494.931034482757,2826.457126295656,1,0.4,0.4
1002131,bridge 666,N2,24.0089167,90.7924719,3.0,A,0.10011296702398825,28494.931034482757,2852.7120910059916,1,0.4,0.4
1002133,bridge 667,N2,24.0167493,90.8042778,5.4,A,0.10103344582616575,28494.931034482757,2878.941070992743,1,0.4,0.4
1002135,bridge 668,N2,24.0205549,90.81025,11.0,A,0.1019526479587147,28494.931034482757,2905.1336723664745,1,0.4,0.4
1002137,bridge 669,N2,24.0262493,90.8192216,7.3,A,0.10287039104025959,28494.931034482757,2931.28469818247,1,0.4,0.4
1002139,bridge 670,N2,24.0288327,90.8232493,7.25,A,0.10378667507080044,28494.931034482757,2957.3941484407296,1,0.4,0.4
1002140,bridge 671,N2,24.0326382,90.8294716,3.5,A,0.10424426994194436,28494.931034482757,2970.4332827357084,1,0.4,0.4
1002143,bridge 672,N2,24.0364719,90.8356663,4.0,A,0.10561541312299653,28494.931034482757,3009.5039131181916,1,0.4,0.4
1002145,bridge 673,N2,24.0386108,90.8391941,4.0,A,0.10652914381428032,28494.931034482757,3035.540606150413,1,0.4,0.4
1002146,bridge 674,N2,24.040083,90.8429163,17.75,B,0.10698564439717119,28494.931034482757,3048.5485587770895,2,0.4,0.8
1002149,bridge 675,N2,24.0414441,90.848583,3.5,A,0.10835295756933776,28494.931034482757,3087.510053320516,1,0.4,0.4
1002150,bridge 676,N2,24.0418052,90.8501389,3.5,A,0.10880799910122459,28494.931034482757,3100.4764303894563,1,0.4,0.4
1002151,bridge 677,N2,24.042583,90.8538333,3.5,B,0.1092626758703604,28494.931034482757,3113.4324135689626,2,0.4,0.8
1002153,bridge 678,N2,24.0469163,90.8621389,141.61,C,0.11017148226450552,28494.931034482757,3139.328789093825,3,0.4,1.2000000000000002
1002155,bridge 679,N2,24.0484163,90.8641111,40.6,B,0.11108010627727513,28494.931034482757,3165.21996767397,2,0.4,0.8
1002158,bridge 680,N2,24.0496663,90.8656389,4.0,A,0.11244085371992349,28494.931034482757,3203.9943722075836,1,0.4,0.4
1002161,bridge 681,N2,24.0514722,90.874166,37.9,A,0.11379831829781274,28494.931034482757,3242.675231736291,1,0.4,0.4
1002163,bridge 682,N2,24.0515,90.8788604,7.3,A,0.11470147086931717,28494.931034482757,3268.410501974926,1,0.4,0.4
1002165,bridge 683,N2,24.0518889,90.8861386,7.3,A,0.1156037115339441,28494.931034482757,3294.119787489976,1,0.4,0.4
1002167,bridge 684,N2,24.0529167,90.8988608,11.8,A,0.11650522267306898,28494.931034482757,3319.8082852261573,1,0.4,0.4
1002170,bridge 685,N2,24.0533056,90.9035556,11.5,B,0.1178555743773135,28494.931034482757,3358.2864639109016,2,0.4,0.8
1002173,bridge 686,N2,24.0543056,90.9164722,4.0,A,0.119204831793305,28494.931034482757,3396.7334609273435,1,0.4,0.4
1002174,bridge 687,N2,24.0545,90.9184716,202.0,A,0.11965440188392666,28494.931034482757,3409.543929654774,1,0.4,0.4
1002179,bridge 688,N2,24.0560278,90.9396108,3.6,A,0.1218973280398963,28494.931034482757,3473.455955784566,1,0.4,0.4
1002181,bridge 689,N2,24.0565833,90.9459163,15.85,A,0.12279355011913151,28494.931034482757,3498.9937421239542,1,0.4,0.4
1002183,bridge 690,N2,24.05675,90.9488886,4.0,A,0.1236886779101137,28494.931034482757,3524.500346795041,1,0.4,0.4
1002186,bridge 691,N2,24.057,90.9559722,7.3,B,0.1250286338759544,28494.931034482757,3562.682299630915,2,0.4,0.8
1002188,bridge 692,N2,24.0576111,90.9612222,428.91,C,0.125920296420802,28494.931034482757,3588.0901623523787,3,0.4,1.2000000000000002
1002191,bridge 693,N2,24.0570278,90.9696382,4.0,A,0.1272569695218836,28494.931034482757,3626.178570183347,1,0.4,0.4
1002192,bridge 694,N2,24.057,90.969916,6.0,C,0.1277021624594931,28494.931034482757,3638.8643122375684,3,0.4,1.2000000000000002
1002193,bridge 695,N2,24.0563056,90.9743604,6.0,A,0.12814699063435162,28494.931034482757,3651.539660402357,1,0.4,0.4
1002199,bridge 696,N2,24.0508333,90.9901108,14.0,A,0.13080957633535994,28494.931034482757,3727.4098563259895,1,0.4,0.4
1002204,bridge 697,N2,24.0390274,91.0023611,6.1,A,0.1330240509967507,28494.931034482757,3790.511159079928,1,0.4,0.4
1002205,bridge 698,N2,24.0387219,91.0037778,3.1,C,0.13346669059510313,28494.931034482757,3803.1241439081123,3,0.4,1.2000000000000002
1002210,bridge 699,N2,24.0360274,91.01325,3.15,C,0.13567441714560016,28494.931034482757,3866.0331597075215,3,0.4,1.2000000000000002
1002211,bridge 700,N2,24.0364441,91.0158611,79.75,D,0.13611486816744653,28494.931034482757,3878.5837811991014,4,0.4,1.6
1002214,bridge 701,N2,24.0379441,91.0241382,3.15,A,0.13743494456335711,28494.931034482757,3916.199267060822,1,0.4,0.4
1002215,bridge 702,N2,24.0381108,91.0248604,6.1,A,0.13787430129695044,28494.931034482757,3928.7187068840994,1,0.4,0.4
1002217,bridge 703,N2,24.0386941,91.0281938,12.5,A,0.13875192047588408,28494.931034482757,3953.726404862353,1,0.4,0.4
1002219,bridge 704,N2,24.0401663,91.0354997,12.3,A,0.13962808060381368,28494.931034482757,3978.6925272828703,1,0.4,0.4
1002222,bridge 705,N2,24.0426108,91.048583,3.1,A,0.140940496981953,28494.931034482757,4016.0897414664755,1,0.4,0.4
1002226,bridge 706,N2,24.0443886,91.0640556,9.5,A,0.14268643388966948,28494.931034482757,4065.840093242415,1,0.4,0.4
1002227,bridge 707,N2,24.044833,91.0677771,6.1,A,0.1431221429957527,28494.931034482757,4078.255594171353,1,0.4,0.4
1002229,bridge 708,N2,24.0456941,91.074416,4.5,B,0.1439924669196661,28494.931034482757,4103.055414360925,2,0.4,0.8
1002233,bridge 709,N2,24.0480274,91.0937497,3.6,A,0.14573056142823584,28494.931034482757,4152.582297514034,1,0.4,0.4
1002238,bridge 710,N2,24.0508333,91.1144444,22.96,C,0.1479007174153787,28494.931034482757,4214.420742701739,3,0.4,1.2000000000000002
1002240,bridge 711,N2,24.0576944,91.1151389,3.0,A,0.44026991714049346,28494.931034482757,12545.4609254758,1,0.4,0.4
1002244,bridge 712,N2,24.0571667,91.1285271,22.95,C,0.43943096281316707,28494.931034482757,12521.554979777553,3,0.4,1.2000000000000002
1002246,bridge 713,N2,24.0558889,91.1378608,23.0,A,0.4390092970729978,28494.931034482757,12509.539643591825,1,0.4,0.4
1002249,bridge 714,N2,24.0549722,91.1451941,43.88,C,0.43837406274211127,28494.931034482757,12491.438685142477,3,0.4,1.2000000000000002
1002252,bridge 715,N2,24.05425,91.1503889,4.1,B,0.43773554554646565,28494.931034482757,12473.244181688224,2,0.4,0.8
1002253,bridge 716,N2,24.0541944,91.1508333,42.65,C,0.43752197695574846,28494.931034482757,12467.158559424606,3,0.4,1.2000000000000002
1002255,bridge 717,N2,24.0532222,91.1593333,12.0,A,0.43709374548606095,28494.931034482757,12454.956133229065,1,0.4,0.4
1002256,bridge 718,N2,24.0524444,91.1659722,10.45,A,0.4368790826070907,28494.931034482757,12448.839329297145,1,0.4,0.4
1002259,bridge 719,N2,24.0514167,91.1708882,202.55,C,0.4362329053936738,28494.931034482757,12430.426554164776,3,0.4,1.2000000000000002
1002261,bridge 720,N2,24.0462497,91.1772216,4.0,C,0.4358002967709742,28494.931034482757,12418.09940129603,3,0.4,1.2000000000000002
1002266,bridge 721,N2,24.0428052,91.1899441,10.4,A,0.43471239186608246,28494.931034482757,12387.099626059064,1,0.4,0.4
1002268,bridge 722,N2,24.0430552,91.1997774,10.4,A,0.4342746765648687,28494.931034482757,12374.626958738238,1,0.4,0.4
1002270,bridge 723,N2,24.0429997,91.2045,35.01,B,0.4338355022126508,28494.931034482757,12362.112715859677,2,0.4,0.8
1002274,bridge 724,N2,24.0419719,91.2138333,27.03,C,0.4329527763552031,28494.931034482757,12336.959503429349,3,0.4,1.2000000000000002
1002275,bridge 725,N2,24.042083,91.2141667,4.0,A,0.43273118298396357,28494.931034482757,12330.64521559818,1,0.4,0.4
1002280,bridge 726,N2,24.0472219,91.2358608,65.3,A,0.431617744686501,28494.931034482757,12298.917868100832,1,0.4,0.4
1002282,bridge 727,N2,24.0529167,91.2412497,4.0,A,0.4311698160282589,28494.931034482757,12286.154171875854,1,0.4,0.4
1002285,bridge 728,N2,24.0599722,91.2464163,9.3,A,0.43049518732026315,28494.931034482757,12266.930673367635,1,0.4,0.4
1002288,bridge 729,N2,24.0683604,91.2558056,3.5,B,0.42981727574750833,28494.931034482757,12247.613629854508,2,0.4,0.8
1002290,bridge 730,N2,24.0715271,91.2593056,9.0,A,0.42936351088525,28494.931034482757,12234.683631398586,1,0.4,0.4
1002293,bridge 731,N2,24.0803049,91.2687771,3.5,A,0.42868012787123,28494.931034482757,12215.210679543949,1,0.4,0.4
1002295,bridge 732,N2,24.0823604,91.2796938,4.0,A,0.4282227153814616,28494.931034482757,12202.176742193687,1,0.4,0.4
1002297,bridge 733,N2,24.0850552,91.2836941,68.09,C,0.42776384384068916,28494.931034482757,12189.10122928569,3,0.4,1.2000000000000002
1002300,bridge 734,N2,24.094083,91.2896386,3.0,A,0.42707280080889787,28494.931034482757,12169.410005752936,1,0.4,0.4
1002303,bridge 735,N2,24.0995274,91.2936386,19.4,C,0.42637847491234754,28494.931034482757,12149.62523721528,3,0.4,1.2000000000000002
1002305,bridge 736,N2,24.1069722,91.2999441,36.7,C,0.42591376716755885,28494.931034482757,12136.383422076337,3,0.4,1.2000000000000002
1002308,bridge 737,N2,24.1121667,91.3048611,4.0,A,0.42521396982974335,28494.931034482757,12116.442745197168,1,0.4,0.4
1002311,bridge 738,N2,24.1202771,91.3131667,30.0,B,0.4245108896271687,28494.931034482757,12096.408523313094,2,0.4,0.8
1002313,bridge 739,N2,24.1268049,91.3189438,25.0,B,0.4240403456783639,28494.931034482757,12083.000405943209,2,0.4,0.8
1002316,bridge 740,N2,24.1356941,91.3234993,40.7,A,0.4233317940345241,28494.931034482757,12062.810275717624,1,0.4,0.4
1002319,bridge 741,N2,24.1416663,91.326916,22.8,A,0.4226199595259251,28494.931034482757,12042.52660048713,1,0.4,0.4
1002322,bridge 742,N2,24.1448886,91.3366108,2.0,B,0.4219048421525671,28494.931034482757,12022.149380251734,2,0.4,0.8
1002325,bridge 743,N2,24.1471663,91.345083,2.0,A,0.42118644191445,28494.931034482757,12001.67861501143,1,0.4,0.4
1002326,bridge 744,N2,24.1478608,91.3464441,10.6,A,0.42094624564290894,28494.931034482757,11994.834238819129,1,0.4,0.4
1002328,bridge 745,N2,24.1498886,91.3474441,2.0,C,0.3986258657643895,28494.931034482757,11358.816553517261,3,0.4,1.2000000000000002
1002331,bridge 746,N2,24.15425,91.3487774,4.25,A,0.3978341482133191,28494.931034482757,11336.25661650072,1,0.4,0.4
1002332,bridge 747,N2,24.1574167,91.3488608,10.6,A,0.3975695128374603,28494.931034482757,11328.715849716338,1,0.4,0.4
1002334,bridge 748,N2,24.1615,91.3489719,2.0,A,0.39703914779748956,28494.931034482757,11313.603134479272,1,0.4,0.4
1002336,bridge 749,N2,24.1635278,91.3490274,8.2,A,0.3965073237065148,28494.931034482757,11298.44884368447,1,0.4,0.4
1002337,bridge 750,N2,24.1655278,91.3490274,6.4,B,0.39624086451690094,28494.931034482757,11290.856107452919,2,0.4,0.8
1002338,bridge 751,N2,24.1686104,91.3490274,3.1,A,0.395974040564536,28494.931034482757,11283.252977331931,1,0.4,0.4
1002341,bridge 752,N2,24.1727493,91.3490552,4.2,A,0.39517192727506173,28494.931034482757,11260.39681446652,1,0.4,0.4
1002342,bridge 753,N2,24.1748604,91.3490552,1.6,A,0.39490400903444384,28494.931034482757,11252.762502677233,1,0.4,0.4
1002345,bridge 754,N2,24.1853469696,91.3503311376,17.12,A,0.3941004366939655,28494.931034482757,11229.864764254085,1,0.4,0.4
1002347,bridge 755,N2,24.191083,91.3505278,6.22,A,0.39356460021272965,28494.931034482757,11214.596140675509,1,0.4,0.4
1002348,bridge 756,N2,24.1941386,91.3505278,3.5,A,0.3932963172093607,28494.931034482757,11206.951434996787,1,0.4,0.4
1002350,bridge 757,N2,24.1985274,91.351,7.8,A,0.39275865691436973,28494.931034482757,11191.63084197104,1,0.4,0.4
1002352,bridge 758,N2,24.2041389,91.3519167,2.0,A,0.3922200847125013,28494.931034482757,11176.28426422171,1,0.4,0.4
1002354,bridge 759,N2,24.2078056,91.3539722,29.5,A,0.3916807829851308,28494.931034482757,11160.91689869351,1,0.4,0.4
1002356,bridge 760,N2,24.2108333,91.3560278,3.3,A,0.3911412988763848,28494.931034482757,11145.544336220593,1,0.4,0.4
1002359,bridge 761,N2,24.2141944,91.3586389,6.3,A,0.3903298841367598,28494.931034482757,11122.423129174615,1,0.4,0.4
1002360,bridge 762,N2,24.2185827,91.36275,4.3,A,0.39005868303138275,28494.931034482757,11114.69527238042,1,0.4,0.4
1002361,bridge 763,N2,24.2197493,91.3635833,6.6,A,0.3897871171632547,28494.931034482757,11106.957021696793,1,0.4,0.4
1002362,bridge 764,N2,24.2212771,91.36425,5.3,A,0.3895151865323756,28494.931034482757,11099.20837712373,1,0.4,0.4
1002364,bridge 765,N2,24.223166,91.3647222,8.1,A,0.38897023098236444,28494.931034482757,11083.679906309302,1,0.4,0.4
1002365,bridge 766,N2,24.2256382,91.3645278,2.0,A,0.3886972060632323,28494.931034482757,11075.900080067939,1,0.4,0.4
1002366,bridge 767,N2,24.2295549,91.3664722,6.6,A,0.38842381638134926,28494.931034482757,11068.109859937142,1,0.4,0.4
1002367,bridge 768,N2,24.2300827,91.3666111,4.3,A,0.38815006193671514,28494.931034482757,11060.30924591691,1,0.4,0.4
1002369,bridge 769,N2,24.231166,91.3669716,2.0,A,0.38760145875919383,28494.931034482757,11044.67683620814,1,0.4,0.4
1002370,bridge 770,N2,24.2349163,91.3679438,1.5,A,0.3873266100263067,28494.931034482757,11036.845040519607,1,0.4,0.4
1002371,bridge 771,N2,24.2358608,91.3680827,1.5,A,0.3870513965306685,28494.931034482757,11029.002850941637,1,0.4,0.4
1002373,bridge 772,N2,24.239871780645164,91.36895125558311,1.5,A,0.38649987525113916,28494.931034482757,11013.2872901174,1,0.4,0.4
1002374,bridge 773,N2,24.2424997,91.369666,6.6,A,0.38622356746724795,28494.931034482757,11005.413918871129,1,0.4,0.4
1002376,bridge 774,N2,24.2477774,91.3712771,1.5,A,0.38567040475533904,28494.931034482757,10989.651585544436,1,0.4,0.4
1002377,bridge 775,N2,24.2506111,91.3726104,3.3,A,0.3853933674459458,28494.931034482757,10981.757426519298,1,0.4,0.4
1002378,bridge 776,N2,24.25325,91.3741382,3.3,A,0.38511596537380155,28494.931034482757,10973.852873604725,1,0.4,0.4
1002380,bridge 777,N2,24.2558889,91.3763049,1.5,A,0.3845617083736396,28494.931034482757,10958.059358609731,1,0.4,0.4
1002381,bridge 778,N2,24.2585833,91.3780827,4.3,A,0.3842843063014954,28494.931034482757,10950.15480569516,1,0.4,0.4
1002382,bridge 779,N2,24.2609444,91.3794716,3.0,A,0.3840065394666001,28494.931034482757,10942.239858891151,1,0.4,0.4
1002383,bridge 780,N2,24.2620833,91.3801382,4.2,B,0.3837284078689539,28494.931034482757,10934.314518197712,2,0.4,0.8
1002385,bridge 781,N2,24.2655278,91.3821382,2.6,B,0.38317214467366134,28494.931034482757,10918.46383681083,2,0.4,0.8
1002386,bridge 782,N2,24.2675549,91.3830827,2.0,A,0.3828936483132641,28494.931034482757,10910.528102227956,1,0.4,0.4
1002388,bridge 783,N2,24.2712493,91.3869719,4.3,A,0.38233665559246954,28494.931034482757,10894.656633062206,1,0.4,0.4
1002389,bridge 784,N2,24.2710271,91.3923052,1.7,A,0.38205779446932125,28494.931034482757,10886.710504589897,1,0.4,0.4
1002390,bridge 785,N2,24.2714716,91.3932219,2.0,A,0.38177856858342196,28494.931034482757,10878.753982228154,1,0.4,0.4
1002392,bridge 786,N2,24.2721938,91.3949441,83.3,A,0.38121956966749687,28494.931034482757,10862.825346670517,1,0.4,0.4
1002394,bridge 787,N2,24.2762771,91.4039167,2.6,A,0.3806620298025758,28494.931034482757,10846.938286670616,1,0.4,0.4
1002395,bridge 788,N2,24.2768882,91.4046111,2.6,A,0.3803831686794275,28494.931034482757,10838.992158198309,1,0.4,0.4
1002396,bridge 789,N2,24.278416,91.4077222,2.5,A,0.3801039427935282,28494.931034482757,10831.035635836566,1,0.4,0.4
1002400,bridge 790,N2,24.2819993,91.4183049,2.6,A,0.37898558019892703,28494.931034482757,10799.16797083186,1,0.4,0.4
1002405,bridge 791,N2,24.2799993,91.436083,12.5,A,0.3775847088536674,28494.931034482757,10759.250238460503,1,0.4,0.4
1002407,bridge 792,N2,24.2759438,91.4445274,2.6,A,0.37702406850536274,28494.931034482757,10743.274830400414,1,0.4,0.4
1002409,bridge 793,N2,24.272416,91.4478608,2.6,A,0.3764639753011846,28494.931034482757,10727.315013174475,1,0.4,0.4
1002410,bridge 794,N2,24.2691382,91.4509722,2.1,A,0.3761836551270323,28494.931034482757,10719.32730914443,1,0.4,0.4
1002413,bridge 795,N2,24.2665556,91.4595833,2.1,A,0.3753423298418243,28494.931034482757,10695.353803164862,1,0.4,0.4
1002416,bridge 796,N2,24.2671382,91.4706382,1.6,A,0.37449991026836327,28494.931034482757,10671.349115516992,1,0.4,0.4
1002428,bridge 797,N2,24.2861663,91.4980552,12.6,C,0.3677596417737975,28494.931034482757,10479.285629610444,3,0.4,1.2000000000000002
1002431,bridge 798,N2,24.2908052,91.5055278,2.0,A,0.3668256667498326,28494.931034482757,10452.672075714634,1,0.4,0.4
1002434,bridge 799,N2,24.2978886,91.5111944,1.5,A,0.24532593010853881,28494.931034482757,6990.545459413151,1,0.4,0.4
1002435,bridge 800,N2,24.3004444,91.5119444,17.2,A,0.24491210676751626,28494.931034482757,6978.7535918502535,1,0.4,0.4
1002438,bridge 801,N2,24.3055556,91.5169438,2.0,A,0.24367027198169766,28494.931034482757,6943.3675952721305,1,0.4,0.4
1002439,bridge 802,N2,24.3075278,91.518166,1.5,A,0.2432557191151731,28494.931034482757,6931.554939930366,1,0.4,0.4
1002441,bridge 803,N2,24.313,91.522416,6.3,A,0.24242606623799748,28494.931034482757,6907.914038412687,1,0.4,0.4
1002443,bridge 804,N2,24.3183604,91.5276382,41.0,A,0.2415978724118259,28494.931034482757,6884.314712452743,1,0.4,0.4
1002447,bridge 805,N2,24.3271104,91.5321938,8.0,A,0.23994403809873982,28494.931034482757,6837.188817758894,1,0.4,0.4
1002449,bridge 806,N2,24.3336663,91.5334997,1.3,A,0.23911584427256824,28494.931034482757,6813.589491798951,1,0.4,0.4
1002450,bridge 807,N2,24.3367497,91.5336108,1.3,A,0.23870147378741918,28494.931034482757,6801.782033401903,1,0.4,0.4
1002451,bridge 808,N2,24.3379163,91.5337774,4.2,A,0.23828692092089462,28494.931034482757,6789.969378060139,1,0.4,0.4
1002452,bridge 809,N2,24.340333,91.5342497,10.6,A,0.23787200329161906,28494.931034482757,6778.146328828941,1,0.4,0.4
1002454,bridge 810,N2,24.3429719,91.5348052,3.0,A,0.2370410737448149,28494.931034482757,6754.469048698242,1,0.4,0.4
1002455,bridge 811,N2,24.3459719,91.535333,2.5,A,0.2366250618272863,28494.931034482757,6742.614817798742,1,0.4,0.4
1002458,bridge 812,N2,24.3535,91.5379441,58.5,B,0.23537775560020252,28494.931034482757,6707.072912879108,2,0.4,0.8
1002460,bridge 813,N2,24.3551111,91.5398608,3.0,A,0.2345453670023943,28494.931034482757,6683.354057190673,1,0.4,0.4
1002462,bridge 814,N2,24.363,91.5421663,3.0,A,0.23371206649770856,28494.931034482757,6659.609216778654,1,0.4,0.4
1002464,bridge 815,N2,24.3682216,91.544583,19.0,A,0.23287858361164732,28494.931034482757,6635.859179421916,1,0.4,0.4
1002468,bridge 816,N2,24.3774993,91.5491941,3.0,A,0.23128949468686577,28494.931034482757,6590.578200102606,1,0.4,0.4
1002469,bridge 817,N2,24.3819716,91.5513889,13.7,B,0.23092382002897674,28494.931034482757,6580.158325945,2,0.4,0.8
1002472,bridge 818,N2,24.3902523321393,91.55708278676616,2.6,A,0.22982460747880365,28494.931034482757,6548.83634013558,1,0.4,0.4
1002474,bridge 819,N2,24.3926941,91.5587222,7.9,A,0.22909161673064604,28494.931034482757,6527.949819317915,1,0.4,0.4
1002475,bridge 820,N2,24.3959163,91.5608333,5.2,A,0.228724847784504,28494.931034482757,6517.498763492008,1,0.4,0.4
1002476,bridge 821,N2,24.3974163,91.5618333,5.4,A,0.22835771407561095,28494.931034482757,6507.037313776666,1,0.4,0.4
1002478,bridge 822,N2,24.3998052,91.5635556,2.0,A,0.2276223523695718,28494.931034482757,6486.083232677681,1,0.4,0.4
1002479,bridge 823,N2,24.4034167,91.5644444,19.5,A,0.22725412437242568,28494.931034482757,6475.590601294037,1,0.4,0.4
1002481,bridge 824,N2,24.4061944,91.5648889,1.5,C,0.22651821552226,28494.931034482757,6454.620929360901,3,0.4,1.2000000000000002
1002483,bridge 825,N2,24.4076111,91.5649167,2.6,A,0.2257813947652168,28494.931034482757,6433.625272704179,1,0.4,0.4
1002484,bridge 826,N2,24.4100556,91.5649722,5.0,A,0.22541243724256868,28494.931034482757,6423.111853541667,1,0.4,0.4
1002486,bridge 827,N2,24.4166389,91.5661111,10.6,A,0.2246788993502846,28494.931034482757,6402.209741889852,1,0.4,0.4
1002488,bridge 828,N2,24.4207216,91.5672493,4.0,A,0.2239457262207515,28494.931034482757,6381.318024127471,1,0.4,0.4
1002489,bridge 829,N2,24.4220827,91.5675549,2.0,A,0.22357859251185844,28494.931034482757,6370.856574412129,1,0.4,0.4
1002490,bridge 830,N2,24.4243327,91.5680271,3.8,A,0.22321109404021436,28494.931034482757,6360.384730807354,1,0.4,0.4
1002492,bridge 831,N2,24.4260827,91.5682493,1.5,A,0.2224750028086732,28494.931034482757,6339.4098619295,1,0.4,0.4
1002493,bridge 832,N2,24.426416,91.5682493,1.5,A,0.22210641004877607,28494.931034482757,6328.9068366564225,1,0.4,0.4
1002494,bridge 833,N2,24.4274716,91.5681938,1.5,A,0.22173745252612795,28494.931034482757,6318.39341749391,1,0.4,0.4
1002495,bridge 834,N2,24.4288882,91.5679438,5.3,A,0.22136813024072882,28494.931034482757,6307.869604441965,1,0.4,0.4
1002498,bridge 835,N2,24.4338608,91.5688327,6.2,A,0.2202594338590294,28494.931034482757,6276.277377507259,1,0.4,0.4
1002499,bridge 836,N2,24.4387774,91.5692216,14.8,A,0.21988938204812825,28494.931034482757,6265.732776676446,1,0.4,0.4
1002501,bridge 837,N2,24.4392774,91.5692771,3.0,A,0.21914873128219944,28494.931034482757,6244.627984180667,1,0.4,0.4
1002504,bridge 838,N2,24.4449997,91.5705549,19.5,B,0.21803529298473687,28494.931034482757,6212.900636683319,2,0.4,0.8
1002506,bridge 839,N2,24.4462497,91.570916,2.0,A,0.21729117697267344,28494.931034482757,6191.6971022379175,1,0.4,0.4
1002507,bridge 840,N2,24.4476941,91.5713049,4.3,A,0.2169185718225152,28494.931034482757,6181.0797441810655,1,0.4,0.4
1002509,bridge 841,N2,24.4527222,91.5719993,4.5,A,0.2161728143780722,28494.931034482757,6159.82943723321,1,0.4,0.4
1002510,bridge 842,N2,24.45314813333333,91.5720456,4.5,C,0.21579947970241195,28494.931034482757,6149.19129139749,3,0.4,1.2000000000000002
1002511,bridge 843,N2,24.4552778,91.5722771,2.06,A,0.2154257802640007,28494.931034482757,6138.542751672337,1,0.4,0.4
1002512,bridge 844,N2,24.4568333,91.5723882,6.12,A,0.2150517160628384,28494.931034482757,6127.883818057748,1,0.4,0.4
1002513,bridge 845,N2,24.4591944,91.5725271,3.5,A,0.2146772870989251,28494.931034482757,6117.214490553726,1,0.4,0.4
1002515,bridge 846,N2,24.4605833,91.5744716,7.4,A,0.2139273348828455,28494.931034482757,6095.84465387738,1,0.4,0.4
1002516,bridge 847,N2,24.4636389,91.5733049,3.5,A,0.21355181163067918,28494.931034482757,6085.1441447050565,1,0.4,0.4
1002517,bridge 848,N2,24.4645,91.573416,51.5,B,0.21317592361576185,28494.931034482757,6074.433241643298,2,0.4,0.8
1002521,bridge 849,N2,24.4732216,91.5743049,21.5,B,0.21167127726783946,28494.931034482757,6031.5584477279635,2,0.4,0.8
1002523,bridge 850,N2,24.4752493,91.574916,6.2,A,0.2109169478987477,28494.931034482757,6010.063884378409,1,0.4,0.4
1002525,bridge 851,N2,24.4798327,91.5762771,5.1,A,0.21016280091103146,28494.931034482757,5988.574517973571,1,0.4,0.4
1002526,bridge 852,N2,24.4821938,91.5769993,2.0,A,0.20978545384511008,28494.931034482757,5977.822039354077,1,0.4,0.4
1002527,bridge 853,N2,24.4842774,91.577666,1.5,A,0.20940774201643766,28494.931034482757,5967.059166845149,1,0.4,0.4
1002528,bridge 854,N2,24.4852774,91.5779716,2.6,A,0.20902966542501425,28494.931034482757,5956.2859004467855,1,0.4,0.4
1002529,bridge 855,N2,24.4862774,91.5782771,2.0,A,0.20865122407083986,28494.931034482757,5945.50224015899,1,0.4,0.4
1002531,bridge 856,N2,24.4872219,91.5784993,1.0,A,0.20789379421836449,28494.931034482757,5923.919328749246,1,0.4,0.4
1002532,bridge 857,N2,24.487583,91.5786104,1.5,A,0.20751462333868806,28494.931034482757,5913.114880682582,1,0.4,0.4
1002533,bridge 858,N2,24.4913886,91.5799716,24.0,B,0.2071350876962606,28494.931034482757,5902.300038726484,2,0.4,0.8
1002535,bridge 859,N2,24.4930274,91.580416,6.5,A,0.20637492212315267,28494.931034482757,5880.639173145985,1,0.4,0.4
1002536,bridge 860,N2,24.4934719,91.5804716,2.0,A,0.20599429219247217,28494.931034482757,5869.793149521584,1,0.4,0.4
1002537,bridge 861,N2,24.4939997,91.5805827,2.0,A,0.20561329749904067,28494.931034482757,5858.93673200775,1,0.4,0.4
1002538,bridge 862,N2,24.4946941,91.5807216,2.0,A,0.20523193804285816,28494.931034482757,5848.069920604482,1,0.4,0.4
1002539,bridge 863,N2,24.4951108,91.5808327,2.0,A,0.20485021382392465,28494.931034482757,5837.1927153117795,1,0.4,0.4
1002541,bridge 864,N2,24.4961663,91.5811104,2.5,A,0.20408567109780457,28494.931034482757,5815.407123058072,1,0.4,0.4
1002542,bridge 865,N2,24.4969441,91.5815827,6.3,A,0.20370285259061802,28494.931034482757,5804.498736097067,1,0.4,0.4
1002543,bridge 866,N2,24.4979997,91.5825827,2.6,A,0.20331966932068044,28494.931034482757,5793.579955246629,1,0.4,0.4
1002544,bridge 867,N2,24.4983052,91.5827771,2.6,A,0.20293612128799188,28494.931034482757,5782.650780506757,1,0.4,0.4
1002545,bridge 868,N2,24.4987219,91.5830271,2.6,A,0.2025522084925523,28494.931034482757,5771.71121187745,1,0.4,0.4
1002546,bridge 869,N2,24.4996941,91.5833608,2.0,A,0.20216793093436167,28494.931034482757,5760.7612493587085,1,0.4,0.4
1002549,bridge 870,N2,24.5055556,91.5848886,7.6,A,0.20101528064116536,28494.931034482757,5727.916558747203,1,0.4,0.4
1002550,bridge 871,N2,24.50625,91.5849719,2.0,A,0.20063063832022376,28494.931034482757,5716.95620233903,1,0.4,0.4
1002551,bridge 872,N2,24.5074444,91.5852219,2.0,A,0.20024563123653114,28494.931034482757,5705.985452041421,1,0.4,0.4
1002552,bridge 873,N2,24.5086944,91.5851663,6.3,A,0.1998602593900875,28494.931034482757,5695.004307854379,1,0.4,0.4
1002553,bridge 874,N2,24.5117778,91.5853052,7.5,B,0.19947452278089287,28494.931034482757,5684.012769777902,2,0.4,0.8
1002555,bridge 875,N2,24.5159167,91.5867497,9.6,A,0.19870195527425052,28494.931034482757,5661.998511956646,1,0.4,0.4
1002556,bridge 876,N2,24.5195271,91.5891941,3.0,A,0.19831512437680285,28494.931034482757,5650.975792211868,1,0.4,0.4
1002558,bridge 877,N2,24.5213049,91.5895552,4.0,A,0.19754036829365443,28494.931034482757,5628.899171054008,1,0.4,0.4
1002559,bridge 878,N2,24.5214438,91.589583,1.0,A,0.1971524431079537,28494.931034482757,5617.845269640927,1,0.4,0.4
1002560,bridge 879,N2,24.5234438,91.5903052,1.0,A,0.196764153159502,28494.931034482757,5606.780974338411,1,0.4,0.4
1002564,bridge 880,N2,24.5289993,91.5954163,2.5,A,0.19520953431469104,28494.931034482757,5562.482217570617,1,0.4,0.4
1002565,bridge 881,N2,24.5333886,91.5982219,4.3,A,0.19482015007798628,28494.931034482757,5551.3867405998,1,0.4,0.4
1002566,bridge 882,N2,24.5347497,91.5991663,1.8,A,0.1944304010785305,28494.931034482757,5540.2808697395485,1,0.4,0.4
1002567,bridge 883,N2,24.5356663,91.6000833,3.2,A,0.19404028731632372,28494.931034482757,5529.164604989864,1,0.4,0.4
1002569,bridge 884,N2,24.5363052,91.6007222,2.0,A,0.19325896550365712,28494.931034482757,5506.900893822192,1,0.4,0.4
1002570,bridge 885,N2,24.5372497,91.6016389,1.5,A,0.19286775745319729,28494.931034482757,5495.753447404204,1,0.4,0.4
1002571,bridge 886,N2,24.5386941,91.6030556,1.5,A,0.19247618463998645,28494.931034482757,5484.595607096783,1,0.4,0.4
1002572,bridge 887,N2,24.5398608,91.6040556,1.5,A,0.1920842470640246,28494.931034482757,5473.427372899928,1,0.4,0.4
1002573,bridge 888,N2,24.5417219,91.6045278,6.4,A,0.19169194472531176,28494.931034482757,5462.248744813639,1,0.4,0.4
1002576,bridge 889,N2,24.5443052,91.6049722,7.0,A,0.19051284913266714,28494.931034482757,5428.650497218168,1,0.4,0.4
1002577,bridge 890,N2,24.5477774,91.6054722,44.3,C,0.19011908774295022,28494.931034482757,5417.4302935741425,3,0.4,1.2000000000000002
1002580,bridge 891,N2,24.5513056,91.6055278,1.5,A,0.18893780357379952,28494.931034482757,5383.769682642067,1,0.4,0.4
1002581,bridge 892,N2,24.5525833,91.6053333,1.5,A,0.18854404218408263,28494.931034482757,5372.549478998042,1,0.4,0.4
1002587,bridge 893,N2,24.5628333,91.60275,2.0,A,0.18618202098990774,28494.931034482757,5305.243847968042,1,0.4,0.4
1002588,bridge 894,N2,24.5661667,91.6028333,22.0,A,0.18578898912569286,28494.931034482757,5294.044432102885,1,0.4,0.4
1002591,bridge 895,N2,24.570756351898737,91.602838578481,14.0,B,0.1846087992447952,28494.931034482757,5260.415002839111,2,0.4,0.8
1002593,bridge 896,N2,24.5755549,91.6009167,2.0,A,0.1838209117026104,28494.931034482757,5237.964201661627,1,0.4,0.4
1002595,bridge 897,N2,24.5805827,91.597833,35.5,A,0.18303211225354804,28494.931034482757,5215.487415760558,1,0.4,0.4
1002597,bridge 898,N2,24.5827771,91.5989719,3.0,A,0.18224203613485718,28494.931034482757,5192.97425124647,1,0.4,0.4
1002598,bridge 899,N2,24.5848052,91.5996663,34.9,A,0.1818464509313852,28494.931034482757,5181.702078155275,1,0.4,0.4
1002601,bridge 900,N2,24.5875274,91.6005833,2.0,A,0.1806586010327163,28494.931034482757,5147.854377213386,1,0.4,0.4
1002602,bridge 901,N2,24.5896663,91.6013056,6.03,A,0.18026228630374233,28494.931034482757,5136.561416343324,1,0.4,0.4
1002604,bridge 902,N2,24.5927774,91.6023056,2.0,A,0.17946856255754132,28494.931034482757,5113.944312934894,1,0.4,0.4
1002606,bridge 903,N2,24.5952774,91.6047222,1.5,A,0.17867611548096887,28494.931034482757,5091.363588139485,1,0.4,0.4
1002608,bridge 904,N2,24.5962774,91.6113889,1.5,A,0.1778831212602699,28494.931034482757,5068.767272509924,1,0.4,0.4
1002610,bridge 905,N2,24.6011944,91.6156111,73.0,A,0.1770892151326934,28494.931034482757,5046.144972156779,1,0.4,0.4
1002612,bridge 906,N2,24.6041111,91.6177771,3.0,A,0.17629403233548835,28494.931034482757,5023.486293190614,1,0.4,0.4
1002615,bridge 907,N2,24.6071389,91.6216104,3.0,A,0.1750985224190482,28494.931034482757,4989.420320570611,1,0.4,0.4
1002617,bridge 908,N2,24.6105556,91.6265549,2.0,A,0.17430078628258608,28494.931034482757,4966.688884378408,1,0.4,0.4
1002618,bridge 909,N2,24.6112778,91.627666,7.2,A,0.17390155345160402,28494.931034482757,4955.312772392874,1,0.4,0.4
1002619,bridge 910,N2,24.6123611,91.629416,4.0,A,0.17350195585787093,28494.931034482757,4943.926266517904,1,0.4,0.4
1002620,bridge 911,N2,24.6134167,91.6312493,60.4,B,0.17310199350138683,28494.931034482757,4932.5293667535,2,0.4,0.8
1002625,bridge 912,N2,24.6128889,91.644333,15.0,A,0.17109981076108477,28494.931034482757,4875.4773076501615,1,0.4,0.4
1002627,bridge 913,N2,24.6143611,91.6514167,9.3,A,0.17029787985298603,28494.931034482757,4852.626341729468,1,0.4,0.4
1002629,bridge 914,N2,24.6169438,91.66,30.0,B,0.16949485465663422,28494.931034482757,4829.74419414047,2,0.4,0.8
1002632,bridge 915,N2,24.6238604,91.6702771,16.75,A,0.16828840185766375,28494.931034482757,4795.3664048374485,1,0.4,0.4
1002636,bridge 916,N2,24.6264993,91.6774993,4.0,A,0.16667560335406645,28494.931034482757,4749.409822704926,1,0.4,0.4
1002638,bridge 917,N2,24.6293604,91.6791382,282.35,D,0.14468278042595534,28494.931034482757,4122.725850114809,4,0.4,1.6
1002643,bridge 918,N2,24.6432219,91.6919997,25.4,A,0.1422043999142078,28494.931034482757,4052.104568355357,1,0.4,0.4
1002648,bridge 919,N2,24.6571944,91.7077778,2.0,A,0.13973276751335398,28494.931034482757,3981.6755735504344,1,0.4,0.4
1002650,bridge 920,N2,24.6634444,91.7116389,62.5,C,0.13875210285725958,28494.931034482757,3953.7316018070696,3,0.4,1.2000000000000002
1002653,bridge 921,N2,24.6712216,91.7153611,22.0,A,0.13728739803057297,28494.931034482757,3911.9949387847605,1,0.4,0.4
1002657,bridge 922,N2,24.6801104,91.7229993,3.0,A,0.1353485016275714,28494.931034482757,3856.746219498224,1,0.4,0.4
1002658,bridge 923,N2,24.6803049,91.7231104,24.7,A,0.13486464383835467,28494.931034482757,3842.9587251639964,1,0.4,0.4
1002661,bridge 924,N2,24.6864441,91.7243604,24.5,A,0.13341452952170849,28494.931034482757,3801.6378177190472,1,0.4,0.4
1002663,bridge 925,N2,24.6887774,91.7246938,3.0,A,0.132446449180524,28494.931034482757,3774.052435161157,1,0.4,0.4
1002666,bridge 926,N2,24.6971663,91.7270549,2.5,A,0.1309979762962574,28494.931034482757,3732.7783002186616,1,0.4,0.4
1002667,bridge 927,N2,24.7032222,91.7297493,2.0,A,0.13051484803254268,28494.931034482757,3719.011593663301,1,0.4,0.4
1002670,bridge 928,N2,24.7098056,91.7382497,8.2,A,0.12906984039441066,28494.931034482757,3677.8362006704288,1,0.4,0.4
1002673,bridge 929,N2,24.722916,91.7530556,3.0,A,0.12763668754568652,28494.931034482757,3636.9986090841617,1,0.4,0.4
1002677,bridge 930,N2,24.7322493,91.7669438,7.2,A,0.12572678978139037,28494.931034482757,3582.57620400763,1,0.4,0.4
1002679,bridge 931,N2,24.7350274,91.7702216,2.0,A,0.12477038184823827,28494.931034482757,3555.323425911629,1,0.4,0.4
1002683,bridge 932,N2,24.7486386,91.7795271,2.0,A,0.12285683645643201,28494.931034482757,3500.7970819407574,1,0.4,0.4
1002686,bridge 933,N2,24.7605,91.7838886,1.5,A,0.1214213126498263,28494.931034482757,3459.891930073169,1,0.4,0.4
1002688,bridge 934,N2,24.766159415752213,91.78328384619468,2.0,A,0.12046490471667418,28494.931034482757,3432.6391519771673,1,0.4,0.4
1002689,bridge 935,N2,24.7686104,91.782916,1.5,A,0.11998651836872262,28494.931034482757,3419.0075659844497,1,0.4,0.4
1002693,bridge 936,N2,24.7847219,91.7849719,2.0,A,0.11807789727405502,28494.931034482757,3364.6215395209374,1,0.4,0.4
1002694,bridge 937,N2,24.7890552,91.7876386,2.0,A,0.11760096997710749,28494.931034482757,3351.0315290859553,1,0.4,0.4
1002696,bridge 938,N2,24.7915274,91.7891108,2.0,A,0.11664602109495942,28494.931034482757,3323.8203265476895,1,0.4,0.4
1002697,bridge 939,N2,24.7961386,91.7895274,2.0,A,0.11616799950975887,28494.931034482757,3310.199134444406,1,0.4,0.4
1002699,bridge 940,N2,24.8055,91.7906663,12.4,C,0.11521086205110471,28494.931034482757,3282.9255685695357,3,0.4,1.2000000000000002
1002701,bridge 941,N2,24.8075833,91.7912774,2.5,A,0.11425390697382608,28494.931034482757,3255.6571996393827,1,0.4,0.4
1002702,bridge 942,N2,24.8107222,91.7920274,2.5,A,0.1137751558631235,28494.931034482757,3242.0152197572306,1,0.4,0.4
1002707,bridge 943,N2,24.8267216,91.813,2.5,A,0.11138632460674928,28494.931034482757,3173.9456378538307,1,0.4,0.4
1002710,bridge 944,N2,24.8363052,91.8203327,11.8,B,0.1099610141571719,28494.931034482757,3133.3315148903953,2,0.4,0.8
1002714,bridge 945,N2,24.8484997,91.8255271,3.0,B,0.10806388308916115,28494.931034482757,3079.2728959440547,2,0.4,0.8
1002717,bridge 946,N2,24.8584167,91.8384719,12.2,B,0.10670295326513729,28494.931034482757,3040.493294465724,2,0.4,0.8
1002719,bridge 947,N2,24.85925,91.8412497,3.0,A,0.10580344832114297,28494.931034482757,3014.861963121429,1,0.4,0.4
1002720,bridge 948,N2,24.86075,91.8460552,3.0,A,0.10535314870501929,28494.931034482757,3002.030706615131,1,0.4,0.4
1002724,bridge 949,N2,24.8635278,91.8519444,40.8,A,0.10354957928264298,28494.931034482757,2950.638120308616,1,0.4,0.4
1002729,bridge 950,N2,24.870416,91.8655,1.5,A,0.10130446455016728,28494.931034482757,2886.66373084222,1,0.4,0.4
1002731,bridge 951,N2,24.8740271,91.8677493,7.0,B,0.10040495960617295,28494.931034482757,2861.0323994979253,2,0.4,0.8
1002734,bridge 952,N2,24.8772216,91.8737216,21.0,A,0.09905479028330394,28494.931034482757,2822.5594177578987,1,0.4,0.4
1002737,bridge 953,N2,24.878666,91.8771382,9.5,A,0.0908864756185282,28494.931034482757,2589.8038547171595,1,0.4,0.4
1002739,bridge 954,N2,24.8827493,91.8796938,298.2,B,0.08979291689099576,28494.931034482757,2558.642974193966,2,0.4,0.8
1002741,bridge 955,N2,24.8874719,91.8804993,9.1,A,0.08869789911245927,28494.931034482757,2527.4405181130364,1,0.4,0.4
1002744,bridge 956,N2,24.8929997,91.8783049,4.4,A,0.08705263672402196,28494.931034482757,2480.5588798208864,1,0.4,0.4
1002745,bridge 957,N2,24.8937497,91.878416,3.0,A,0.08650348640237417,28494.931034482757,2464.910879277969,1,0.4,0.4
1002746,bridge 958,N2,24.8951663,91.880166,2.0,A,0.08595397131797536,28494.931034482757,2449.252484845617,1,0.4,0.4
1002747,bridge 959,N2,24.8953052,91.8822493,8.5,A,0.08540409147082555,28494.931034482757,2433.583696523831,1,0.4,0.4
1002752,bridge 960,N2,24.8951941,91.897833,2.0,A,0.08264922079381129,28494.931034482757,2355.083846573391,1,0.4,0.4
1002753,bridge 961,N2,24.8966108,91.9039444,6.1,B,0.0820971523701554,28494.931034482757,2339.352694915001,2,0.4,0.8
1002755,bridge 962,N2,24.9005,91.9141667,2.0,A,0.08099192123459059,28494.931034482757,2307.8592099299185,1,0.4,0.4
1002758,bridge 963,N2,24.9068333,91.9244993,11.85,C,0.0793313388106108,28494.931034482757,2260.54102828154,3,0.4,1.2000000000000002
1002761,bridge 964,N2,24.9132778,91.9366108,11.7,A,0.07766747352187191,28494.931034482757,2213.1293016282557,1,0.4,0.4
1002764,bridge 965,N2,24.9152222,91.947833,15.0,C,0.07600032536837391,28494.931034482757,2165.624029970065,3,0.4,1.2000000000000002
1002766,bridge 966,N2,24.9157778,91.9473608,3.0,A,0.07488706945228685,28494.931034482757,2133.901879417434,1,0.4,0.4
1002768,bridge 967,N2,24.9163056,91.949583,3.0,A,0.07377235448519574,28494.931034482757,2102.1381533070676,1,0.4,0.4
1002770,bridge 968,N2,24.9197493,91.9585278,14.4,A,0.0726561804671006,28494.931034482757,2070.3328516389647,1,0.4,0.4
1002773,bridge 969,N2,24.9294438,91.9708327,12.45,B,0.07097918371932528,28494.931034482757,2022.5469449660552,2,0.4,0.8
1002775,bridge 970,N2,24.9305827,91.9725549,3.0,A,0.06985936207372001,28494.931034482757,1990.6377044036121,1,0.4,0.4
1002777,bridge 971,N2,24.9342219,91.9789716,3.0,A,0.0687380813771107,28494.931034482757,1958.6868882834328,1,0.4,0.4
1002779,bridge 972,N2,24.9367497,91.9838886,6.0,A,0.06761534162949734,28494.931034482757,1926.6944966055175,1,0.4,0.4
1002780,bridge 973,N2,24.9368052,91.9840274,9.25,A,0.06705342461156415,28494.931034482757,1910.6827099324091,1,0.4,0.4
1002784,bridge 974,N2,24.9488608,92.0035833,3.0,A,0.06480210891232124,28494.931034482757,1846.5316243456343,1,0.4,0.4
1002786,bridge 975,N2,24.9518611,92.0073333,9.25,A,0.06367426248619373,28494.931034482757,1814.393718215643,1,0.4,0.4
1002788,bridge 976,N2,24.9565278,92.0110278,3.9,A,0.06254495700906217,28494.931034482757,1782.2142365279153,1,0.4,0.4
1002790,bridge 977,N2,24.9580556,92.0120278,6.5,A,0.061414192480926555,28494.931034482757,1749.9931792824516,1,0.4,0.4
1002793,bridge 978,N2,24.9645278,92.024166,9.0,A,0.05971530996809055,28494.931034482757,1701.583639243501,1,0.4,0.4
1002795,bridge 979,N2,24.972666,92.0328327,6.85,A,0.058580897812444827,28494.931034482757,1669.258643103697,1,0.4,0.4
1002797,bridge 980,N2,24.9750271,92.0346663,3.0,A,0.057445026605795056,28494.931034482757,1636.8920714061571,1,0.4,0.4
1002799,bridge 981,N2,24.9832216,92.037833,4.5,A,0.05630769634814124,28494.931034482757,1604.4839241508812,1,0.4,0.4
1002801,bridge 982,N2,24.989583,92.0422497,90.8,A,0.05516890703948338,28494.931034482757,1572.0342013378693,1,0.4,0.4
1002804,bridge 983,N2,25.0015833,92.0479719,83.1,B,0.053457987355863996,28494.931034482757,1523.2816629475958,2,0.4,0.8
1002808,bridge 984,N2,25.0141111,92.0612778,36.3,B,0.051171654432524,28494.931034482757,1458.1327639751553,2,0.4,0.8
1002812,bridge 985,N2,25.0290827,92.0718327,36.0,C,0.048879485305167815,28494.931034482757,1392.8175627717703,3,0.4,1.2000000000000002
1002815,bridge 986,N2,25.0372497,92.0833886,55.5,B,0.04715652845076505,28494.931034482757,1343.7220260301742,2,0.4,0.8
1002819,bridge 987,N2,25.0478886,92.0959441,12.4,A,0.04485414596638055,28494.931034482757,1278.1157959226366,1,0.4,0.4
1002821,bridge 988,N2,25.05306973636364,92.1016686348485,6.1,A,0.04370076614768222,28494.931034482757,1245.2503175322636,1,0.4,0.4
1002822,bridge 989,N2,25.0551111,92.1038889,9.1,A,0.043123529094206546,28494.931034482757,1228.8019875029263,1,0.4,0.4
1002824,bridge 990,N2,25.0588056,92.1061389,9.1,A,0.04196796069900215,28494.931034482757,1195.874145775949,1,0.4,0.4
1002827,bridge 991,N2,25.0675549,92.1106389,21.75,B,0.04023187238556298,28494.931034482757,1146.4044290147283,2,0.4,0.8
1002831,bridge 992,N2,25.0829438,92.1154722,21.4,A,0.037911981289129926,28494.931034482757,1080.2992922143578,1,0.4,0.4
1002835,bridge 993,N2,25.092083,92.1178604,190.5,B,0.035586253988680684,28494.931034482757,1014.027853183043,2,0.4,0.8
1002838,bridge 994,N2,25.1030278,92.1184438,26.0,B,0.03383812850445813,28494.931034482757,964.2151380704996,2,0.4,0.8
1002842,bridge 995,N2,25.1252493,92.1163611,87.5,A,0.03150218784698057,28494.931034482757,897.6526701350322,1,0.4,0.4
1002845,bridge 996,N2,25.1296382,92.1196382,26.0,A,0.029746402344986773,28494.931034482757,847.6216833443743,1,0.4,0.4
1002847,bridge 997,N2,25.131666,92.1203049,22.0,A,0.028574054863235856,28494.931034482757,814.2157227034323,1,0.4,0.4
1002850,bridge 998,N2,25.138340625862067,92.11999648103448,79.0,A,0.02681279791997689,28494.931034482757,764.0288275712642,1,0.4,0.4
1002853,bridge 999,N2,25.1408608,92.1197771,14.4,A,0.02504825811195882,28494.931034482757,713.7483874341899,1,0.4,0.4
1002856,bridge 1000,N2,25.15025,92.1126944,63.5,B,0.023280435439181648,28494.931034482757,663.3744022922093,2,0.4,0.8
1002859,bridge 1001,N2,25.15225,92.1085,47.5,A,0.02150932990164537,28494.931034482757,612.9068721453226,1,0.4,0.4
1002861,bridge 1002,N2,25.1536944,92.1073611,17.0,A,0.02032676906286613,28494.931034482757,579.2098826002281,1,0.4,0.4
1002863,bridge 1003,N2,25.1546944,92.1056389,36.5,C,0.019142749173082844,28494.931034482757,545.4713174973974,3,0.4,1.2000000000000002
1002866,bridge 1004,N2,25.1589167,92.1001389,81.0,A,0.017363983617775327,28494.931034482757,494.78551567239634,1,0.4,0.4
1002869,bridge 1005,N2,25.1645556,92.0960274,36.5,B,0.015581935197708707,28494.931034482757,444.00616884248905,2,0.4,0.8
1002875,bridge 1006,N2,25.1772493,92.0558889,39.5,A,0.012007989763298156,28494.931034482757,342.16684016795585,1,0.4,0.4
1002878,bridge 1007,N2,25.1763882,92.0542222,24.5,A,0.010216092748954225,28494.931034482757,291.10685832333,1,0.4,0.4
1002883,bridge 1008,N2,25.1783049,92.0261938,6.5,A,0.007222302470027445,28494.931034482757,205.7990107936065,1,0.4,0.4
1002884,bridge 1009,N2,25.1748327,92.0275827,7.0,A,0.0066224501259890545,28494.931034482757,188.70625961935974,1,0.4,0.4
1002886,bridge 1010,N2,25.1719438,92.0199716,5.0,A,0.0054216511496592385,28494.931034482757,154.48957560256414,1,0.4,0.4
1002887,bridge 1011,N2,25.1710827,92.0188049,40.0,A,0.004820704517367814,28494.931034482757,137.36564276001533,1,0.4,0.4
1002899,bridge 1012,N204,24.1460274,91.3513056,40.0,B,0.02797274346819342,2330.0,65.17649228089067,2,0.4,0.8
1002901,bridge 1013,N204,24.1439997,91.3511667,3.85,C,0.026809879817968795,2330.0,62.467019975867295,3,0.4,1.2000000000000002
1002902,bridge 1014,N204,24.1397774,91.3513333,12.6,C,0.02622790084872997,2330.0,61.11100897754083,3,0.4,1.2000000000000002
1002904,bridge 1015,N204,24.1369163,91.3516111,9.5,B,0.02506284862199928,2330.0,58.39643728925832,2,0.4,0.8
1002906,bridge 1016,N204,24.1324993,91.3520556,3.0,B,0.02389688448839106,2330.0,55.679740857951174,2,0.4,0.8
1002922,bridge 1017,N204,24.1271382,91.4384719,4.6,C,0.01595235177136087,2330.0,37.16897962727083,3,0.4,1.2000000000000002
1002927,bridge 1018,N204,24.1274438,91.4520556,24.8,A,0.01455129804472575,2330.0,33.904524444211,1,0.4,0.4
1002936,bridge 1019,N204,24.1326938,91.4723882,1.65,A,0.012035164588248512,2330.0,28.041933490619034,1,0.4,0.4
1002949,bridge 1020,N204,24.162,91.4921663,13.5,D,0.008431126226879512,2330.0,19.644524108629263,4,0.4,1.6
1002959,bridge 1021,N204,24.1789438,91.5126667,6.2,A,0.007023142007975173,2330.0,16.363920878582153,1,0.4,0.4
1002961,bridge 1022,N204,24.1859997,91.5135,39.5,B,0.008185276132697771,2330.0,19.071693389185807,2,0.4,0.8
1002970,bridge 1023,N204,24.2174716,91.5098889,9.24,A,0.013426552101981829,2330.0,31.28386639761766,1,0.4,0.4
1002979,bridge 1024,N204,24.2523333,91.4913052,2.24,A,0.018655973281858015,2330.0,43.46841774672917,1,0.4,0.4
1002982,bridge 1025,N204,24.255,91.4885274,3.1,A,0.02039534446005629,2330.0,47.521152591931155,1,0.4,0.4
1002984,bridge 1026,N204,24.2615,91.482416,24.2,C,0.0215547428641463,2330.0,50.22255087346088,3,0.4,1.2000000000000002
1002991,bridge 1027,N207,24.297583,91.5135278,22.29,C,0.1320302548816199,5941.0,784.3917442517038,3,0.4,1.2000000000000002
1002994,bridge 1028,N207,24.2958608,91.5238049,19.4,C,0.13052013709243235,5941.0,775.4201344661406,3,0.4,1.2000000000000002
1002997,bridge 1029,N207,24.2936663,91.5370552,30.76,C,0.12900928977774276,5941.0,766.4441905695697,3,0.4,1.2000000000000002
1003001,bridge 1030,N207,24.2929719,91.5463886,38.25,B,0.12699123985777172,5941.0,754.4549559950218,2,0.4,0.8
1003009,bridge 1031,N207,24.2949441,91.5846663,18.7,C,0.12296626528173546,5941.0,730.5425820387903,3,0.4,1.2000000000000002
1003022,bridge 1032,N207,24.299333,91.639083,2.5,A,0.11648497834038785,5941.0,692.0372563202442,1,0.4,0.4
1003027,bridge 1033,N207,24.3025556,91.6693882,13.5,A,0.11422454357236966,5941.0,678.6080133634482,1,0.4,0.4
1003029,bridge 1034,N207,24.3035,91.6740827,31.4,B,0.11335841442009288,5941.0,673.4623400697718,2,0.4,0.8
1003031,bridge 1035,N207,24.3046667,91.6799438,1.5,A,0.11249100859818757,5941.0,668.3090820818323,1,0.4,0.4
1003033,bridge 1036,N207,24.305,91.6813882,45.0,A,0.11162232610665371,5941.0,663.1482393996297,1,0.4,0.4
1003036,bridge 1037,N207,24.3029167,91.690583,23.2,B,0.11032267642479979,5941.0,655.4270206397356,2,0.4,0.8
1003042,bridge 1038,N207,24.3025833,91.7186104,12.0,A,0.107868370254619,5941.0,640.8459876826914,1,0.4,0.4
1003048,bridge 1039,N207,24.3146944,91.7338052,3.0,A,0.10547917423549374,5941.0,626.6517741330683,1,0.4,0.4
1003049,bridge 1040,N207,24.3170549,91.7348052,9.2,B,0.10508285950651977,5941.0,624.2972683282339,2,0.4,0.8
1003051,bridge 1041,N207,24.3209716,91.7358886,4.5,B,0.10428913576031877,5941.0,619.5817555520538,2,0.4,0.8
1003053,bridge 1042,N207,24.3236104,91.7365552,19.0,A,0.10349668868374631,5941.0,614.8738274701368,1,0.4,0.4
1003056,bridge 1043,N207,24.3315271,91.7384997,6.0,B,0.10231431022634259,5941.0,607.8493170547014,2,0.4,0.8
1003058,bridge 1044,N207,24.3386386,91.7409719,15.8,A,0.10152861126066384,5941.0,603.1814794996039,1,0.4,0.4
1003061,bridge 1045,N207,24.3417497,91.7425552,4.0,A,0.10034896852389269,5941.0,596.1732220004465,1,0.4,0.4
1003062,bridge 1046,N207,24.3448886,91.7444997,4.5,A,0.09995520713417579,5941.0,593.8338855841383,1,0.4,0.4
1003064,bridge 1047,N207,24.3509444,91.7469163,1.5,A,0.09916713721061547,5941.0,589.1519621682666,1,0.4,0.4
1003065,bridge 1048,N207,24.3523889,91.7473886,4.5,A,0.09877264629539655,5941.0,586.8082916409509,1,0.4,0.4
1003068,bridge 1049,N207,24.3569444,91.7484997,6.0,C,0.09759154450762135,5941.0,579.7913659197784,3,0.4,1.2000000000000002
1003069,bridge 1050,N207,24.3566389,91.7493052,12.4,A,0.09719741835515344,5941.0,577.4498624479666,1,0.4,0.4
1003074,bridge 1051,N207,24.3792216,91.7506389,12.7,D,0.09526289910516401,5941.0,565.9568835837794,4,0.4,1.6
1003077,bridge 1052,N207,24.383576323837207,91.75181040872091,6.0,A,0.09412666313576323,5941.0,559.2065056895693,1,0.4,0.4
1003078,bridge 1053,N207,24.3866941,91.753,4.5,A,0.09374931606984185,5941.0,556.9646867709305,1,0.4,0.4
1003080,bridge 1054,N207,24.3931663,91.7542222,6.0,A,0.09299681051450516,5941.0,552.4940512666751,1,0.4,0.4
1003087,bridge 1055,N207,24.4220271,91.7583056,6.0,C,0.09041137213533573,5941.0,537.1339618560296,3,0.4,1.2000000000000002
1003088,bridge 1056,N207,24.4261104,91.7588333,8.2,A,0.09004460318919369,5941.0,534.9549875469997,1,0.4,0.4
1003090,bridge 1057,N207,24.433166,91.7601389,6.0,B,0.08930997100865655,5941.0,530.5905377624285,2,0.4,0.8
1003091,bridge 1058,N207,24.4352774,91.7609167,12.2,B,0.08894210777426147,5941.0,528.4050622868874,2,0.4,0.8
1003093,bridge 1059,N207,24.4381941,91.7619167,4.5,A,0.08820528701721826,5941.0,524.0276101692937,1,0.4,0.4
1003094,bridge 1060,N207,24.4429163,91.7612778,4.5,A,0.08783632949457014,5941.0,521.8356335272412,1,0.4,0.4
1003096,bridge 1061,N207,24.4478886,91.7616111,1.5,A,0.08710005588165345,5941.0,517.4614319929032,1,0.4,0.4
1003097,bridge 1062,N207,24.4501944,91.7618611,4.35,D,0.08673182788450735,5941.0,515.2737894618582,4,0.4,1.6
1003099,bridge 1063,N207,24.4550278,91.7624722,3.0,A,0.08599810761084775,5941.0,510.9147573160465,1,0.4,0.4
1003100,bridge 1064,N207,24.4596944,91.7632778,3.0,A,0.08563133866470571,5941.0,508.7357830070166,1,0.4,0.4
1003102,bridge 1065,N207,24.4693882,91.7656667,6.0,C,0.08489998934892767,5941.0,504.3908367219793,3,0.4,1.2000000000000002
1003104,bridge 1066,N207,24.4714438,91.7654722,38.0,A,0.09120965541592438,5941.0,541.8765628260068,1,0.4,0.4
1003118,bridge 1067,N207,24.5185549,91.7301382,4.55,A,0.011015105555044888,5941.0,65.44074210252168,1,0.4,0.4
1003119,bridge 1068,N207,24.5224438,91.7308882,9.2,A,0.011515377668057143,5941.0,68.41285872592749,1,0.4,0.4
1003121,bridge 1069,N207,24.5249993,91.7320271,12.1,A,0.012515374749955134,5941.0,74.35384138948345,1,0.4,0.4
1003123,bridge 1070,N207,24.5348886,91.733583,1.5,A,0.01351518945047762,5941.0,80.29374052528755,1,0.4,0.4
1003128,bridge 1071,N207,24.5609444,91.7236382,20.8,A,0.01602092716855103,5941.0,95.18032830836168,1,0.4,0.4
1003131,bridge 1072,N207,24.5657222,91.7222771,14.0,A,0.017525573516473415,5941.0,104.11943226136856,1,0.4,0.4
1003135,bridge 1073,N207,24.577916,91.7049444,4.5,A,0.019537240088301766,5941.0,116.07074336460079,1,0.4,0.4
1003139,bridge 1074,N207,24.5762493,91.6926941,61.6,C,0.02155401333864428,5941.0,128.05239324488568,3,0.4,1.2000000000000002
1003141,bridge 1075,N207,24.576666,91.6888886,3.5,A,0.02256221758244003,5941.0,134.04213465727622,1,0.4,0.4
1003143,bridge 1076,N207,24.5837774,91.6868052,12.5,A,0.02357078658898679,5941.0,140.0340431251705,1,0.4,0.4
1003146,bridge 1077,N207,24.5918052,91.6817216,101.6,B,0.025083457717431427,5941.0,149.02082229926012,2,0.4,0.8
1003157,bridge 1079,N208,24.4756382,91.7758049,51.0,B,0.0828496579254921,0.0,0.0,2,0.5,1.0
1003160,bridge 1080,N208,24.4852497,91.7766382,18.0,A,0.08142653605242078,0.0,0.0,1,0.5,0.5
1003164,bridge 1081,N208,24.4936941,91.7742216,137.4,B,0.07952721640790397,0.0,0.0,2,0.5,1.0
1003167,bridge 1082,N208,24.5006389,91.7786382,1.0,A,0.07810062928869804,0.0,0.0,1,0.5,0.5
1003169,bridge 1083,N208,24.5028056,91.7859441,9.5,A,0.07714896327130907,0.0,0.0,1,0.5,0.5
1003172,bridge 1084,N208,24.5031944,91.7970274,18.0,A,0.07571927566871955,0.0,0.0,1,0.5,0.5
1003174,bridge 1085,N208,24.5027222,91.8011667,14.0,A,0.07476432678657148,0.0,0.0,1,0.5,0.5
1003177,bridge 1086,N208,24.5007778,91.8167216,12.5,A,0.07333007964959432,0.0,0.0,1,0.5,0.5
1003179,bridge 1087,N208,24.50375,91.8243327,41.7,C,0.07237275980956466,0.0,0.0,3,0.5,1.5
1003182,bridge 1088,N208,24.5055278,91.828916,9.3,A,0.07093650647745693,0.0,0.0,1,0.5,0.5
1003183,bridge 1089,N208,24.5066389,91.8320827,2.1,A,0.07045775536675436,0.0,0.0,1,0.5,0.5
1003185,bridge 1090,N208,24.5126667,91.841833,3.0,A,0.06950353601010831,0.0,0.0,1,0.5,0.5
1003186,bridge 1091,N208,24.5134722,91.8431941,1.6,A,0.06902660871316078,0.0,0.0,1,0.5,0.5
1003188,bridge 1092,N208,24.5160278,91.8474997,12.4,A,0.06807220697513923,0.0,0.0,1,0.5,0.5
1003191,bridge 1093,N208,24.5179438,91.8599722,3.0,A,0.0666390541264151,0.0,0.0,1,0.5,0.5
1003194,bridge 1094,N208,24.5240827,91.8640833,6.0,B,0.06520444222668692,0.0,0.0,2,0.5,1.0
1003196,bridge 1095,N208,24.5268049,91.8656667,13.4,A,0.06424730476803278,0.0,0.0,1,0.5,0.5
1003198,bridge 1096,N208,24.5342497,91.8692493,8.25,A,0.06329034969075414,0.0,0.0,1,0.5,0.5
1003199,bridge 1097,N208,24.5357774,91.8696104,12.45,B,0.06281196334280258,0.0,0.0,2,0.5,1.0
1003201,bridge 1098,N208,24.541583,91.874666,9.25,A,0.06185537302827495,0.0,0.0,1,0.5,0.5
1003206,bridge 1099,N208,24.5578056,91.8821938,22.0,C,0.05946727129740274,0.0,0.0,3,0.5,1.5
1003209,bridge 1100,N208,24.5681382,91.8859441,38.8,A,0.05803448321142962,0.0,0.0,1,0.5,0.5
1003211,bridge 1101,N208,24.5719993,91.8884441,4.5,A,0.057078075278277504,0.0,0.0,1,0.5,0.5
1003212,bridge 1102,N208,24.573166,91.8888608,14.0,B,0.056599324167574926,0.0,0.0,2,0.5,1.0
1003215,bridge 1103,N208,24.5773049,91.8906386,3.0,A,0.055160882258961125,0.0,0.0,1,0.5,0.5
1003217,bridge 1104,N208,24.5819993,91.8932497,3.1,B,0.0542011914610499,0.0,0.0,2,0.5,1.0
1003218,bridge 1105,N208,24.5884441,91.894833,3.1,A,0.05372098129934328,0.0,0.0,1,0.5,0.5
1003221,bridge 1106,N208,24.5930552,91.8979997,3.1,A,0.05227816223771734,0.0,0.0,1,0.5,0.5
1003222,bridge 1107,N208,24.5958052,91.898583,3.1,A,0.051796493025006676,0.0,0.0,1,0.5,0.5
1003223,bridge 1108,N208,24.5966108,91.8988608,9.5,A,0.05131445904954499,0.0,0.0,1,0.5,0.5
1003227,bridge 1109,N208,24.6045556,91.9019167,10.3,C,0.04938267552018816,0.0,0.0,3,0.5,1.5
1003229,bridge 1110,N208,24.6079722,91.9035,3.0,B,0.048417330899636256,0.0,0.0,2,0.5,1.0
1003230,bridge 1111,N208,24.6116389,91.9049167,41.55,D,0.04793456739867256,0.0,0.0,4,0.5,2.0
1003232,bridge 1112,N208,24.6133056,91.9056111,3.0,B,0.046967946108492115,0.0,0.0,2,0.5,1.0
1003234,bridge 1113,N208,24.6156944,91.9066111,3.0,A,0.04599986576730763,0.0,0.0,1,0.5,0.5
1003237,bridge 1114,N208,24.6247493,91.9081111,3.0,B,0.044549569069285956,0.0,0.0,2,0.5,1.0
1003238,bridge 1115,N208,24.6249716,91.9081667,31.1,B,0.04406571128006922,0.0,0.0,2,0.5,1.0
1003240,bridge 1116,N208,24.6302216,91.9096111,4.5,A,0.043099089989888775,0.0,0.0,1,0.5,0.5
1003241,bridge 1117,N208,24.6313604,91.9093333,1.5,B,0.04261559696342305,0.0,0.0,2,0.5,1.0
1003242,bridge 1118,N208,24.632416,91.9104167,3.0,A,0.04213173917420631,0.0,0.0,1,0.5,0.5
1003244,bridge 1119,N208,24.6343052,91.9129167,4.5,A,0.0411629293075198,0.0,0.0,1,0.5,0.5
1003246,bridge 1120,N208,24.6387774,91.9153333,4.6,A,0.04019266038982925,0.0,0.0,1,0.5,0.5
1003248,bridge 1121,N208,24.6417219,91.91625,4.6,A,0.03922093242113465,0.0,0.0,1,0.5,0.5
1003249,bridge 1122,N208,24.6426108,91.9163333,3.0,A,0.03873452129266083,0.0,0.0,1,0.5,0.5
1003250,bridge 1123,N208,24.6448608,91.9167771,29.0,A,0.038247745401435995,0.0,0.0,1,0.5,0.5
1003253,bridge 1124,N208,24.6486663,91.9180549,4.6,A,0.036786870583634994,0.0,0.0,1,0.5,0.5
1003254,bridge 1125,N208,24.6515,91.9218882,3.0,A,0.03629972992965915,0.0,0.0,1,0.5,0.5
1003257,bridge 1126,N208,24.6558056,91.9243604,3.0,A,0.03483611939122556,0.0,0.0,1,0.5,0.5
1003258,bridge 1127,N208,24.6574722,91.9253327,6.0,A,0.03434751968624567,0.0,0.0,1,0.5,0.5
1003259,bridge 1128,N208,24.66,91.9258327,3.0,A,0.033858555218514774,0.0,0.0,1,0.5,0.5
1003261,bridge 1129,N208,24.6643611,91.9257771,6.0,A,0.03287971437617545,0.0,0.0,1,0.5,0.5
1003262,bridge 1130,N208,24.6666389,91.9264993,3.0,A,0.03239002038294252,0.0,0.0,1,0.5,0.5
1003263,bridge 1131,N208,24.6668604,91.9267771,25.8,A,0.031899961626958594,0.0,0.0,1,0.5,0.5
1003267,bridge 1132,N208,24.6700271,91.9283604,3.0,A,0.029938632314769828,0.0,0.0,1,0.5,0.5
1003268,bridge 1133,N208,24.673416,91.9294993,3.0,A,0.02944747927053286,0.0,0.0,1,0.5,0.5
1003270,bridge 1134,N208,24.6809438,91.9302771,3.0,A,0.028465173182058927,0.0,0.0,1,0.5,0.5
1003271,bridge 1135,N208,24.6827771,91.9303882,4.6,A,0.027973655375070947,0.0,0.0,1,0.5,0.5
1003272,bridge 1136,N208,24.6848886,91.9304993,3.0,A,0.027481772805331955,0.0,0.0,1,0.5,0.5
1003273,bridge 1137,N208,24.6859719,91.930666,4.6,A,0.026989525472841953,0.0,0.0,1,0.5,0.5
1003275,bridge 1138,N208,24.6884163,91.9313604,6.0,C,0.026003936519608917,0.0,0.0,3,0.5,1.5
1003276,bridge 1139,N208,24.6884719,91.9314438,3.0,A,0.02551059489886588,0.0,0.0,1,0.5,0.5
1003277,bridge 1140,N208,24.6897219,91.9317216,3.0,A,0.025016888515371833,0.0,0.0,1,0.5,0.5
1003278,bridge 1141,N208,24.6913608,91.9323327,6.0,A,0.024522817369126773,0.0,0.0,1,0.5,0.5
1003279,bridge 1142,N208,24.6925274,91.9331104,6.0,A,0.024028381460130702,0.0,0.0,1,0.5,0.5
1003282,bridge 1143,N208,24.6961108,91.9318327,6.1,A,0.02254288515663642,0.0,0.0,1,0.5,0.5
1003287,bridge 1144,N208,24.7172493,91.9283327,117.0,C,0.020065234170390894,0.0,0.0,3,0.5,1.5
1003290,bridge 1145,N208,24.7212771,91.9288882,5.7,A,0.01857809643451706,0.0,0.0,1,0.5,0.5
1003294,bridge 1146,N208,24.7416941,91.923416,89.6,B,0.016749540763696478,0.0,0.0,2,0.5,1.0
1003303,bridge 1147,N208,24.7693882,91.9140833,30.3,A,0.012865364609550655,0.0,0.0,1,0.5,0.5
1003306,bridge 1148,N208,24.778916,91.9118056,1.5,A,0.011583405921120785,0.0,0.0,1,0.5,0.5
1003307,bridge 1149,N208,24.7792216,91.9116944,29.2,C,0.011156451121061839,0.0,0.0,3,0.5,1.5
1003319,bridge 1150,N208,24.8275549,91.9007778,32.0,B,0.015747902249418935,0.0,0.0,2,0.5,1.0
